mesh,bs_node,target,vtx_idx,dx,dy,dz
THAIZ_BODY_PLY,L_facial_local_BLS,l_up_mouth_bls,2,0.001968,0.000814,-0.000228
THAIZ_BODY_PLY,L_facial_local_BLS,l_up_mouth_bls,3,0.0147,0.005592,-0.001924
THAIZ_BODY_PLY,L_facial_local_BLS,l_up_mouth_bls,4,0.040045,0.013574,-0.00595
THAIZ_BODY_PLY,L_facial_local_BLS,l_up_mouth_bls,5,0.07363,0.022107,-0.012638
THAIZ_BODY_PLY,L_facial_local_BLS,l_up_mouth_bls,6,0.11545,0.036088,-0.0215
THAIZ_BODY_PLY,L_facial_local_BLS,l_up_mouth_bls,7,0.212963,0.083775,-0.056421
THAIZ_BODY_PLY,L_facial_local_BLS,l_up_mouth_bls,8,0.422257,-0.131366,-0.231834
THAIZ_BODY_PLY,L_facial_local_BLS,l_up_mouth_bls,9,0.232591,-0.144068,-0.101187
THAIZ_BODY_PLY,L_facial_local_BLS,l_up_mouth_bls,10,0.084632,-0.103017,-0.011766
THAIZ_BODY_PLY,L_facial_local_BLS,l_up_mouth_bls,11,0.03174,-0.02872,0.000976
THAIZ_BODY_PLY,L_facial_local_BLS,l_up_mouth_bls,12,0.29407,0.008655,-0.086709
THAIZ_BODY_PLY,L_facial_local_BLS,l_up_mouth_bls,13,0.40912,0.120634,-0.089997
THAIZ_BODY_PLY,L_facial_local_BLS,l_up_mouth_bls,14,0.123041,0.034889,-0.018625
THAIZ_BODY_PLY,L_facial_local_BLS,l_up_mouth_bls,15,0.060209,0.015917,-0.009681
THAIZ_BODY_PLY,L_facial_local_BLS,l_up_mouth_bls,16,0.022987,0.007306,-0.003123
THAIZ_BODY_PLY,L_facial_local_BLS,l_up_mouth_bls,17,0.003614,0.001318,-0.000419
THAIZ_BODY_PLY,L_facial_local_BLS,l_up_mouth_bls,24,0.007766,0.003009,-0.001003
THAIZ_BODY_PLY,L_facial_local_BLS,l_up_mouth_bls,25,0.02973,0.010364,-0.004356
THAIZ_BODY_PLY,L_facial_local_BLS,l_up_mouth_bls,26,0.063828,0.028665,-0.011507
THAIZ_BODY_PLY,L_facial_local_BLS,l_up_mouth_bls,27,0.106034,0.060909,-0.026267
THAIZ_BODY_PLY,L_facial_local_BLS,l_up_mouth_bls,28,0.132632,0.070483,-0.028549
THAIZ_BODY_PLY,L_facial_local_BLS,l_up_mouth_bls,29,0.146047,0.059285,-0.010634
THAIZ_BODY_PLY,L_facial_local_BLS,l_up_mouth_bls,30,0.133879,0.059586,0.054152
THAIZ_BODY_PLY,L_facial_local_BLS,l_up_mouth_bls,31,0.056775,0.099995,0.144785
THAIZ_BODY_PLY,L_facial_local_BLS,l_up_mouth_bls,32,-0.012952,0.165183,0.163484
THAIZ_BODY_PLY,L_facial_local_BLS,l_up_mouth_bls,33,0.103451,0.160529,0.065754
THAIZ_BODY_PLY,L_facial_local_BLS,l_up_mouth_bls,34,0.223291,0.138411,-0.019507
THAIZ_BODY_PLY,L_facial_local_BLS,l_up_mouth_bls,35,0.112379,0.048642,-0.012651
THAIZ_BODY_PLY,L_facial_local_BLS,l_up_mouth_bls,36,0.055762,0.016074,-0.008652
THAIZ_BODY_PLY,L_facial_local_BLS,l_up_mouth_bls,37,0.016826,0.00554,-0.002256
THAIZ_BODY_PLY,L_facial_local_BLS,l_up_mouth_bls,38,0.000466,0.000174,-5.3e-05
THAIZ_BODY_PLY,L_facial_local_BLS,l_up_mouth_bls,39,1e-06,0.0,-0.0
THAIZ_BODY_PLY,L_facial_local_BLS,l_up_mouth_bls,45,0.001418,0.000597,-0.000172
THAIZ_BODY_PLY,L_facial_local_BLS,l_up_mouth_bls,46,0.016539,0.013617,-0.002391
THAIZ_BODY_PLY,L_facial_local_BLS,l_up_mouth_bls,47,0.056876,0.071246,-0.01102
THAIZ_BODY_PLY,L_facial_local_BLS,l_up_mouth_bls,48,0.101025,0.109407,-0.022442
THAIZ_BODY_PLY,L_facial_local_BLS,l_up_mouth_bls,49,0.114851,0.094727,-0.021448
THAIZ_BODY_PLY,L_facial_local_BLS,l_up_mouth_bls,50,0.111823,0.093416,0.004717
THAIZ_BODY_PLY,L_facial_local_BLS,l_up_mouth_bls,51,0.118596,0.105312,0.064641
THAIZ_BODY_PLY,L_facial_local_BLS,l_up_mouth_bls,52,0.079342,0.137595,0.149347
THAIZ_BODY_PLY,L_facial_local_BLS,l_up_mouth_bls,53,0.012182,0.184938,0.177113
THAIZ_BODY_PLY,L_facial_local_BLS,l_up_mouth_bls,54,0.038575,0.192826,0.100013
THAIZ_BODY_PLY,L_facial_local_BLS,l_up_mouth_bls,55,0.090289,0.161084,0.03545
THAIZ_BODY_PLY,L_facial_local_BLS,l_up_mouth_bls,56,0.08506,0.065291,-0.003613
THAIZ_BODY_PLY,L_facial_local_BLS,l_up_mouth_bls,57,0.040864,0.016876,-0.005154
THAIZ_BODY_PLY,L_facial_local_BLS,l_up_mouth_bls,58,0.009453,0.003678,-0.00115
THAIZ_BODY_PLY,L_facial_local_BLS,l_up_mouth_bls,59,0.000337,0.000143,-3.5e-05
THAIZ_BODY_PLY,L_facial_local_BLS,l_up_mouth_bls,60,6e-06,3e-06,-0.0
THAIZ_BODY_PLY,L_facial_local_BLS,l_up_mouth_bls,65,3e-05,2e-05,-1e-06
THAIZ_BODY_PLY,L_facial_local_BLS,l_up_mouth_bls,66,0.004705,0.003087,-0.000206
THAIZ_BODY_PLY,L_facial_local_BLS,l_up_mouth_bls,67,0.022528,0.015422,0.000334
THAIZ_BODY_PLY,L_facial_local_BLS,l_up_mouth_bls,68,0.048136,0.038364,0.005487
THAIZ_BODY_PLY,L_facial_local_BLS,l_up_mouth_bls,69,0.074083,0.06003,0.002055
THAIZ_BODY_PLY,L_facial_local_BLS,l_up_mouth_bls,70,0.085235,0.079851,-0.010319
THAIZ_BODY_PLY,L_facial_local_BLS,l_up_mouth_bls,71,0.101065,0.086879,-0.011423
THAIZ_BODY_PLY,L_facial_local_BLS,l_up_mouth_bls,72,0.11323,0.083931,-0.005177
THAIZ_BODY_PLY,L_facial_local_BLS,l_up_mouth_bls,73,0.10853,0.076381,0.010532
THAIZ_BODY_PLY,L_facial_local_BLS,l_up_mouth_bls,74,0.095512,0.076704,0.021115
THAIZ_BODY_PLY,L_facial_local_BLS,l_up_mouth_bls,75,0.071075,0.075386,0.015563
THAIZ_BODY_PLY,L_facial_local_BLS,l_up_mouth_bls,76,0.044611,0.055502,0.007979
THAIZ_BODY_PLY,L_facial_local_BLS,l_up_mouth_bls,77,0.022095,0.024486,0.001841
THAIZ_BODY_PLY,L_facial_local_BLS,l_up_mouth_bls,78,0.007901,0.007271,0.00024
THAIZ_BODY_PLY,L_facial_local_BLS,l_up_mouth_bls,79,0.001476,0.001224,9e-06
THAIZ_BODY_PLY,L_facial_local_BLS,l_up_mouth_bls,80,0.000174,0.000147,3e-06
THAIZ_BODY_PLY,L_facial_local_BLS,l_up_mouth_bls,81,1.3e-05,1.1e-05,0.0
THAIZ_BODY_PLY,L_facial_local_BLS,l_up_mouth_bls,85,6e-06,5e-06,-0.0
THAIZ_BODY_PLY,L_facial_local_BLS,l_up_mouth_bls,86,0.000788,0.000605,-4e-06
THAIZ_BODY_PLY,L_facial_local_BLS,l_up_mouth_bls,87,0.015026,0.006135,-0.001133
THAIZ_BODY_PLY,L_facial_local_BLS,l_up_mouth_bls,88,0.020345,0.023906,0.010336
THAIZ_BODY_PLY,L_facial_local_BLS,l_up_mouth_bls,89,0.042706,0.032918,-0.000596
THAIZ_BODY_PLY,L_facial_local_BLS,l_up_mouth_bls,90,0.051211,0.040673,-0.002543
THAIZ_BODY_PLY,L_facial_local_BLS,l_up_mouth_bls,91,0.049305,0.042771,-0.003142
THAIZ_BODY_PLY,L_facial_local_BLS,l_up_mouth_bls,92,0.046003,0.044504,-0.001582
THAIZ_BODY_PLY,L_facial_local_BLS,l_up_mouth_bls,93,0.03944,0.042825,0.002799
THAIZ_BODY_PLY,L_facial_local_BLS,l_up_mouth_bls,94,0.032055,0.039125,0.007084
THAIZ_BODY_PLY,L_facial_local_BLS,l_up_mouth_bls,95,0.023493,0.032633,0.007508
THAIZ_BODY_PLY,L_facial_local_BLS,l_up_mouth_bls,96,0.015168,0.022526,0.004894
THAIZ_BODY_PLY,L_facial_local_BLS,l_up_mouth_bls,97,0.007532,0.01039,0.001812
THAIZ_BODY_PLY,L_facial_local_BLS,l_up_mouth_bls,98,0.002857,0.003553,0.000525
THAIZ_BODY_PLY,L_facial_local_BLS,l_up_mouth_bls,99,0.000578,0.000661,8.1e-05
THAIZ_BODY_PLY,L_facial_local_BLS,l_up_mouth_bls,100,9.2e-05,0.000105,1.3e-05
THAIZ_BODY_PLY,L_facial_local_BLS,l_up_mouth_bls,101,1e-05,1.2e-05,1e-06
THAIZ_BODY_PLY,L_facial_local_BLS,l_up_mouth_bls,109,3e-06,3e-06,0.0
THAIZ_BODY_PLY,L_facial_local_BLS,l_up_mouth_bls,110,8e-06,1e-05,0.0
THAIZ_BODY_PLY,L_facial_local_BLS,l_up_mouth_bls,111,3e-05,5.1e-05,6e-06
THAIZ_BODY_PLY,L_facial_local_BLS,l_up_mouth_bls,112,5.5e-05,9.9e-05,2.7e-05
THAIZ_BODY_PLY,L_facial_local_BLS,l_up_mouth_bls,113,9.3e-05,0.000156,5.5e-05
THAIZ_BODY_PLY,L_facial_local_BLS,l_up_mouth_bls,114,7.6e-05,0.000123,4.4e-05
THAIZ_BODY_PLY,L_facial_local_BLS,l_up_mouth_bls,115,4.9e-05,7.6e-05,2.3e-05
THAIZ_BODY_PLY,L_facial_local_BLS,l_up_mouth_bls,116,1.9e-05,2.9e-05,7e-06
THAIZ_BODY_PLY,L_facial_local_BLS,l_up_mouth_bls,117,3e-06,5e-06,1e-06
THAIZ_BODY_PLY,L_facial_local_BLS,l_up_mouth_bls,169,0.000929,-0.000199,-0.001209
THAIZ_BODY_PLY,L_facial_local_BLS,l_up_mouth_bls,170,0.001277,-0.001019,-0.006669
THAIZ_BODY_PLY,L_facial_local_BLS,l_up_mouth_bls,171,-0.002698,0.0002,-0.001764
THAIZ_BODY_PLY,L_facial_local_BLS,l_up_mouth_bls,172,0.001775,-0.001035,-0.001713
THAIZ_BODY_PLY,L_facial_local_BLS,l_up_mouth_bls,173,0.000916,0.000735,9e-06
THAIZ_BODY_PLY,L_facial_local_BLS,l_up_mouth_bls,174,0.003403,0.00272,1.5e-05
THAIZ_BODY_PLY,L_facial_local_BLS,l_up_mouth_bls,175,0.005066,0.004119,-1e-06
THAIZ_BODY_PLY,L_facial_local_BLS,l_up_mouth_bls,176,0.005701,0.005152,-1e-05
THAIZ_BODY_PLY,L_facial_local_BLS,l_up_mouth_bls,177,0.006546,0.007434,0.000202
THAIZ_BODY_PLY,L_facial_local_BLS,l_up_mouth_bls,178,0.006806,0.009496,0.000963
THAIZ_BODY_PLY,L_facial_local_BLS,l_up_mouth_bls,179,0.006801,0.01042,0.00213
THAIZ_BODY_PLY,L_facial_local_BLS,l_up_mouth_bls,180,0.00582,0.009307,0.002522
THAIZ_BODY_PLY,L_facial_local_BLS,l_up_mouth_bls,181,0.004094,0.006596,0.00177
THAIZ_BODY_PLY,L_facial_local_BLS,l_up_mouth_bls,182,0.002166,0.003303,0.000776
THAIZ_BODY_PLY,L_facial_local_BLS,l_up_mouth_bls,183,0.000882,0.00125,0.000259
THAIZ_BODY_PLY,L_facial_local_BLS,l_up_mouth_bls,184,0.000183,0.00024,4.4e-05
THAIZ_BODY_PLY,L_facial_local_BLS,l_up_mouth_bls,185,3.3e-05,4.3e-05,8e-06
THAIZ_BODY_PLY,L_facial_local_BLS,l_up_mouth_bls,186,5e-06,6e-06,1e-06
THAIZ_BODY_PLY,L_facial_local_BLS,l_up_mouth_bls,200,1e-06,2e-06,1e-06
THAIZ_BODY_PLY,L_facial_local_BLS,l_up_mouth_bls,201,3e-06,5e-06,2e-06
THAIZ_BODY_PLY,L_facial_local_BLS,l_up_mouth_bls,202,2e-06,4e-06,2e-06
THAIZ_BODY_PLY,L_facial_local_BLS,l_up_mouth_bls,203,2e-06,3e-06,1e-06
THAIZ_BODY_PLY,L_facial_local_BLS,l_up_mouth_bls,210,0.001,0.000477,0.004523
THAIZ_BODY_PLY,L_facial_local_BLS,l_up_mouth_bls,211,0.001077,-0.000278,0.002341
THAIZ_BODY_PLY,L_facial_local_BLS,l_up_mouth_bls,212,0.003816,-0.000789,0.003027
THAIZ_BODY_PLY,L_facial_local_BLS,l_up_mouth_bls,213,-0.000922,0.000442,0.002333
THAIZ_BODY_PLY,L_facial_local_BLS,l_up_mouth_bls,216,4e-06,3e-06,0.0
THAIZ_BODY_PLY,L_facial_local_BLS,l_up_mouth_bls,217,8.3e-05,6.9e-05,1e-06
THAIZ_BODY_PLY,L_facial_local_BLS,l_up_mouth_bls,218,0.000229,0.000207,4e-06
THAIZ_BODY_PLY,L_facial_local_BLS,l_up_mouth_bls,219,0.000415,0.000494,2.2e-05
THAIZ_BODY_PLY,L_facial_local_BLS,l_up_mouth_bls,220,0.000624,0.000995,0.000119
THAIZ_BODY_PLY,L_facial_local_BLS,l_up_mouth_bls,221,0.000878,0.0015,0.000358
THAIZ_BODY_PLY,L_facial_local_BLS,l_up_mouth_bls,222,0.001012,0.001695,0.000532
THAIZ_BODY_PLY,L_facial_local_BLS,l_up_mouth_bls,223,0.000786,0.001293,0.000407
THAIZ_BODY_PLY,L_facial_local_BLS,l_up_mouth_bls,224,0.000446,0.000699,0.000193
THAIZ_BODY_PLY,L_facial_local_BLS,l_up_mouth_bls,225,0.000189,0.000278,6.7e-05
THAIZ_BODY_PLY,L_facial_local_BLS,l_up_mouth_bls,226,3.8e-05,5.2e-05,1.1e-05
THAIZ_BODY_PLY,L_facial_local_BLS,l_up_mouth_bls,227,6e-06,9e-06,2e-06
THAIZ_BODY_PLY,L_facial_local_BLS,l_up_mouth_bls,228,1e-06,1e-06,0.0
THAIZ_BODY_PLY,L_facial_local_BLS,l_up_mouth_bls,335,0.001371,0.000132,0.001025
THAIZ_BODY_PLY,L_facial_local_BLS,l_up_mouth_bls,349,0.002763,0.001391,-0.000274
THAIZ_BODY_PLY,L_facial_local_BLS,l_up_mouth_bls,350,0.020771,0.015719,-0.002234
THAIZ_BODY_PLY,L_facial_local_BLS,l_up_mouth_bls,351,0.053912,0.053649,-0.004186
THAIZ_BODY_PLY,L_facial_local_BLS,l_up_mouth_bls,352,0.087351,0.082019,-0.005901
THAIZ_BODY_PLY,L_facial_local_BLS,l_up_mouth_bls,353,0.111067,0.088237,-0.013595
THAIZ_BODY_PLY,L_facial_local_BLS,l_up_mouth_bls,354,0.12635,0.088801,-0.009133
THAIZ_BODY_PLY,L_facial_local_BLS,l_up_mouth_bls,355,0.147523,0.082185,0.020902
THAIZ_BODY_PLY,L_facial_local_BLS,l_up_mouth_bls,356,0.137753,0.077881,0.071851
THAIZ_BODY_PLY,L_facial_local_BLS,l_up_mouth_bls,357,0.101984,0.085022,0.088576
THAIZ_BODY_PLY,L_facial_local_BLS,l_up_mouth_bls,358,0.098413,0.110928,0.049431
THAIZ_BODY_PLY,L_facial_local_BLS,l_up_mouth_bls,359,0.088615,0.109548,0.018127
THAIZ_BODY_PLY,L_facial_local_BLS,l_up_mouth_bls,360,0.054522,0.04703,-0.000929
THAIZ_BODY_PLY,L_facial_local_BLS,l_up_mouth_bls,361,0.022359,0.013155,-0.001843
THAIZ_BODY_PLY,L_facial_local_BLS,l_up_mouth_bls,362,0.004032,0.002198,-0.000332
THAIZ_BODY_PLY,L_facial_local_BLS,l_up_mouth_bls,363,0.000293,0.000167,-2e-05
THAIZ_BODY_PLY,L_facial_local_BLS,l_up_mouth_bls,364,1.2e-05,7e-06,-1e-06
THAIZ_BODY_PLY,L_facial_local_BLS,l_up_mouth_bls,391,0.093622,0.601018,0.21481
THAIZ_BODY_PLY,L_facial_local_BLS,l_up_mouth_bls,392,0.047391,0.254283,0.101304
THAIZ_BODY_PLY,L_facial_local_BLS,l_up_mouth_bls,393,0.000392,0.000641,0.000249
THAIZ_BODY_PLY,L_facial_local_BLS,l_up_mouth_bls,394,1.3e-05,2.3e-05,1e-05
THAIZ_BODY_PLY,L_facial_local_BLS,l_up_mouth_bls,395,-1e-06,1e-06,1e-06
THAIZ_BODY_PLY,L_facial_local_BLS,l_up_mouth_bls,396,-1.1e-05,2e-06,4e-06
THAIZ_BODY_PLY,L_facial_local_BLS,l_up_mouth_bls,397,-5.4e-05,7e-06,2.3e-05
THAIZ_BODY_PLY,L_facial_local_BLS,l_up_mouth_bls,398,0.000268,0.053627,0.012585
THAIZ_BODY_PLY,L_facial_local_BLS,l_up_mouth_bls,399,-4e-06,1e-06,2e-06
THAIZ_BODY_PLY,L_facial_local_BLS,l_up_mouth_bls,400,0.108748,0.778871,0.253118
THAIZ_BODY_PLY,L_facial_local_BLS,l_up_mouth_bls,401,0.104607,0.921991,0.301421
THAIZ_BODY_PLY,L_facial_local_BLS,l_up_mouth_bls,402,0.019114,0.838977,0.193208
THAIZ_BODY_PLY,L_facial_local_BLS,l_up_mouth_bls,403,-0.026272,0.612611,0.157001
THAIZ_BODY_PLY,L_facial_local_BLS,l_up_mouth_bls,404,-0.033696,0.411591,0.125769
THAIZ_BODY_PLY,L_facial_local_BLS,l_up_mouth_bls,417,4.5e-05,0.000984,0.000336
THAIZ_BODY_PLY,L_facial_local_BLS,l_up_mouth_bls,419,0.097995,0.876303,0.412695
THAIZ_BODY_PLY,L_facial_local_BLS,l_up_mouth_bls,420,0.170194,0.684234,0.467881
THAIZ_BODY_PLY,L_facial_local_BLS,l_up_mouth_bls,421,0.209513,1.373464,0.98177
THAIZ_BODY_PLY,L_facial_local_BLS,l_up_mouth_bls,422,0.137929,0.743392,0.477226
THAIZ_BODY_PLY,L_facial_local_BLS,l_up_mouth_bls,423,0.056962,0.296453,0.187298
THAIZ_BODY_PLY,L_facial_local_BLS,l_up_mouth_bls,424,0.002667,0.013508,0.008434
THAIZ_BODY_PLY,L_facial_local_BLS,l_up_mouth_bls,425,0.042795,0.303476,0.185753
THAIZ_BODY_PLY,L_facial_local_BLS,l_up_mouth_bls,426,0.02955,0.545043,0.22044
THAIZ_BODY_PLY,L_facial_local_BLS,l_up_mouth_bls,427,0.019102,0.245662,0.100929
THAIZ_BODY_PLY,L_facial_local_BLS,l_up_mouth_bls,428,0.003377,0.049637,0.028543
THAIZ_BODY_PLY,L_facial_local_BLS,l_up_mouth_bls,431,0.182326,1.084855,0.688429
THAIZ_BODY_PLY,L_facial_local_BLS,l_up_mouth_bls,432,0.005602,0.002022,-0.002294
THAIZ_BODY_PLY,L_facial_local_BLS,l_up_mouth_bls,433,0.028684,0.078934,0.029111
THAIZ_BODY_PLY,L_facial_local_BLS,l_up_mouth_bls,434,0.015837,0.012411,0.006181
THAIZ_BODY_PLY,L_facial_local_BLS,l_up_mouth_bls,435,0.031479,0.118983,0.04457
THAIZ_BODY_PLY,L_facial_local_BLS,l_up_mouth_bls,436,0.00319,0.004229,0.002027
THAIZ_BODY_PLY,L_facial_local_BLS,l_up_mouth_bls,437,0.002431,0.012366,0.006211
THAIZ_BODY_PLY,L_facial_local_BLS,l_up_mouth_bls,440,0.005431,0.002565,-0.001039
THAIZ_BODY_PLY,L_facial_local_BLS,l_up_mouth_bls,441,0.028354,0.058282,0.021276
THAIZ_BODY_PLY,L_facial_local_BLS,l_up_mouth_bls,442,0.026154,0.08609,0.03372
THAIZ_BODY_PLY,L_facial_local_BLS,l_up_mouth_bls,443,0.030307,0.156395,0.068242
THAIZ_BODY_PLY,L_facial_local_BLS,l_up_mouth_bls,444,0.032862,0.170056,0.10682
THAIZ_BODY_PLY,L_facial_local_BLS,l_up_mouth_bls,445,0.044542,0.216423,0.057752
THAIZ_BODY_PLY,L_facial_local_BLS,l_up_mouth_bls,446,0.060325,0.281613,0.087018
THAIZ_BODY_PLY,L_facial_local_BLS,l_up_mouth_bls,447,0.035918,0.154838,0.051668
THAIZ_BODY_PLY,L_facial_local_BLS,l_up_mouth_bls,448,0.027456,0.10587,0.036341
THAIZ_BODY_PLY,L_facial_local_BLS,l_up_mouth_bls,449,0.006765,0.017495,0.006033
THAIZ_BODY_PLY,L_facial_local_BLS,l_up_mouth_bls,450,4e-06,8e-06,3e-06
THAIZ_BODY_PLY,L_facial_local_BLS,l_up_mouth_bls,455,-0.015092,0.035057,0.026909
THAIZ_BODY_PLY,L_facial_local_BLS,l_up_mouth_bls,456,-0.050955,0.224235,0.074521
THAIZ_BODY_PLY,L_facial_local_BLS,l_up_mouth_bls,457,-0.054277,0.252918,0.057885
THAIZ_BODY_PLY,L_facial_local_BLS,l_up_mouth_bls,458,-0.01502,0.125492,0.021712
THAIZ_BODY_PLY,L_facial_local_BLS,l_up_mouth_bls,459,0.020108,0.162695,0.058246
THAIZ_BODY_PLY,L_facial_local_BLS,l_up_mouth_bls,460,0.030372,0.174823,0.056256
THAIZ_BODY_PLY,L_facial_local_BLS,l_up_mouth_bls,461,0.000203,0.00364,0.001754
THAIZ_BODY_PLY,L_facial_local_BLS,l_up_mouth_bls,462,0.006617,0.076765,0.031248
THAIZ_BODY_PLY,L_facial_local_BLS,l_up_mouth_bls,463,-0.041536,0.25895,0.107498
THAIZ_BODY_PLY,L_facial_local_BLS,l_up_mouth_bls,464,-0.045489,0.165207,0.074114
THAIZ_BODY_PLY,L_facial_local_BLS,l_up_mouth_bls,467,-0.000295,0.000676,0.000346
THAIZ_BODY_PLY,L_facial_local_BLS,l_up_mouth_bls,469,0.056429,0.273054,0.193779
THAIZ_BODY_PLY,L_facial_local_BLS,l_up_mouth_bls,470,0.030881,0.151908,0.104189
THAIZ_BODY_PLY,L_facial_local_BLS,l_up_mouth_bls,471,0.001546,0.007468,0.004871
THAIZ_BODY_PLY,L_facial_local_BLS,l_up_mouth_bls,472,0.095456,0.445893,0.332125
THAIZ_BODY_PLY,L_facial_local_BLS,l_up_mouth_bls,473,0.155552,0.670769,0.53531
THAIZ_BODY_PLY,L_facial_local_BLS,l_up_mouth_bls,474,0.358591,0.167897,0.908258
THAIZ_BODY_PLY,L_facial_local_BLS,l_up_mouth_bls,475,0.136082,0.081254,0.580609
THAIZ_BODY_PLY,L_facial_local_BLS,l_up_mouth_bls,476,-0.091687,0.023672,0.346377
THAIZ_BODY_PLY,L_facial_local_BLS,l_up_mouth_bls,477,-0.205241,0.002122,0.221538
THAIZ_BODY_PLY,L_facial_local_BLS,l_up_mouth_bls,478,-0.034447,0.038087,0.148864
THAIZ_BODY_PLY,L_facial_local_BLS,l_up_mouth_bls,479,-0.023076,0.022151,0.090841
THAIZ_BODY_PLY,L_facial_local_BLS,l_up_mouth_bls,480,-0.024353,0.00336,0.125502
THAIZ_BODY_PLY,L_facial_local_BLS,l_up_mouth_bls,481,-0.049556,-0.008779,0.187146
THAIZ_BODY_PLY,L_facial_local_BLS,l_up_mouth_bls,482,-0.011196,0.007813,0.075084
THAIZ_BODY_PLY,L_facial_local_BLS,l_up_mouth_bls,483,-0.014872,0.016168,0.056294
THAIZ_BODY_PLY,L_facial_local_BLS,l_up_mouth_bls,484,-0.00639,0.010489,0.02686
THAIZ_BODY_PLY,L_facial_local_BLS,l_up_mouth_bls,485,-0.005651,0.009101,0.020524
THAIZ_BODY_PLY,L_facial_local_BLS,l_up_mouth_bls,486,-0.19231,0.006365,0.182929
THAIZ_BODY_PLY,L_facial_local_BLS,l_up_mouth_bls,490,0.0,5e-06,3e-06
THAIZ_BODY_PLY,L_facial_local_BLS,l_up_mouth_bls,491,-0.115999,0.055328,0.188097
THAIZ_BODY_PLY,L_facial_local_BLS,l_up_mouth_bls,494,0.0,1e-06,1e-06
THAIZ_BODY_PLY,L_facial_local_BLS,l_up_mouth_bls,495,0.322973,1.097022,1.488456
THAIZ_BODY_PLY,L_facial_local_BLS,l_up_mouth_bls,496,0.26533,0.963939,0.85255
THAIZ_BODY_PLY,L_facial_local_BLS,l_up_mouth_bls,497,-0.121746,-0.033731,0.229823
THAIZ_BODY_PLY,L_facial_local_BLS,l_up_mouth_bls,498,-0.193209,-0.108226,0.264466
THAIZ_BODY_PLY,L_facial_local_BLS,l_up_mouth_bls,499,-0.192416,-0.215934,0.348816
THAIZ_BODY_PLY,L_facial_local_BLS,l_up_mouth_bls,500,-0.085716,-0.217511,0.484441
THAIZ_BODY_PLY,L_facial_local_BLS,l_up_mouth_bls,501,-0.000726,-0.000282,0.018835
THAIZ_BODY_PLY,L_facial_local_BLS,l_up_mouth_bls,502,-0.004258,0.006257,0.015361
THAIZ_BODY_PLY,L_facial_local_BLS,l_up_mouth_bls,503,0.000662,-0.004524,0.009119
THAIZ_BODY_PLY,L_facial_local_BLS,l_up_mouth_bls,504,-0.001368,0.002145,0.005398
THAIZ_BODY_PLY,L_facial_local_BLS,l_up_mouth_bls,505,0.001069,-0.001783,0.001471
THAIZ_BODY_PLY,L_facial_local_BLS,l_up_mouth_bls,506,-0.000213,0.000387,0.000869
THAIZ_BODY_PLY,L_facial_local_BLS,l_up_mouth_bls,507,-0.000735,0.001987,0.004559
THAIZ_BODY_PLY,L_facial_local_BLS,l_up_mouth_bls,508,-0.000701,0.00181,0.003929
THAIZ_BODY_PLY,L_facial_local_BLS,l_up_mouth_bls,509,1.8e-05,-2.4e-05,1e-05
THAIZ_BODY_PLY,L_facial_local_BLS,l_up_mouth_bls,510,0.046929,-0.039855,0.635402
THAIZ_BODY_PLY,L_facial_local_BLS,l_up_mouth_bls,511,0.153133,0.120515,0.81387
THAIZ_BODY_PLY,L_facial_local_BLS,l_up_mouth_bls,512,0.083277,0.387549,0.343784
THAIZ_BODY_PLY,L_facial_local_BLS,l_up_mouth_bls,513,0.010953,0.056676,0.039028
THAIZ_BODY_PLY,L_facial_local_BLS,l_up_mouth_bls,515,0.025845,0.130838,0.097815
THAIZ_BODY_PLY,L_facial_local_BLS,l_up_mouth_bls,516,0.053571,0.264822,0.220712
THAIZ_BODY_PLY,L_facial_local_BLS,l_up_mouth_bls,525,-0.33629,-0.866242,0.357603
THAIZ_BODY_PLY,L_facial_local_BLS,l_up_mouth_bls,526,-0.330535,-0.805544,0.353609
THAIZ_BODY_PLY,L_facial_local_BLS,l_up_mouth_bls,527,-0.176557,-0.690933,0.335219
THAIZ_BODY_PLY,L_facial_local_BLS,l_up_mouth_bls,528,0.030923,-0.206547,0.36816
THAIZ_BODY_PLY,L_facial_local_BLS,l_up_mouth_bls,529,0.158121,0.076379,0.373191
THAIZ_BODY_PLY,L_facial_local_BLS,l_up_mouth_bls,530,0.053246,0.151301,0.11437
THAIZ_BODY_PLY,L_facial_local_BLS,l_up_mouth_bls,531,0.026448,0.182416,0.148112
THAIZ_BODY_PLY,L_facial_local_BLS,l_up_mouth_bls,532,0.036127,0.247797,0.210419
THAIZ_BODY_PLY,L_facial_local_BLS,l_up_mouth_bls,533,0.011434,0.093574,0.062624
THAIZ_BODY_PLY,L_facial_local_BLS,l_up_mouth_bls,534,0.018407,0.118804,0.088004
THAIZ_BODY_PLY,L_facial_local_BLS,l_up_mouth_bls,535,0.000193,0.007551,-0.00148
THAIZ_BODY_PLY,L_facial_local_BLS,l_up_mouth_bls,536,-0.005236,0.02317,0.018995
THAIZ_BODY_PLY,L_facial_local_BLS,l_up_mouth_bls,537,0.000969,0.048984,0.010357
THAIZ_BODY_PLY,L_facial_local_BLS,l_up_mouth_bls,538,0.003678,0.090921,0.017047
THAIZ_BODY_PLY,L_facial_local_BLS,l_up_mouth_bls,539,-0.019068,0.052537,0.049017
THAIZ_BODY_PLY,L_facial_local_BLS,l_up_mouth_bls,540,-0.091418,0.078107,0.081165
THAIZ_BODY_PLY,L_facial_local_BLS,l_up_mouth_bls,541,0.239749,0.119023,-0.007164
THAIZ_BODY_PLY,L_facial_local_BLS,l_up_mouth_bls,542,-0.001845,0.009524,0.001675
THAIZ_BODY_PLY,L_facial_local_BLS,l_up_mouth_bls,543,0.328054,-0.022892,0.002088
THAIZ_BODY_PLY,L_facial_local_BLS,l_up_mouth_bls,544,0.169213,-0.281975,0.180241
THAIZ_BODY_PLY,L_facial_local_BLS,l_up_mouth_bls,545,0.089609,0.051098,0.024203
THAIZ_BODY_PLY,L_facial_local_BLS,l_up_mouth_bls,546,0.116198,0.014686,0.025011
THAIZ_BODY_PLY,L_facial_local_BLS,l_up_mouth_bls,547,0.054062,0.01583,-0.009329
THAIZ_BODY_PLY,L_facial_local_BLS,l_up_mouth_bls,548,0.142261,0.042656,-0.044912
THAIZ_BODY_PLY,L_facial_local_BLS,l_up_mouth_bls,549,0.317466,0.024746,-0.165417
THAIZ_BODY_PLY,L_facial_local_BLS,l_up_mouth_bls,550,-0.17084,-0.676362,0.293065
THAIZ_BODY_PLY,L_facial_local_BLS,l_up_mouth_bls,551,0.254961,-0.170541,-0.032759
THAIZ_BODY_PLY,L_facial_local_BLS,l_up_mouth_bls,552,-0.066358,-0.116806,0.103628
THAIZ_BODY_PLY,L_facial_local_BLS,l_up_mouth_bls,553,-0.461247,-0.815477,0.439955
THAIZ_BODY_PLY,L_facial_local_BLS,l_up_mouth_bls,554,-0.038241,-0.044323,0.162712
THAIZ_BODY_PLY,L_facial_local_BLS,l_up_mouth_bls,555,-0.455585,-0.742581,0.489364
THAIZ_BODY_PLY,L_facial_local_BLS,l_up_mouth_bls,556,0.001228,0.009749,0.001559
THAIZ_BODY_PLY,L_facial_local_BLS,l_up_mouth_bls,557,0.003468,0.009045,0.000496
THAIZ_BODY_PLY,L_facial_local_BLS,l_up_mouth_bls,558,3.7e-05,0.010588,3.8e-05
THAIZ_BODY_PLY,L_facial_local_BLS,l_up_mouth_bls,559,0.000727,0.00683,0.001312
THAIZ_BODY_PLY,L_facial_local_BLS,l_up_mouth_bls,560,0.002758,0.036415,0.004394
THAIZ_BODY_PLY,L_facial_local_BLS,l_up_mouth_bls,561,0.000203,0.012037,0.002437
THAIZ_BODY_PLY,L_facial_local_BLS,l_up_mouth_bls,562,0.153752,0.072929,0.009511
THAIZ_BODY_PLY,L_facial_local_BLS,l_up_mouth_bls,563,0.164149,0.067728,0.008856
THAIZ_BODY_PLY,L_facial_local_BLS,l_up_mouth_bls,564,0.100654,0.025315,-0.022751
THAIZ_BODY_PLY,L_facial_local_BLS,l_up_mouth_bls,565,0.001083,0.04094,0.006812
THAIZ_BODY_PLY,L_facial_local_BLS,l_up_mouth_bls,566,0.000172,0.000861,0.000549
THAIZ_BODY_PLY,L_facial_local_BLS,l_up_mouth_bls,567,0.005841,0.028728,0.018934
THAIZ_BODY_PLY,L_facial_local_BLS,l_up_mouth_bls,568,0.007758,0.039678,0.024757
THAIZ_BODY_PLY,L_facial_local_BLS,l_up_mouth_bls,569,0.00831,0.041475,0.020062
THAIZ_BODY_PLY,L_facial_local_BLS,l_up_mouth_bls,570,0.009746,0.021374,0.009314
THAIZ_BODY_PLY,L_facial_local_BLS,l_up_mouth_bls,571,0.017573,0.016506,0.006041
THAIZ_BODY_PLY,L_facial_local_BLS,l_up_mouth_bls,572,0.009476,0.005956,-0.006179
THAIZ_BODY_PLY,L_facial_local_BLS,l_up_mouth_bls,576,2.1e-05,0.010375,0.002501
THAIZ_BODY_PLY,L_facial_local_BLS,l_up_mouth_bls,577,0.0,0.003166,2e-06
THAIZ_BODY_PLY,L_facial_local_BLS,l_up_mouth_bls,579,-1e-06,2.6e-05,8e-06
THAIZ_BODY_PLY,L_facial_local_BLS,l_up_mouth_bls,582,1.6e-05,1.6e-05,9.5e-05
THAIZ_BODY_PLY,L_facial_local_BLS,l_up_mouth_bls,583,0.000898,1e-05,0.001742
THAIZ_BODY_PLY,L_facial_local_BLS,l_up_mouth_bls,584,-6.8e-05,0.005882,0.001064
THAIZ_BODY_PLY,L_facial_local_BLS,l_up_mouth_bls,585,1.7e-05,0.000111,6.1e-05
THAIZ_BODY_PLY,L_facial_local_BLS,l_up_mouth_bls,586,0.000436,0.024365,0.004129
THAIZ_BODY_PLY,L_facial_local_BLS,l_up_mouth_bls,587,-5e-06,9.9e-05,4.1e-05
THAIZ_BODY_PLY,L_facial_local_BLS,l_up_mouth_bls,588,7.5e-05,0.000244,0.000245
THAIZ_BODY_PLY,L_facial_local_BLS,l_up_mouth_bls,589,1e-06,7e-05,2.4e-05
THAIZ_BODY_PLY,L_facial_local_BLS,l_up_mouth_bls,590,0.000866,0.010982,0.001198
THAIZ_BODY_PLY,L_facial_local_BLS,l_up_mouth_bls,591,0.033016,0.009433,0.013971
THAIZ_BODY_PLY,L_facial_local_BLS,l_up_mouth_bls,592,0.123044,-0.025866,0.035723
THAIZ_BODY_PLY,L_facial_local_BLS,l_up_mouth_bls,593,-0.001614,0.002215,0.015043
THAIZ_BODY_PLY,L_facial_local_BLS,l_up_mouth_bls,594,0.006909,-0.001192,0.021028
THAIZ_BODY_PLY,L_facial_local_BLS,l_up_mouth_bls,595,-0.000106,0.001265,0.000383
THAIZ_BODY_PLY,L_facial_local_BLS,l_up_mouth_bls,596,-0.000152,0.002606,0.000758
THAIZ_BODY_PLY,L_facial_local_BLS,l_up_mouth_bls,597,-2.3e-05,0.000568,0.000101
THAIZ_BODY_PLY,L_facial_local_BLS,l_up_mouth_bls,598,0.021062,0.007114,-0.003135
THAIZ_BODY_PLY,L_facial_local_BLS,l_up_mouth_bls,601,0.01725,-0.08892,0.008562
THAIZ_BODY_PLY,L_facial_local_BLS,l_up_mouth_bls,602,-0.000739,-0.069864,0.009971
THAIZ_BODY_PLY,L_facial_local_BLS,l_up_mouth_bls,603,0.001197,-0.016248,0.009183
THAIZ_BODY_PLY,L_facial_local_BLS,l_up_mouth_bls,604,-0.309447,-0.271249,0.447748
THAIZ_BODY_PLY,L_facial_local_BLS,l_up_mouth_bls,605,0.33292,0.126997,0.024246
THAIZ_BODY_PLY,L_facial_local_BLS,l_up_mouth_bls,606,-0.225971,-0.310752,0.324866
THAIZ_BODY_PLY,L_facial_local_BLS,l_up_mouth_bls,607,-0.117277,-0.048189,0.262135
THAIZ_BODY_PLY,L_facial_local_BLS,l_up_mouth_bls,608,-0.147449,0.00675,0.342857
THAIZ_BODY_PLY,L_facial_local_BLS,l_up_mouth_bls,609,0.277402,0.15639,0.038452
THAIZ_BODY_PLY,L_facial_local_BLS,l_up_mouth_bls,610,-0.013444,0.053642,0.096595
THAIZ_BODY_PLY,L_facial_local_BLS,l_up_mouth_bls,611,-0.048687,0.055165,0.180909
THAIZ_BODY_PLY,L_facial_local_BLS,l_up_mouth_bls,612,-0.032088,0.112926,0.205325
THAIZ_BODY_PLY,L_facial_local_BLS,l_up_mouth_bls,613,0.021429,0.085723,0.084017
THAIZ_BODY_PLY,L_facial_local_BLS,l_up_mouth_bls,614,0.035759,0.005148,0.074913
THAIZ_BODY_PLY,L_facial_local_BLS,l_up_mouth_bls,615,0.007046,0.003887,0.052883
THAIZ_BODY_PLY,L_facial_local_BLS,l_up_mouth_bls,616,0.002035,0.003564,0.014958
THAIZ_BODY_PLY,L_facial_local_BLS,l_up_mouth_bls,617,0.13888,0.134113,0.035587
THAIZ_BODY_PLY,L_facial_local_BLS,l_up_mouth_bls,619,0.000174,7.1e-05,-1.7e-05
THAIZ_BODY_PLY,L_facial_local_BLS,l_up_mouth_bls,620,0.010105,0.003675,-0.001173
THAIZ_BODY_PLY,L_facial_local_BLS,l_up_mouth_bls,621,0.071727,0.039977,-0.007921
THAIZ_BODY_PLY,L_facial_local_BLS,l_up_mouth_bls,622,-3.2e-05,8.7e-05,0.000174
THAIZ_BODY_PLY,L_facial_local_BLS,l_up_mouth_bls,623,-0.000413,0.000904,0.001656
THAIZ_BODY_PLY,L_facial_local_BLS,l_up_mouth_bls,624,-0.001701,0.003328,0.005642
THAIZ_BODY_PLY,L_facial_local_BLS,l_up_mouth_bls,625,1e-06,3e-06,1.3e-05
THAIZ_BODY_PLY,L_facial_local_BLS,l_up_mouth_bls,626,1.3e-05,4.2e-05,0.000191
THAIZ_BODY_PLY,L_facial_local_BLS,l_up_mouth_bls,627,-4.8e-05,0.000386,0.001036
THAIZ_BODY_PLY,L_facial_local_BLS,l_up_mouth_bls,628,0.099956,0.528261,0.152038
THAIZ_BODY_PLY,L_facial_local_BLS,l_up_mouth_bls,629,0.054796,0.27482,0.094043
THAIZ_BODY_PLY,L_facial_local_BLS,l_up_mouth_bls,630,0.034579,0.141364,0.049952
THAIZ_BODY_PLY,L_facial_local_BLS,l_up_mouth_bls,631,0.028367,0.095164,0.034097
THAIZ_BODY_PLY,L_facial_local_BLS,l_up_mouth_bls,632,0.00731,0.016189,0.005549
THAIZ_BODY_PLY,L_facial_local_BLS,l_up_mouth_bls,635,-1e-06,1e-06,1e-06
THAIZ_BODY_PLY,L_facial_local_BLS,l_up_mouth_bls,637,-1.7e-05,1e-05,9e-06
THAIZ_BODY_PLY,L_facial_local_BLS,l_up_mouth_bls,638,-0.00034,0.000959,0.000413
THAIZ_BODY_PLY,L_facial_local_BLS,l_up_mouth_bls,639,-0.002623,0.029797,0.011397
THAIZ_BODY_PLY,L_facial_local_BLS,l_up_mouth_bls,640,-0.045991,0.221654,0.091745
THAIZ_BODY_PLY,L_facial_local_BLS,l_up_mouth_bls,641,-0.049892,0.332369,0.100449
THAIZ_BODY_PLY,L_facial_local_BLS,l_up_mouth_bls,642,-0.064814,0.467774,0.108355
THAIZ_BODY_PLY,L_facial_local_BLS,l_up_mouth_bls,643,-0.006962,0.492788,0.103063
THAIZ_BODY_PLY,L_facial_local_BLS,l_up_mouth_bls,644,0.043738,0.400253,0.122353
THAIZ_BODY_PLY,L_facial_local_BLS,l_up_mouth_bls,645,0.061703,0.391464,0.123613
THAIZ_BODY_PLY,L_facial_local_BLS,l_up_mouth_bls,646,0.000797,0.043717,0.007528
THAIZ_BODY_PLY,L_facial_local_BLS,l_up_mouth_bls,647,-0.016018,0.018627,-0.008286
THAIZ_BODY_PLY,L_facial_local_BLS,l_up_mouth_bls,648,-0.013944,0.037081,-0.005004
THAIZ_BODY_PLY,L_facial_local_BLS,l_up_mouth_bls,649,-0.00541,0.04989,0.002256
THAIZ_BODY_PLY,L_facial_local_BLS,l_up_mouth_bls,650,-0.003055,0.020196,0.009484
THAIZ_BODY_PLY,L_facial_local_BLS,l_up_mouth_bls,651,0.005759,0.050058,0.020748
THAIZ_BODY_PLY,L_facial_local_BLS,l_up_mouth_bls,652,0.00703,0.017927,0.008733
THAIZ_BODY_PLY,L_facial_local_BLS,l_up_mouth_bls,653,0.000127,0.000716,0.000475
THAIZ_BODY_PLY,L_facial_local_BLS,l_up_mouth_bls,654,1.4e-05,0.000216,0.000108
THAIZ_BODY_PLY,L_facial_local_BLS,l_up_mouth_bls,655,-6.6e-05,0.00132,0.000297
THAIZ_BODY_PLY,L_facial_local_BLS,l_up_mouth_bls,656,-0.000152,0.00872,0.00193
THAIZ_BODY_PLY,L_facial_local_BLS,l_up_mouth_bls,657,0.000478,0.028897,0.005695
THAIZ_BODY_PLY,L_facial_local_BLS,l_up_mouth_bls,658,0.001734,0.054263,0.010238
THAIZ_BODY_PLY,L_facial_local_BLS,l_up_mouth_bls,660,0.000358,0.000145,-3.5e-05
THAIZ_BODY_PLY,L_facial_local_BLS,l_up_mouth_bls,661,0.016426,0.005973,-0.001907
THAIZ_BODY_PLY,L_facial_local_BLS,l_up_mouth_bls,662,0.10046,0.030779,-0.015192
THAIZ_BODY_PLY,L_facial_local_BLS,l_up_mouth_bls,663,0.149934,0.111748,0.087444
THAIZ_BODY_PLY,L_facial_local_BLS,l_up_mouth_bls,664,0.139294,0.145564,0.181548
THAIZ_BODY_PLY,L_facial_local_BLS,l_up_mouth_bls,665,0.228467,0.171789,0.21988
THAIZ_BODY_PLY,L_facial_local_BLS,l_up_mouth_bls,666,-0.26633,-0.021653,0.370976
THAIZ_BODY_PLY,L_facial_local_BLS,l_up_mouth_bls,667,-0.230626,-0.202234,0.291558
THAIZ_BODY_PLY,L_facial_local_BLS,l_up_mouth_bls,668,0.172164,-0.146221,-0.029806
THAIZ_BODY_PLY,L_facial_local_BLS,l_up_mouth_bls,669,0.078171,-0.079279,-0.10147
THAIZ_BODY_PLY,L_facial_local_BLS,l_up_mouth_bls,670,0.118226,0.016729,-0.043048
THAIZ_BODY_PLY,L_facial_local_BLS,l_up_mouth_bls,671,0.069661,0.016411,-0.014915
THAIZ_BODY_PLY,L_facial_local_BLS,l_up_mouth_bls,672,0.030175,0.008824,-0.005202
THAIZ_BODY_PLY,L_facial_local_BLS,l_up_mouth_bls,673,0.007396,0.002498,-0.001101
THAIZ_BODY_PLY,L_facial_local_BLS,l_up_mouth_bls,676,-0.000549,-0.000185,0.000944
THAIZ_BODY_PLY,L_facial_local_BLS,l_up_mouth_bls,677,-0.002002,-0.00191,0.006937
THAIZ_BODY_PLY,L_facial_local_BLS,l_up_mouth_bls,678,0.096819,-0.001261,0.003514
THAIZ_BODY_PLY,L_facial_local_BLS,l_up_mouth_bls,679,0.134148,0.030712,-0.036708
THAIZ_BODY_PLY,L_facial_local_BLS,l_up_mouth_bls,680,0.159772,0.074895,-0.085721
THAIZ_BODY_PLY,L_facial_local_BLS,l_up_mouth_bls,681,0.220239,0.021403,-0.101221
THAIZ_BODY_PLY,L_facial_local_BLS,l_up_mouth_bls,682,0.086593,-0.028091,0.064904
THAIZ_BODY_PLY,L_facial_local_BLS,l_up_mouth_bls,683,-0.198441,-0.195722,0.352982
THAIZ_BODY_PLY,L_facial_local_BLS,l_up_mouth_bls,684,-0.505126,-0.402269,0.571174
THAIZ_BODY_PLY,L_facial_local_BLS,l_up_mouth_bls,685,-0.599792,-0.381174,0.686213
THAIZ_BODY_PLY,L_facial_local_BLS,l_up_mouth_bls,686,-0.411808,-0.175623,0.597768
THAIZ_BODY_PLY,L_facial_local_BLS,l_up_mouth_bls,687,-0.197046,0.034834,0.438228
THAIZ_BODY_PLY,L_facial_local_BLS,l_up_mouth_bls,688,-0.030695,0.13357,0.240339
THAIZ_BODY_PLY,L_facial_local_BLS,l_up_mouth_bls,689,0.052142,0.111062,0.075119
THAIZ_BODY_PLY,L_facial_local_BLS,l_up_mouth_bls,690,0.000897,0.000688,0.000635
THAIZ_BODY_PLY,L_facial_local_BLS,l_up_mouth_bls,691,0.001318,0.000828,0.015442
THAIZ_BODY_PLY,L_facial_local_BLS,l_up_mouth_bls,692,0.035593,0.006589,0.051889
THAIZ_BODY_PLY,L_facial_local_BLS,l_up_mouth_bls,693,-0.002566,0.00532,0.012603
THAIZ_BODY_PLY,L_facial_local_BLS,l_up_mouth_bls,694,-0.002385,0.004726,0.0101
THAIZ_BODY_PLY,L_facial_local_BLS,l_up_mouth_bls,695,-0.000508,0.0014,0.002729
THAIZ_BODY_PLY,L_facial_local_BLS,l_up_mouth_bls,696,-8.9e-05,0.00031,0.000719
THAIZ_BODY_PLY,L_facial_local_BLS,l_up_mouth_bls,697,-1e-06,1.5e-05,4.9e-05
THAIZ_BODY_PLY,L_facial_local_BLS,l_up_mouth_bls,698,0.000818,-0.001013,0.000533
THAIZ_BODY_PLY,L_facial_local_BLS,l_up_mouth_bls,699,0.00491,-0.003773,0.00655
THAIZ_BODY_PLY,L_facial_local_BLS,l_up_mouth_bls,702,-0.0,1.2e-05,4e-06
THAIZ_BODY_PLY,L_facial_local_BLS,l_up_mouth_bls,703,-0.000753,0.013732,0.003635
THAIZ_BODY_PLY,L_facial_local_BLS,l_up_mouth_bls,704,-0.000821,0.016634,0.003951
THAIZ_BODY_PLY,L_facial_local_BLS,l_up_mouth_bls,706,-0.033694,0.096977,0.058404
THAIZ_BODY_PLY,L_facial_local_BLS,l_up_mouth_bls,707,-0.029993,0.116279,0.065104
THAIZ_BODY_PLY,L_facial_local_BLS,l_up_mouth_bls,708,-0.029867,0.113218,0.087189
THAIZ_BODY_PLY,L_facial_local_BLS,l_up_mouth_bls,709,0.000957,0.015132,0.005545
THAIZ_BODY_PLY,L_facial_local_BLS,l_up_mouth_bls,710,7e-06,0.000113,4.4e-05
THAIZ_BODY_PLY,L_facial_local_BLS,l_up_mouth_bls,724,0.093328,0.584906,0.836481
THAIZ_BODY_PLY,L_facial_local_BLS,l_up_mouth_bls,725,0.151573,0.163599,0.219265
THAIZ_BODY_PLY,L_facial_local_BLS,l_up_mouth_bls,726,0.193113,0.151847,0.077943
THAIZ_BODY_PLY,L_facial_local_BLS,l_up_mouth_bls,727,0.158089,0.10644,0.04092
THAIZ_BODY_PLY,L_facial_local_BLS,l_up_mouth_bls,728,0.124905,0.049473,0.024774
THAIZ_BODY_PLY,L_facial_local_BLS,l_up_mouth_bls,729,0.123512,0.008385,0.028145
THAIZ_BODY_PLY,L_facial_local_BLS,l_up_mouth_bls,730,0.024123,-0.004623,0.050507
THAIZ_BODY_PLY,L_facial_local_BLS,l_up_mouth_bls,731,0.009616,-0.004702,0.062583
THAIZ_BODY_PLY,L_facial_local_BLS,l_up_mouth_bls,732,0.144699,0.549353,0.578367
THAIZ_BODY_PLY,L_facial_local_BLS,l_up_mouth_bls,733,0.100363,0.144244,0.170023
THAIZ_BODY_PLY,L_facial_local_BLS,l_up_mouth_bls,734,0.216503,0.142951,0.029995
THAIZ_BODY_PLY,L_facial_local_BLS,l_up_mouth_bls,735,0.193478,0.099648,0.012317
THAIZ_BODY_PLY,L_facial_local_BLS,l_up_mouth_bls,736,0.127541,0.047898,0.017259
THAIZ_BODY_PLY,L_facial_local_BLS,l_up_mouth_bls,737,0.073487,0.005925,0.019878
THAIZ_BODY_PLY,L_facial_local_BLS,l_up_mouth_bls,738,0.000735,-0.00113,0.00247
THAIZ_BODY_PLY,L_facial_local_BLS,l_up_mouth_bls,739,1.8e-05,-8e-05,0.000228
THAIZ_BODY_PLY,L_facial_local_BLS,l_up_mouth_bls,740,0.092418,0.486474,0.309707
THAIZ_BODY_PLY,L_facial_local_BLS,l_up_mouth_bls,741,0.06892,0.403441,0.1523
THAIZ_BODY_PLY,L_facial_local_BLS,l_up_mouth_bls,742,0.072693,0.393358,0.128493
THAIZ_BODY_PLY,L_facial_local_BLS,l_up_mouth_bls,743,0.055129,0.242699,0.060925
THAIZ_BODY_PLY,L_facial_local_BLS,l_up_mouth_bls,744,0.000804,0.012223,0.007851
THAIZ_BODY_PLY,L_facial_local_BLS,l_up_mouth_bls,745,6e-06,0.000274,0.000154
THAIZ_BODY_PLY,L_facial_local_BLS,l_up_mouth_bls,746,0.000106,0.000493,0.001916
THAIZ_BODY_PLY,L_facial_local_BLS,l_up_mouth_bls,747,8.1e-05,0.002285,0.008609
THAIZ_BODY_PLY,L_facial_local_BLS,l_up_mouth_bls,748,-0.001419,0.006861,0.022266
THAIZ_BODY_PLY,L_facial_local_BLS,l_up_mouth_bls,749,0.002604,0.0014,0.014324
THAIZ_BODY_PLY,L_facial_local_BLS,l_up_mouth_bls,750,0.001548,-0.000972,0.003661
THAIZ_BODY_PLY,L_facial_local_BLS,l_up_mouth_bls,751,0.000192,-0.000162,0.000347
THAIZ_BODY_PLY,L_facial_local_BLS,l_up_mouth_bls,752,-0.010483,0.023961,0.070667
THAIZ_BODY_PLY,L_facial_local_BLS,l_up_mouth_bls,753,0.006036,0.004783,0.033017
THAIZ_BODY_PLY,L_facial_local_BLS,l_up_mouth_bls,754,-0.001186,0.015499,0.052266
THAIZ_BODY_PLY,L_facial_local_BLS,l_up_mouth_bls,755,0.153415,0.37879,0.437475
THAIZ_BODY_PLY,L_facial_local_BLS,l_up_mouth_bls,756,0.010163,0.323032,0.308611
THAIZ_BODY_PLY,L_facial_local_BLS,l_up_mouth_bls,757,-0.078553,0.270505,0.218167
THAIZ_BODY_PLY,L_facial_local_BLS,l_up_mouth_bls,758,-0.079636,0.172213,0.200312
THAIZ_BODY_PLY,L_facial_local_BLS,l_up_mouth_bls,759,-0.049153,0.104886,0.177295
THAIZ_BODY_PLY,L_facial_local_BLS,l_up_mouth_bls,760,-0.01658,0.037168,0.105057
THAIZ_BODY_PLY,L_facial_local_BLS,l_up_mouth_bls,761,-0.024306,0.062245,0.144336
THAIZ_BODY_PLY,L_facial_local_BLS,l_up_mouth_bls,762,0.051417,0.205549,0.23617
THAIZ_BODY_PLY,L_facial_local_BLS,l_up_mouth_bls,763,0.023776,0.162902,0.204443
THAIZ_BODY_PLY,L_facial_local_BLS,l_up_mouth_bls,764,0.010031,0.119222,0.181124
THAIZ_BODY_PLY,L_facial_local_BLS,l_up_mouth_bls,765,0.000811,0.083691,0.156987
THAIZ_BODY_PLY,L_facial_local_BLS,l_up_mouth_bls,766,-0.002796,0.058237,0.132748
THAIZ_BODY_PLY,L_facial_local_BLS,l_up_mouth_bls,767,-0.00378,0.025766,0.077224
THAIZ_BODY_PLY,L_facial_local_BLS,l_up_mouth_bls,768,-0.00467,0.039293,0.104589
THAIZ_BODY_PLY,L_facial_local_BLS,l_up_mouth_bls,769,0.021721,0.049768,0.070187
THAIZ_BODY_PLY,L_facial_local_BLS,l_up_mouth_bls,770,0.026122,0.047837,0.086617
THAIZ_BODY_PLY,L_facial_local_BLS,l_up_mouth_bls,771,0.022378,0.043841,0.092854
THAIZ_BODY_PLY,L_facial_local_BLS,l_up_mouth_bls,772,0.015539,0.036113,0.089133
THAIZ_BODY_PLY,L_facial_local_BLS,l_up_mouth_bls,773,0.010135,0.026606,0.078776
THAIZ_BODY_PLY,L_facial_local_BLS,l_up_mouth_bls,774,0.006065,0.010765,0.048958
THAIZ_BODY_PLY,L_facial_local_BLS,l_up_mouth_bls,775,0.007032,0.018012,0.064772
THAIZ_BODY_PLY,L_facial_local_BLS,l_up_mouth_bls,777,8.3e-05,-0.000103,2.3e-05
THAIZ_BODY_PLY,L_facial_local_BLS,l_up_mouth_bls,778,0.002326,-0.002477,0.001228
THAIZ_BODY_PLY,L_facial_local_BLS,l_up_mouth_bls,779,0.00779,-0.002913,0.015516
THAIZ_BODY_PLY,L_facial_local_BLS,l_up_mouth_bls,780,0.011081,0.004219,0.025396
THAIZ_BODY_PLY,L_facial_local_BLS,l_up_mouth_bls,781,0.008916,-0.000907,0.022902
THAIZ_BODY_PLY,L_facial_local_BLS,l_up_mouth_bls,782,0.010256,0.00104,0.028166
THAIZ_BODY_PLY,L_facial_local_BLS,l_up_mouth_bls,783,0.011537,0.002787,0.029637
THAIZ_BODY_PLY,L_facial_local_BLS,l_up_mouth_bls,784,0.006958,0.004366,0.015046
THAIZ_BODY_PLY,L_facial_local_BLS,l_up_mouth_bls,785,0.002428,0.00279,0.006094
THAIZ_BODY_PLY,L_facial_local_BLS,l_up_mouth_bls,786,0.000597,0.001,0.001654
THAIZ_BODY_PLY,L_facial_local_BLS,l_up_mouth_bls,787,-0.00013,0.000266,0.000476
THAIZ_BODY_PLY,L_facial_local_BLS,l_up_mouth_bls,788,-0.00102,0.001825,0.003323
THAIZ_BODY_PLY,L_facial_local_BLS,l_up_mouth_bls,789,-0.003381,0.005536,0.010182
THAIZ_BODY_PLY,L_facial_local_BLS,l_up_mouth_bls,790,-0.010376,0.013942,0.036057
THAIZ_BODY_PLY,L_facial_local_BLS,l_up_mouth_bls,791,-0.012891,0.016849,0.050226
THAIZ_BODY_PLY,L_facial_local_BLS,l_up_mouth_bls,792,-0.005061,0.014137,0.042925
THAIZ_BODY_PLY,L_facial_local_BLS,l_up_mouth_bls,793,0.001307,0.007434,0.031037
THAIZ_BODY_PLY,L_facial_local_BLS,l_up_mouth_bls,794,0.006024,-0.000309,0.018455
THAIZ_BODY_PLY,L_facial_local_BLS,l_up_mouth_bls,795,0.006297,-0.004444,0.007702
THAIZ_BODY_PLY,L_facial_local_BLS,l_up_mouth_bls,796,-6.8e-05,7.9e-05,0.001163
THAIZ_BODY_PLY,L_facial_local_BLS,l_up_mouth_bls,797,-0.000882,0.000733,0.007085
THAIZ_BODY_PLY,L_facial_local_BLS,l_up_mouth_bls,798,-0.003348,0.004409,0.01865
THAIZ_BODY_PLY,L_facial_local_BLS,l_up_mouth_bls,799,-0.015317,0.012422,0.070415
THAIZ_BODY_PLY,L_facial_local_BLS,l_up_mouth_bls,800,-0.027144,0.01349,0.114536
THAIZ_BODY_PLY,L_facial_local_BLS,l_up_mouth_bls,801,-0.053415,0.027004,0.177369
THAIZ_BODY_PLY,L_facial_local_BLS,l_up_mouth_bls,802,-0.153315,0.042517,0.230465
THAIZ_BODY_PLY,L_facial_local_BLS,l_up_mouth_bls,803,-0.237175,0.000587,0.24501
THAIZ_BODY_PLY,L_facial_local_BLS,l_up_mouth_bls,804,-0.226782,-0.0837,0.334807
THAIZ_BODY_PLY,L_facial_local_BLS,l_up_mouth_bls,805,-0.104048,-0.116902,0.49715
THAIZ_BODY_PLY,L_facial_local_BLS,l_up_mouth_bls,806,0.063771,-0.031388,0.728869
THAIZ_BODY_PLY,L_facial_local_BLS,l_up_mouth_bls,807,0.194878,0.107118,1.001072
THAIZ_BODY_PLY,L_facial_local_BLS,l_up_mouth_bls,808,0.077302,0.769996,1.220027
THAIZ_BODY_PLY,L_facial_local_BLS,l_up_mouth_bls,809,0.16952,0.730701,0.787797
THAIZ_BODY_PLY,L_facial_local_BLS,l_up_mouth_bls,810,0.121763,0.5364,0.489237
THAIZ_BODY_PLY,L_facial_local_BLS,l_up_mouth_bls,811,0.078864,0.364304,0.299863
THAIZ_BODY_PLY,L_facial_local_BLS,l_up_mouth_bls,812,0.045364,0.215951,0.164174
THAIZ_BODY_PLY,L_facial_local_BLS,l_up_mouth_bls,813,0.022945,0.11127,0.079771
THAIZ_BODY_PLY,L_facial_local_BLS,l_up_mouth_bls,814,0.002767,0.013427,0.008948
THAIZ_BODY_PLY,L_facial_local_BLS,l_up_mouth_bls,815,0.000325,0.00154,0.001004
THAIZ_BODY_PLY,L_facial_local_BLS,l_up_mouth_bls,816,0.166304,0.233021,0.027583
THAIZ_BODY_PLY,L_facial_local_BLS,l_up_mouth_bls,817,0.010241,0.076926,0.03487
THAIZ_BODY_PLY,L_facial_local_BLS,l_up_mouth_bls,818,-0.004099,0.014235,0.000233
THAIZ_BODY_PLY,L_facial_local_BLS,l_up_mouth_bls,819,-0.001446,0.010385,-0.001608
THAIZ_BODY_PLY,L_facial_local_BLS,l_up_mouth_bls,820,-0.000304,0.034357,0.008147
THAIZ_BODY_PLY,L_facial_local_BLS,l_up_mouth_bls,821,-1.5e-05,0.002157,0.000369
THAIZ_BODY_PLY,L_facial_local_BLS,l_up_mouth_bls,826,-1e-06,0.002039,3.5e-05
THAIZ_BODY_PLY,L_facial_local_BLS,l_up_mouth_bls,827,-0.00011,0.006921,-4.1e-05
THAIZ_BODY_PLY,L_facial_local_BLS,l_up_mouth_bls,828,-0.006878,0.005051,0.001748
THAIZ_BODY_PLY,L_facial_local_BLS,l_up_mouth_bls,829,-0.01562,0.010158,0.0108
THAIZ_BODY_PLY,L_facial_local_BLS,l_up_mouth_bls,830,-0.03025,0.089997,0.086583
THAIZ_BODY_PLY,L_facial_local_BLS,l_up_mouth_bls,831,0.007172,0.158382,0.130601
THAIZ_BODY_PLY,L_facial_local_BLS,l_up_mouth_bls,832,0.002801,0.01492,0.008111
THAIZ_BODY_PLY,L_facial_local_BLS,l_up_mouth_bls,833,0.008886,0.047332,0.024842
THAIZ_BODY_PLY,L_facial_local_BLS,l_up_mouth_bls,834,0.031855,0.17498,0.085984
THAIZ_BODY_PLY,L_facial_local_BLS,l_up_mouth_bls,835,0.049029,0.280346,0.131767
THAIZ_BODY_PLY,L_facial_local_BLS,l_up_mouth_bls,836,0.07297,0.443545,0.198832
THAIZ_BODY_PLY,L_facial_local_BLS,l_up_mouth_bls,837,0.100385,0.670943,0.286476
THAIZ_BODY_PLY,L_facial_local_BLS,l_up_mouth_bls,838,0.116784,0.901404,0.353035
THAIZ_BODY_PLY,L_facial_local_BLS,l_up_mouth_bls,839,0.117968,1.104662,0.431921
THAIZ_BODY_PLY,L_facial_local_BLS,l_up_mouth_bls,840,0.083964,1.002652,0.310596
THAIZ_BODY_PLY,L_facial_local_BLS,l_up_mouth_bls,841,0.016986,0.68136,0.205733
THAIZ_BODY_PLY,L_facial_local_BLS,l_up_mouth_bls,842,-0.009103,0.434272,0.141081
THAIZ_BODY_PLY,L_facial_local_BLS,l_up_mouth_bls,843,-0.021492,0.253721,0.10159
THAIZ_BODY_PLY,L_facial_local_BLS,l_up_mouth_bls,844,0.000646,0.106125,0.037468
THAIZ_BODY_PLY,L_facial_local_BLS,l_up_mouth_bls,845,0.00055,0.03498,0.009308
THAIZ_BODY_PLY,L_facial_local_BLS,l_up_mouth_bls,846,-0.000154,0.006487,0.001853
THAIZ_BODY_PLY,L_facial_local_BLS,l_up_mouth_bls,847,-6.4e-05,0.000123,7.7e-05
THAIZ_BODY_PLY,L_facial_local_BLS,l_up_mouth_bls,848,-1.8e-05,8e-06,1.1e-05
THAIZ_BODY_PLY,L_facial_local_BLS,l_up_mouth_bls,849,-2e-06,0.0,1e-06
THAIZ_BODY_PLY,L_facial_local_BLS,l_up_mouth_bls,852,6e-06,1.1e-05,5e-06
THAIZ_BODY_PLY,L_facial_local_BLS,l_up_mouth_bls,853,2.6e-05,4.9e-05,2.3e-05
THAIZ_BODY_PLY,L_facial_local_BLS,l_up_mouth_bls,854,2e-06,4e-06,2e-06
THAIZ_BODY_PLY,L_facial_local_BLS,l_up_mouth_bls,859,0.000136,0.000676,0.000219
THAIZ_BODY_PLY,L_facial_local_BLS,l_up_mouth_bls,860,0.001641,0.002199,0.00104
THAIZ_BODY_PLY,L_facial_local_BLS,l_up_mouth_bls,861,0.004376,-0.002748,0.00306
THAIZ_BODY_PLY,L_facial_local_BLS,l_up_mouth_bls,862,0.009651,-0.001561,0.010225
THAIZ_BODY_PLY,L_facial_local_BLS,l_up_mouth_bls,863,0.039964,0.004063,0.025153
THAIZ_BODY_PLY,L_facial_local_BLS,l_up_mouth_bls,864,0.058875,-0.017182,0.036556
THAIZ_BODY_PLY,L_facial_local_BLS,l_up_mouth_bls,865,0.034461,-0.011042,0.020352
THAIZ_BODY_PLY,L_facial_local_BLS,l_up_mouth_bls,867,0.003448,0.001309,-0.000452
THAIZ_BODY_PLY,L_facial_local_BLS,l_up_mouth_bls,868,6e-06,-5e-06,1e-05
THAIZ_BODY_PLY,L_facial_local_BLS,l_up_mouth_bls,869,1.4e-05,4.7e-05,0.000182
THAIZ_BODY_PLY,L_facial_local_BLS,l_up_mouth_bls,870,-0.000123,0.000436,0.001006
THAIZ_BODY_PLY,L_facial_local_BLS,l_up_mouth_bls,871,-0.000115,0.000423,0.000991
THAIZ_BODY_PLY,L_facial_local_BLS,l_up_mouth_bls,872,1.5e-05,6.2e-05,0.000256
THAIZ_BODY_PLY,L_facial_local_BLS,l_up_mouth_bls,873,0.0,0.0,2e-06
THAIZ_BODY_PLY,L_facial_local_BLS,l_up_mouth_bls,874,6e-06,3e-06,3.4e-05
THAIZ_BODY_PLY,L_facial_local_BLS,l_up_mouth_bls,882,0.046436,0.211396,0.068307
THAIZ_BODY_PLY,L_facial_local_BLS,l_up_mouth_bls,883,0.042974,0.198607,0.0693
THAIZ_BODY_PLY,L_facial_local_BLS,l_up_mouth_bls,884,0.036986,0.171752,0.065791
THAIZ_BODY_PLY,L_facial_local_BLS,l_up_mouth_bls,885,0.027192,0.119575,0.049093
THAIZ_BODY_PLY,L_facial_local_BLS,l_up_mouth_bls,886,0.007975,0.03138,0.014315
THAIZ_BODY_PLY,L_facial_local_BLS,l_up_mouth_bls,887,0.002026,0.007704,0.003658
THAIZ_BODY_PLY,L_facial_local_BLS,l_up_mouth_bls,888,0.002884,0.010753,0.001461
THAIZ_BODY_PLY,L_facial_local_BLS,l_up_mouth_bls,889,0.002575,0.008596,0.00063
THAIZ_BODY_PLY,L_facial_local_BLS,l_up_mouth_bls,897,2e-05,0.000136,2e-05
THAIZ_BODY_PLY,L_facial_local_BLS,l_up_mouth_bls,902,-0.000336,0.00034,0.000395
THAIZ_BODY_PLY,L_facial_local_BLS,l_up_mouth_bls,903,-0.016815,0.020639,0.0205
THAIZ_BODY_PLY,L_facial_local_BLS,l_up_mouth_bls,904,-0.02035,0.035287,0.02392
THAIZ_BODY_PLY,L_facial_local_BLS,l_up_mouth_bls,905,-0.02104,0.040972,0.021482
THAIZ_BODY_PLY,L_facial_local_BLS,l_up_mouth_bls,906,-0.008652,0.028356,0.007616
THAIZ_BODY_PLY,L_facial_local_BLS,l_up_mouth_bls,907,-0.004235,0.029572,0.012141
THAIZ_BODY_PLY,L_facial_local_BLS,l_up_mouth_bls,908,0.004212,0.031712,0.022128
THAIZ_BODY_PLY,L_facial_local_BLS,l_up_mouth_bls,909,0.002765,0.015058,0.007786
THAIZ_BODY_PLY,L_facial_local_BLS,l_up_mouth_bls,912,-0.0,0.002686,3e-06
THAIZ_BODY_PLY,L_facial_local_BLS,l_up_mouth_bls,913,-0.000125,0.006575,-0.000778
THAIZ_BODY_PLY,L_facial_local_BLS,l_up_mouth_bls,914,-0.007369,0.010794,0.004865
THAIZ_BODY_PLY,L_facial_local_BLS,l_up_mouth_bls,915,-0.016528,0.023874,0.019886
THAIZ_BODY_PLY,L_facial_local_BLS,l_up_mouth_bls,916,0.002776,0.06067,0.039169
THAIZ_BODY_PLY,L_facial_local_BLS,l_up_mouth_bls,917,0.016855,0.162947,0.148092
THAIZ_BODY_PLY,L_facial_local_BLS,l_up_mouth_bls,918,0.26504,0.29227,0.00047
THAIZ_BODY_PLY,L_facial_local_BLS,l_up_mouth_bls,919,-0.026877,0.062044,0.055527
THAIZ_BODY_PLY,L_facial_local_BLS,l_up_mouth_bls,920,-0.001289,0.009308,0.001223
THAIZ_BODY_PLY,L_facial_local_BLS,l_up_mouth_bls,921,0.000243,0.026858,0.003896
THAIZ_BODY_PLY,L_facial_local_BLS,l_up_mouth_bls,922,0.000167,0.047271,0.010646
THAIZ_BODY_PLY,L_facial_local_BLS,l_up_mouth_bls,923,-4.1e-05,0.005962,0.001535
THAIZ_BODY_PLY,L_facial_local_BLS,l_up_mouth_bls,926,0.000207,0.023261,0.003336
THAIZ_BODY_PLY,L_facial_local_BLS,l_up_mouth_bls,927,0.00018,0.00322,0.000291
THAIZ_BODY_PLY,L_facial_local_BLS,l_up_mouth_bls,928,-0.00124,-0.000649,-0.002435
THAIZ_BODY_PLY,L_facial_local_BLS,l_up_mouth_bls,929,-0.001063,0.002478,0.000498
THAIZ_BODY_PLY,L_facial_local_BLS,l_up_mouth_bls,930,0.000706,0.033627,0.004651
THAIZ_BODY_PLY,L_facial_local_BLS,l_up_mouth_bls,931,0.001514,0.024557,0.003137
THAIZ_BODY_PLY,L_facial_local_BLS,l_up_mouth_bls,932,0.00038,0.028107,0.004021
THAIZ_BODY_PLY,L_facial_local_BLS,l_up_mouth_bls,933,3e-06,4.1e-05,1.1e-05
THAIZ_BODY_PLY,L_facial_local_BLS,l_up_mouth_bls,934,-1e-06,5.3e-05,9e-06
THAIZ_BODY_PLY,L_facial_local_BLS,l_up_mouth_bls,935,-1.2e-05,0.002431,0.000365
THAIZ_BODY_PLY,L_facial_local_BLS,l_up_mouth_bls,936,0.00017,0.014254,0.002059
THAIZ_BODY_PLY,L_facial_local_BLS,l_up_mouth_bls,937,-5e-06,0.000232,3.3e-05
THAIZ_BODY_PLY,L_facial_local_BLS,l_up_mouth_bls,938,0.000236,0.004228,0.000567
THAIZ_BODY_PLY,L_facial_local_BLS,l_up_mouth_bls,939,1.8e-05,0.000263,4.4e-05
THAIZ_BODY_PLY,L_facial_local_BLS,l_up_mouth_bls,941,0.000202,0.000199,-0.000868
THAIZ_BODY_PLY,L_facial_local_BLS,l_up_mouth_bls,942,0.007583,0.003565,-0.01496
THAIZ_BODY_PLY,L_facial_local_BLS,l_up_mouth_bls,943,0.065144,0.039976,-0.10969
THAIZ_BODY_PLY,L_facial_local_BLS,l_up_mouth_bls,944,0.132067,0.064683,-0.178481
THAIZ_BODY_PLY,L_facial_local_BLS,l_up_mouth_bls,945,0.198805,0.095568,-0.229463
THAIZ_BODY_PLY,L_facial_local_BLS,l_up_mouth_bls,946,0.317607,0.115515,-0.270274
THAIZ_BODY_PLY,L_facial_local_BLS,l_up_mouth_bls,947,0.216133,0.079006,-0.113456
THAIZ_BODY_PLY,L_facial_local_BLS,l_up_mouth_bls,948,0.001361,-0.109217,0.173326
THAIZ_BODY_PLY,L_facial_local_BLS,l_up_mouth_bls,949,-0.484945,-0.16717,0.588782
THAIZ_BODY_PLY,L_facial_local_BLS,l_up_mouth_bls,950,-0.694223,-0.290904,0.795467
THAIZ_BODY_PLY,L_facial_local_BLS,l_up_mouth_bls,951,-0.449813,-0.192182,0.687319
THAIZ_BODY_PLY,L_facial_local_BLS,l_up_mouth_bls,952,-0.209069,-0.040292,0.490031
THAIZ_BODY_PLY,L_facial_local_BLS,l_up_mouth_bls,953,-0.039301,0.052566,0.255797
THAIZ_BODY_PLY,L_facial_local_BLS,l_up_mouth_bls,954,0.068919,0.063369,0.056654
THAIZ_BODY_PLY,L_facial_local_BLS,l_up_mouth_bls,955,-0.003261,-0.003425,-0.007916
THAIZ_BODY_PLY,L_facial_local_BLS,l_up_mouth_bls,956,4.1e-05,3.5e-05,0.000147
THAIZ_BODY_PLY,L_facial_local_BLS,l_up_mouth_bls,957,-0.000304,0.000141,0.000967
THAIZ_BODY_PLY,L_facial_local_BLS,l_up_mouth_bls,958,0.036537,0.011555,-0.004973
THAIZ_BODY_PLY,L_facial_local_BLS,l_up_mouth_bls,959,0.051875,0.016423,-0.007059
THAIZ_BODY_PLY,L_facial_local_BLS,l_up_mouth_bls,960,0.030084,-0.031385,0.016727
THAIZ_BODY_PLY,L_facial_local_BLS,l_up_mouth_bls,961,0.033136,0.058423,0.027778
THAIZ_BODY_PLY,L_facial_local_BLS,l_up_mouth_bls,962,0.014863,0.015522,0.008776
THAIZ_BODY_PLY,L_facial_local_BLS,l_up_mouth_bls,963,0.002819,0.002636,0.020929
THAIZ_BODY_PLY,L_facial_local_BLS,l_up_mouth_bls,964,-0.004406,0.005023,0.040122
THAIZ_BODY_PLY,L_facial_local_BLS,l_up_mouth_bls,965,-0.007925,0.008966,0.039117
THAIZ_BODY_PLY,L_facial_local_BLS,l_up_mouth_bls,966,-0.008625,0.010936,0.032268
THAIZ_BODY_PLY,L_facial_local_BLS,l_up_mouth_bls,967,-0.006711,0.009756,0.021833
THAIZ_BODY_PLY,L_facial_local_BLS,l_up_mouth_bls,968,-0.003847,0.006531,0.012684
THAIZ_BODY_PLY,L_facial_local_BLS,l_up_mouth_bls,969,-0.001585,0.003328,0.006358
THAIZ_BODY_PLY,L_facial_local_BLS,l_up_mouth_bls,970,-0.000413,0.001225,0.002577
THAIZ_BODY_PLY,L_facial_local_BLS,l_up_mouth_bls,971,-3.2e-05,0.000247,0.000657
THAIZ_BODY_PLY,L_facial_local_BLS,l_up_mouth_bls,972,0.020939,0.094228,0.022352
THAIZ_BODY_PLY,L_facial_local_BLS,l_up_mouth_bls,973,0.029494,0.125151,0.028998
THAIZ_BODY_PLY,L_facial_local_BLS,l_up_mouth_bls,974,0.039106,0.170331,0.048674
THAIZ_BODY_PLY,L_facial_local_BLS,l_up_mouth_bls,975,0.047123,0.216451,0.065573
THAIZ_BODY_PLY,L_facial_local_BLS,l_up_mouth_bls,976,0.035232,0.16091,0.050385
THAIZ_BODY_PLY,L_facial_local_BLS,l_up_mouth_bls,977,0.02607,0.112926,0.036467
THAIZ_BODY_PLY,L_facial_local_BLS,l_up_mouth_bls,978,0.009297,0.029296,0.009276
THAIZ_BODY_PLY,L_facial_local_BLS,l_up_mouth_bls,979,0.000392,0.000976,0.000287
THAIZ_BODY_PLY,L_facial_local_BLS,l_up_mouth_bls,986,-0.015864,0.029009,0.024976
THAIZ_BODY_PLY,L_facial_local_BLS,l_up_mouth_bls,987,-0.033808,0.070102,0.051408
THAIZ_BODY_PLY,L_facial_local_BLS,l_up_mouth_bls,988,-0.038651,0.110185,0.055744
THAIZ_BODY_PLY,L_facial_local_BLS,l_up_mouth_bls,989,-0.041552,0.136587,0.053551
THAIZ_BODY_PLY,L_facial_local_BLS,l_up_mouth_bls,990,-0.030044,0.125058,0.029724
THAIZ_BODY_PLY,L_facial_local_BLS,l_up_mouth_bls,991,-0.003566,0.049053,0.015774
THAIZ_BODY_PLY,L_facial_local_BLS,l_up_mouth_bls,992,0.011326,0.080522,0.037231
THAIZ_BODY_PLY,L_facial_local_BLS,l_up_mouth_bls,993,0.014603,0.078288,0.026997
THAIZ_BODY_PLY,L_facial_local_BLS,l_up_mouth_bls,995,4.1e-05,1.8e-05,-4e-06
THAIZ_BODY_PLY,L_facial_local_BLS,l_up_mouth_bls,996,0.014169,0.005717,-0.001551
THAIZ_BODY_PLY,L_facial_local_BLS,l_up_mouth_bls,997,0.049455,0.009952,-0.016108
THAIZ_BODY_PLY,L_facial_local_BLS,l_up_mouth_bls,998,0.094199,0.025618,0.009374
THAIZ_BODY_PLY,L_facial_local_BLS,l_up_mouth_bls,999,0.0886,0.084103,0.158264
THAIZ_BODY_PLY,L_facial_local_BLS,l_up_mouth_bls,1000,-0.008738,0.098967,0.30561
THAIZ_BODY_PLY,L_facial_local_BLS,l_up_mouth_bls,1001,0.057811,0.146957,0.351227
THAIZ_BODY_PLY,L_facial_local_BLS,l_up_mouth_bls,1002,-0.287996,0.024295,0.453009
THAIZ_BODY_PLY,L_facial_local_BLS,l_up_mouth_bls,1003,-0.20187,-0.15722,0.362897
THAIZ_BODY_PLY,L_facial_local_BLS,l_up_mouth_bls,1004,0.018925,-0.111929,0.024704
THAIZ_BODY_PLY,L_facial_local_BLS,l_up_mouth_bls,1005,0.052048,-0.045884,-0.098897
THAIZ_BODY_PLY,L_facial_local_BLS,l_up_mouth_bls,1006,0.118097,0.027741,-0.048183
THAIZ_BODY_PLY,L_facial_local_BLS,l_up_mouth_bls,1007,0.063208,0.017453,-0.014968
THAIZ_BODY_PLY,L_facial_local_BLS,l_up_mouth_bls,1008,0.025919,0.008316,-0.005343
THAIZ_BODY_PLY,L_facial_local_BLS,l_up_mouth_bls,1009,0.005701,0.001962,-0.001074
THAIZ_BODY_PLY,L_facial_local_BLS,l_up_mouth_bls,1013,0.155982,-0.07102,-0.13317
THAIZ_BODY_PLY,L_facial_local_BLS,l_up_mouth_bls,1014,0.114094,-0.069881,-0.078264
THAIZ_BODY_PLY,L_facial_local_BLS,l_up_mouth_bls,1015,0.084704,0.020265,-0.018464
THAIZ_BODY_PLY,L_facial_local_BLS,l_up_mouth_bls,1016,0.040752,0.011921,-0.007028
THAIZ_BODY_PLY,L_facial_local_BLS,l_up_mouth_bls,1017,0.012804,0.004324,-0.001906
THAIZ_BODY_PLY,L_facial_local_BLS,l_up_mouth_bls,1018,0.000875,0.000332,-0.000115
THAIZ_BODY_PLY,L_facial_local_BLS,l_up_mouth_bls,1022,0.000348,0.000141,-3.4e-05
THAIZ_BODY_PLY,L_facial_local_BLS,l_up_mouth_bls,1023,0.013788,0.005014,-0.001601
THAIZ_BODY_PLY,L_facial_local_BLS,l_up_mouth_bls,1024,0.045073,0.014257,-0.006135
THAIZ_BODY_PLY,L_facial_local_BLS,l_up_mouth_bls,1025,0.088816,0.025003,-0.01539
THAIZ_BODY_PLY,L_facial_local_BLS,l_up_mouth_bls,1026,0.127522,0.144139,0.060978
THAIZ_BODY_PLY,L_facial_local_BLS,l_up_mouth_bls,1027,0.22593,0.176618,0.093253
THAIZ_BODY_PLY,L_facial_local_BLS,l_up_mouth_bls,1028,0.293376,0.170351,0.114519
THAIZ_BODY_PLY,L_facial_local_BLS,l_up_mouth_bls,1029,-0.163117,-0.041612,0.265386
THAIZ_BODY_PLY,L_facial_local_BLS,l_up_mouth_bls,1030,-0.142494,-0.133419,0.184724
THAIZ_BODY_PLY,L_facial_local_BLS,l_up_mouth_bls,1031,0.239402,-0.15236,-0.063037
THAIZ_BODY_PLY,L_facial_local_BLS,l_up_mouth_bls,1032,-0.147005,-0.500057,0.312238
THAIZ_BODY_PLY,L_facial_local_BLS,l_up_mouth_bls,1033,-0.149157,-0.457048,0.250982
THAIZ_BODY_PLY,L_facial_local_BLS,l_up_mouth_bls,1034,-0.085924,-0.22961,0.219515
THAIZ_BODY_PLY,L_facial_local_BLS,l_up_mouth_bls,1035,-0.032393,-0.046905,0.186476
THAIZ_BODY_PLY,L_facial_local_BLS,l_up_mouth_bls,1036,-0.014822,0.003049,0.125496
THAIZ_BODY_PLY,L_facial_local_BLS,l_up_mouth_bls,1037,0.004951,0.007503,0.064083
THAIZ_BODY_PLY,L_facial_local_BLS,l_up_mouth_bls,1038,0.000332,0.001851,0.033666
THAIZ_BODY_PLY,L_facial_local_BLS,l_up_mouth_bls,1039,0.002198,-0.008194,0.016341
THAIZ_BODY_PLY,L_facial_local_BLS,l_up_mouth_bls,1040,0.003184,-0.021839,0.017724
THAIZ_BODY_PLY,L_facial_local_BLS,l_up_mouth_bls,1041,0.008922,-0.014321,0.005597
THAIZ_BODY_PLY,L_facial_local_BLS,l_up_mouth_bls,1044,6.7e-05,0.003803,0.00029
THAIZ_BODY_PLY,L_facial_local_BLS,l_up_mouth_bls,1045,0.002204,0.027688,0.009979
THAIZ_BODY_PLY,L_facial_local_BLS,l_up_mouth_bls,1046,-0.00014,0.065172,0.041644
THAIZ_BODY_PLY,L_facial_local_BLS,l_up_mouth_bls,1047,-0.002706,0.117814,0.093446
THAIZ_BODY_PLY,L_facial_local_BLS,l_up_mouth_bls,1048,0.003525,0.195289,0.157692
THAIZ_BODY_PLY,L_facial_local_BLS,l_up_mouth_bls,1049,0.062724,0.361927,0.24105
THAIZ_BODY_PLY,L_facial_local_BLS,l_up_mouth_bls,1050,0.193076,0.425533,0.336811
THAIZ_BODY_PLY,L_facial_local_BLS,l_up_mouth_bls,1051,0.183877,0.467668,0.442544
THAIZ_BODY_PLY,L_facial_local_BLS,l_up_mouth_bls,1052,0.259694,0.169878,0.535244
THAIZ_BODY_PLY,L_facial_local_BLS,l_up_mouth_bls,1053,0.100947,-0.09724,0.444205
THAIZ_BODY_PLY,L_facial_local_BLS,l_up_mouth_bls,1054,-0.032182,-0.396475,0.371463
THAIZ_BODY_PLY,L_facial_local_BLS,l_up_mouth_bls,1058,0.0,1e-06,3e-06
THAIZ_BODY_PLY,L_facial_local_BLS,l_up_mouth_bls,1059,-0.0,2e-06,5e-06
THAIZ_BODY_PLY,L_facial_local_BLS,l_up_mouth_bls,1060,-0.0,1e-06,3e-06
THAIZ_BODY_PLY,L_facial_local_BLS,l_up_mouth_bls,1062,2.1e-05,-4.1e-05,3.1e-05
THAIZ_BODY_PLY,L_facial_local_BLS,l_up_mouth_bls,1063,-8e-06,1.3e-05,9e-05
THAIZ_BODY_PLY,L_facial_local_BLS,l_up_mouth_bls,1064,-1.8e-05,3.5e-05,7.4e-05
THAIZ_BODY_PLY,L_facial_local_BLS,l_up_mouth_bls,1065,0.002971,-0.052764,-0.000843
THAIZ_BODY_PLY,L_facial_local_BLS,l_up_mouth_bls,1066,0.013765,0.018925,0.04971
THAIZ_BODY_PLY,L_facial_local_BLS,l_up_mouth_bls,1069,0.012199,0.012117,0.036863
THAIZ_BODY_PLY,L_facial_local_BLS,l_up_mouth_bls,1070,-1e-06,3e-06,6e-06
THAIZ_BODY_PLY,L_facial_local_BLS,l_up_mouth_bls,1073,-8e-06,1.8e-05,3.2e-05
THAIZ_BODY_PLY,L_facial_local_BLS,l_up_mouth_bls,1080,0.000514,0.002575,0.001612
THAIZ_BODY_PLY,L_facial_local_BLS,l_up_mouth_bls,1081,0.000144,0.000677,0.00044
THAIZ_BODY_PLY,L_facial_local_BLS,l_up_mouth_bls,1083,0.000347,0.003319,-0.000823
THAIZ_BODY_PLY,L_facial_local_BLS,l_up_mouth_bls,1084,0.013641,0.009803,0.005614
THAIZ_BODY_PLY,L_facial_local_BLS,l_up_mouth_bls,1085,0.000293,0.000237,0.000142
THAIZ_BODY_PLY,L_facial_local_BLS,l_up_mouth_bls,1086,0.000191,0.001005,0.000523
THAIZ_BODY_PLY,L_facial_local_BLS,l_up_mouth_bls,1087,0.000394,0.002084,0.001179
THAIZ_BODY_PLY,L_facial_local_BLS,l_up_mouth_bls,1088,3e-06,1.6e-05,1e-05
THAIZ_BODY_PLY,L_facial_local_BLS,l_up_mouth_bls,1094,-3.8e-05,0.000311,9.9e-05
THAIZ_BODY_PLY,L_facial_local_BLS,l_up_mouth_bls,1096,-1e-06,1e-05,3e-06
THAIZ_BODY_PLY,L_facial_local_BLS,l_up_mouth_bls,1099,-0.005795,0.007542,0.030358
THAIZ_BODY_PLY,L_facial_local_BLS,l_up_mouth_bls,1103,0.002247,-0.003269,0.063318
THAIZ_BODY_PLY,L_facial_local_BLS,l_up_mouth_bls,1106,-0.000121,0.000122,0.000715
THAIZ_BODY_PLY,L_facial_local_BLS,l_up_mouth_bls,1109,0.00011,-0.000654,8.5e-05
THAIZ_BODY_PLY,L_facial_local_BLS,l_up_mouth_bls,1143,1e-06,0.0,2e-06
THAIZ_BODY_PLY,L_facial_local_BLS,l_up_mouth_bls,1144,4e-06,3e-06,2.5e-05
THAIZ_BODY_PLY,L_facial_local_BLS,l_up_mouth_bls,1145,4e-06,1.9e-05,6.9e-05
THAIZ_BODY_PLY,L_facial_local_BLS,l_up_mouth_bls,1146,-9e-06,4.6e-05,0.000115
THAIZ_BODY_PLY,L_facial_local_BLS,l_up_mouth_bls,1147,-1e-05,4.1e-05,9.5e-05
THAIZ_BODY_PLY,L_facial_local_BLS,l_up_mouth_bls,1148,0.0,1e-06,4e-06
THAIZ_BODY_PLY,L_facial_local_BLS,l_up_mouth_bls,1153,0.014069,0.003705,-0.006026
THAIZ_BODY_PLY,L_facial_local_BLS,l_up_mouth_bls,1154,0.025264,0.034988,0.011888
THAIZ_BODY_PLY,L_facial_local_BLS,l_up_mouth_bls,1155,0.018501,0.050624,0.020635
THAIZ_BODY_PLY,L_facial_local_BLS,l_up_mouth_bls,1156,0.016955,0.06992,0.030363
THAIZ_BODY_PLY,L_facial_local_BLS,l_up_mouth_bls,1157,0.017672,0.088723,0.04108
THAIZ_BODY_PLY,L_facial_local_BLS,l_up_mouth_bls,1158,0.018614,0.099922,0.050843
THAIZ_BODY_PLY,L_facial_local_BLS,l_up_mouth_bls,1159,0.01736,0.089426,0.055872
THAIZ_BODY_PLY,L_facial_local_BLS,l_up_mouth_bls,1160,0.01489,0.073652,0.049311
THAIZ_BODY_PLY,L_facial_local_BLS,l_up_mouth_bls,1161,0.009301,0.045548,0.031277
THAIZ_BODY_PLY,L_facial_local_BLS,l_up_mouth_bls,1162,0.00243,0.013286,0.008496
THAIZ_BODY_PLY,L_facial_local_BLS,l_up_mouth_bls,1163,3e-06,0.000251,1.1e-05
THAIZ_BODY_PLY,L_facial_local_BLS,l_up_mouth_bls,1164,-0.0,0.000101,0.0
THAIZ_BODY_PLY,L_facial_local_BLS,l_up_mouth_bls,1167,-0.0,2e-06,1e-06
THAIZ_BODY_PLY,L_facial_local_BLS,l_up_mouth_bls,1168,-2e-06,0.000104,3.3e-05
THAIZ_BODY_PLY,L_facial_local_BLS,l_up_mouth_bls,1169,-1e-05,0.000834,0.000231
THAIZ_BODY_PLY,L_facial_local_BLS,l_up_mouth_bls,1170,8e-06,0.014039,0.002952
THAIZ_BODY_PLY,L_facial_local_BLS,l_up_mouth_bls,1171,5.8e-05,0.012748,0.002239
THAIZ_BODY_PLY,L_facial_local_BLS,l_up_mouth_bls,1172,3e-05,0.006212,0.000909
THAIZ_BODY_PLY,L_facial_local_BLS,l_up_mouth_bls,1179,-3e-06,2e-06,2e-06
THAIZ_BODY_PLY,L_facial_local_BLS,l_up_mouth_bls,1180,-6e-06,2e-05,1.1e-05
THAIZ_BODY_PLY,L_facial_local_BLS,l_up_mouth_bls,1181,2.5e-05,0.001593,0.000495
THAIZ_BODY_PLY,L_facial_local_BLS,l_up_mouth_bls,1182,0.000749,0.018105,0.005449
THAIZ_BODY_PLY,L_facial_local_BLS,l_up_mouth_bls,1183,0.004297,0.066121,0.020919
THAIZ_BODY_PLY,L_facial_local_BLS,l_up_mouth_bls,1184,0.000433,0.194724,0.072042
THAIZ_BODY_PLY,L_facial_local_BLS,l_up_mouth_bls,1185,0.012304,0.382298,0.134414
THAIZ_BODY_PLY,L_facial_local_BLS,l_up_mouth_bls,1186,0.037836,0.655993,0.224371
THAIZ_BODY_PLY,L_facial_local_BLS,l_up_mouth_bls,1187,0.138452,0.970283,0.3625
THAIZ_BODY_PLY,L_facial_local_BLS,l_up_mouth_bls,1188,0.141751,1.2654,0.633904
THAIZ_BODY_PLY,L_facial_local_BLS,l_up_mouth_bls,1189,0.131062,1.021219,0.501965
THAIZ_BODY_PLY,L_facial_local_BLS,l_up_mouth_bls,1190,0.114194,0.730643,0.379981
THAIZ_BODY_PLY,L_facial_local_BLS,l_up_mouth_bls,1191,0.08174,0.478953,0.256286
THAIZ_BODY_PLY,L_facial_local_BLS,l_up_mouth_bls,1192,0.052049,0.291109,0.159768
THAIZ_BODY_PLY,L_facial_local_BLS,l_up_mouth_bls,1193,0.0329,0.17915,0.099952
THAIZ_BODY_PLY,L_facial_local_BLS,l_up_mouth_bls,1194,0.018683,0.100079,0.056574
THAIZ_BODY_PLY,L_facial_local_BLS,l_up_mouth_bls,1195,0.008768,0.046469,0.026704
THAIZ_BODY_PLY,L_facial_local_BLS,l_up_mouth_bls,1196,0.002923,0.015304,0.009001
THAIZ_BODY_PLY,L_facial_local_BLS,l_up_mouth_bls,1197,0.000603,0.003122,0.00187
THAIZ_BODY_PLY,L_facial_local_BLS,l_up_mouth_bls,1271,0.01787,0.066275,0.021822
THAIZ_BODY_PLY,L_facial_local_BLS,l_up_mouth_bls,1272,0.019358,0.060018,0.021688
THAIZ_BODY_PLY,L_facial_local_BLS,l_up_mouth_bls,1273,0.022395,0.054844,0.02064
THAIZ_BODY_PLY,L_facial_local_BLS,l_up_mouth_bls,1274,0.025413,0.044095,0.01629
THAIZ_BODY_PLY,L_facial_local_BLS,l_up_mouth_bls,1275,0.032028,0.035193,0.010628
THAIZ_BODY_PLY,L_facial_local_BLS,l_up_mouth_bls,1276,0.042655,0.027754,0.002648
THAIZ_BODY_PLY,L_facial_local_BLS,l_up_mouth_bls,1277,0.043242,0.021782,-0.004686
THAIZ_BODY_PLY,L_facial_local_BLS,l_up_mouth_bls,1278,0.03374,0.017823,-0.007849
THAIZ_BODY_PLY,L_facial_local_BLS,l_up_mouth_bls,1279,0.019408,0.019073,-0.006693
THAIZ_BODY_PLY,L_facial_local_BLS,l_up_mouth_bls,1289,-2e-06,1.5e-05,3.7e-05
THAIZ_BODY_PLY,L_facial_local_BLS,l_up_mouth_bls,1290,-5.5e-05,0.000272,0.000673
THAIZ_BODY_PLY,L_facial_local_BLS,l_up_mouth_bls,1291,-0.000406,0.001528,0.003904
THAIZ_BODY_PLY,L_facial_local_BLS,l_up_mouth_bls,1292,-0.001699,0.004599,0.012282
THAIZ_BODY_PLY,L_facial_local_BLS,l_up_mouth_bls,1293,-0.004824,0.009879,0.027368
THAIZ_BODY_PLY,L_facial_local_BLS,l_up_mouth_bls,1294,-0.010385,0.01724,0.050826
THAIZ_BODY_PLY,L_facial_local_BLS,l_up_mouth_bls,1295,-0.018679,0.026673,0.085073
THAIZ_BODY_PLY,L_facial_local_BLS,l_up_mouth_bls,1296,-0.030514,0.040928,0.129913
THAIZ_BODY_PLY,L_facial_local_BLS,l_up_mouth_bls,1297,-0.064641,0.095282,0.177985
THAIZ_BODY_PLY,L_facial_local_BLS,l_up_mouth_bls,1298,-0.137489,0.186559,0.19723
THAIZ_BODY_PLY,L_facial_local_BLS,l_up_mouth_bls,1299,-0.182931,0.204245,0.19802
THAIZ_BODY_PLY,L_facial_local_BLS,l_up_mouth_bls,1300,-0.118918,0.286514,0.274482
THAIZ_BODY_PLY,L_facial_local_BLS,l_up_mouth_bls,1301,0.100901,0.27072,0.449389
THAIZ_BODY_PLY,L_facial_local_BLS,l_up_mouth_bls,1302,0.360157,0.337012,0.701057
THAIZ_BODY_PLY,L_facial_local_BLS,l_up_mouth_bls,1303,0.415283,0.952964,1.019787
THAIZ_BODY_PLY,L_facial_local_BLS,l_up_mouth_bls,1304,0.22506,1.189333,0.750565
THAIZ_BODY_PLY,L_facial_local_BLS,l_up_mouth_bls,1305,0.177024,1.151038,0.520886
THAIZ_BODY_PLY,L_facial_local_BLS,l_up_mouth_bls,1306,0.113332,1.090018,0.372916
THAIZ_BODY_PLY,L_facial_local_BLS,l_up_mouth_bls,1307,0.060545,0.889326,0.232663
THAIZ_BODY_PLY,L_facial_local_BLS,l_up_mouth_bls,1308,0.027189,0.502078,0.117835
THAIZ_BODY_PLY,L_facial_local_BLS,l_up_mouth_bls,1309,0.00939,0.212154,0.055556
THAIZ_BODY_PLY,L_facial_local_BLS,l_up_mouth_bls,1310,0.005631,0.0845,0.03136
THAIZ_BODY_PLY,L_facial_local_BLS,l_up_mouth_bls,1311,-0.0005,0.032004,0.018719
THAIZ_BODY_PLY,L_facial_local_BLS,l_up_mouth_bls,1312,4.8e-05,0.000156,0.00017
THAIZ_BODY_PLY,L_facial_local_BLS,l_up_mouth_bls,1313,0.008798,0.030631,0.031542
THAIZ_BODY_PLY,L_facial_local_BLS,l_up_mouth_bls,1314,0.072984,0.246145,0.241246
THAIZ_BODY_PLY,L_facial_local_BLS,l_up_mouth_bls,1315,0.257393,0.512173,0.55275
THAIZ_BODY_PLY,L_facial_local_BLS,l_up_mouth_bls,1316,0.435459,0.598645,0.898166
THAIZ_BODY_PLY,L_facial_local_BLS,l_up_mouth_bls,1317,0.402272,0.525459,1.250557
THAIZ_BODY_PLY,L_facial_local_BLS,l_up_mouth_bls,1318,0.208129,0.428346,1.288337
THAIZ_BODY_PLY,L_facial_local_BLS,l_up_mouth_bls,1319,0.138981,0.382423,0.977688
THAIZ_BODY_PLY,L_facial_local_BLS,l_up_mouth_bls,1320,0.288435,0.388548,0.572586
THAIZ_BODY_PLY,L_facial_local_BLS,l_up_mouth_bls,1321,0.207788,0.179874,0.278267
THAIZ_BODY_PLY,L_facial_local_BLS,l_up_mouth_bls,1322,0.235733,0.143646,0.077958
THAIZ_BODY_PLY,L_facial_local_BLS,l_up_mouth_bls,1323,0.128846,0.07893,0.054149
THAIZ_BODY_PLY,L_facial_local_BLS,l_up_mouth_bls,1324,0.10473,0.030276,0.035617
THAIZ_BODY_PLY,L_facial_local_BLS,l_up_mouth_bls,1325,0.1325,-0.006464,0.034201
THAIZ_BODY_PLY,L_facial_local_BLS,l_up_mouth_bls,1326,0.065724,0.000644,0.038944
THAIZ_BODY_PLY,L_facial_local_BLS,l_up_mouth_bls,1327,0.025819,0.006293,0.064515
THAIZ_BODY_PLY,L_facial_local_BLS,l_up_mouth_bls,1328,0.00568,0.009817,0.076985
THAIZ_BODY_PLY,L_facial_local_BLS,l_up_mouth_bls,1329,-0.003721,0.012406,0.083579
THAIZ_BODY_PLY,L_facial_local_BLS,l_up_mouth_bls,1330,0.005354,0.102688,0.020155
THAIZ_BODY_PLY,L_facial_local_BLS,l_up_mouth_bls,1331,-0.015819,0.03629,0.004225
THAIZ_BODY_PLY,L_facial_local_BLS,l_up_mouth_bls,1332,-0.021674,0.057703,0.021782
THAIZ_BODY_PLY,L_facial_local_BLS,l_up_mouth_bls,1333,0.015262,0.088762,0.015511
THAIZ_BODY_PLY,L_facial_local_BLS,l_up_mouth_bls,1334,0.009317,0.036849,0.030462
THAIZ_BODY_PLY,L_facial_local_BLS,l_up_mouth_bls,1335,0.020384,0.05077,0.036939
THAIZ_BODY_PLY,L_facial_local_BLS,l_up_mouth_bls,1336,0.016922,0.01425,0.01259
THAIZ_BODY_PLY,L_facial_local_BLS,l_up_mouth_bls,1337,0.004308,2.9e-05,0.002331
THAIZ_BODY_PLY,L_facial_local_BLS,l_up_mouth_bls,1338,0.000922,0.002774,0.002312
THAIZ_BODY_PLY,L_facial_local_BLS,l_up_mouth_bls,1339,9.4e-05,0.000504,0.000319
THAIZ_BODY_PLY,L_facial_local_BLS,l_up_mouth_bls,1340,-0.000121,0.002281,0.000592
THAIZ_BODY_PLY,L_facial_local_BLS,l_up_mouth_bls,1341,-6.3e-05,0.002982,0.000786
THAIZ_BODY_PLY,L_facial_local_BLS,l_up_mouth_bls,1342,-2.4e-05,0.005776,0.001408
THAIZ_BODY_PLY,L_facial_local_BLS,l_up_mouth_bls,1343,0.000233,0.02098,0.004646
THAIZ_BODY_PLY,L_facial_local_BLS,l_up_mouth_bls,1344,0.001794,0.05915,0.012031
THAIZ_BODY_PLY,L_facial_local_BLS,l_up_mouth_bls,1345,-3.7e-05,3.5e-05,0.000192
THAIZ_BODY_PLY,L_facial_local_BLS,l_up_mouth_bls,1346,-6.8e-05,9.8e-05,0.000401
THAIZ_BODY_PLY,L_facial_local_BLS,l_up_mouth_bls,1347,4.8e-05,2.8e-05,1e-06
THAIZ_BODY_PLY,L_facial_local_BLS,l_up_mouth_bls,1348,0.002044,0.005839,-0.003004
THAIZ_BODY_PLY,L_facial_local_BLS,l_up_mouth_bls,1349,0.047977,0.041571,-0.030309
THAIZ_BODY_PLY,L_facial_local_BLS,l_up_mouth_bls,1350,0.061824,0.021198,0.02945
THAIZ_BODY_PLY,L_facial_local_BLS,l_up_mouth_bls,1351,-0.03379,0.02784,0.25221
THAIZ_BODY_PLY,L_facial_local_BLS,l_up_mouth_bls,1352,-0.203807,-0.007809,0.48683
THAIZ_BODY_PLY,L_facial_local_BLS,l_up_mouth_bls,1353,-0.445714,-0.097664,0.664605
THAIZ_BODY_PLY,L_facial_local_BLS,l_up_mouth_bls,1354,-0.549814,-0.036659,0.772836
THAIZ_BODY_PLY,L_facial_local_BLS,l_up_mouth_bls,1355,-0.270301,0.024218,0.484923
THAIZ_BODY_PLY,L_facial_local_BLS,l_up_mouth_bls,1356,-0.032955,-0.063317,0.160393
THAIZ_BODY_PLY,L_facial_local_BLS,l_up_mouth_bls,1357,0.112045,0.072525,-0.058645
THAIZ_BODY_PLY,L_facial_local_BLS,l_up_mouth_bls,1358,0.167338,0.053754,-0.132486
THAIZ_BODY_PLY,L_facial_local_BLS,l_up_mouth_bls,1359,0.110166,0.023513,-0.12832
THAIZ_BODY_PLY,L_facial_local_BLS,l_up_mouth_bls,1360,0.066312,-0.002725,-0.083048
THAIZ_BODY_PLY,L_facial_local_BLS,l_up_mouth_bls,1361,0.02161,-0.007732,-0.029965
THAIZ_BODY_PLY,L_facial_local_BLS,l_up_mouth_bls,1362,0.001974,-0.002647,-0.000952
THAIZ_BODY_PLY,L_facial_local_BLS,l_up_mouth_bls,1363,-2e-06,-6.7e-05,-2.1e-05
THAIZ_BODY_PLY,L_facial_local_BLS,l_up_mouth_bls,1366,-0.000383,0.010412,0.001155
THAIZ_BODY_PLY,L_facial_local_BLS,l_up_mouth_bls,1367,-0.000433,0.014094,0.001518
THAIZ_BODY_PLY,L_facial_local_BLS,l_up_mouth_bls,1368,-0.00041,0.016355,0.00175
THAIZ_BODY_PLY,L_facial_local_BLS,l_up_mouth_bls,1369,-0.000316,0.015471,0.001707
THAIZ_BODY_PLY,L_facial_local_BLS,l_up_mouth_bls,1370,-0.000254,0.012492,0.001441
THAIZ_BODY_PLY,L_facial_local_BLS,l_up_mouth_bls,1371,-0.000301,0.006954,0.000834
THAIZ_BODY_PLY,L_facial_local_BLS,l_up_mouth_bls,1372,-0.000213,0.003521,0.00043
THAIZ_BODY_PLY,L_facial_local_BLS,l_up_mouth_bls,1373,-0.000152,0.002514,0.000306
THAIZ_BODY_PLY,L_facial_local_BLS,l_up_mouth_bls,1374,-0.000124,0.002163,0.00026
THAIZ_BODY_PLY,L_facial_local_BLS,l_up_mouth_bls,1375,-0.00012,0.002116,0.000253
THAIZ_BODY_PLY,L_facial_local_BLS,l_up_mouth_bls,1376,-0.000119,0.002042,0.000246
THAIZ_BODY_PLY,L_facial_local_BLS,l_up_mouth_bls,1377,-0.000115,0.001901,0.00023
THAIZ_BODY_PLY,L_facial_local_BLS,l_up_mouth_bls,1378,-0.000178,0.003151,0.000377
THAIZ_BODY_PLY,L_facial_local_BLS,l_up_mouth_bls,1379,-0.000252,0.005032,0.00059
THAIZ_BODY_PLY,L_facial_local_BLS,l_up_mouth_bls,1380,-0.000316,0.007074,0.000812
THAIZ_BODY_PLY,L_facial_local_BLS,l_up_mouth_bls,1381,-0.000455,0.026764,0.002857
THAIZ_BODY_PLY,L_facial_local_BLS,l_up_mouth_bls,1382,-0.000772,0.039079,0.003966
THAIZ_BODY_PLY,L_facial_local_BLS,l_up_mouth_bls,1383,-0.000926,0.046551,0.00457
THAIZ_BODY_PLY,L_facial_local_BLS,l_up_mouth_bls,1384,-0.000523,0.050864,0.005078
THAIZ_BODY_PLY,L_facial_local_BLS,l_up_mouth_bls,1385,0.000386,0.033041,0.003562
THAIZ_BODY_PLY,L_facial_local_BLS,l_up_mouth_bls,1386,0.000176,0.012489,0.001421
THAIZ_BODY_PLY,L_facial_local_BLS,l_up_mouth_bls,1387,-5.2e-05,0.00216,0.000257
THAIZ_BODY_PLY,L_facial_local_BLS,l_up_mouth_bls,1388,-8e-06,0.000193,2.3e-05
THAIZ_BODY_PLY,L_facial_local_BLS,l_up_mouth_bls,1389,-4e-06,6.3e-05,8e-06
THAIZ_BODY_PLY,L_facial_local_BLS,l_up_mouth_bls,1390,-8e-06,0.000133,1.6e-05
THAIZ_BODY_PLY,L_facial_local_BLS,l_up_mouth_bls,1391,-1.2e-05,0.00026,3.1e-05
THAIZ_BODY_PLY,L_facial_local_BLS,l_up_mouth_bls,1392,-3.1e-05,0.001209,0.000146
THAIZ_BODY_PLY,L_facial_local_BLS,l_up_mouth_bls,1393,-5.7e-05,0.002922,0.000347
THAIZ_BODY_PLY,L_facial_local_BLS,l_up_mouth_bls,1394,-0.00011,0.006845,0.000795
THAIZ_BODY_PLY,L_facial_local_BLS,l_up_mouth_bls,1395,-0.00022,0.014339,0.001613
THAIZ_BODY_PLY,L_facial_local_BLS,l_up_mouth_bls,1396,-0.000215,0.033788,0.004088
THAIZ_BODY_PLY,L_facial_local_BLS,l_up_mouth_bls,1397,-0.000401,0.028089,0.003302
THAIZ_BODY_PLY,L_facial_local_BLS,l_up_mouth_bls,1398,-0.0005,0.016464,0.001797
THAIZ_BODY_PLY,L_facial_local_BLS,l_up_mouth_bls,1399,-0.000507,0.030113,0.003552
THAIZ_BODY_PLY,L_facial_local_BLS,l_up_mouth_bls,1400,0.000904,0.049007,0.005682
THAIZ_BODY_PLY,L_facial_local_BLS,l_up_mouth_bls,1401,0.000713,0.018135,0.002101
THAIZ_BODY_PLY,L_facial_local_BLS,l_up_mouth_bls,1402,-8e-06,0.002318,0.00028
THAIZ_BODY_PLY,L_facial_local_BLS,l_up_mouth_bls,1403,-2e-06,0.000137,1.7e-05
THAIZ_BODY_PLY,L_facial_local_BLS,l_up_mouth_bls,1404,-1e-06,2.9e-05,4e-06
THAIZ_BODY_PLY,L_facial_local_BLS,l_up_mouth_bls,1405,-2e-06,5.6e-05,7e-06
THAIZ_BODY_PLY,L_facial_local_BLS,l_up_mouth_bls,1406,-3e-06,0.000103,1.3e-05
THAIZ_BODY_PLY,L_facial_local_BLS,l_up_mouth_bls,1407,-1e-05,0.001039,0.000135
THAIZ_BODY_PLY,L_facial_local_BLS,l_up_mouth_bls,1408,-1.1e-05,0.003151,0.000406
THAIZ_BODY_PLY,L_facial_local_BLS,l_up_mouth_bls,1409,-4e-06,0.008316,0.001055
THAIZ_BODY_PLY,L_facial_local_BLS,l_up_mouth_bls,1410,-2.5e-05,0.018516,0.002307
THAIZ_BODY_PLY,L_facial_local_BLS,l_up_mouth_bls,1411,-0.000468,0.017953,0.001882
THAIZ_BODY_PLY,L_facial_local_BLS,l_up_mouth_bls,1412,-0.000605,0.025919,0.002583
THAIZ_BODY_PLY,L_facial_local_BLS,l_up_mouth_bls,1413,-0.000606,0.031435,0.00306
THAIZ_BODY_PLY,L_facial_local_BLS,l_up_mouth_bls,1414,-0.000324,0.029835,0.003013
THAIZ_BODY_PLY,L_facial_local_BLS,l_up_mouth_bls,1415,-4.2e-05,0.019709,0.002173
THAIZ_BODY_PLY,L_facial_local_BLS,l_up_mouth_bls,1416,-0.000129,0.008753,0.001022
THAIZ_BODY_PLY,L_facial_local_BLS,l_up_mouth_bls,1417,-0.00012,0.002627,0.000317
THAIZ_BODY_PLY,L_facial_local_BLS,l_up_mouth_bls,1418,-3.9e-05,0.000646,7.9e-05
THAIZ_BODY_PLY,L_facial_local_BLS,l_up_mouth_bls,1419,-2.4e-05,0.000393,4.8e-05
THAIZ_BODY_PLY,L_facial_local_BLS,l_up_mouth_bls,1420,-3.2e-05,0.00052,6.3e-05
THAIZ_BODY_PLY,L_facial_local_BLS,l_up_mouth_bls,1421,-4.2e-05,0.000689,8.3e-05
THAIZ_BODY_PLY,L_facial_local_BLS,l_up_mouth_bls,1422,-7.5e-05,0.00157,0.000187
THAIZ_BODY_PLY,L_facial_local_BLS,l_up_mouth_bls,1423,-0.000127,0.00312,0.000365
THAIZ_BODY_PLY,L_facial_local_BLS,l_up_mouth_bls,1424,-0.00021,0.006088,0.000694
THAIZ_BODY_PLY,L_facial_local_BLS,l_up_mouth_bls,1425,-0.000322,0.010898,0.001197
THAIZ_BODY_PLY,L_facial_local_BLS,l_up_mouth_bls,1427,-0.0,0.0,1e-06
THAIZ_BODY_PLY,L_facial_local_BLS,l_up_mouth_bls,1428,6.2e-05,3.1e-05,-5e-06
THAIZ_BODY_PLY,L_facial_local_BLS,l_up_mouth_bls,1429,0.007367,0.006344,-0.001286
THAIZ_BODY_PLY,L_facial_local_BLS,l_up_mouth_bls,1430,0.041281,0.004587,-0.043836
THAIZ_BODY_PLY,L_facial_local_BLS,l_up_mouth_bls,1431,0.06838,-0.036534,0.010257
THAIZ_BODY_PLY,L_facial_local_BLS,l_up_mouth_bls,1432,0.006054,0.028114,0.223142
THAIZ_BODY_PLY,L_facial_local_BLS,l_up_mouth_bls,1433,-0.131402,0.039856,0.42985
THAIZ_BODY_PLY,L_facial_local_BLS,l_up_mouth_bls,1434,-0.289182,0.031609,0.563646
THAIZ_BODY_PLY,L_facial_local_BLS,l_up_mouth_bls,1435,-0.363025,0.117518,0.651108
THAIZ_BODY_PLY,L_facial_local_BLS,l_up_mouth_bls,1436,-0.249624,-0.004675,0.461777
THAIZ_BODY_PLY,L_facial_local_BLS,l_up_mouth_bls,1437,-0.059547,-0.049667,0.156815
THAIZ_BODY_PLY,L_facial_local_BLS,l_up_mouth_bls,1438,0.043778,0.001638,-0.043778
THAIZ_BODY_PLY,L_facial_local_BLS,l_up_mouth_bls,1439,0.159626,-0.005048,-0.138457
THAIZ_BODY_PLY,L_facial_local_BLS,l_up_mouth_bls,1440,0.077795,-0.029024,-0.083759
THAIZ_BODY_PLY,L_facial_local_BLS,l_up_mouth_bls,1441,0.038232,-0.02948,-0.034569
THAIZ_BODY_PLY,L_facial_local_BLS,l_up_mouth_bls,1442,0.011427,-0.015831,-0.0072
THAIZ_BODY_PLY,L_facial_local_BLS,l_up_mouth_bls,1443,0.000681,-0.001238,-0.000348
THAIZ_BODY_PLY,L_facial_local_BLS,l_up_mouth_bls,1450,0.0,-2e-06,0.0
THAIZ_BODY_PLY,L_facial_local_BLS,l_up_mouth_bls,1451,1.2e-05,1.6e-05,4.3e-05
THAIZ_BODY_PLY,L_facial_local_BLS,l_up_mouth_bls,1452,3e-06,-6e-05,-1e-06
THAIZ_BODY_PLY,L_facial_local_BLS,l_up_mouth_bls,1467,6e-06,0.000734,-8.5e-05
THAIZ_BODY_PLY,L_facial_local_BLS,l_up_mouth_bls,1472,-5e-06,2.5e-05,9e-06
THAIZ_BODY_PLY,L_facial_local_BLS,l_up_mouth_bls,1478,-0.001898,-0.002411,0.057317
THAIZ_BODY_PLY,L_facial_local_BLS,l_up_mouth_bls,1479,-0.001287,0.001544,0.00556
THAIZ_BODY_PLY,L_facial_local_BLS,l_up_mouth_bls,1494,1.3e-05,1.4e-05,3.5e-05
THAIZ_BODY_PLY,L_facial_local_BLS,l_up_mouth_bls,1508,0.006821,0.020058,-0.004344
THAIZ_BODY_PLY,L_facial_local_BLS,l_up_mouth_bls,1509,-0.006865,0.011276,0.074142
THAIZ_BODY_PLY,L_facial_local_BLS,l_up_mouth_bls,1516,-0.0,4e-06,1e-06
THAIZ_BODY_PLY,L_facial_local_BLS,l_up_mouth_bls,1517,-4e-06,6.4e-05,2.2e-05
THAIZ_BODY_PLY,L_facial_local_BLS,l_up_mouth_bls,1518,-6.1e-05,0.001452,0.00044
THAIZ_BODY_PLY,L_facial_local_BLS,l_up_mouth_bls,1519,-0.000162,0.004066,0.00106
THAIZ_BODY_PLY,L_facial_local_BLS,l_up_mouth_bls,1520,-0.000162,0.004347,0.000959
THAIZ_BODY_PLY,L_facial_local_BLS,l_up_mouth_bls,1521,-6.4e-05,0.002213,0.000397
THAIZ_BODY_PLY,L_facial_local_BLS,l_up_mouth_bls,1522,-1.3e-05,0.000811,0.000118
THAIZ_BODY_PLY,L_facial_local_BLS,l_up_mouth_bls,1523,-5e-06,0.00031,4e-05
THAIZ_BODY_PLY,L_facial_local_BLS,l_up_mouth_bls,1524,-1.9e-05,0.000532,6.4e-05
THAIZ_BODY_PLY,L_facial_local_BLS,l_up_mouth_bls,1525,-5.3e-05,0.000941,0.000114
THAIZ_BODY_PLY,L_facial_local_BLS,l_up_mouth_bls,1526,-0.000116,0.001892,0.000229
THAIZ_BODY_PLY,L_facial_local_BLS,l_up_mouth_bls,1527,-0.000218,0.003923,0.000467
THAIZ_BODY_PLY,L_facial_local_BLS,l_up_mouth_bls,1528,-0.000254,0.005121,0.000599
THAIZ_BODY_PLY,L_facial_local_BLS,l_up_mouth_bls,1529,-0.000287,0.006301,0.000728
THAIZ_BODY_PLY,L_facial_local_BLS,l_up_mouth_bls,1530,-0.000304,0.006995,0.00081
THAIZ_BODY_PLY,L_facial_local_BLS,l_up_mouth_bls,1531,-0.000307,0.007039,0.000829
THAIZ_BODY_PLY,L_facial_local_BLS,l_up_mouth_bls,1532,0.000151,0.000622,0.000183
THAIZ_BODY_PLY,L_facial_local_BLS,l_up_mouth_bls,1533,0.000245,0.001171,0.000345
THAIZ_BODY_PLY,L_facial_local_BLS,l_up_mouth_bls,1534,0.019935,0.097847,0.028432
THAIZ_BODY_PLY,L_facial_local_BLS,l_up_mouth_bls,1535,0.0022,0.010597,0.002995
THAIZ_BODY_PLY,L_facial_local_BLS,l_up_mouth_bls,1536,9.3e-05,0.000164,4.2e-05
THAIZ_BODY_PLY,L_facial_local_BLS,l_up_mouth_bls,1537,0.009231,0.035581,0.006059
THAIZ_BODY_PLY,L_facial_local_BLS,l_up_mouth_bls,1538,0.008361,0.034915,0.006999
THAIZ_BODY_PLY,L_facial_local_BLS,l_up_mouth_bls,1539,0.00665,0.034891,0.01413
THAIZ_BODY_PLY,L_facial_local_BLS,l_up_mouth_bls,1540,0.006629,0.04724,0.027694
THAIZ_BODY_PLY,L_facial_local_BLS,l_up_mouth_bls,1541,0.001465,0.043818,0.022729
THAIZ_BODY_PLY,L_facial_local_BLS,l_up_mouth_bls,1542,-0.004733,0.037841,0.014719
THAIZ_BODY_PLY,L_facial_local_BLS,l_up_mouth_bls,1543,-0.015896,0.056161,0.015665
THAIZ_BODY_PLY,L_facial_local_BLS,l_up_mouth_bls,1544,-0.032158,0.077674,0.037795
THAIZ_BODY_PLY,L_facial_local_BLS,l_up_mouth_bls,1545,-0.029797,0.066736,0.038917
THAIZ_BODY_PLY,L_facial_local_BLS,l_up_mouth_bls,1546,-0.026859,0.043414,0.036823
THAIZ_BODY_PLY,L_facial_local_BLS,l_up_mouth_bls,1547,-0.011308,0.015828,0.016378
THAIZ_BODY_PLY,L_facial_local_BLS,l_up_mouth_bls,1552,0.0,2e-06,0.0
THAIZ_BODY_PLY,L_facial_local_BLS,l_up_mouth_bls,1554,3e-06,9e-06,2e-06
THAIZ_BODY_PLY,L_facial_local_BLS,l_up_mouth_bls,1555,0.000131,0.00045,0.000127
THAIZ_BODY_PLY,L_facial_local_BLS,l_up_mouth_bls,3169,1.2e-05,-1.1e-05,9e-06
THAIZ_BODY_PLY,L_facial_local_BLS,l_up_mouth_bls,3321,0.000127,-0.000129,5.5e-05
THAIZ_BODY_PLY,L_facial_local_BLS,l_up_mouth_bls,3322,4e-06,-4e-06,1e-06
THAIZ_BODY_PLY,L_facial_local_BLS,l_up_mouth_bls,3324,0.002499,-0.00207,0.00191
THAIZ_BODY_PLY,L_facial_local_BLS,l_up_mouth_bls,3326,0.000206,1e-05,0.000342
THAIZ_BODY_PLY,L_facial_local_BLS,l_up_mouth_bls,3327,2e-06,-1e-06,2e-06
THAIZ_BODY_PLY,L_facial_local_BLS,l_up_mouth_bls,3328,0.002712,-0.001899,0.002733
THAIZ_BODY_PLY,L_facial_local_BLS,l_up_mouth_bls,3329,0.001864,-0.000973,0.002338
THAIZ_BODY_PLY,L_facial_local_BLS,l_up_mouth_bls,3331,0.000829,-0.000209,0.001253
THAIZ_BODY_PLY,L_facial_local_BLS,l_up_mouth_bls,3333,4.7e-05,1.5e-05,7.8e-05
THAIZ_BODY_PLY,L_facial_local_BLS,l_up_mouth_bls,3335,4e-06,3e-06,7e-06
THAIZ_BODY_PLY,L_facial_local_BLS,l_up_mouth_bls,3439,3e-06,-3e-06,1e-06
THAIZ_BODY_PLY,L_facial_local_BLS,l_up_mouth_bls,3440,0.001376,-0.001295,0.000727
THAIZ_BODY_PLY,L_facial_local_BLS,l_up_mouth_bls,3441,1.9e-05,-1.8e-05,1e-05
THAIZ_BODY_PLY,L_facial_local_BLS,l_up_mouth_bls,6931,0.007775,0.002951,-0.001019
THAIZ_BODY_PLY,L_facial_local_BLS,l_up_mouth_bls,6932,0.0299,0.010098,-0.004451
THAIZ_BODY_PLY,L_facial_local_BLS,l_up_mouth_bls,6933,0.065321,0.019136,-0.011277
THAIZ_BODY_PLY,L_facial_local_BLS,l_up_mouth_bls,6934,0.121352,0.035752,-0.024968
THAIZ_BODY_PLY,L_facial_local_BLS,l_up_mouth_bls,6935,0.317655,0.10414,-0.062143
THAIZ_BODY_PLY,L_facial_local_BLS,l_up_mouth_bls,6936,0.4775,-0.005835,-0.204797
THAIZ_BODY_PLY,L_facial_local_BLS,l_up_mouth_bls,6937,0.259936,-0.208072,-0.042705
THAIZ_BODY_PLY,L_facial_local_BLS,l_up_mouth_bls,6938,0.019924,-0.127546,0.045177
THAIZ_BODY_PLY,L_facial_local_BLS,l_up_mouth_bls,6939,0.029866,-0.037537,0.064104
THAIZ_BODY_PLY,L_facial_local_BLS,l_up_mouth_bls,6940,0.360648,0.032901,-0.043423
THAIZ_BODY_PLY,L_facial_local_BLS,l_up_mouth_bls,6941,0.365723,0.106529,-0.040547
THAIZ_BODY_PLY,L_facial_local_BLS,l_up_mouth_bls,6942,0.141523,0.046141,-0.024078
THAIZ_BODY_PLY,L_facial_local_BLS,l_up_mouth_bls,6943,0.0659,0.017323,-0.010592
THAIZ_BODY_PLY,L_facial_local_BLS,l_up_mouth_bls,6944,0.028268,0.008941,-0.003847
THAIZ_BODY_PLY,L_facial_local_BLS,l_up_mouth_bls,6945,0.006386,0.002322,-0.000742
THAIZ_BODY_PLY,L_facial_local_BLS,l_up_mouth_bls,6952,0.000702,0.000574,0.000907
THAIZ_BODY_PLY,L_facial_local_BLS,l_up_mouth_bls,6953,1.5e-05,7.9e-05,4.5e-05
THAIZ_BODY_PLY,L_facial_local_BLS,l_up_mouth_bls,6954,1e-06,4e-06,2e-06
THAIZ_BODY_PLY,L_facial_local_BLS,l_up_mouth_bls,6956,4.6e-05,0.000238,0.000143
THAIZ_BODY_PLY,L_facial_local_BLS,l_up_mouth_bls,6957,2.6e-05,0.000127,8e-05
THAIZ_BODY_PLY,L_facial_local_BLS,l_up_mouth_bls,6958,0.010411,0.006918,0.004757
THAIZ_BODY_PLY,L_facial_local_BLS,l_up_mouth_bls,6959,2e-06,2e-06,2e-06
THAIZ_BODY_PLY,L_facial_local_BLS,l_up_mouth_bls,6960,1e-06,4e-06,2e-06
THAIZ_BODY_PLY,L_facial_local_BLS,l_up_mouth_bls,6961,8.4e-05,0.000343,0.000166
THAIZ_BODY_PLY,L_facial_local_BLS,l_up_mouth_bls,7007,-0.000973,0.003352,-0.0002
THAIZ_BODY_PLY,L_facial_local_BLS,l_up_mouth_bls,7008,-0.000364,0.004524,-0.000391
THAIZ_BODY_PLY,L_facial_local_BLS,l_up_mouth_bls,7009,0.000791,0.004309,-0.000408
THAIZ_BODY_PLY,L_facial_local_BLS,l_up_mouth_bls,7010,0.001896,0.002618,-0.00072
THAIZ_BODY_PLY,L_facial_local_BLS,l_up_mouth_bls,7011,0.000119,0.00012,-2e-05
THAIZ_BODY_PLY,L_facial_local_BLS,l_up_mouth_bls,7012,0.000206,0.00055,-4e-05
THAIZ_BODY_PLY,L_facial_local_BLS,l_up_mouth_bls,7013,0.000258,0.001174,-8.1e-05
THAIZ_BODY_PLY,L_facial_local_BLS,l_up_mouth_bls,7014,0.000525,0.001593,-0.000137
THAIZ_BODY_PLY,L_facial_local_BLS,l_up_mouth_bls,7015,0.000912,0.002235,-0.000141
THAIZ_BODY_PLY,L_facial_local_BLS,l_up_mouth_bls,7016,0.000573,0.001063,3e-06
THAIZ_BODY_PLY,L_facial_local_BLS,l_up_mouth_bls,7017,3e-06,4e-06,0.0
THAIZ_BODY_PLY,L_facial_local_BLS,l_up_mouth_bls,7024,-1.3e-05,1e-06,3e-06
THAIZ_BODY_PLY,L_facial_local_BLS,l_up_mouth_bls,7025,-0.000135,2.6e-05,4.4e-05
THAIZ_BODY_PLY,L_facial_local_BLS,l_up_mouth_bls,7026,-0.000866,0.000661,0.000273
THAIZ_BODY_PLY,L_facial_local_BLS,l_up_mouth_bls,7027,-0.000707,0.000684,4.7e-05
THAIZ_BODY_PLY,L_facial_local_BLS,l_up_mouth_bls,7028,-0.000543,0.000909,8.5e-05
THAIZ_BODY_PLY,L_facial_local_BLS,l_up_mouth_bls,7029,-0.000236,0.000699,7.6e-05
THAIZ_BODY_PLY,L_facial_local_BLS,l_up_mouth_bls,7030,4.2e-05,0.000468,6e-06
THAIZ_BODY_PLY,L_facial_local_BLS,l_up_mouth_bls,7031,8e-06,9.4e-05,5e-06
THAIZ_BODY_PLY,L_facial_local_BLS,l_up_mouth_bls,7032,1e-06,5e-06,-0.0
THAIZ_BODY_PLY,L_facial_local_BLS,l_up_mouth_bls,7033,2e-06,9e-06,-1e-06
THAIZ_BODY_PLY,L_facial_local_BLS,l_up_mouth_bls,7034,2.1e-05,3.4e-05,-4e-06
THAIZ_BODY_PLY,L_facial_local_BLS,l_up_mouth_bls,7035,6.3e-05,9.9e-05,-6e-06
THAIZ_BODY_PLY,L_facial_local_BLS,l_up_mouth_bls,7036,1.6e-05,1.9e-05,1e-06
THAIZ_BODY_PLY,L_facial_local_BLS,l_up_mouth_bls,7045,-1e-05,0.0,2e-06
THAIZ_BODY_PLY,L_facial_local_BLS,l_up_mouth_bls,7046,-0.00027,3.2e-05,5.4e-05
THAIZ_BODY_PLY,L_facial_local_BLS,l_up_mouth_bls,7047,-8.6e-05,5.7e-05,7e-06
THAIZ_BODY_PLY,L_facial_local_BLS,l_up_mouth_bls,7048,-4.1e-05,5.2e-05,1.1e-05
THAIZ_BODY_PLY,L_facial_local_BLS,l_up_mouth_bls,7049,-2.4e-05,4.8e-05,1.1e-05
THAIZ_BODY_PLY,L_facial_local_BLS,l_up_mouth_bls,7050,-5e-06,0.00011,9e-06
THAIZ_BODY_PLY,L_facial_local_BLS,l_up_mouth_bls,7051,-2e-06,3.9e-05,3e-06
THAIZ_BODY_PLY,L_facial_local_BLS,l_up_mouth_bls,7066,-2.2e-05,-2e-06,3e-06
THAIZ_BODY_PLY,L_facial_local_BLS,l_up_mouth_bls,7067,-6e-06,3e-06,1e-06
THAIZ_BODY_PLY,L_facial_local_BLS,l_up_mouth_bls,7068,-1e-06,1e-06,0.0
THAIZ_BODY_PLY,L_facial_local_BLS,l_up_mouth_bls,7070,-1e-06,1.6e-05,2e-06
THAIZ_BODY_PLY,L_facial_local_BLS,l_up_mouth_bls,7071,-0.0,7e-06,1e-06
THAIZ_BODY_PLY,L_facial_local_BLS,l_up_mouth_bls,7086,-1e-06,-0.0,0.0
THAIZ_BODY_PLY,L_facial_local_BLS,l_up_mouth_bls,7188,0.000137,0.000206,6e-06
THAIZ_BODY_PLY,L_facial_local_BLS,l_up_mouth_bls,7197,0.000952,0.002078,-6.7e-05
THAIZ_BODY_PLY,L_facial_local_BLS,l_up_mouth_bls,7198,5.6e-05,8.3e-05,-1e-06
THAIZ_BODY_PLY,L_facial_local_BLS,l_up_mouth_bls,7206,-0.000478,0.000171,0.000186
THAIZ_BODY_PLY,L_facial_local_BLS,l_up_mouth_bls,7207,-8.6e-05,4e-06,2.4e-05
THAIZ_BODY_PLY,L_facial_local_BLS,l_up_mouth_bls,7208,-3e-06,-0.0,1e-06
THAIZ_BODY_PLY,L_facial_local_BLS,l_up_mouth_bls,7215,-0.001063,0.0018,0.000106
THAIZ_BODY_PLY,L_facial_local_BLS,l_up_mouth_bls,7216,-0.000526,0.00021,5e-05
THAIZ_BODY_PLY,L_facial_local_BLS,l_up_mouth_bls,7217,-6.5e-05,-0.0,3e-06
THAIZ_BODY_PLY,L_facial_local_BLS,l_up_mouth_bls,7218,-5e-06,-1e-06,0.0
THAIZ_BODY_PLY,L_facial_local_BLS,l_up_mouth_bls,7224,0.001324,0.004916,-0.000129
THAIZ_BODY_PLY,L_facial_local_BLS,l_up_mouth_bls,7225,0.008792,0.033389,-0.000246
THAIZ_BODY_PLY,L_facial_local_BLS,l_up_mouth_bls,7233,0.007874,0.022151,-0.002045
THAIZ_BODY_PLY,L_facial_local_BLS,l_up_mouth_bls,7234,0.003531,0.01471,-0.000371
THAIZ_BODY_PLY,L_facial_local_BLS,l_up_mouth_bls,7235,0.000596,0.007629,0.000526
THAIZ_BODY_PLY,L_facial_local_BLS,l_up_mouth_bls,7236,-0.000859,0.002032,0.000633
THAIZ_BODY_PLY,L_facial_local_BLS,l_up_mouth_bls,7237,-0.000513,0.000227,0.00016
THAIZ_BODY_PLY,L_facial_local_BLS,l_up_mouth_bls,7238,-0.000137,2.7e-05,3.3e-05
THAIZ_BODY_PLY,L_facial_local_BLS,l_up_mouth_bls,7239,-3.2e-05,7e-06,8e-06
THAIZ_BODY_PLY,L_facial_local_BLS,l_up_mouth_bls,7240,-7e-06,2e-06,1e-06
THAIZ_BODY_PLY,L_facial_local_BLS,l_up_mouth_bls,7241,-1e-06,0.0,0.0
THAIZ_BODY_PLY,L_facial_local_BLS,l_up_mouth_bls,7242,6e-06,1e-05,1e-06
THAIZ_BODY_PLY,L_facial_local_BLS,l_up_mouth_bls,7243,0.000156,0.000259,1.3e-05
THAIZ_BODY_PLY,L_facial_local_BLS,l_up_mouth_bls,7244,0.001442,0.00295,0.000103
THAIZ_BODY_PLY,L_facial_local_BLS,l_up_mouth_bls,7245,0.003626,0.011261,0.000217
THAIZ_BODY_PLY,L_facial_local_BLS,l_up_mouth_bls,7246,0.005303,0.019597,0.000311
THAIZ_BODY_PLY,L_facial_local_BLS,l_up_mouth_bls,7247,0.00694,0.0267,0.000196
THAIZ_BODY_PLY,L_facial_local_BLS,l_up_mouth_bls,7252,0.00051,0.002524,0.000315
THAIZ_BODY_PLY,L_facial_local_BLS,l_up_mouth_bls,7255,0.004159,0.015644,0.001607
THAIZ_BODY_PLY,L_facial_local_BLS,l_up_mouth_bls,7256,0.002922,0.009824,0.000703
THAIZ_BODY_PLY,L_facial_local_BLS,l_up_mouth_bls,7257,0.000888,0.00259,4e-06
THAIZ_BODY_PLY,L_facial_local_BLS,l_up_mouth_bls,7258,0.000453,0.001508,-0.000207
THAIZ_BODY_PLY,L_facial_local_BLS,l_up_mouth_bls,7259,1.3e-05,4.9e-05,-7e-06
THAIZ_BODY_PLY,L_facial_local_BLS,l_up_mouth_bls,7260,0.0,2e-06,-0.0
THAIZ_BODY_PLY,L_facial_local_BLS,l_up_mouth_bls,7262,2.8e-05,0.000112,-0.000129
THAIZ_BODY_PLY,L_facial_local_BLS,l_up_mouth_bls,7263,4.4e-05,6.7e-05,-0.000161
THAIZ_BODY_PLY,L_facial_local_BLS,l_up_mouth_bls,7264,-8e-06,4e-06,1.3e-05
THAIZ_BODY_PLY,L_facial_local_BLS,l_up_mouth_bls,7265,-0.000384,0.000928,7.2e-05
THAIZ_BODY_PLY,L_facial_local_BLS,l_up_mouth_bls,7266,-0.004405,0.003894,-0.006535
THAIZ_BODY_PLY,L_facial_local_BLS,l_up_mouth_bls,7267,-0.004532,0.00718,-0.02517
THAIZ_BODY_PLY,L_facial_local_BLS,l_up_mouth_bls,7268,-0.005236,0.015303,-0.013534
THAIZ_BODY_PLY,L_facial_local_BLS,l_up_mouth_bls,7269,0.002372,0.017881,0.010506
THAIZ_BODY_PLY,L_facial_local_BLS,l_up_mouth_bls,7270,0.000753,0.005905,0.005199
THAIZ_BODY_PLY,L_facial_local_BLS,l_up_mouth_bls,7277,0.011814,0.044498,0.000688
THAIZ_BODY_PLY,L_facial_local_BLS,l_up_mouth_bls,7278,0.011976,0.049218,0.002946
THAIZ_BODY_PLY,L_facial_local_BLS,l_up_mouth_bls,7279,0.011955,0.046009,0.001639
THAIZ_BODY_PLY,L_facial_local_BLS,l_up_mouth_bls,7280,0.012766,0.051504,0.003846
THAIZ_BODY_PLY,L_facial_local_BLS,l_up_mouth_bls,7281,0.008941,0.034499,0.00165
THAIZ_BODY_PLY,L_facial_local_BLS,l_up_mouth_bls,7282,0.00917,0.035808,0.002873
THAIZ_BODY_PLY,L_facial_local_BLS,l_up_mouth_bls,7283,0.006248,0.022958,0.001157
THAIZ_BODY_PLY,L_facial_local_BLS,l_up_mouth_bls,7284,0.005801,0.020557,0.001469
THAIZ_BODY_PLY,L_facial_local_BLS,l_up_mouth_bls,7285,0.003715,0.010874,0.000449
THAIZ_BODY_PLY,L_facial_local_BLS,l_up_mouth_bls,7286,0.002597,0.005857,0.000264
THAIZ_BODY_PLY,L_facial_local_BLS,l_up_mouth_bls,7287,0.000488,0.000913,3e-05
THAIZ_BODY_PLY,L_facial_local_BLS,l_up_mouth_bls,7288,0.00011,0.000195,9e-06
THAIZ_BODY_PLY,L_facial_local_BLS,l_up_mouth_bls,7289,0.000937,0.001812,8.3e-05
THAIZ_BODY_PLY,L_facial_local_BLS,l_up_mouth_bls,7290,0.000125,0.000283,-3e-06
THAIZ_BODY_PLY,L_facial_local_BLS,l_up_mouth_bls,7291,4e-06,1.8e-05,1e-06
THAIZ_BODY_PLY,L_facial_local_BLS,l_up_mouth_bls,7292,1.8e-05,9.1e-05,-2.7e-05
THAIZ_BODY_PLY,L_facial_local_BLS,l_up_mouth_bls,7293,-1.7e-05,1.4e-05,1e-06
THAIZ_BODY_PLY,L_facial_local_BLS,l_up_mouth_bls,7294,-1e-06,4e-05,-1.7e-05
THAIZ_BODY_PLY,L_facial_local_BLS,l_up_mouth_bls,7295,-8e-05,4.4e-05,1.3e-05
THAIZ_BODY_PLY,L_facial_local_BLS,l_up_mouth_bls,7297,-0.000307,0.000169,7.8e-05
THAIZ_BODY_PLY,L_facial_local_BLS,l_up_mouth_bls,7299,-0.000213,0.000308,8.9e-05
THAIZ_BODY_PLY,L_facial_local_BLS,l_up_mouth_bls,7301,3e-06,4.6e-05,4e-06
THAIZ_BODY_PLY,L_facial_local_BLS,l_up_mouth_bls,7302,1e-06,2e-06,0.0
THAIZ_BODY_PLY,L_facial_local_BLS,l_up_mouth_bls,7303,0.000135,0.000592,3e-06
THAIZ_BODY_PLY,L_facial_local_BLS,l_up_mouth_bls,7304,0.003144,0.010145,-0.000252
THAIZ_BODY_PLY,L_facial_local_BLS,l_up_mouth_bls,7305,0.005516,0.017814,-0.000729
THAIZ_BODY_PLY,L_facial_local_BLS,l_up_mouth_bls,7307,0.006893,0.018018,-0.001503
THAIZ_BODY_PLY,L_facial_local_BLS,l_up_mouth_bls,7308,-0.000303,0.000248,9.9e-05
THAIZ_BODY_PLY,L_facial_local_BLS,l_up_mouth_bls,7310,-0.001061,0.001317,-0.000932
THAIZ_BODY_PLY,L_facial_local_BLS,l_up_mouth_bls,7311,-0.000274,9.6e-05,-0.000133
THAIZ_BODY_PLY,L_facial_local_BLS,l_up_mouth_bls,7312,-0.002057,0.000355,-0.000352
THAIZ_BODY_PLY,L_facial_local_BLS,l_up_mouth_bls,7313,-0.000457,-0.000276,-1.1e-05
THAIZ_BODY_PLY,L_facial_local_BLS,l_up_mouth_bls,7314,-0.000333,-0.000191,-0.000242
THAIZ_BODY_PLY,L_facial_local_BLS,l_up_mouth_bls,7317,-7e-06,0.0,-5e-06
THAIZ_BODY_PLY,L_facial_local_BLS,l_up_mouth_bls,7322,1.7e-05,1.9e-05,-2.2e-05
THAIZ_BODY_PLY,L_facial_local_BLS,l_up_mouth_bls,7323,0.0001,0.000733,0.000616
THAIZ_BODY_PLY,L_facial_local_BLS,l_up_mouth_bls,7324,0.001833,0.01482,0.012536
THAIZ_BODY_PLY,L_facial_local_BLS,l_up_mouth_bls,7325,-0.006707,0.020856,0.005378
THAIZ_BODY_PLY,L_facial_local_BLS,l_up_mouth_bls,7326,-0.014723,0.012082,-0.014155
THAIZ_BODY_PLY,L_facial_local_BLS,l_up_mouth_bls,7327,-0.004822,0.002765,-0.003394
THAIZ_BODY_PLY,L_facial_local_BLS,l_up_mouth_bls,7328,-0.001629,0.000353,0.002212
THAIZ_BODY_PLY,L_facial_local_BLS,l_up_mouth_bls,7329,-0.000451,0.000184,0.002198
THAIZ_BODY_PLY,L_facial_local_BLS,l_up_mouth_bls,7330,-0.000215,0.000104,7.8e-05
THAIZ_BODY_PLY,L_facial_local_BLS,l_up_mouth_bls,7331,-5.1e-05,9e-05,-5.7e-05
THAIZ_BODY_PLY,L_facial_local_BLS,l_up_mouth_bls,7335,0.000435,0.001695,-2.1e-05
THAIZ_BODY_PLY,L_facial_local_BLS,l_up_mouth_bls,7336,0.001251,0.002911,0.000236
THAIZ_BODY_PLY,L_facial_local_BLS,l_up_mouth_bls,7337,3.7e-05,0.000118,1.6e-05
THAIZ_BODY_PLY,L_facial_local_BLS,l_up_mouth_bls,7343,0.000225,0.000639,-2.8e-05
THAIZ_BODY_PLY,L_facial_local_BLS,l_up_mouth_bls,7344,0.000653,0.001593,-0.000282
THAIZ_BODY_PLY,L_facial_local_BLS,l_up_mouth_bls,7345,0.000772,0.004665,0.003176
THAIZ_BODY_PLY,L_facial_local_BLS,l_up_mouth_bls,7346,0.002791,0.021737,0.017217
THAIZ_BODY_PLY,L_facial_local_BLS,l_up_mouth_bls,7347,-0.004075,0.023574,0.008948
THAIZ_BODY_PLY,L_facial_local_BLS,l_up_mouth_bls,7348,-0.006888,0.017851,6.3e-05
THAIZ_BODY_PLY,L_facial_local_BLS,l_up_mouth_bls,7349,-0.008185,0.013827,0.004908
THAIZ_BODY_PLY,L_facial_local_BLS,l_up_mouth_bls,7350,-0.010953,0.01263,0.011488
THAIZ_BODY_PLY,L_facial_local_BLS,l_up_mouth_bls,7351,-0.010867,0.00552,0.01092
THAIZ_BODY_PLY,L_facial_local_BLS,l_up_mouth_bls,7352,-9.7e-05,0.000233,-1.7e-05
THAIZ_BODY_PLY,L_facial_local_BLS,l_up_mouth_bls,7353,-1.4e-05,2.4e-05,-1.3e-05
THAIZ_BODY_PLY,L_facial_local_BLS,l_up_mouth_bls,7357,0.000221,0.001073,6.9e-05
THAIZ_BODY_PLY,L_facial_local_BLS,l_up_mouth_bls,7358,0.000308,0.00067,9e-05
THAIZ_BODY_PLY,L_facial_local_BLS,l_up_mouth_bls,7366,-0.000109,0.026455,0.017035
THAIZ_BODY_PLY,L_facial_local_BLS,l_up_mouth_bls,7367,0.000315,0.024367,0.016483
THAIZ_BODY_PLY,L_facial_local_BLS,l_up_mouth_bls,7368,0.000404,0.000778,-0.000162
THAIZ_BODY_PLY,L_facial_local_BLS,l_up_mouth_bls,7369,0.001567,0.005079,-0.00071
THAIZ_BODY_PLY,L_facial_local_BLS,l_up_mouth_bls,7370,0.001383,0.008436,-0.000478
THAIZ_BODY_PLY,L_facial_local_BLS,l_up_mouth_bls,7371,-0.000291,0.004631,0.000384
THAIZ_BODY_PLY,L_facial_local_BLS,l_up_mouth_bls,7372,-0.00093,0.001615,0.000592
THAIZ_BODY_PLY,L_facial_local_BLS,l_up_mouth_bls,7373,-0.000579,0.00029,0.000248
THAIZ_BODY_PLY,L_facial_local_BLS,l_up_mouth_bls,7374,-0.000143,2.6e-05,3.6e-05
THAIZ_BODY_PLY,L_facial_local_BLS,l_up_mouth_bls,7375,-1.7e-05,2e-06,3e-06
THAIZ_BODY_PLY,L_facial_local_BLS,l_up_mouth_bls,7376,-2e-06,0.0,0.0
THAIZ_BODY_PLY,L_facial_local_BLS,l_up_mouth_bls,7380,1.4e-05,2.1e-05,1e-06
THAIZ_BODY_PLY,L_facial_local_BLS,l_up_mouth_bls,7381,0.000183,0.000298,1.2e-05
THAIZ_BODY_PLY,L_facial_local_BLS,l_up_mouth_bls,7382,0.001437,0.003052,5.1e-05
THAIZ_BODY_PLY,L_facial_local_BLS,l_up_mouth_bls,7383,0.002618,0.007107,-5.2e-05
THAIZ_BODY_PLY,L_facial_local_BLS,l_up_mouth_bls,7384,0.003229,0.010565,-0.00026
THAIZ_BODY_PLY,L_facial_local_BLS,l_up_mouth_bls,7385,0.003329,0.012614,-0.000501
THAIZ_BODY_PLY,L_facial_local_BLS,l_up_mouth_bls,7386,0.003538,0.014836,-0.000697
THAIZ_BODY_PLY,L_facial_local_BLS,l_up_mouth_bls,7387,0.003605,0.01396,-0.000757
THAIZ_BODY_PLY,L_facial_local_BLS,l_up_mouth_bls,7391,0.009559,0.01237,-0.003216
THAIZ_BODY_PLY,L_facial_local_BLS,l_up_mouth_bls,7392,0.003707,0.010711,0.000685
THAIZ_BODY_PLY,L_facial_local_BLS,l_up_mouth_bls,7393,0.002138,0.008293,0.000812
THAIZ_BODY_PLY,L_facial_local_BLS,l_up_mouth_bls,7394,0.009022,0.03825,0.003985
THAIZ_BODY_PLY,L_facial_local_BLS,l_up_mouth_bls,7395,0.013574,0.059909,0.00595
THAIZ_BODY_PLY,L_facial_local_BLS,l_up_mouth_bls,7401,8.2e-05,0.000641,0.000566
THAIZ_BODY_PLY,L_facial_local_BLS,l_up_mouth_bls,7402,0.000471,0.003077,0.002449
THAIZ_BODY_PLY,L_facial_local_BLS,l_up_mouth_bls,7403,-0.003599,0.005275,-0.003619
THAIZ_BODY_PLY,L_facial_local_BLS,l_up_mouth_bls,7404,-0.001036,0.004694,-0.004668
THAIZ_BODY_PLY,L_facial_local_BLS,l_up_mouth_bls,7405,-0.001273,0.001348,-0.000106
THAIZ_BODY_PLY,L_facial_local_BLS,l_up_mouth_bls,7406,-6.2e-05,0.000141,0.000103
THAIZ_BODY_PLY,L_facial_local_BLS,l_up_mouth_bls,7407,0.001552,0.005519,1.5e-05
THAIZ_BODY_PLY,L_facial_local_BLS,l_up_mouth_bls,7412,0.0,1e-06,-0.0
THAIZ_BODY_PLY,L_facial_local_BLS,l_up_mouth_bls,7413,0.000125,0.000327,-9.3e-05
THAIZ_BODY_PLY,L_facial_local_BLS,l_up_mouth_bls,7414,0.000262,0.00068,-2.5e-05
THAIZ_BODY_PLY,L_facial_local_BLS,l_up_mouth_bls,7415,0.001476,0.003423,0.00014
THAIZ_BODY_PLY,L_facial_local_BLS,l_up_mouth_bls,7417,2e-06,1.2e-05,1.1e-05
THAIZ_BODY_PLY,L_facial_local_BLS,l_up_mouth_bls,7418,0.001206,0.009466,0.008319
THAIZ_BODY_PLY,L_facial_local_BLS,l_up_mouth_bls,7419,0.001779,0.022166,0.016877
THAIZ_BODY_PLY,L_facial_local_BLS,l_up_mouth_bls,7420,-0.006355,0.018449,0.006009
THAIZ_BODY_PLY,L_facial_local_BLS,l_up_mouth_bls,7421,-0.005319,0.004967,-0.008152
THAIZ_BODY_PLY,L_facial_local_BLS,l_up_mouth_bls,7422,-0.004138,0.003939,-0.000466
THAIZ_BODY_PLY,L_facial_local_BLS,l_up_mouth_bls,7423,-0.00087,0.000694,0.001385
THAIZ_BODY_PLY,L_facial_local_BLS,l_up_mouth_bls,7424,-0.000286,-3e-05,0.000546
THAIZ_BODY_PLY,L_facial_local_BLS,l_up_mouth_bls,7425,-0.000126,6.5e-05,1.8e-05
THAIZ_BODY_PLY,L_facial_local_BLS,l_up_mouth_bls,7426,-4.8e-05,4.6e-05,2.5e-05
THAIZ_BODY_PLY,L_facial_local_BLS,l_up_mouth_bls,7430,0.000535,0.001767,-0.000125
THAIZ_BODY_PLY,L_facial_local_BLS,l_up_mouth_bls,7431,0.001207,0.003153,0.000119
THAIZ_BODY_PLY,L_facial_local_BLS,l_up_mouth_bls,7432,0.001503,0.004939,0.000503
THAIZ_BODY_PLY,L_facial_local_BLS,l_up_mouth_bls,7433,0.001805,0.006966,0.000961
THAIZ_BODY_PLY,L_facial_local_BLS,l_up_mouth_bls,7821,-0.000995,-0.002227,0.002376
THAIZ_BODY_PLY,L_facial_local_BLS,l_up_mouth_bls,7852,-0.001327,-0.003171,0.005594
THAIZ_BODY_PLY,L_facial_local_BLS,l_up_mouth_bls,7862,-0.001255,-0.000708,-0.000353
THAIZ_BODY_PLY,L_facial_local_BLS,l_up_mouth_bls,7863,-0.000932,-0.001876,-0.003435
THAIZ_BODY_PLY,L_facial_local_BLS,l_up_mouth_bls,7864,-0.001271,-0.001538,0.00046
THAIZ_BODY_PLY,L_facial_local_BLS,l_up_mouth_bls,7865,0.000546,-0.001957,0.002843
THAIZ_BODY_PLY,L_facial_local_BLS,l_up_mouth_bls,7870,-0.002642,-0.001087,-0.00131
THAIZ_BODY_PLY,L_facial_local_BLS,l_up_mouth_bls,7871,-0.001663,-0.002066,0.000472
THAIZ_BODY_PLY,L_facial_local_BLS,l_up_mouth_bls,7872,-1.7e-05,-4.4e-05,5.2e-05
THAIZ_BODY_PLY,L_facial_local_BLS,l_up_mouth_bls,7873,-3e-06,-7e-06,1.4e-05
THAIZ_BODY_PLY,L_facial_local_BLS,l_up_mouth_bls,7875,-1e-06,-1e-06,1e-06
THAIZ_BODY_PLY,L_facial_local_BLS,l_up_mouth_bls,7876,-0.000375,-0.000402,9.6e-05
THAIZ_BODY_PLY,L_facial_local_BLS,l_up_mouth_bls,7877,-0.000141,-9.5e-05,-1.6e-05
THAIZ_BODY_PLY,L_facial_local_BLS,l_up_mouth_bls,7898,-0.001145,-0.002428,0.004466
THAIZ_BODY_PLY,L_facial_local_BLS,l_up_mouth_bls,7899,-3e-06,-8e-06,1.8e-05
THAIZ_BODY_PLY,L_facial_local_BLS,l_up_mouth_bls,7901,-0.000163,-0.000305,0.000482
THAIZ_BODY_PLY,L_facial_local_BLS,l_up_mouth_bls,7942,-2.3e-05,-4.8e-05,0.000111
THAIZ_BODY_PLY,L_facial_local_BLS,l_up_mouth_bls,7944,-0.000243,-0.000436,0.000913
THAIZ_BODY_PLY,L_facial_local_BLS,l_up_mouth_bls,7945,-6.7e-05,-0.000106,0.000207
THAIZ_BODY_PLY,L_facial_local_BLS,l_up_mouth_bls,7960,-4e-06,-6e-06,1.1e-05
THAIZ_BODY_PLY,L_facial_local_BLS,l_up_mouth_bls,7963,-0.000185,-0.000304,0.000614
THAIZ_BODY_PLY,L_facial_local_BLS,l_up_mouth_bls,7964,-0.00054,-0.001143,0.003756
THAIZ_BODY_PLY,L_facial_local_BLS,l_up_mouth_bls,7965,-5.5e-05,-0.000115,0.000357
THAIZ_BODY_PLY,L_facial_local_BLS,l_up_mouth_bls,7966,-2e-05,2e-06,0.000187
THAIZ_BODY_PLY,L_facial_local_BLS,l_up_mouth_bls,7967,-3e-06,0.0,2.7e-05
THAIZ_BODY_PLY,L_facial_local_BLS,l_up_mouth_bls,7994,-0.0,0.0,2e-06
THAIZ_BODY_PLY,L_facial_local_BLS,l_up_mouth_bls,7999,-0.001561,-0.003605,0.001287
THAIZ_BODY_PLY,L_facial_local_BLS,l_up_mouth_bls,8000,-0.004897,-0.001522,-0.006396
THAIZ_BODY_PLY,L_facial_local_BLS,l_up_mouth_bls,8005,-3.1e-05,1.6e-05,0.000292
THAIZ_BODY_PLY,L_facial_local_BLS,l_up_mouth_bls,8006,-0.000233,-0.000513,0.001901
THAIZ_BODY_PLY,L_facial_local_BLS,l_up_mouth_bls,8008,-1e-06,2e-06,8e-06
THAIZ_BODY_PLY,L_facial_local_BLS,l_up_mouth_bls,8013,-1e-06,2e-06,5e-06
THAIZ_BODY_PLY,L_facial_local_BLS,l_up_mouth_bls,8015,-1e-06,1e-06,5e-06
THAIZ_BODY_PLY,L_facial_local_BLS,l_up_mouth_bls,8017,-0.0,0.0,1e-06
THAIZ_BODY_PLY,L_facial_local_BLS,l_up_mouth_bls,8024,-4e-06,1.3e-05,2e-05
THAIZ_BODY_PLY,L_facial_local_BLS,l_up_mouth_bls,8025,-5e-06,1.2e-05,2.9e-05
THAIZ_BODY_PLY,L_facial_local_BLS,l_up_mouth_bls,8058,-0.000181,-0.000335,0.00028
THAIZ_BODY_PLY,L_facial_local_BLS,l_up_mouth_bls,8059,-0.000859,-0.000996,0.000296
THAIZ_BODY_PLY,L_facial_local_BLS,l_up_mouth_bls,8060,-0.000495,-0.00032,-7.9e-05
THAIZ_BODY_PLY,L_facial_local_BLS,l_up_mouth_bls,8075,-0.0,0.0,1e-06
THAIZ_BODY_PLY,L_facial_local_BLS,l_up_mouth_bls,8084,-0.0,1e-06,2e-06
THAIZ_BODY_PLY,L_facial_local_BLS,l_up_mouth_bls,8085,-5e-06,1.1e-05,4.1e-05
THAIZ_BODY_PLY,L_facial_local_BLS,l_up_mouth_bls,8086,-4e-06,5e-06,3.6e-05
THAIZ_BODY_PLY,L_facial_local_BLS,l_up_mouth_bls,8087,-2e-06,1e-06,1.4e-05
THAIZ_BODY_PLY,L_facial_local_BLS,l_up_mouth_bls,8158,-0.023213,0.000139,0.004801
THAIZ_BODY_PLY,L_facial_local_BLS,l_up_mouth_bls,8159,-0.009793,-0.005292,0.035517
THAIZ_BODY_PLY,L_facial_local_BLS,l_up_mouth_bls,8160,-0.006812,-0.003753,0.050398
THAIZ_BODY_PLY,L_facial_local_BLS,l_up_mouth_bls,8169,-9.7e-05,-0.000213,0.000338
THAIZ_BODY_PLY,L_facial_local_BLS,l_up_mouth_bls,8240,-0.000147,-0.000236,0.000391
THAIZ_BODY_PLY,L_facial_local_BLS,l_up_mouth_bls,8241,-0.000686,-0.001262,0.002346
THAIZ_BODY_PLY,L_facial_local_BLS,l_up_mouth_bls,8242,-5e-06,-1.1e-05,2.4e-05
THAIZ_BODY_PLY,L_facial_local_BLS,l_up_mouth_bls,8247,-0.0,-0.0,1e-06
THAIZ_BODY_PLY,L_facial_local_BLS,l_up_mouth_bls,8248,-1.5e-05,-1.7e-05,0.000141
THAIZ_BODY_PLY,L_facial_local_BLS,l_up_mouth_bls,8249,-0.000103,-0.000112,0.001005
THAIZ_BODY_PLY,L_facial_local_BLS,l_up_mouth_bls,8250,-8e-05,-5.7e-05,0.000825
THAIZ_BODY_PLY,L_facial_local_BLS,l_up_mouth_bls,8255,-0.000114,-0.000158,0.001154
THAIZ_BODY_PLY,L_facial_local_BLS,l_up_mouth_bls,8256,-0.000188,-0.000309,0.001743
THAIZ_BODY_PLY,L_facial_local_BLS,l_up_mouth_bls,8257,-2.2e-05,-3.8e-05,0.000198
THAIZ_BODY_PLY,L_facial_local_BLS,l_up_mouth_bls,8263,-6e-06,-1.9e-05,2.9e-05
THAIZ_BODY_PLY,L_facial_local_BLS,l_up_mouth_bls,8264,-0.001075,-0.002796,0.003959
THAIZ_BODY_PLY,L_facial_local_BLS,l_up_mouth_bls,8292,-0.013421,0.00047,0.019826
THAIZ_BODY_PLY,L_facial_local_BLS,l_up_mouth_bls,8311,-0.000179,-0.000242,0.000115
THAIZ_BODY_PLY,L_facial_local_BLS,l_up_mouth_bls,8312,-0.00082,-0.001267,0.000762
THAIZ_BODY_PLY,L_facial_local_BLS,l_up_mouth_bls,8313,-0.000587,-0.001023,0.000719
THAIZ_BODY_PLY,L_facial_local_BLS,l_up_mouth_bls,8314,-0.000136,-0.000269,0.000203
THAIZ_BODY_PLY,L_facial_local_BLS,l_up_mouth_bls,8315,-2.5e-05,-0.000153,0.000221
THAIZ_BODY_PLY,L_facial_local_BLS,l_up_mouth_bls,8316,2.6e-05,-3.4e-05,0.000168
THAIZ_BODY_PLY,L_facial_local_BLS,l_up_mouth_bls,8341,-0.00016,-0.000307,0.00151
THAIZ_BODY_PLY,L_facial_local_BLS,l_up_mouth_bls,8342,-0.000333,-0.000666,0.002756
THAIZ_BODY_PLY,L_facial_local_BLS,l_up_mouth_bls,8343,-3.5e-05,-7.1e-05,0.000278
THAIZ_BODY_PLY,L_facial_local_BLS,l_up_mouth_bls,8350,-7e-06,-4e-06,6.7e-05
THAIZ_BODY_PLY,L_facial_local_BLS,l_up_mouth_bls,8351,-5e-05,-2.4e-05,0.000487
THAIZ_BODY_PLY,L_facial_local_BLS,l_up_mouth_bls,8352,-6e-05,-2e-06,0.000603
THAIZ_BODY_PLY,L_facial_local_BLS,l_up_mouth_bls,8353,-0.0,0.0,2e-06
THAIZ_BODY_PLY,L_facial_local_BLS,l_up_mouth_bls,8404,-6e-06,-7e-06,2e-06
THAIZ_BODY_PLY,L_facial_local_BLS,l_up_mouth_bls,8405,-5.6e-05,-5.4e-05,8e-06
THAIZ_BODY_PLY,L_facial_local_BLS,l_up_mouth_bls,8406,-2.4e-05,-1.5e-05,-3e-06
THAIZ_BODY_PLY,L_facial_local_BLS,l_up_mouth_bls,8473,-0.000301,-0.000672,0.001982
THAIZ_BODY_PLY,L_facial_local_BLS,l_up_mouth_bls,8474,-0.000732,-0.001494,0.004011
THAIZ_BODY_PLY,L_facial_local_BLS,l_up_mouth_bls,8475,-9.2e-05,-0.000176,0.000441
THAIZ_BODY_PLY,L_facial_local_BLS,l_up_mouth_bls,8513,0.005483,0.00191,0.002071
THAIZ_BODY_PLY,L_facial_local_BLS,l_up_mouth_bls,8514,0.001558,0.000326,0.002688
THAIZ_BODY_PLY,L_facial_local_BLS,l_up_mouth_bls,8523,-3e-06,9e-06,8e-06
THAIZ_BODY_PLY,L_facial_local_BLS,l_up_mouth_bls,8528,-0.000641,0.000707,0.002231
THAIZ_BODY_PLY,L_facial_local_BLS,l_up_mouth_bls,8532,-0.004599,-0.002345,0.054577
THAIZ_BODY_PLY,L_facial_local_BLS,l_up_mouth_bls,8583,-0.004633,-0.001208,-0.003714
THAIZ_BODY_PLY,L_facial_local_BLS,l_up_mouth_bls,8584,-0.002187,-0.003044,0.000496
THAIZ_BODY_PLY,L_facial_local_BLS,l_up_mouth_bls,8585,-6.6e-05,-0.000169,0.000152
THAIZ_BODY_PLY,L_facial_local_BLS,l_up_mouth_bls,8586,-0.0,-2e-06,2e-06
THAIZ_BODY_PLY,L_facial_local_BLS,l_up_mouth_bls,8592,-0.0,-1e-06,3e-06
THAIZ_BODY_PLY,L_facial_local_BLS,l_up_mouth_bls,8593,-0.0,-0.0,2e-06
THAIZ_BODY_PLY,L_facial_local_BLS,l_up_mouth_bls,8594,-0.0,-0.0,2e-06
THAIZ_BODY_PLY,L_facial_local_BLS,l_up_mouth_bls,8595,-0.0,-0.0,5e-06
THAIZ_BODY_PLY,L_facial_local_BLS,l_up_mouth_bls,8596,-2e-06,0.0,2.2e-05
THAIZ_BODY_PLY,L_facial_local_BLS,l_up_mouth_bls,8597,-1e-05,7e-06,9.4e-05
THAIZ_BODY_PLY,L_facial_local_BLS,l_up_mouth_bls,8598,-1.1e-05,1.3e-05,9.8e-05
THAIZ_BODY_PLY,L_facial_local_BLS,l_up_mouth_bls,8599,-6e-06,8e-06,4.7e-05
THAIZ_BODY_PLY,L_facial_local_BLS,l_up_mouth_bls,8600,-1e-06,1e-06,7e-06
THAIZ_BODY_PLY,L_facial_local_BLS,l_up_mouth_bls,8620,-3e-06,-8e-06,1.1e-05
THAIZ_BODY_PLY,L_facial_local_BLS,l_up_mouth_bls,8621,-0.001281,-0.003294,0.005311
THAIZ_BODY_PLY,L_facial_local_BLS,l_up_mouth_bls,8622,-4e-06,-1.1e-05,2e-05
THAIZ_BODY_PLY,L_facial_local_BLS,l_up_mouth_bls,8702,-1e-06,-0.0,-0.0
THAIZ_BODY_PLY,L_facial_local_BLS,l_up_mouth_bls,8703,-6e-06,-1e-06,-3e-06
THAIZ_BODY_PLY,L_facial_local_BLS,l_up_mouth_bls,8704,-6.5e-05,-6e-06,-3.9e-05
THAIZ_BODY_PLY,L_facial_local_BLS,l_up_mouth_bls,8705,-0.000188,2.5e-05,-0.000144
THAIZ_BODY_PLY,L_facial_local_BLS,l_up_mouth_bls,8706,-0.000284,0.000153,-0.000394
THAIZ_BODY_PLY,L_facial_local_BLS,l_up_mouth_bls,8707,-0.000356,0.001165,-0.000784
THAIZ_BODY_PLY,L_facial_local_BLS,l_up_mouth_bls,8708,-0.00095,0.010646,-0.002709
THAIZ_BODY_PLY,L_facial_local_BLS,l_up_mouth_bls,8754,-0.039307,-0.003672,0.003305
THAIZ_BODY_PLY,L_facial_local_BLS,l_up_mouth_bls,8755,-0.024025,0.003687,0.025939
THAIZ_BODY_PLY,L_facial_local_BLS,l_up_mouth_bls,8756,-0.013859,0.006306,0.043287
THAIZ_BODY_PLY,L_facial_local_BLS,l_up_mouth_bls,8757,-0.011611,0.010083,0.059825
THAIZ_BODY_PLY,L_facial_local_BLS,l_up_mouth_bls,8758,-0.009076,0.011627,0.067256
THAIZ_BODY_PLY,L_facial_local_BLS,l_up_mouth_bls,8759,-1e-06,0.0,7e-06
THAIZ_BODY_PLY,L_facial_local_BLS,l_up_mouth_bls,8769,-2e-06,5e-06,1.4e-05
THAIZ_BODY_PLY,L_facial_local_BLS,l_up_mouth_bls,8770,-7e-06,1.5e-05,5.7e-05
THAIZ_BODY_PLY,L_facial_local_BLS,l_up_mouth_bls,8771,-1e-05,1.4e-05,9.1e-05
THAIZ_BODY_PLY,L_facial_local_BLS,l_up_mouth_bls,8772,-1.4e-05,1.2e-05,0.000128
THAIZ_BODY_PLY,L_facial_local_BLS,l_up_mouth_bls,8773,-7e-06,4e-06,6.4e-05
THAIZ_BODY_PLY,L_facial_local_BLS,l_up_mouth_bls,8877,-1e-06,2e-06,3e-06
THAIZ_BODY_PLY,L_facial_local_BLS,l_up_mouth_bls,8878,-6e-06,1.4e-05,3.8e-05
THAIZ_BODY_PLY,L_facial_local_BLS,l_up_mouth_bls,8879,-5e-06,1.2e-05,3.7e-05
THAIZ_BODY_PLY,L_facial_local_BLS,l_up_mouth_bls,8880,-2e-06,5e-06,1.5e-05
THAIZ_BODY_PLY,L_facial_local_BLS,l_up_mouth_bls,8881,-0.0,1e-06,2e-06
THAIZ_BODY_PLY,L_facial_local_BLS,l_up_mouth_bls,8893,-2e-06,-1e-06,-0.0
THAIZ_BODY_PLY,L_facial_local_BLS,l_up_mouth_bls,8894,-3e-06,-2e-06,0.0
THAIZ_BODY_PLY,L_facial_local_BLS,l_up_mouth_bls,14197,1.5e-05,1e-05,4.4e-05
THAIZ_BODY_PLY,L_facial_local_BLS,l_up_mouth_bls,14240,0.000128,0.000166,1.6e-05
THAIZ_BODY_PLY,L_facial_local_BLS,l_up_mouth_bls,14241,0.000909,0.001341,0.000202
THAIZ_BODY_PLY,L_facial_local_BLS,l_up_mouth_bls,14258,2.2e-05,-1e-05,4e-06
THAIZ_BODY_PLY,L_facial_local_BLS,l_up_mouth_bls,14259,0.000952,0.000475,7.7e-05
THAIZ_BODY_PLY,L_facial_local_BLS,l_up_mouth_bls,14260,0.000815,0.000926,0.00033
THAIZ_BODY_PLY,L_facial_local_BLS,l_up_mouth_bls,14278,0.000601,-0.0,-0.000358
THAIZ_BODY_PLY,L_facial_local_BLS,l_up_mouth_bls,14279,0.000117,4.8e-05,3.2e-05
THAIZ_BODY_PLY,L_facial_local_BLS,l_up_mouth_bls,14438,0.000173,-5e-06,4.5e-05
THAIZ_BODY_PLY,L_facial_local_BLS,l_up_mouth_bls,14439,0.0001,2.5e-05,-3.5e-05
THAIZ_BODY_PLY,L_facial_local_BLS,l_up_mouth_bls,14448,0.000857,-0.000768,-0.000137
THAIZ_BODY_PLY,L_facial_local_BLS,l_up_mouth_bls,14449,0.000127,-0.000103,3.6e-05
THAIZ_BODY_PLY,L_facial_local_BLS,l_up_mouth_bls,14461,1e-06,1e-06,-1e-06
THAIZ_BODY_PLY,L_facial_local_BLS,l_up_mouth_bls,14604,2e-06,0.0,1e-06
THAIZ_BODY_PLY,L_facial_local_BLS,l_up_mouth_bls,14605,1.2e-05,0.0,2e-06
THAIZ_BODY_PLY,L_facial_local_BLS,l_up_mouth_bls,14623,3.3e-05,-5e-06,-2e-06
THAIZ_BODY_PLY,L_facial_local_BLS,l_down_mouth_bls,0,-0.008597,-0.026375,-0.006578
THAIZ_BODY_PLY,L_facial_local_BLS,l_down_mouth_bls,1,-0.014085,-0.035115,-0.00969
THAIZ_BODY_PLY,L_facial_local_BLS,l_down_mouth_bls,2,-0.02039,-0.040102,-0.01268
THAIZ_BODY_PLY,L_facial_local_BLS,l_down_mouth_bls,3,-0.022587,-0.023651,-0.012483
THAIZ_BODY_PLY,L_facial_local_BLS,l_down_mouth_bls,4,-0.013468,0.033228,-0.015674
THAIZ_BODY_PLY,L_facial_local_BLS,l_down_mouth_bls,5,0.040872,0.082561,-0.030638
THAIZ_BODY_PLY,L_facial_local_BLS,l_down_mouth_bls,6,0.153011,0.14086,-0.035074
THAIZ_BODY_PLY,L_facial_local_BLS,l_down_mouth_bls,7,0.261149,0.057917,-0.022398
THAIZ_BODY_PLY,L_facial_local_BLS,l_down_mouth_bls,8,0.292184,-0.175768,-0.056004
THAIZ_BODY_PLY,L_facial_local_BLS,l_down_mouth_bls,9,0.229942,-0.298378,-0.030942
THAIZ_BODY_PLY,L_facial_local_BLS,l_down_mouth_bls,10,0.187386,-0.240786,-0.002281
THAIZ_BODY_PLY,L_facial_local_BLS,l_down_mouth_bls,11,0.317678,-0.150797,-0.066001
THAIZ_BODY_PLY,L_facial_local_BLS,l_down_mouth_bls,12,0.392761,-0.122251,-0.129151
THAIZ_BODY_PLY,L_facial_local_BLS,l_down_mouth_bls,13,0.391417,-0.033627,-0.156861
THAIZ_BODY_PLY,L_facial_local_BLS,l_down_mouth_bls,14,0.346801,0.158112,-0.122148
THAIZ_BODY_PLY,L_facial_local_BLS,l_down_mouth_bls,15,0.116613,0.111462,-0.062521
THAIZ_BODY_PLY,L_facial_local_BLS,l_down_mouth_bls,16,-0.007262,0.065381,-0.014467
THAIZ_BODY_PLY,L_facial_local_BLS,l_down_mouth_bls,17,-0.066773,0.058587,0.016005
THAIZ_BODY_PLY,L_facial_local_BLS,l_down_mouth_bls,18,-0.059575,0.051377,0.015594
THAIZ_BODY_PLY,L_facial_local_BLS,l_down_mouth_bls,19,-0.045495,0.048576,0.013093
THAIZ_BODY_PLY,L_facial_local_BLS,l_down_mouth_bls,20,-0.033703,0.042648,0.010172
THAIZ_BODY_PLY,L_facial_local_BLS,l_down_mouth_bls,21,-0.000118,-0.000568,-0.000136
THAIZ_BODY_PLY,L_facial_local_BLS,l_down_mouth_bls,22,-0.000561,-0.002925,-0.000751
THAIZ_BODY_PLY,L_facial_local_BLS,l_down_mouth_bls,23,-0.001222,-0.005878,-0.001628
THAIZ_BODY_PLY,L_facial_local_BLS,l_down_mouth_bls,24,-0.002356,-0.009198,-0.00282
THAIZ_BODY_PLY,L_facial_local_BLS,l_down_mouth_bls,25,-0.002389,-0.010148,-0.005724
THAIZ_BODY_PLY,L_facial_local_BLS,l_down_mouth_bls,26,0.010052,0.002083,-0.017061
THAIZ_BODY_PLY,L_facial_local_BLS,l_down_mouth_bls,27,0.043288,0.041615,-0.014206
THAIZ_BODY_PLY,L_facial_local_BLS,l_down_mouth_bls,28,0.098691,-0.045473,0.009214
THAIZ_BODY_PLY,L_facial_local_BLS,l_down_mouth_bls,29,0.081453,-0.242877,0.023856
THAIZ_BODY_PLY,L_facial_local_BLS,l_down_mouth_bls,30,-0.078244,-0.254581,0.146751
THAIZ_BODY_PLY,L_facial_local_BLS,l_down_mouth_bls,31,-0.136376,-0.139015,0.20239
THAIZ_BODY_PLY,L_facial_local_BLS,l_down_mouth_bls,32,0.104834,-0.003597,0.0848
THAIZ_BODY_PLY,L_facial_local_BLS,l_down_mouth_bls,33,0.273413,-0.02771,-0.082679
THAIZ_BODY_PLY,L_facial_local_BLS,l_down_mouth_bls,34,0.337664,0.044545,-0.150196
THAIZ_BODY_PLY,L_facial_local_BLS,l_down_mouth_bls,35,0.343817,0.138045,-0.168645
THAIZ_BODY_PLY,L_facial_local_BLS,l_down_mouth_bls,36,0.179363,0.234344,-0.113635
THAIZ_BODY_PLY,L_facial_local_BLS,l_down_mouth_bls,37,-0.021315,0.203841,-0.003934
THAIZ_BODY_PLY,L_facial_local_BLS,l_down_mouth_bls,38,-0.108665,0.132741,0.033248
THAIZ_BODY_PLY,L_facial_local_BLS,l_down_mouth_bls,39,-0.111145,0.135083,0.040766
THAIZ_BODY_PLY,L_facial_local_BLS,l_down_mouth_bls,40,-0.089525,0.137849,0.039227
THAIZ_BODY_PLY,L_facial_local_BLS,l_down_mouth_bls,41,-0.065504,0.125267,0.032612
THAIZ_BODY_PLY,L_facial_local_BLS,l_down_mouth_bls,47,-0.00104,-0.003869,-0.002053
THAIZ_BODY_PLY,L_facial_local_BLS,l_down_mouth_bls,48,-0.005093,-0.013633,-0.004982
THAIZ_BODY_PLY,L_facial_local_BLS,l_down_mouth_bls,49,-0.035274,-0.080021,0.000237
THAIZ_BODY_PLY,L_facial_local_BLS,l_down_mouth_bls,50,-0.037098,-0.213838,0.010623
THAIZ_BODY_PLY,L_facial_local_BLS,l_down_mouth_bls,51,-0.211627,-0.206023,0.161024
THAIZ_BODY_PLY,L_facial_local_BLS,l_down_mouth_bls,52,-0.307185,-0.051372,0.250839
THAIZ_BODY_PLY,L_facial_local_BLS,l_down_mouth_bls,53,-0.16857,0.096502,0.216015
THAIZ_BODY_PLY,L_facial_local_BLS,l_down_mouth_bls,54,0.143152,0.048303,-0.051856
THAIZ_BODY_PLY,L_facial_local_BLS,l_down_mouth_bls,55,0.277761,0.070354,-0.187179
THAIZ_BODY_PLY,L_facial_local_BLS,l_down_mouth_bls,56,0.317561,0.140356,-0.214797
THAIZ_BODY_PLY,L_facial_local_BLS,l_down_mouth_bls,57,0.309583,0.172691,-0.191525
THAIZ_BODY_PLY,L_facial_local_BLS,l_down_mouth_bls,58,0.16299,0.27914,-0.136632
THAIZ_BODY_PLY,L_facial_local_BLS,l_down_mouth_bls,59,-0.017654,0.225658,-0.034162
THAIZ_BODY_PLY,L_facial_local_BLS,l_down_mouth_bls,60,-0.106403,0.172204,0.02967
THAIZ_BODY_PLY,L_facial_local_BLS,l_down_mouth_bls,61,-0.117888,0.208242,0.05451
THAIZ_BODY_PLY,L_facial_local_BLS,l_down_mouth_bls,62,-0.017436,0.242075,0.016564
THAIZ_BODY_PLY,L_facial_local_BLS,l_down_mouth_bls,71,-0.001166,-0.000753,-0.000584
THAIZ_BODY_PLY,L_facial_local_BLS,l_down_mouth_bls,72,-0.003588,-0.004212,-0.001057
THAIZ_BODY_PLY,L_facial_local_BLS,l_down_mouth_bls,73,-0.018962,-0.01348,0.009259
THAIZ_BODY_PLY,L_facial_local_BLS,l_down_mouth_bls,74,0.009499,-0.062465,-0.012097
THAIZ_BODY_PLY,L_facial_local_BLS,l_down_mouth_bls,75,0.035014,-0.07742,-0.069918
THAIZ_BODY_PLY,L_facial_local_BLS,l_down_mouth_bls,76,0.096948,-0.148017,-0.138201
THAIZ_BODY_PLY,L_facial_local_BLS,l_down_mouth_bls,77,0.20034,-0.297896,-0.163076
THAIZ_BODY_PLY,L_facial_local_BLS,l_down_mouth_bls,78,0.277624,-0.323773,-0.145852
THAIZ_BODY_PLY,L_facial_local_BLS,l_down_mouth_bls,79,0.268489,-0.168344,-0.10196
THAIZ_BODY_PLY,L_facial_local_BLS,l_down_mouth_bls,80,0.158205,-0.01655,-0.107093
THAIZ_BODY_PLY,L_facial_local_BLS,l_down_mouth_bls,81,0.075761,0.069952,-0.036065
THAIZ_BODY_PLY,L_facial_local_BLS,l_down_mouth_bls,82,0.010873,0.045939,-0.007607
THAIZ_BODY_PLY,L_facial_local_BLS,l_down_mouth_bls,83,-0.007163,0.015098,-0.001942
THAIZ_BODY_PLY,L_facial_local_BLS,l_down_mouth_bls,92,-3e-06,-4e-06,-1e-06
THAIZ_BODY_PLY,L_facial_local_BLS,l_down_mouth_bls,93,-0.000182,-0.000213,5.9e-05
THAIZ_BODY_PLY,L_facial_local_BLS,l_down_mouth_bls,94,0.002987,-0.00231,-0.001799
THAIZ_BODY_PLY,L_facial_local_BLS,l_down_mouth_bls,95,0.007421,-0.014751,-0.007803
THAIZ_BODY_PLY,L_facial_local_BLS,l_down_mouth_bls,96,0.029569,-0.094425,-0.028332
THAIZ_BODY_PLY,L_facial_local_BLS,l_down_mouth_bls,97,0.038756,-0.217966,-0.049328
THAIZ_BODY_PLY,L_facial_local_BLS,l_down_mouth_bls,98,0.051483,-0.354941,-0.06721
THAIZ_BODY_PLY,L_facial_local_BLS,l_down_mouth_bls,99,0.061236,-0.258632,-0.059242
THAIZ_BODY_PLY,L_facial_local_BLS,l_down_mouth_bls,100,0.05374,-0.099186,-0.031465
THAIZ_BODY_PLY,L_facial_local_BLS,l_down_mouth_bls,101,0.034921,-0.001564,-0.01156
THAIZ_BODY_PLY,L_facial_local_BLS,l_down_mouth_bls,116,7e-06,-3.6e-05,-4e-06
THAIZ_BODY_PLY,L_facial_local_BLS,l_down_mouth_bls,117,0.000152,-0.000874,-9e-05
THAIZ_BODY_PLY,L_facial_local_BLS,l_down_mouth_bls,118,0.000227,-0.001397,-0.000132
THAIZ_BODY_PLY,L_facial_local_BLS,l_down_mouth_bls,119,8.4e-05,-0.000529,-4.8e-05
THAIZ_BODY_PLY,L_facial_local_BLS,l_down_mouth_bls,160,0.013194,0.011769,-0.002789
THAIZ_BODY_PLY,L_facial_local_BLS,l_down_mouth_bls,161,5e-06,-3e-05,-3e-06
THAIZ_BODY_PLY,L_facial_local_BLS,l_down_mouth_bls,164,0.001957,0.001201,-0.000528
THAIZ_BODY_PLY,L_facial_local_BLS,l_down_mouth_bls,179,9e-06,-9e-06,-6e-06
THAIZ_BODY_PLY,L_facial_local_BLS,l_down_mouth_bls,180,1.5e-05,-0.000178,-6e-05
THAIZ_BODY_PLY,L_facial_local_BLS,l_down_mouth_bls,181,0.001093,-0.002923,-0.000902
THAIZ_BODY_PLY,L_facial_local_BLS,l_down_mouth_bls,182,0.004712,-0.016674,-0.003101
THAIZ_BODY_PLY,L_facial_local_BLS,l_down_mouth_bls,183,0.012002,-0.060334,-0.008549
THAIZ_BODY_PLY,L_facial_local_BLS,l_down_mouth_bls,184,0.010718,-0.069299,-0.009035
THAIZ_BODY_PLY,L_facial_local_BLS,l_down_mouth_bls,185,0.006461,-0.043251,-0.005094
THAIZ_BODY_PLY,L_facial_local_BLS,l_down_mouth_bls,186,0.002556,-0.013347,-0.001415
THAIZ_BODY_PLY,L_facial_local_BLS,l_down_mouth_bls,187,-0.008803,0.952144,0.00437
THAIZ_BODY_PLY,L_facial_local_BLS,l_down_mouth_bls,198,6e-06,-4e-05,2.6e-05
THAIZ_BODY_PLY,L_facial_local_BLS,l_down_mouth_bls,199,0.000993,-0.003936,0.002267
THAIZ_BODY_PLY,L_facial_local_BLS,l_down_mouth_bls,200,0.004432,-0.01706,0.01038
THAIZ_BODY_PLY,L_facial_local_BLS,l_down_mouth_bls,201,0.004219,-0.024261,0.014459
THAIZ_BODY_PLY,L_facial_local_BLS,l_down_mouth_bls,202,0.000681,-0.016408,0.007636
THAIZ_BODY_PLY,L_facial_local_BLS,l_down_mouth_bls,223,1e-06,-2e-06,-1e-06
THAIZ_BODY_PLY,L_facial_local_BLS,l_down_mouth_bls,224,1.1e-05,-4.2e-05,-7e-06
THAIZ_BODY_PLY,L_facial_local_BLS,l_down_mouth_bls,225,0.000846,-0.00426,-0.000515
THAIZ_BODY_PLY,L_facial_local_BLS,l_down_mouth_bls,226,0.00276,-0.015217,-0.001633
THAIZ_BODY_PLY,L_facial_local_BLS,l_down_mouth_bls,227,0.002242,-0.013095,-0.001304
THAIZ_BODY_PLY,L_facial_local_BLS,l_down_mouth_bls,228,0.000895,-0.005399,-0.000517
THAIZ_BODY_PLY,L_facial_local_BLS,l_down_mouth_bls,229,0.000139,-0.000864,-8e-05
THAIZ_BODY_PLY,L_facial_local_BLS,l_down_mouth_bls,230,4e-06,-2.4e-05,-2e-06
THAIZ_BODY_PLY,L_facial_local_BLS,l_down_mouth_bls,273,5.4e-05,5.3e-05,-0.00057
THAIZ_BODY_PLY,L_facial_local_BLS,l_down_mouth_bls,274,0.0,0.0,-1e-06
THAIZ_BODY_PLY,L_facial_local_BLS,l_down_mouth_bls,315,-0.02313,0.034149,0.007178
THAIZ_BODY_PLY,L_facial_local_BLS,l_down_mouth_bls,316,-0.058801,0.125399,0.029276
THAIZ_BODY_PLY,L_facial_local_BLS,l_down_mouth_bls,317,-0.042021,0.240519,0.000969
THAIZ_BODY_PLY,L_facial_local_BLS,l_down_mouth_bls,318,-0.007134,0.002507,-0.000173
THAIZ_BODY_PLY,L_facial_local_BLS,l_down_mouth_bls,319,-0.004552,-0.017458,-0.003917
THAIZ_BODY_PLY,L_facial_local_BLS,l_down_mouth_bls,320,-2.7e-05,-0.000114,-2.6e-05
THAIZ_BODY_PLY,L_facial_local_BLS,l_down_mouth_bls,341,-2e-05,0.000372,-0.002548
THAIZ_BODY_PLY,L_facial_local_BLS,l_down_mouth_bls,352,-0.000181,0.000158,-0.000111
THAIZ_BODY_PLY,L_facial_local_BLS,l_down_mouth_bls,353,-0.009505,0.005505,0.0024
THAIZ_BODY_PLY,L_facial_local_BLS,l_down_mouth_bls,354,-0.017063,-0.008927,0.00551
THAIZ_BODY_PLY,L_facial_local_BLS,l_down_mouth_bls,355,-0.048365,-0.08123,0.034882
THAIZ_BODY_PLY,L_facial_local_BLS,l_down_mouth_bls,356,-0.18895,0.090949,0.143552
THAIZ_BODY_PLY,L_facial_local_BLS,l_down_mouth_bls,357,-0.113681,0.177392,0.107478
THAIZ_BODY_PLY,L_facial_local_BLS,l_down_mouth_bls,358,0.092592,0.093444,-0.053507
THAIZ_BODY_PLY,L_facial_local_BLS,l_down_mouth_bls,359,0.26062,-0.082285,-0.175489
THAIZ_BODY_PLY,L_facial_local_BLS,l_down_mouth_bls,360,0.387457,-0.087274,-0.253551
THAIZ_BODY_PLY,L_facial_local_BLS,l_down_mouth_bls,361,0.352262,-0.002008,-0.229268
THAIZ_BODY_PLY,L_facial_local_BLS,l_down_mouth_bls,362,0.285231,0.056854,-0.184661
THAIZ_BODY_PLY,L_facial_local_BLS,l_down_mouth_bls,363,0.13,0.096682,-0.144867
THAIZ_BODY_PLY,L_facial_local_BLS,l_down_mouth_bls,364,0.000244,0.095069,-0.031375
THAIZ_BODY_PLY,L_facial_local_BLS,l_down_mouth_bls,365,-0.041864,0.086652,0.00279
THAIZ_BODY_PLY,L_facial_local_BLS,l_down_mouth_bls,366,-0.04809,0.05502,0.006904
THAIZ_BODY_PLY,L_facial_local_BLS,l_down_mouth_bls,367,-0.031606,0.038448,0.005826
THAIZ_BODY_PLY,L_facial_local_BLS,l_down_mouth_bls,377,0.001079,-0.00048,-0.000841
THAIZ_BODY_PLY,L_facial_local_BLS,l_down_mouth_bls,378,0.009975,-0.006076,-0.009334
THAIZ_BODY_PLY,L_facial_local_BLS,l_down_mouth_bls,379,0.017626,-0.011613,-0.017186
THAIZ_BODY_PLY,L_facial_local_BLS,l_down_mouth_bls,380,0.01669,-0.011823,-0.015584
THAIZ_BODY_PLY,L_facial_local_BLS,l_down_mouth_bls,381,0.006284,-0.007392,-0.005991
THAIZ_BODY_PLY,L_facial_local_BLS,l_down_mouth_bls,474,-0.0,-9e-06,-7e-06
THAIZ_BODY_PLY,L_facial_local_BLS,l_down_mouth_bls,475,-5.6e-05,-0.000176,-0.000327
THAIZ_BODY_PLY,L_facial_local_BLS,l_down_mouth_bls,476,-0.000678,0.000954,-0.001978
THAIZ_BODY_PLY,L_facial_local_BLS,l_down_mouth_bls,477,-0.002254,0.00076,-0.004385
THAIZ_BODY_PLY,L_facial_local_BLS,l_down_mouth_bls,478,0.001232,-0.082485,-0.022119
THAIZ_BODY_PLY,L_facial_local_BLS,l_down_mouth_bls,479,0.001826,-0.114771,-0.028474
THAIZ_BODY_PLY,L_facial_local_BLS,l_down_mouth_bls,480,-0.015837,-0.309578,-0.14408
THAIZ_BODY_PLY,L_facial_local_BLS,l_down_mouth_bls,481,-0.011423,-0.101069,-0.093196
THAIZ_BODY_PLY,L_facial_local_BLS,l_down_mouth_bls,482,-0.027583,-0.492109,-0.187037
THAIZ_BODY_PLY,L_facial_local_BLS,l_down_mouth_bls,483,-0.034534,-0.157314,-0.09934
THAIZ_BODY_PLY,L_facial_local_BLS,l_down_mouth_bls,484,-0.002772,-0.029905,-0.008766
THAIZ_BODY_PLY,L_facial_local_BLS,l_down_mouth_bls,485,-0.007648,-0.038228,-0.017004
THAIZ_BODY_PLY,L_facial_local_BLS,l_down_mouth_bls,486,-0.002247,-0.012799,-0.008665
THAIZ_BODY_PLY,L_facial_local_BLS,l_down_mouth_bls,491,-0.00013,-0.042945,-0.015401
THAIZ_BODY_PLY,L_facial_local_BLS,l_down_mouth_bls,497,-0.034756,0.008419,-0.054666
THAIZ_BODY_PLY,L_facial_local_BLS,l_down_mouth_bls,498,-0.049179,0.054368,-0.018413
THAIZ_BODY_PLY,L_facial_local_BLS,l_down_mouth_bls,499,-0.034218,0.083975,-0.000594
THAIZ_BODY_PLY,L_facial_local_BLS,l_down_mouth_bls,500,-0.006223,0.039356,-0.007315
THAIZ_BODY_PLY,L_facial_local_BLS,l_down_mouth_bls,501,0.116516,-0.415541,-0.180061
THAIZ_BODY_PLY,L_facial_local_BLS,l_down_mouth_bls,502,-0.002085,-0.237158,-0.116288
THAIZ_BODY_PLY,L_facial_local_BLS,l_down_mouth_bls,503,0.136907,-0.266368,-0.142595
THAIZ_BODY_PLY,L_facial_local_BLS,l_down_mouth_bls,504,0.027198,-0.138203,-0.047006
THAIZ_BODY_PLY,L_facial_local_BLS,l_down_mouth_bls,505,0.108251,-0.204705,-0.127176
THAIZ_BODY_PLY,L_facial_local_BLS,l_down_mouth_bls,506,0.021665,-0.016811,-0.026745
THAIZ_BODY_PLY,L_facial_local_BLS,l_down_mouth_bls,507,-2.8e-05,-0.000147,-7.1e-05
THAIZ_BODY_PLY,L_facial_local_BLS,l_down_mouth_bls,508,-3e-05,-9e-06,-6.1e-05
THAIZ_BODY_PLY,L_facial_local_BLS,l_down_mouth_bls,510,0.000573,6.6e-05,-0.003379
THAIZ_BODY_PLY,L_facial_local_BLS,l_down_mouth_bls,511,5.9e-05,-4.8e-05,-6e-05
THAIZ_BODY_PLY,L_facial_local_BLS,l_down_mouth_bls,525,-0.277935,0.481049,0.138458
THAIZ_BODY_PLY,L_facial_local_BLS,l_down_mouth_bls,526,-0.237808,0.392607,0.143723
THAIZ_BODY_PLY,L_facial_local_BLS,l_down_mouth_bls,527,-0.212734,0.365176,0.075845
THAIZ_BODY_PLY,L_facial_local_BLS,l_down_mouth_bls,528,-0.141343,0.213346,0.029385
THAIZ_BODY_PLY,L_facial_local_BLS,l_down_mouth_bls,529,-0.08312,0.22408,0.034417
THAIZ_BODY_PLY,L_facial_local_BLS,l_down_mouth_bls,541,0.02558,0.015505,-0.004522
THAIZ_BODY_PLY,L_facial_local_BLS,l_down_mouth_bls,543,0.005008,-0.129733,-0.003754
THAIZ_BODY_PLY,L_facial_local_BLS,l_down_mouth_bls,544,-0.119876,0.2028,0.027862
THAIZ_BODY_PLY,L_facial_local_BLS,l_down_mouth_bls,545,4.6e-05,-0.0,1.6e-05
THAIZ_BODY_PLY,L_facial_local_BLS,l_down_mouth_bls,546,0.029634,-0.097301,-0.012574
THAIZ_BODY_PLY,L_facial_local_BLS,l_down_mouth_bls,547,0.035838,0.013362,-0.106218
THAIZ_BODY_PLY,L_facial_local_BLS,l_down_mouth_bls,548,0.157278,-0.02263,-0.133091
THAIZ_BODY_PLY,L_facial_local_BLS,l_down_mouth_bls,549,0.139181,-0.105086,-0.124194
THAIZ_BODY_PLY,L_facial_local_BLS,l_down_mouth_bls,550,-0.238685,0.219773,0.085664
THAIZ_BODY_PLY,L_facial_local_BLS,l_down_mouth_bls,551,0.096853,-0.181225,-0.084261
THAIZ_BODY_PLY,L_facial_local_BLS,l_down_mouth_bls,553,-0.407019,0.273249,0.20818
THAIZ_BODY_PLY,L_facial_local_BLS,l_down_mouth_bls,555,-0.329389,0.124629,0.211231
THAIZ_BODY_PLY,L_facial_local_BLS,l_down_mouth_bls,562,0.001809,0.000128,-0.000201
THAIZ_BODY_PLY,L_facial_local_BLS,l_down_mouth_bls,563,0.004622,-0.13351,-0.022339
THAIZ_BODY_PLY,L_facial_local_BLS,l_down_mouth_bls,564,0.094123,-0.009271,-0.1427
THAIZ_BODY_PLY,L_facial_local_BLS,l_down_mouth_bls,592,0.070283,-0.055932,-0.006001
THAIZ_BODY_PLY,L_facial_local_BLS,l_down_mouth_bls,598,-0.018565,-0.018254,-0.030248
THAIZ_BODY_PLY,L_facial_local_BLS,l_down_mouth_bls,599,-0.0179,-0.033714,-0.01028
THAIZ_BODY_PLY,L_facial_local_BLS,l_down_mouth_bls,600,-0.011727,-0.027922,-0.007722
THAIZ_BODY_PLY,L_facial_local_BLS,l_down_mouth_bls,601,0.112413,-0.275254,-0.116034
THAIZ_BODY_PLY,L_facial_local_BLS,l_down_mouth_bls,602,0.131476,-0.38453,-0.17761
THAIZ_BODY_PLY,L_facial_local_BLS,l_down_mouth_bls,603,0.130202,-0.461197,-0.18059
THAIZ_BODY_PLY,L_facial_local_BLS,l_down_mouth_bls,604,-0.221859,-0.225701,0.130222
THAIZ_BODY_PLY,L_facial_local_BLS,l_down_mouth_bls,606,-0.160478,-0.044616,0.053151
THAIZ_BODY_PLY,L_facial_local_BLS,l_down_mouth_bls,607,-0.063604,-0.323562,-0.041502
THAIZ_BODY_PLY,L_facial_local_BLS,l_down_mouth_bls,608,-0.08298,-0.477958,0.001196
THAIZ_BODY_PLY,L_facial_local_BLS,l_down_mouth_bls,609,0.332979,-0.008364,-0.141953
THAIZ_BODY_PLY,L_facial_local_BLS,l_down_mouth_bls,610,0.042945,-0.673258,-0.176474
THAIZ_BODY_PLY,L_facial_local_BLS,l_down_mouth_bls,611,0.003886,-0.551367,-0.12627
THAIZ_BODY_PLY,L_facial_local_BLS,l_down_mouth_bls,612,0.017965,-0.703066,-0.129256
THAIZ_BODY_PLY,L_facial_local_BLS,l_down_mouth_bls,613,0.09342,-0.690804,-0.160884
THAIZ_BODY_PLY,L_facial_local_BLS,l_down_mouth_bls,614,0.079732,-0.126705,-0.031045
THAIZ_BODY_PLY,L_facial_local_BLS,l_down_mouth_bls,615,0.083948,-0.242252,-0.052538
THAIZ_BODY_PLY,L_facial_local_BLS,l_down_mouth_bls,616,0.105098,-0.406814,-0.103368
THAIZ_BODY_PLY,L_facial_local_BLS,l_down_mouth_bls,617,0.265956,0.197297,-0.102313
THAIZ_BODY_PLY,L_facial_local_BLS,l_down_mouth_bls,618,-0.038225,0.045292,0.012072
THAIZ_BODY_PLY,L_facial_local_BLS,l_down_mouth_bls,619,-0.047371,0.046065,0.012735
THAIZ_BODY_PLY,L_facial_local_BLS,l_down_mouth_bls,620,-0.010987,0.03666,-0.021065
THAIZ_BODY_PLY,L_facial_local_BLS,l_down_mouth_bls,621,0.114328,0.090687,-0.08411
THAIZ_BODY_PLY,L_facial_local_BLS,l_down_mouth_bls,622,0.000276,0.000183,-5.5e-05
THAIZ_BODY_PLY,L_facial_local_BLS,l_down_mouth_bls,623,0.000384,-0.017212,-0.001903
THAIZ_BODY_PLY,L_facial_local_BLS,l_down_mouth_bls,624,-0.005746,-0.046845,-0.025627
THAIZ_BODY_PLY,L_facial_local_BLS,l_down_mouth_bls,650,-2e-06,2.3e-05,5e-06
THAIZ_BODY_PLY,L_facial_local_BLS,l_down_mouth_bls,659,-0.020261,0.078407,-0.003787
THAIZ_BODY_PLY,L_facial_local_BLS,l_down_mouth_bls,660,0.009717,0.075225,-0.029396
THAIZ_BODY_PLY,L_facial_local_BLS,l_down_mouth_bls,661,0.068724,0.048672,-0.09407
THAIZ_BODY_PLY,L_facial_local_BLS,l_down_mouth_bls,662,0.275892,-0.004973,-0.160429
THAIZ_BODY_PLY,L_facial_local_BLS,l_down_mouth_bls,663,0.38329,-0.000457,-0.188613
THAIZ_BODY_PLY,L_facial_local_BLS,l_down_mouth_bls,664,0.34954,-0.009189,-0.158341
THAIZ_BODY_PLY,L_facial_local_BLS,l_down_mouth_bls,668,-0.195861,-0.209347,-0.022299
THAIZ_BODY_PLY,L_facial_local_BLS,l_down_mouth_bls,669,-0.026795,-0.192851,-0.108279
THAIZ_BODY_PLY,L_facial_local_BLS,l_down_mouth_bls,670,0.089249,-0.185148,-0.186339
THAIZ_BODY_PLY,L_facial_local_BLS,l_down_mouth_bls,671,0.036843,-0.115312,-0.146578
THAIZ_BODY_PLY,L_facial_local_BLS,l_down_mouth_bls,672,-0.003011,-0.036918,-0.041803
THAIZ_BODY_PLY,L_facial_local_BLS,l_down_mouth_bls,673,-0.006962,-0.014096,-0.006096
THAIZ_BODY_PLY,L_facial_local_BLS,l_down_mouth_bls,674,-0.001781,-0.006993,-0.001977
THAIZ_BODY_PLY,L_facial_local_BLS,l_down_mouth_bls,675,-0.000839,-0.004393,-0.001136
THAIZ_BODY_PLY,L_facial_local_BLS,l_down_mouth_bls,677,2.9e-05,-1e-06,3e-06
THAIZ_BODY_PLY,L_facial_local_BLS,l_down_mouth_bls,678,0.053098,-0.023469,6.7e-05
THAIZ_BODY_PLY,L_facial_local_BLS,l_down_mouth_bls,679,0.047451,-0.041628,-0.006995
THAIZ_BODY_PLY,L_facial_local_BLS,l_down_mouth_bls,681,-0.050785,-0.058103,-0.006339
THAIZ_BODY_PLY,L_facial_local_BLS,l_down_mouth_bls,682,-0.21046,0.109778,0.055358
THAIZ_BODY_PLY,L_facial_local_BLS,l_down_mouth_bls,683,-0.35389,0.096248,0.181061
THAIZ_BODY_PLY,L_facial_local_BLS,l_down_mouth_bls,684,-0.444899,0.005171,0.25654
THAIZ_BODY_PLY,L_facial_local_BLS,l_down_mouth_bls,685,-0.397178,-0.131878,0.30872
THAIZ_BODY_PLY,L_facial_local_BLS,l_down_mouth_bls,686,-0.219003,-0.361965,0.175397
THAIZ_BODY_PLY,L_facial_local_BLS,l_down_mouth_bls,687,0.002238,-0.58352,-0.033784
THAIZ_BODY_PLY,L_facial_local_BLS,l_down_mouth_bls,688,0.133808,-0.6906,-0.14284
THAIZ_BODY_PLY,L_facial_local_BLS,l_down_mouth_bls,689,0.189951,-0.618629,-0.152966
THAIZ_BODY_PLY,L_facial_local_BLS,l_down_mouth_bls,690,0.149785,-0.30604,-0.123188
THAIZ_BODY_PLY,L_facial_local_BLS,l_down_mouth_bls,691,0.104714,-0.139523,-0.07226
THAIZ_BODY_PLY,L_facial_local_BLS,l_down_mouth_bls,692,0.063997,-0.015387,-0.015815
THAIZ_BODY_PLY,L_facial_local_BLS,l_down_mouth_bls,693,-0.00075,-0.004278,-0.001934
THAIZ_BODY_PLY,L_facial_local_BLS,l_down_mouth_bls,694,-0.001914,-0.001347,-0.003983
THAIZ_BODY_PLY,L_facial_local_BLS,l_down_mouth_bls,695,-0.000308,-0.00555,-0.001321
THAIZ_BODY_PLY,L_facial_local_BLS,l_down_mouth_bls,696,-1.1e-05,-0.000612,-5.7e-05
THAIZ_BODY_PLY,L_facial_local_BLS,l_down_mouth_bls,725,0.03981,0.194947,-0.003348
THAIZ_BODY_PLY,L_facial_local_BLS,l_down_mouth_bls,726,0.084152,-0.017294,-0.060823
THAIZ_BODY_PLY,L_facial_local_BLS,l_down_mouth_bls,727,0.025857,-0.019052,-0.020293
THAIZ_BODY_PLY,L_facial_local_BLS,l_down_mouth_bls,728,0.005156,-0.011813,-0.008315
THAIZ_BODY_PLY,L_facial_local_BLS,l_down_mouth_bls,729,0.002814,-0.000153,-9e-06
THAIZ_BODY_PLY,L_facial_local_BLS,l_down_mouth_bls,733,0.002472,0.034444,0.011305
THAIZ_BODY_PLY,L_facial_local_BLS,l_down_mouth_bls,734,0.054771,-0.009542,-0.034333
THAIZ_BODY_PLY,L_facial_local_BLS,l_down_mouth_bls,735,0.010575,-0.002113,-0.004138
THAIZ_BODY_PLY,L_facial_local_BLS,l_down_mouth_bls,736,0.000589,-0.000513,-6.7e-05
THAIZ_BODY_PLY,L_facial_local_BLS,l_down_mouth_bls,747,-6e-06,-0.000186,-3.9e-05
THAIZ_BODY_PLY,L_facial_local_BLS,l_down_mouth_bls,748,-7.4e-05,-0.003916,-0.000751
THAIZ_BODY_PLY,L_facial_local_BLS,l_down_mouth_bls,749,-0.0,-1.9e-05,-3e-06
THAIZ_BODY_PLY,L_facial_local_BLS,l_down_mouth_bls,752,0.000193,-0.021426,-0.004148
THAIZ_BODY_PLY,L_facial_local_BLS,l_down_mouth_bls,754,2.7e-05,-0.001355,-0.000225
THAIZ_BODY_PLY,L_facial_local_BLS,l_down_mouth_bls,756,1e-06,-2.1e-05,-8e-06
THAIZ_BODY_PLY,L_facial_local_BLS,l_down_mouth_bls,757,7e-06,-0.000243,-8.9e-05
THAIZ_BODY_PLY,L_facial_local_BLS,l_down_mouth_bls,758,3.9e-05,-0.001551,-0.000491
THAIZ_BODY_PLY,L_facial_local_BLS,l_down_mouth_bls,759,0.000146,-0.005384,-0.001483
THAIZ_BODY_PLY,L_facial_local_BLS,l_down_mouth_bls,760,0.000413,-0.018932,-0.004108
THAIZ_BODY_PLY,L_facial_local_BLS,l_down_mouth_bls,761,0.000339,-0.011898,-0.002912
THAIZ_BODY_PLY,L_facial_local_BLS,l_down_mouth_bls,765,0.0,-1e-05,-3e-06
THAIZ_BODY_PLY,L_facial_local_BLS,l_down_mouth_bls,766,4e-06,-0.000137,-3.2e-05
THAIZ_BODY_PLY,L_facial_local_BLS,l_down_mouth_bls,767,3.6e-05,-0.001186,-0.000223
THAIZ_BODY_PLY,L_facial_local_BLS,l_down_mouth_bls,768,1.8e-05,-0.000532,-0.000113
THAIZ_BODY_PLY,L_facial_local_BLS,l_down_mouth_bls,787,0.004625,0.003338,-0.001999
THAIZ_BODY_PLY,L_facial_local_BLS,l_down_mouth_bls,788,0.004393,-0.077882,-0.007864
THAIZ_BODY_PLY,L_facial_local_BLS,l_down_mouth_bls,789,-0.017667,-0.115782,-0.066552
THAIZ_BODY_PLY,L_facial_local_BLS,l_down_mouth_bls,790,-0.02493,-0.067153,-0.043646
THAIZ_BODY_PLY,L_facial_local_BLS,l_down_mouth_bls,791,-0.001597,-0.073181,-0.014548
THAIZ_BODY_PLY,L_facial_local_BLS,l_down_mouth_bls,792,-1e-06,-0.014192,-0.00258
THAIZ_BODY_PLY,L_facial_local_BLS,l_down_mouth_bls,793,4e-06,-0.00041,-6.4e-05
THAIZ_BODY_PLY,L_facial_local_BLS,l_down_mouth_bls,796,0.068694,-0.068007,-0.077952
THAIZ_BODY_PLY,L_facial_local_BLS,l_down_mouth_bls,797,0.099311,-0.19577,-0.096363
THAIZ_BODY_PLY,L_facial_local_BLS,l_down_mouth_bls,798,0.056264,-0.362905,-0.146672
THAIZ_BODY_PLY,L_facial_local_BLS,l_down_mouth_bls,799,-0.104686,-0.36701,-0.098775
THAIZ_BODY_PLY,L_facial_local_BLS,l_down_mouth_bls,800,-0.050002,-0.147567,-0.072383
THAIZ_BODY_PLY,L_facial_local_BLS,l_down_mouth_bls,801,-0.01324,-0.090558,-0.034289
THAIZ_BODY_PLY,L_facial_local_BLS,l_down_mouth_bls,802,-0.001638,-0.047161,-0.022147
THAIZ_BODY_PLY,L_facial_local_BLS,l_down_mouth_bls,803,-0.008783,0.00593,-0.009243
THAIZ_BODY_PLY,L_facial_local_BLS,l_down_mouth_bls,804,-0.008673,0.023693,-0.004121
THAIZ_BODY_PLY,L_facial_local_BLS,l_down_mouth_bls,805,-0.002414,0.011408,-0.003377
THAIZ_BODY_PLY,L_facial_local_BLS,l_down_mouth_bls,806,-0.000161,0.000408,-0.000566
THAIZ_BODY_PLY,L_facial_local_BLS,l_down_mouth_bls,807,-1e-06,1e-06,-3e-06
THAIZ_BODY_PLY,L_facial_local_BLS,l_down_mouth_bls,816,0.000127,0.000116,-3.5e-05
THAIZ_BODY_PLY,L_facial_local_BLS,l_down_mouth_bls,864,0.008999,-0.004855,0.000112
THAIZ_BODY_PLY,L_facial_local_BLS,l_down_mouth_bls,865,0.011465,-0.002747,-0.000489
THAIZ_BODY_PLY,L_facial_local_BLS,l_down_mouth_bls,866,-0.003772,-0.009674,-0.003024
THAIZ_BODY_PLY,L_facial_local_BLS,l_down_mouth_bls,867,-0.024358,-0.033235,-0.013108
THAIZ_BODY_PLY,L_facial_local_BLS,l_down_mouth_bls,918,0.004763,0.002924,-0.00154
THAIZ_BODY_PLY,L_facial_local_BLS,l_down_mouth_bls,942,-0.0001,8.2e-05,-0.000188
THAIZ_BODY_PLY,L_facial_local_BLS,l_down_mouth_bls,943,-0.020899,0.014707,-0.018329
THAIZ_BODY_PLY,L_facial_local_BLS,l_down_mouth_bls,946,0.036207,-0.125578,-0.027306
THAIZ_BODY_PLY,L_facial_local_BLS,l_down_mouth_bls,947,-0.184772,0.013441,0.047173
THAIZ_BODY_PLY,L_facial_local_BLS,l_down_mouth_bls,948,-0.391469,0.054049,0.202796
THAIZ_BODY_PLY,L_facial_local_BLS,l_down_mouth_bls,949,-0.412194,0.009998,0.310844
THAIZ_BODY_PLY,L_facial_local_BLS,l_down_mouth_bls,950,-0.218006,-0.279365,0.244545
THAIZ_BODY_PLY,L_facial_local_BLS,l_down_mouth_bls,951,0.040591,-0.41272,0.046515
THAIZ_BODY_PLY,L_facial_local_BLS,l_down_mouth_bls,952,0.196943,-0.490933,-0.087878
THAIZ_BODY_PLY,L_facial_local_BLS,l_down_mouth_bls,953,0.29638,-0.51303,-0.209614
THAIZ_BODY_PLY,L_facial_local_BLS,l_down_mouth_bls,954,0.307147,-0.486046,-0.209166
THAIZ_BODY_PLY,L_facial_local_BLS,l_down_mouth_bls,955,0.180713,-0.233621,-0.12751
THAIZ_BODY_PLY,L_facial_local_BLS,l_down_mouth_bls,956,0.11327,-0.083904,-0.074054
THAIZ_BODY_PLY,L_facial_local_BLS,l_down_mouth_bls,957,0.063647,0.017072,-0.02523
THAIZ_BODY_PLY,L_facial_local_BLS,l_down_mouth_bls,958,0.050483,0.028137,-0.08486
THAIZ_BODY_PLY,L_facial_local_BLS,l_down_mouth_bls,959,0.161492,0.010522,-0.130829
THAIZ_BODY_PLY,L_facial_local_BLS,l_down_mouth_bls,960,0.270658,-0.410391,-0.173271
THAIZ_BODY_PLY,L_facial_local_BLS,l_down_mouth_bls,961,0.179305,-0.483219,-0.135949
THAIZ_BODY_PLY,L_facial_local_BLS,l_down_mouth_bls,962,0.124621,-0.560455,-0.146543
THAIZ_BODY_PLY,L_facial_local_BLS,l_down_mouth_bls,963,0.120641,-0.54862,-0.181563
THAIZ_BODY_PLY,L_facial_local_BLS,l_down_mouth_bls,964,0.032104,-0.603094,-0.238203
THAIZ_BODY_PLY,L_facial_local_BLS,l_down_mouth_bls,965,-0.056181,-0.527371,-0.199256
THAIZ_BODY_PLY,L_facial_local_BLS,l_down_mouth_bls,966,-0.045392,-0.2675,-0.135285
THAIZ_BODY_PLY,L_facial_local_BLS,l_down_mouth_bls,967,-0.033103,-0.11064,-0.081197
THAIZ_BODY_PLY,L_facial_local_BLS,l_down_mouth_bls,968,-0.011075,-0.052408,-0.029408
THAIZ_BODY_PLY,L_facial_local_BLS,l_down_mouth_bls,969,-0.001731,-0.00201,-0.005191
THAIZ_BODY_PLY,L_facial_local_BLS,l_down_mouth_bls,994,0.008644,0.073043,-0.021229
THAIZ_BODY_PLY,L_facial_local_BLS,l_down_mouth_bls,995,0.052319,0.049977,-0.054654
THAIZ_BODY_PLY,L_facial_local_BLS,l_down_mouth_bls,996,0.128366,9.2e-05,-0.105272
THAIZ_BODY_PLY,L_facial_local_BLS,l_down_mouth_bls,997,0.223551,-0.058348,-0.150527
THAIZ_BODY_PLY,L_facial_local_BLS,l_down_mouth_bls,998,0.358979,-0.107539,-0.197177
THAIZ_BODY_PLY,L_facial_local_BLS,l_down_mouth_bls,999,0.438732,-0.091645,-0.222543
THAIZ_BODY_PLY,L_facial_local_BLS,l_down_mouth_bls,1000,0.382077,-0.056704,-0.182463
THAIZ_BODY_PLY,L_facial_local_BLS,l_down_mouth_bls,1001,0.213529,-0.058903,-0.064923
THAIZ_BODY_PLY,L_facial_local_BLS,l_down_mouth_bls,1003,-0.279963,-0.141399,0.18099
THAIZ_BODY_PLY,L_facial_local_BLS,l_down_mouth_bls,1004,-0.284174,-0.248237,0.0173
THAIZ_BODY_PLY,L_facial_local_BLS,l_down_mouth_bls,1005,-0.07168,-0.235271,-0.09188
THAIZ_BODY_PLY,L_facial_local_BLS,l_down_mouth_bls,1006,0.038881,-0.227565,-0.166346
THAIZ_BODY_PLY,L_facial_local_BLS,l_down_mouth_bls,1007,0.003393,-0.102489,-0.094516
THAIZ_BODY_PLY,L_facial_local_BLS,l_down_mouth_bls,1009,-0.001797,-0.005153,-0.001964
THAIZ_BODY_PLY,L_facial_local_BLS,l_down_mouth_bls,1010,-0.000719,-0.003263,-0.00093
THAIZ_BODY_PLY,L_facial_local_BLS,l_down_mouth_bls,1011,-0.00025,-0.00128,-0.00034
THAIZ_BODY_PLY,L_facial_local_BLS,l_down_mouth_bls,1012,-5.4e-05,-0.000252,-6.3e-05
THAIZ_BODY_PLY,L_facial_local_BLS,l_down_mouth_bls,1013,0.053552,-0.151116,-0.134627
THAIZ_BODY_PLY,L_facial_local_BLS,l_down_mouth_bls,1014,0.123933,-0.114363,-0.180024
THAIZ_BODY_PLY,L_facial_local_BLS,l_down_mouth_bls,1015,0.064064,-0.084008,-0.163155
THAIZ_BODY_PLY,L_facial_local_BLS,l_down_mouth_bls,1016,0.010684,-0.041928,-0.085708
THAIZ_BODY_PLY,L_facial_local_BLS,l_down_mouth_bls,1017,-0.013729,-0.022796,-0.016998
THAIZ_BODY_PLY,L_facial_local_BLS,l_down_mouth_bls,1018,-0.011618,-0.021747,-0.007099
THAIZ_BODY_PLY,L_facial_local_BLS,l_down_mouth_bls,1019,-0.006954,-0.016895,-0.004969
THAIZ_BODY_PLY,L_facial_local_BLS,l_down_mouth_bls,1020,-0.004004,-0.013247,-0.003538
THAIZ_BODY_PLY,L_facial_local_BLS,l_down_mouth_bls,1021,-0.036371,0.064871,0.009339
THAIZ_BODY_PLY,L_facial_local_BLS,l_down_mouth_bls,1022,-0.019969,0.069844,-0.003207
THAIZ_BODY_PLY,L_facial_local_BLS,l_down_mouth_bls,1023,0.020663,0.053345,-0.078258
THAIZ_BODY_PLY,L_facial_local_BLS,l_down_mouth_bls,1024,0.080167,0.049293,-0.122749
THAIZ_BODY_PLY,L_facial_local_BLS,l_down_mouth_bls,1025,0.186179,0.04396,-0.120502
THAIZ_BODY_PLY,L_facial_local_BLS,l_down_mouth_bls,1026,0.341679,0.072272,-0.151216
THAIZ_BODY_PLY,L_facial_local_BLS,l_down_mouth_bls,1027,0.336098,-0.00374,-0.148764
THAIZ_BODY_PLY,L_facial_local_BLS,l_down_mouth_bls,1031,-0.07142,-0.180503,-0.071475
THAIZ_BODY_PLY,L_facial_local_BLS,l_down_mouth_bls,1032,-0.068363,0.22504,0.011289
THAIZ_BODY_PLY,L_facial_local_BLS,l_down_mouth_bls,1035,0.034226,-0.221638,-0.131902
THAIZ_BODY_PLY,L_facial_local_BLS,l_down_mouth_bls,1036,0.056499,-0.44891,-0.189768
THAIZ_BODY_PLY,L_facial_local_BLS,l_down_mouth_bls,1037,0.061383,-0.598427,-0.219386
THAIZ_BODY_PLY,L_facial_local_BLS,l_down_mouth_bls,1038,0.109313,-0.596415,-0.230646
THAIZ_BODY_PLY,L_facial_local_BLS,l_down_mouth_bls,1039,0.143938,-0.467054,-0.207682
THAIZ_BODY_PLY,L_facial_local_BLS,l_down_mouth_bls,1040,0.153335,-0.367191,-0.181814
THAIZ_BODY_PLY,L_facial_local_BLS,l_down_mouth_bls,1041,0.133544,-0.311525,-0.144041
THAIZ_BODY_PLY,L_facial_local_BLS,l_down_mouth_bls,1051,0.008739,0.004212,-0.000881
THAIZ_BODY_PLY,L_facial_local_BLS,l_down_mouth_bls,1052,0.069667,0.005866,-0.033133
THAIZ_BODY_PLY,L_facial_local_BLS,l_down_mouth_bls,1053,0.031487,0.01604,-0.055751
THAIZ_BODY_PLY,L_facial_local_BLS,l_down_mouth_bls,1054,-0.02239,0.126905,-0.018262
THAIZ_BODY_PLY,L_facial_local_BLS,l_down_mouth_bls,1062,0.054069,-0.153487,-0.106446
THAIZ_BODY_PLY,L_facial_local_BLS,l_down_mouth_bls,1063,0.019618,-0.019922,-0.079143
THAIZ_BODY_PLY,L_facial_local_BLS,l_down_mouth_bls,1064,0.001501,2.8e-05,-0.0391
THAIZ_BODY_PLY,L_facial_local_BLS,l_down_mouth_bls,1065,0.059121,-0.185278,-0.062312
THAIZ_BODY_PLY,L_facial_local_BLS,l_down_mouth_bls,1066,0.037111,-0.038048,0.010049
THAIZ_BODY_PLY,L_facial_local_BLS,l_down_mouth_bls,1067,-0.027115,0.038726,0.009299
THAIZ_BODY_PLY,L_facial_local_BLS,l_down_mouth_bls,1068,-0.024356,0.072986,0.004781
THAIZ_BODY_PLY,L_facial_local_BLS,l_down_mouth_bls,1069,0.016175,0.078325,0.047313
THAIZ_BODY_PLY,L_facial_local_BLS,l_down_mouth_bls,1073,0.000186,0.000249,-0.000123
THAIZ_BODY_PLY,L_facial_local_BLS,l_down_mouth_bls,1100,-0.000355,-0.001744,-0.000417
THAIZ_BODY_PLY,L_facial_local_BLS,l_down_mouth_bls,1101,-0.006955,-0.021411,-0.005338
THAIZ_BODY_PLY,L_facial_local_BLS,l_down_mouth_bls,1106,0.028099,0.062455,0.011004
THAIZ_BODY_PLY,L_facial_local_BLS,l_down_mouth_bls,1108,-0.00204,-0.008937,-0.002158
THAIZ_BODY_PLY,L_facial_local_BLS,l_down_mouth_bls,1109,0.069002,-0.252857,-0.10367
THAIZ_BODY_PLY,L_facial_local_BLS,l_down_mouth_bls,1112,-0.009504,0.06518,-0.003492
THAIZ_BODY_PLY,L_facial_local_BLS,l_down_mouth_bls,1113,-0.034826,0.059275,0.011445
THAIZ_BODY_PLY,L_facial_local_BLS,l_down_mouth_bls,1291,-3e-06,-4.4e-05,-1.2e-05
THAIZ_BODY_PLY,L_facial_local_BLS,l_down_mouth_bls,1292,-0.000177,-0.002443,-0.000665
THAIZ_BODY_PLY,L_facial_local_BLS,l_down_mouth_bls,1293,-0.000789,-0.016908,-0.003965
THAIZ_BODY_PLY,L_facial_local_BLS,l_down_mouth_bls,1294,-0.00048,-0.038976,-0.00768
THAIZ_BODY_PLY,L_facial_local_BLS,l_down_mouth_bls,1295,-3.9e-05,-0.056249,-0.011582
THAIZ_BODY_PLY,L_facial_local_BLS,l_down_mouth_bls,1296,0.00066,-0.046337,-0.011317
THAIZ_BODY_PLY,L_facial_local_BLS,l_down_mouth_bls,1297,0.000421,-0.02852,-0.008471
THAIZ_BODY_PLY,L_facial_local_BLS,l_down_mouth_bls,1298,-9.7e-05,-0.013059,-0.005062
THAIZ_BODY_PLY,L_facial_local_BLS,l_down_mouth_bls,1299,-0.00023,-0.004384,-0.002436
THAIZ_BODY_PLY,L_facial_local_BLS,l_down_mouth_bls,1300,-3.3e-05,-0.001371,-0.000803
THAIZ_BODY_PLY,L_facial_local_BLS,l_down_mouth_bls,1301,4e-06,-0.000257,-0.00012
THAIZ_BODY_PLY,L_facial_local_BLS,l_down_mouth_bls,1302,0.0,-1.2e-05,-5e-06
THAIZ_BODY_PLY,L_facial_local_BLS,l_down_mouth_bls,1320,0.060564,0.005371,-0.01801
THAIZ_BODY_PLY,L_facial_local_BLS,l_down_mouth_bls,1321,0.049442,0.19984,-0.015497
THAIZ_BODY_PLY,L_facial_local_BLS,l_down_mouth_bls,1322,0.105563,-0.083672,-0.086106
THAIZ_BODY_PLY,L_facial_local_BLS,l_down_mouth_bls,1323,0.028893,-0.087958,-0.037981
THAIZ_BODY_PLY,L_facial_local_BLS,l_down_mouth_bls,1324,0.022805,-0.067825,-0.023727
THAIZ_BODY_PLY,L_facial_local_BLS,l_down_mouth_bls,1325,0.039537,-0.021039,-0.008671
THAIZ_BODY_PLY,L_facial_local_BLS,l_down_mouth_bls,1326,0.0009,-0.00025,0.00013
THAIZ_BODY_PLY,L_facial_local_BLS,l_down_mouth_bls,1333,-0.000293,-0.00017,6e-06
THAIZ_BODY_PLY,L_facial_local_BLS,l_down_mouth_bls,1334,-0.000465,0.000496,0.000441
THAIZ_BODY_PLY,L_facial_local_BLS,l_down_mouth_bls,1345,0.020611,0.080839,0.002713
THAIZ_BODY_PLY,L_facial_local_BLS,l_down_mouth_bls,1346,0.048842,0.056029,-0.024254
THAIZ_BODY_PLY,L_facial_local_BLS,l_down_mouth_bls,1347,0.102274,-0.032068,-0.067938
THAIZ_BODY_PLY,L_facial_local_BLS,l_down_mouth_bls,1348,0.184936,-0.158888,-0.129612
THAIZ_BODY_PLY,L_facial_local_BLS,l_down_mouth_bls,1349,0.271846,-0.298589,-0.193192
THAIZ_BODY_PLY,L_facial_local_BLS,l_down_mouth_bls,1350,0.365493,-0.388449,-0.252814
THAIZ_BODY_PLY,L_facial_local_BLS,l_down_mouth_bls,1351,0.402095,-0.384632,-0.259802
THAIZ_BODY_PLY,L_facial_local_BLS,l_down_mouth_bls,1352,0.37578,-0.319075,-0.204429
THAIZ_BODY_PLY,L_facial_local_BLS,l_down_mouth_bls,1353,0.16123,-0.288571,-0.034654
THAIZ_BODY_PLY,L_facial_local_BLS,l_down_mouth_bls,1354,-0.109456,-0.220295,0.196429
THAIZ_BODY_PLY,L_facial_local_BLS,l_down_mouth_bls,1355,-0.373118,-0.119055,0.2596
THAIZ_BODY_PLY,L_facial_local_BLS,l_down_mouth_bls,1356,-0.385963,-0.132471,0.138663
THAIZ_BODY_PLY,L_facial_local_BLS,l_down_mouth_bls,1357,-0.152298,-0.13747,0.008595
THAIZ_BODY_PLY,L_facial_local_BLS,l_down_mouth_bls,1358,0.038377,-0.124339,-0.028957
THAIZ_BODY_PLY,L_facial_local_BLS,l_down_mouth_bls,1361,0.00419,-0.009983,-0.007158
THAIZ_BODY_PLY,L_facial_local_BLS,l_down_mouth_bls,1362,2.8e-05,-2.7e-05,-1.3e-05
THAIZ_BODY_PLY,L_facial_local_BLS,l_down_mouth_bls,1426,-0.009623,0.068092,-0.000876
THAIZ_BODY_PLY,L_facial_local_BLS,l_down_mouth_bls,1427,0.013587,0.073628,-0.020041
THAIZ_BODY_PLY,L_facial_local_BLS,l_down_mouth_bls,1428,0.063604,0.022176,-0.056833
THAIZ_BODY_PLY,L_facial_local_BLS,l_down_mouth_bls,1429,0.157488,-0.060409,-0.115671
THAIZ_BODY_PLY,L_facial_local_BLS,l_down_mouth_bls,1430,0.252775,-0.168695,-0.16871
THAIZ_BODY_PLY,L_facial_local_BLS,l_down_mouth_bls,1431,0.40199,-0.254055,-0.245017
THAIZ_BODY_PLY,L_facial_local_BLS,l_down_mouth_bls,1432,0.452077,-0.224564,-0.25152
THAIZ_BODY_PLY,L_facial_local_BLS,l_down_mouth_bls,1433,0.418154,-0.122243,-0.199579
THAIZ_BODY_PLY,L_facial_local_BLS,l_down_mouth_bls,1434,0.207908,-0.166402,-0.06593
THAIZ_BODY_PLY,L_facial_local_BLS,l_down_mouth_bls,1435,-0.112171,-0.172365,0.194271
THAIZ_BODY_PLY,L_facial_local_BLS,l_down_mouth_bls,1436,-0.350807,-0.173521,0.237334
THAIZ_BODY_PLY,L_facial_local_BLS,l_down_mouth_bls,1437,-0.369547,-0.240414,0.082091
THAIZ_BODY_PLY,L_facial_local_BLS,l_down_mouth_bls,1438,-0.115657,-0.229419,-0.051055
THAIZ_BODY_PLY,L_facial_local_BLS,l_down_mouth_bls,1439,0.003013,-0.2045,-0.103204
THAIZ_BODY_PLY,L_facial_local_BLS,l_down_mouth_bls,1442,0.002676,-0.011823,-0.003243
THAIZ_BODY_PLY,L_facial_local_BLS,l_down_mouth_bls,1443,1.9e-05,-0.000131,-3.5e-05
THAIZ_BODY_PLY,L_facial_local_BLS,l_down_mouth_bls,1447,0.015906,-0.119282,-0.079335
THAIZ_BODY_PLY,L_facial_local_BLS,l_down_mouth_bls,1448,0.004747,0.00708,-0.048856
THAIZ_BODY_PLY,L_facial_local_BLS,l_down_mouth_bls,1449,1.7e-05,0.007634,-0.015197
THAIZ_BODY_PLY,L_facial_local_BLS,l_down_mouth_bls,1450,0.014479,-0.211538,-0.076109
THAIZ_BODY_PLY,L_facial_local_BLS,l_down_mouth_bls,1451,-0.004906,0.002213,0.04468
THAIZ_BODY_PLY,L_facial_local_BLS,l_down_mouth_bls,1452,0.00972,-0.154149,-0.038086
THAIZ_BODY_PLY,L_facial_local_BLS,l_down_mouth_bls,1455,0.009839,0.076881,0.027894
THAIZ_BODY_PLY,L_facial_local_BLS,l_down_mouth_bls,1457,-0.0,5e-06,-2e-06
THAIZ_BODY_PLY,L_facial_local_BLS,l_down_mouth_bls,1476,-0.000969,-0.004367,-0.000965
THAIZ_BODY_PLY,L_facial_local_BLS,l_down_mouth_bls,1477,-0.003707,-0.014332,-0.003214
THAIZ_BODY_PLY,L_facial_local_BLS,l_down_mouth_bls,1486,-6.6e-05,-0.0003,-6.6e-05
THAIZ_BODY_PLY,L_facial_local_BLS,l_down_mouth_bls,1488,-0.015349,0.043616,0.004575
THAIZ_BODY_PLY,L_facial_local_BLS,l_down_mouth_bls,1489,-0.025326,0.04719,0.009787
THAIZ_BODY_PLY,L_facial_local_BLS,l_down_mouth_bls,1490,-0.021585,0.05673,0.007754
THAIZ_BODY_PLY,L_facial_local_BLS,l_down_mouth_bls,1493,-0.016773,0.028994,0.006193
THAIZ_BODY_PLY,L_facial_local_BLS,l_down_mouth_bls,1494,-0.025075,0.10912,0.083164
THAIZ_BODY_PLY,L_facial_local_BLS,l_down_mouth_bls,1513,0.010994,0.075198,0.014064
THAIZ_BODY_PLY,L_facial_local_BLS,l_down_mouth_bls,1514,-0.019264,0.055631,0.009928
THAIZ_BODY_PLY,L_facial_local_BLS,l_down_mouth_bls,6929,-0.021288,-0.043643,-0.012341
THAIZ_BODY_PLY,L_facial_local_BLS,l_down_mouth_bls,6930,-0.030219,-0.045904,-0.015021
THAIZ_BODY_PLY,L_facial_local_BLS,l_down_mouth_bls,6931,-0.031762,-0.022447,-0.016619
THAIZ_BODY_PLY,L_facial_local_BLS,l_down_mouth_bls,6932,-0.006294,0.073246,-0.039583
THAIZ_BODY_PLY,L_facial_local_BLS,l_down_mouth_bls,6933,0.052117,0.136226,-0.071542
THAIZ_BODY_PLY,L_facial_local_BLS,l_down_mouth_bls,6934,0.144631,0.1392,-0.081468
THAIZ_BODY_PLY,L_facial_local_BLS,l_down_mouth_bls,6935,0.226093,0.088205,-0.059752
THAIZ_BODY_PLY,L_facial_local_BLS,l_down_mouth_bls,6936,0.235287,-0.087155,-0.090101
THAIZ_BODY_PLY,L_facial_local_BLS,l_down_mouth_bls,6941,0.351781,-0.051329,-0.145803
THAIZ_BODY_PLY,L_facial_local_BLS,l_down_mouth_bls,6942,0.211273,0.187637,-0.056511
THAIZ_BODY_PLY,L_facial_local_BLS,l_down_mouth_bls,6943,0.094355,0.055323,-0.081373
THAIZ_BODY_PLY,L_facial_local_BLS,l_down_mouth_bls,6944,0.006287,0.013525,-0.045045
THAIZ_BODY_PLY,L_facial_local_BLS,l_down_mouth_bls,6945,-0.043957,0.032905,0.00736
THAIZ_BODY_PLY,L_facial_local_BLS,l_down_mouth_bls,6946,-0.038954,0.030913,0.009518
THAIZ_BODY_PLY,L_facial_local_BLS,l_down_mouth_bls,6947,-0.028933,0.03062,0.008302
THAIZ_BODY_PLY,L_facial_local_BLS,l_down_mouth_bls,6948,-0.020089,0.025849,0.006209
THAIZ_BODY_PLY,L_facial_local_BLS,l_down_mouth_bls,6949,-0.013724,-0.035252,-0.008982
THAIZ_BODY_PLY,L_facial_local_BLS,l_down_mouth_bls,6950,-0.012524,0.019906,0.004237
THAIZ_BODY_PLY,L_facial_local_BLS,l_down_mouth_bls,6951,-0.007998,-0.02559,-0.005859
THAIZ_BODY_PLY,L_facial_local_BLS,l_down_mouth_bls,7463,-0.002075,-0.008432,-0.001723
THAIZ_BODY_PLY,L_facial_local_BLS,l_down_mouth_bls,7464,-0.000632,-0.002282,-0.000432
THAIZ_BODY_PLY,L_facial_local_BLS,l_down_mouth_bls,7480,-0.000368,0.003026,0.000445
THAIZ_BODY_PLY,L_facial_local_BLS,l_down_mouth_bls,7481,-0.003004,0.010567,0.001631
THAIZ_BODY_PLY,L_facial_local_BLS,l_down_mouth_bls,7482,-0.008091,0.018298,0.003073
THAIZ_BODY_PLY,L_facial_local_BLS,l_down_mouth_bls,7483,-0.014427,0.025543,0.004769
THAIZ_BODY_PLY,L_facial_local_BLS,l_down_mouth_bls,7500,-9e-06,9.9e-05,1.3e-05
THAIZ_BODY_PLY,L_facial_local_BLS,l_down_mouth_bls,7501,-0.001836,0.010353,0.00145
THAIZ_BODY_PLY,L_facial_local_BLS,l_down_mouth_bls,7502,-0.011383,0.048562,0.007814
THAIZ_BODY_PLY,L_facial_local_BLS,l_down_mouth_bls,7503,-0.02993,0.093741,0.017411
THAIZ_BODY_PLY,L_facial_local_BLS,l_down_mouth_bls,7504,-0.051299,0.123565,0.025651
THAIZ_BODY_PLY,L_facial_local_BLS,l_down_mouth_bls,7522,-0.000365,0.002991,0.000427
THAIZ_BODY_PLY,L_facial_local_BLS,l_down_mouth_bls,7523,-0.008044,0.035829,0.00524
THAIZ_BODY_PLY,L_facial_local_BLS,l_down_mouth_bls,7524,-0.028861,0.108859,0.01861
THAIZ_BODY_PLY,L_facial_local_BLS,l_down_mouth_bls,7525,-0.093933,0.212511,-0.005457
THAIZ_BODY_PLY,L_facial_local_BLS,l_down_mouth_bls,7545,-1e-06,8e-06,2e-06
THAIZ_BODY_PLY,L_facial_local_BLS,l_down_mouth_bls,7546,-0.001726,0.000441,-3.5e-05
THAIZ_BODY_PLY,L_facial_local_BLS,l_down_mouth_bls,7583,-8.5e-05,0.00064,-0.000548
THAIZ_BODY_PLY,L_facial_local_BLS,l_down_mouth_bls,7584,-0.000476,0.00133,-0.001233
THAIZ_BODY_PLY,L_facial_local_BLS,l_down_mouth_bls,7585,-0.001383,0.001581,-0.001744
THAIZ_BODY_PLY,L_facial_local_BLS,l_down_mouth_bls,7586,-0.000756,0.001115,-0.001252
THAIZ_BODY_PLY,L_facial_local_BLS,l_down_mouth_bls,7587,-8.4e-05,0.000101,-0.00012
THAIZ_BODY_PLY,L_facial_local_BLS,l_down_mouth_bls,7621,-5e-06,8.8e-05,-7.2e-05
THAIZ_BODY_PLY,L_facial_local_BLS,l_down_mouth_bls,7681,0.000584,-0.0008,0.000299
THAIZ_BODY_PLY,L_facial_local_BLS,l_down_mouth_bls,7682,0.000349,-0.00033,0.000182
THAIZ_BODY_PLY,L_facial_local_BLS,l_down_mouth_bls,7736,-0.00076,0.000549,-0.006532
THAIZ_BODY_PLY,L_facial_local_BLS,l_down_mouth_bls,7737,-0.00321,0.000235,-0.012139
THAIZ_BODY_PLY,L_facial_local_BLS,l_down_mouth_bls,7738,-0.009662,-0.00152,-0.016954
THAIZ_BODY_PLY,L_facial_local_BLS,l_down_mouth_bls,7739,-0.017795,-0.005215,-0.018781
THAIZ_BODY_PLY,L_facial_local_BLS,l_down_mouth_bls,7740,-0.0114,-0.004968,-0.015265
THAIZ_BODY_PLY,L_facial_local_BLS,l_down_mouth_bls,7741,-0.005646,-0.002504,-0.009152
THAIZ_BODY_PLY,L_facial_local_BLS,l_down_mouth_bls,7742,-0.000762,-0.000298,-0.00116
THAIZ_BODY_PLY,L_facial_local_BLS,l_down_mouth_bls,7796,-0.000227,0.001541,0.000223
THAIZ_BODY_PLY,L_facial_local_BLS,l_down_mouth_bls,7797,-0.00442,0.008041,0.001097
THAIZ_BODY_PLY,L_facial_local_BLS,l_down_mouth_bls,7798,-0.014705,0.020844,0.003007
THAIZ_BODY_PLY,L_facial_local_BLS,l_down_mouth_bls,7932,-0.0107,-0.012875,-0.013788
THAIZ_BODY_PLY,L_facial_local_BLS,l_down_mouth_bls,7934,-0.028136,-0.059329,-0.035642
THAIZ_BODY_PLY,L_facial_local_BLS,l_down_mouth_bls,8028,-7.3e-05,-0.000233,-4.2e-05
THAIZ_BODY_PLY,L_facial_local_BLS,l_down_mouth_bls,8029,-0.000699,-0.002524,-0.000478
THAIZ_BODY_PLY,L_facial_local_BLS,l_down_mouth_bls,8030,-0.057837,-0.130774,-0.050255
THAIZ_BODY_PLY,L_facial_local_BLS,l_down_mouth_bls,8031,-0.022915,-0.0879,-0.050126
THAIZ_BODY_PLY,L_facial_local_BLS,l_down_mouth_bls,8032,-0.000669,-0.001985,-0.001559
THAIZ_BODY_PLY,L_facial_local_BLS,l_down_mouth_bls,8043,-0.064241,0.025274,0.061723
THAIZ_BODY_PLY,L_facial_local_BLS,l_down_mouth_bls,8044,-0.017288,0.00526,0.022627
THAIZ_BODY_PLY,L_facial_local_BLS,l_down_mouth_bls,8045,6e-05,0.000272,0.001351
THAIZ_BODY_PLY,L_facial_local_BLS,l_down_mouth_bls,8047,-0.003324,0.011366,0.001989
THAIZ_BODY_PLY,L_facial_local_BLS,l_down_mouth_bls,8048,-0.000605,0.0037,0.000597
THAIZ_BODY_PLY,L_facial_local_BLS,l_down_mouth_bls,8049,-3e-06,2.3e-05,4e-06
THAIZ_BODY_PLY,L_facial_local_BLS,l_down_mouth_bls,8088,-0.006823,0.023364,0.004292
THAIZ_BODY_PLY,L_facial_local_BLS,l_down_mouth_bls,8089,-0.000866,0.005275,0.00085
THAIZ_BODY_PLY,L_facial_local_BLS,l_down_mouth_bls,8119,-0.000243,7e-05,-0.000291
THAIZ_BODY_PLY,L_facial_local_BLS,l_down_mouth_bls,8120,-0.01122,0.018604,0.005949
THAIZ_BODY_PLY,L_facial_local_BLS,l_down_mouth_bls,8121,-0.063791,0.078133,0.060644
THAIZ_BODY_PLY,L_facial_local_BLS,l_down_mouth_bls,8225,-0.000537,0.000489,-0.000952
THAIZ_BODY_PLY,L_facial_local_BLS,l_down_mouth_bls,8385,-0.002423,0.01137,-0.000372
THAIZ_BODY_PLY,L_facial_local_BLS,l_down_mouth_bls,8386,-0.010423,0.052346,0.000272
THAIZ_BODY_PLY,L_facial_local_BLS,l_down_mouth_bls,8423,-0.009359,0.029258,0.005582
THAIZ_BODY_PLY,L_facial_local_BLS,l_down_mouth_bls,8424,-0.001448,0.006991,0.00091
THAIZ_BODY_PLY,L_facial_local_BLS,l_down_mouth_bls,8449,-2.2e-05,-8.1e-05,-1.5e-05
THAIZ_BODY_PLY,L_facial_local_BLS,l_down_mouth_bls,8450,-0.004989,0.017205,0.003015
THAIZ_BODY_PLY,L_facial_local_BLS,l_down_mouth_bls,8451,-0.000818,0.004999,0.000805
THAIZ_BODY_PLY,L_facial_local_BLS,l_down_mouth_bls,8468,-0.001288,-0.001224,-0.00116
THAIZ_BODY_PLY,L_facial_local_BLS,l_down_mouth_bls,8469,-0.039377,-0.0674,-0.038149
THAIZ_BODY_PLY,L_facial_local_BLS,l_down_mouth_bls,8470,-0.061052,-0.127757,-0.051731
THAIZ_BODY_PLY,L_facial_local_BLS,l_down_mouth_bls,8491,-0.009759,-0.089024,-0.053476
THAIZ_BODY_PLY,L_facial_local_BLS,l_down_mouth_bls,8492,0.001804,0.005141,-0.009811
THAIZ_BODY_PLY,L_facial_local_BLS,l_down_mouth_bls,8493,4e-06,1e-05,-2.7e-05
THAIZ_BODY_PLY,L_facial_local_BLS,l_down_mouth_bls,8494,-0.027529,-0.154785,-0.038864
THAIZ_BODY_PLY,L_facial_local_BLS,l_down_mouth_bls,8495,-0.04476,0.027286,0.094107
THAIZ_BODY_PLY,L_facial_local_BLS,l_down_mouth_bls,8496,-0.008661,0.019646,0.003765
THAIZ_BODY_PLY,L_facial_local_BLS,l_down_mouth_bls,8497,-0.014691,0.041299,0.006764
THAIZ_BODY_PLY,L_facial_local_BLS,l_down_mouth_bls,8498,-0.051212,0.114989,0.11662
THAIZ_BODY_PLY,L_facial_local_BLS,l_down_mouth_bls,8530,-0.00183,-0.007436,-0.00152
THAIZ_BODY_PLY,L_facial_local_BLS,l_down_mouth_bls,8535,-0.024741,0.076792,0.030625
THAIZ_BODY_PLY,L_facial_local_BLS,l_down_mouth_bls,8537,-0.000333,-0.001353,-0.000277
THAIZ_BODY_PLY,L_facial_local_BLS,l_down_mouth_bls,8538,-0.027933,-0.169624,-0.057687
THAIZ_BODY_PLY,L_facial_local_BLS,l_down_mouth_bls,8541,-0.015731,0.038493,0.007177
THAIZ_BODY_PLY,L_facial_local_BLS,l_down_mouth_bls,8542,-0.01327,0.030979,0.006121
THAIZ_BODY_PLY,L_facial_local_BLS,l_down_mouth_bls,8774,-0.020027,0.067419,0.013065
THAIZ_BODY_PLY,L_facial_local_BLS,l_down_mouth_bls,8775,-0.010165,0.048951,0.00388
THAIZ_BODY_PLY,L_facial_local_BLS,l_down_mouth_bls,8776,-0.002241,0.010797,-0.000254
THAIZ_BODY_PLY,L_facial_local_BLS,l_down_mouth_bls,8855,-0.022057,0.054446,0.01236
THAIZ_BODY_PLY,L_facial_local_BLS,l_down_mouth_bls,8856,-0.010527,0.040789,0.005704
THAIZ_BODY_PLY,L_facial_local_BLS,l_down_mouth_bls,8857,-0.002204,0.00986,0.000324
THAIZ_BODY_PLY,L_facial_local_BLS,l_down_mouth_bls,14176,-0.001928,-0.006966,-0.001318
THAIZ_BODY_PLY,L_facial_local_BLS,l_down_mouth_bls,14177,-0.000422,-0.001362,-0.000239
THAIZ_BODY_PLY,L_facial_local_BLS,l_down_mouth_bls,14192,-2e-05,0.000166,2.4e-05
THAIZ_BODY_PLY,L_facial_local_BLS,l_down_mouth_bls,14193,-0.000605,0.00364,0.000587
THAIZ_BODY_PLY,L_facial_local_BLS,l_down_mouth_bls,14194,-0.002824,0.009097,0.001584
THAIZ_BODY_PLY,L_facial_local_BLS,l_down_mouth_bls,14195,-0.006756,0.014461,0.002758
THAIZ_BODY_PLY,L_facial_local_BLS,l_down_mouth_bls,14196,-0.00419,-0.015668,-0.003234
THAIZ_BODY_PLY,L_facial_local_BLS,l_down_mouth_bls,552,0.062748,-0.198078,-0.020671
THAIZ_BODY_PLY,L_facial_local_BLS,l_down_mouth_bls,554,0.169252,-0.155585,-0.041318
THAIZ_BODY_PLY,L_facial_local_BLS,l_down_mouth_bls,605,0.300489,-0.09023,-0.106374
THAIZ_BODY_PLY,L_facial_local_BLS,l_down_mouth_bls,665,0.205628,-0.014262,-0.058522
THAIZ_BODY_PLY,L_facial_local_BLS,l_down_mouth_bls,666,-0.094876,-0.094607,0.140927
THAIZ_BODY_PLY,L_facial_local_BLS,l_down_mouth_bls,667,-0.214111,-0.128444,0.129654
THAIZ_BODY_PLY,L_facial_local_BLS,l_down_mouth_bls,1002,-0.098632,-0.114051,0.167201
THAIZ_BODY_PLY,L_facial_local_BLS,l_down_mouth_bls,1028,0.243765,-0.045759,-0.080629
THAIZ_BODY_PLY,L_facial_local_BLS,l_down_mouth_bls,1029,0.004728,-0.119422,0.053437
THAIZ_BODY_PLY,L_facial_local_BLS,l_down_mouth_bls,1030,-0.09307,-0.164909,0.049591
THAIZ_BODY_PLY,L_facial_local_BLS,l_down_mouth_bls,1033,-0.055622,0.233156,-0.003715
THAIZ_BODY_PLY,L_facial_local_BLS,l_down_mouth_bls,1034,-0.017201,0.009262,-0.061319
THAIZ_BODY_PLY,L_facial_local_BLS,l_down_mouth_bls,6937,0.217885,-0.249984,-0.093864
THAIZ_BODY_PLY,L_facial_local_BLS,l_down_mouth_bls,6938,0.182932,-0.231243,-0.055285
THAIZ_BODY_PLY,L_facial_local_BLS,l_down_mouth_bls,6939,0.284142,-0.181685,-0.086228
THAIZ_BODY_PLY,L_facial_local_BLS,l_down_mouth_bls,6940,0.367977,-0.123503,-0.125551
THAIZ_BODY_PLY,L_facial_local_BLS,L_body_correctivess_bls,11,0.00585,-0.000889,-0.00561
THAIZ_BODY_PLY,L_facial_local_BLS,L_body_correctivess_bls,12,0.040764,-0.031463,-0.026834
THAIZ_BODY_PLY,L_facial_local_BLS,L_body_correctivess_bls,13,0.037312,-0.037127,-0.017049
THAIZ_BODY_PLY,L_facial_local_BLS,L_body_correctivess_bls,14,0.015773,-0.012768,-0.013799
THAIZ_BODY_PLY,L_facial_local_BLS,L_body_correctivess_bls,15,0.000257,-0.000262,-0.000182
THAIZ_BODY_PLY,L_facial_local_BLS,L_body_correctivess_bls,406,-0.012083,0.000363,-0.027997
THAIZ_BODY_PLY,L_facial_local_BLS,L_body_correctivess_bls,407,0.060519,0.257355,-0.10696
THAIZ_BODY_PLY,L_facial_local_BLS,L_body_correctivess_bls,432,0.079439,0.055773,-0.049159
THAIZ_BODY_PLY,L_facial_local_BLS,L_body_correctivess_bls,434,0.001183,0.001177,-0.002105
THAIZ_BODY_PLY,L_facial_local_BLS,L_body_correctivess_bls,436,9.1e-05,5.2e-05,-0.000173
THAIZ_BODY_PLY,L_facial_local_BLS,L_body_correctivess_bls,440,0.001909,0.00027,-0.000492
THAIZ_BODY_PLY,L_facial_local_BLS,L_body_correctivess_bls,441,1e-05,5e-06,-5e-06
THAIZ_BODY_PLY,L_facial_local_BLS,L_body_correctivess_bls,524,-2e-06,-9e-06,-2e-06
THAIZ_BODY_PLY,L_facial_local_BLS,L_body_correctivess_bls,549,-0.000774,0.000961,0.000137
THAIZ_BODY_PLY,L_facial_local_BLS,L_body_correctivess_bls,551,-0.058438,0.021252,0.016263
THAIZ_BODY_PLY,L_facial_local_BLS,L_body_correctivess_bls,552,-0.032846,0.011119,0.021932
THAIZ_BODY_PLY,L_facial_local_BLS,L_body_correctivess_bls,554,-0.047435,-0.000398,0.018291
THAIZ_BODY_PLY,L_facial_local_BLS,L_body_correctivess_bls,570,7e-05,1.7e-05,-0.000171
THAIZ_BODY_PLY,L_facial_local_BLS,L_body_correctivess_bls,571,0.001548,0.000906,-0.002326
THAIZ_BODY_PLY,L_facial_local_BLS,L_body_correctivess_bls,572,0.035716,0.033154,-0.033361
THAIZ_BODY_PLY,L_facial_local_BLS,L_body_correctivess_bls,573,0.017289,0.040602,-0.015007
THAIZ_BODY_PLY,L_facial_local_BLS,L_body_correctivess_bls,605,-0.019089,-0.013576,0.000123
THAIZ_BODY_PLY,L_facial_local_BLS,L_body_correctivess_bls,609,-0.013275,-0.006413,0.009772
THAIZ_BODY_PLY,L_facial_local_BLS,L_body_correctivess_bls,617,0.003388,-0.017085,-0.005904
THAIZ_BODY_PLY,L_facial_local_BLS,L_body_correctivess_bls,621,0.004523,-0.011011,-0.014687
THAIZ_BODY_PLY,L_facial_local_BLS,L_body_correctivess_bls,662,-0.017023,-0.008391,-0.008547
THAIZ_BODY_PLY,L_facial_local_BLS,L_body_correctivess_bls,663,0.00156,0.004897,0.036997
THAIZ_BODY_PLY,L_facial_local_BLS,L_body_correctivess_bls,664,-0.006314,0.016029,0.055313
THAIZ_BODY_PLY,L_facial_local_BLS,L_body_correctivess_bls,665,-0.014947,0.011278,0.011123
THAIZ_BODY_PLY,L_facial_local_BLS,L_body_correctivess_bls,667,-0.000184,3.4e-05,0.000158
THAIZ_BODY_PLY,L_facial_local_BLS,L_body_correctivess_bls,855,-0.028647,-0.006918,-0.028901
THAIZ_BODY_PLY,L_facial_local_BLS,L_body_correctivess_bls,856,0.05634,0.080888,-0.083137
THAIZ_BODY_PLY,L_facial_local_BLS,L_body_correctivess_bls,959,-0.003583,0.000159,-0.005652
THAIZ_BODY_PLY,L_facial_local_BLS,L_body_correctivess_bls,997,-0.001694,-0.000556,-0.001523
THAIZ_BODY_PLY,L_facial_local_BLS,L_body_correctivess_bls,998,-0.007757,-0.006842,-0.003341
THAIZ_BODY_PLY,L_facial_local_BLS,L_body_correctivess_bls,999,0.010878,0.00644,0.019884
THAIZ_BODY_PLY,L_facial_local_BLS,L_body_correctivess_bls,1000,0.000329,0.011307,0.043248
THAIZ_BODY_PLY,L_facial_local_BLS,L_body_correctivess_bls,1001,-0.006659,0.008432,0.008386
THAIZ_BODY_PLY,L_facial_local_BLS,L_body_correctivess_bls,1024,-6.3e-05,4.5e-05,-0.000386
THAIZ_BODY_PLY,L_facial_local_BLS,L_body_correctivess_bls,1025,-0.046889,0.043217,-0.098212
THAIZ_BODY_PLY,L_facial_local_BLS,L_body_correctivess_bls,1026,-0.066603,0.038034,-0.030903
THAIZ_BODY_PLY,L_facial_local_BLS,L_body_correctivess_bls,1027,-0.018861,0.013004,0.046783
THAIZ_BODY_PLY,L_facial_local_BLS,L_body_correctivess_bls,1028,-0.02505,0.006593,0.008575
THAIZ_BODY_PLY,L_facial_local_BLS,L_body_correctivess_bls,1029,-0.010043,-0.00059,0.005847
THAIZ_BODY_PLY,L_facial_local_BLS,L_body_correctivess_bls,1030,-0.008985,0.001557,0.006883
THAIZ_BODY_PLY,L_facial_local_BLS,L_body_correctivess_bls,1031,-0.002614,-0.000798,-0.002614
THAIZ_BODY_PLY,L_facial_local_BLS,L_body_correctivess_bls,1078,-0.007437,-0.00702,-0.100184
THAIZ_BODY_PLY,L_facial_local_BLS,L_body_correctivess_bls,1079,0.039119,0.342771,-0.159258
THAIZ_BODY_PLY,L_facial_local_BLS,L_body_correctivess_bls,1082,0.019747,0.15514,-0.104285
THAIZ_BODY_PLY,L_facial_local_BLS,L_body_correctivess_bls,1083,0.019495,0.111975,-0.048431
THAIZ_BODY_PLY,L_facial_local_BLS,L_body_correctivess_bls,1084,0.00146,0.006087,-0.0024
THAIZ_BODY_PLY,L_facial_local_BLS,L_body_correctivess_bls,1085,-5e-06,0.000114,-0.000188
THAIZ_BODY_PLY,L_facial_local_BLS,L_body_correctivess_bls,1089,-0.007141,-0.040548,-0.012688
THAIZ_BODY_PLY,L_facial_local_BLS,L_body_correctivess_bls,1152,0.048259,0.043094,-0.013564
THAIZ_BODY_PLY,L_facial_local_BLS,L_body_correctivess_bls,1153,0.022718,0.00289,-0.011427
THAIZ_BODY_PLY,L_facial_local_BLS,L_body_correctivess_bls,1154,0.00094,0.000235,-0.000782
THAIZ_BODY_PLY,L_facial_local_BLS,L_body_correctivess_bls,1198,0.03809,0.018794,-0.010816
THAIZ_BODY_PLY,L_facial_local_BLS,L_body_correctivess_bls,1275,0.001839,0.000832,-0.000872
THAIZ_BODY_PLY,L_facial_local_BLS,L_body_correctivess_bls,1276,0.011808,0.003195,-0.007722
THAIZ_BODY_PLY,L_facial_local_BLS,L_body_correctivess_bls,1277,0.012794,0.00897,-0.014799
THAIZ_BODY_PLY,L_facial_local_BLS,L_body_correctivess_bls,1278,0.016741,0.022517,-0.015825
THAIZ_BODY_PLY,L_facial_local_BLS,L_body_correctivess_bls,1279,0.011818,0.052854,-0.016363
THAIZ_BODY_PLY,L_facial_local_BLS,L_body_correctivess_bls,1432,0.00011,-6.5e-05,0.000183
THAIZ_BODY_PLY,L_facial_local_BLS,L_body_correctivess_bls,1433,0.00326,0.001206,0.008291
THAIZ_BODY_PLY,L_facial_local_BLS,L_body_correctivess_bls,1434,-5.6e-05,0.000362,0.000253
THAIZ_BODY_PLY,L_facial_local_BLS,L_body_correctivess_bls,1465,0.0,0.356295,-0.214342
THAIZ_BODY_PLY,L_facial_local_BLS,L_body_correctivess_bls,1466,0.0,0.175774,-0.13761
THAIZ_BODY_PLY,L_facial_local_BLS,L_body_correctivess_bls,1467,0.0,0.133108,-0.052718
THAIZ_BODY_PLY,L_facial_local_BLS,L_body_correctivess_bls,1468,0.0,-0.078309,-0.024536
THAIZ_BODY_PLY,L_facial_local_BLS,L_body_correctivess_bls,1469,0.0,-0.009355,-0.140746
THAIZ_BODY_PLY,L_facial_local_BLS,L_body_correctivess_bls,1508,0.0,0.055567,-0.012285
THAIZ_BODY_PLY,L_facial_local_BLS,L_body_correctivess_bls,6936,-0.002438,0.016228,0.00231
THAIZ_BODY_PLY,L_facial_local_BLS,L_body_correctivess_bls,6937,-0.026425,0.044656,0.011654
THAIZ_BODY_PLY,L_facial_local_BLS,L_body_correctivess_bls,6938,-0.024183,0.012684,0.003391
THAIZ_BODY_PLY,L_facial_local_BLS,L_body_correctivess_bls,6939,-0.022628,-0.019719,-0.013907
THAIZ_BODY_PLY,L_facial_local_BLS,L_body_correctivess_bls,6940,0.009952,-0.052916,-0.026101
THAIZ_BODY_PLY,L_facial_local_BLS,L_body_correctivess_bls,6941,0.01544,-0.050863,-0.015297
THAIZ_BODY_PLY,L_facial_local_BLS,L_body_correctivess_bls,6942,0.016644,-0.034586,-0.027504
THAIZ_BODY_PLY,L_facial_local_BLS,L_body_correctivess_bls,6943,6.2e-05,-0.000123,-0.000107
THAIZ_BODY_PLY,L_facial_local_BLS,L_body_correctivess_bls,6952,0.0,0.000462,-8.9e-05
THAIZ_BODY_PLY,L_facial_local_BLS,L_body_correctivess_bls,6958,0.0,0.00833,-0.001691
THAIZ_BODY_PLY,L_facial_local_BLS,L_body_correctivess_bls,6959,0.0,-8e-06,-3e-06
THAIZ_BODY_PLY,L_facial_local_BLS,L_body_correctivess_bls,6961,-3e-06,-7e-06,-3e-06
THAIZ_BODY_PLY,L_facial_local_BLS,L_body_correctivess_bls,7474,-0.00585,-0.000889,-0.00561
THAIZ_BODY_PLY,L_facial_local_BLS,L_body_correctivess_bls,7475,-0.040764,-0.031463,-0.026834
THAIZ_BODY_PLY,L_facial_local_BLS,L_body_correctivess_bls,7476,-0.037312,-0.037127,-0.017049
THAIZ_BODY_PLY,L_facial_local_BLS,L_body_correctivess_bls,7477,-0.015773,-0.012768,-0.013799
THAIZ_BODY_PLY,L_facial_local_BLS,L_body_correctivess_bls,7478,-0.000257,-0.000262,-0.000182
THAIZ_BODY_PLY,L_facial_local_BLS,L_body_correctivess_bls,7835,0.012083,0.000363,-0.027997
THAIZ_BODY_PLY,L_facial_local_BLS,L_body_correctivess_bls,7836,-0.060519,0.257355,-0.10696
THAIZ_BODY_PLY,L_facial_local_BLS,L_body_correctivess_bls,7861,-0.079439,0.055773,-0.049159
THAIZ_BODY_PLY,L_facial_local_BLS,L_body_correctivess_bls,7863,-0.001183,0.001177,-0.002105
THAIZ_BODY_PLY,L_facial_local_BLS,L_body_correctivess_bls,7865,-9.1e-05,5.2e-05,-0.000173
THAIZ_BODY_PLY,L_facial_local_BLS,L_body_correctivess_bls,7869,-0.001909,0.00027,-0.000492
THAIZ_BODY_PLY,L_facial_local_BLS,L_body_correctivess_bls,7870,-1e-05,5e-06,-5e-06
THAIZ_BODY_PLY,L_facial_local_BLS,L_body_correctivess_bls,7953,2e-06,-9e-06,-2e-06
THAIZ_BODY_PLY,L_facial_local_BLS,L_body_correctivess_bls,7978,0.000774,0.000961,0.000137
THAIZ_BODY_PLY,L_facial_local_BLS,L_body_correctivess_bls,7980,0.058438,0.021252,0.016263
THAIZ_BODY_PLY,L_facial_local_BLS,L_body_correctivess_bls,7981,0.032846,0.011119,0.021932
THAIZ_BODY_PLY,L_facial_local_BLS,L_body_correctivess_bls,7983,0.047435,-0.000398,0.018291
THAIZ_BODY_PLY,L_facial_local_BLS,L_body_correctivess_bls,7999,-7e-05,1.7e-05,-0.000171
THAIZ_BODY_PLY,L_facial_local_BLS,L_body_correctivess_bls,8000,-0.001548,0.000906,-0.002326
THAIZ_BODY_PLY,L_facial_local_BLS,L_body_correctivess_bls,8001,-0.035716,0.033154,-0.033361
THAIZ_BODY_PLY,L_facial_local_BLS,L_body_correctivess_bls,8002,-0.017289,0.040602,-0.015007
THAIZ_BODY_PLY,L_facial_local_BLS,L_body_correctivess_bls,8034,0.019089,-0.013576,0.000123
THAIZ_BODY_PLY,L_facial_local_BLS,L_body_correctivess_bls,8038,0.013275,-0.006413,0.009772
THAIZ_BODY_PLY,L_facial_local_BLS,L_body_correctivess_bls,8046,-0.003388,-0.017085,-0.005904
THAIZ_BODY_PLY,L_facial_local_BLS,L_body_correctivess_bls,8050,-0.004523,-0.011011,-0.014687
THAIZ_BODY_PLY,L_facial_local_BLS,L_body_correctivess_bls,8091,0.017023,-0.008391,-0.008547
THAIZ_BODY_PLY,L_facial_local_BLS,L_body_correctivess_bls,8092,-0.00156,0.004897,0.036997
THAIZ_BODY_PLY,L_facial_local_BLS,L_body_correctivess_bls,8093,0.006314,0.016029,0.055313
THAIZ_BODY_PLY,L_facial_local_BLS,L_body_correctivess_bls,8094,0.014947,0.011278,0.011123
THAIZ_BODY_PLY,L_facial_local_BLS,L_body_correctivess_bls,8096,0.000184,3.4e-05,0.000158
THAIZ_BODY_PLY,L_facial_local_BLS,L_body_correctivess_bls,8284,0.028647,-0.006918,-0.028901
THAIZ_BODY_PLY,L_facial_local_BLS,L_body_correctivess_bls,8285,-0.05634,0.080888,-0.083137
THAIZ_BODY_PLY,L_facial_local_BLS,L_body_correctivess_bls,8388,0.003583,0.000159,-0.005652
THAIZ_BODY_PLY,L_facial_local_BLS,L_body_correctivess_bls,8426,0.001694,-0.000556,-0.001523
THAIZ_BODY_PLY,L_facial_local_BLS,L_body_correctivess_bls,8427,0.007757,-0.006842,-0.003341
THAIZ_BODY_PLY,L_facial_local_BLS,L_body_correctivess_bls,8428,-0.010878,0.00644,0.019884
THAIZ_BODY_PLY,L_facial_local_BLS,L_body_correctivess_bls,8429,-0.000329,0.011307,0.043248
THAIZ_BODY_PLY,L_facial_local_BLS,L_body_correctivess_bls,8430,0.006659,0.008432,0.008386
THAIZ_BODY_PLY,L_facial_local_BLS,L_body_correctivess_bls,8453,6.3e-05,4.5e-05,-0.000386
THAIZ_BODY_PLY,L_facial_local_BLS,L_body_correctivess_bls,8454,0.046889,0.043217,-0.098212
THAIZ_BODY_PLY,L_facial_local_BLS,L_body_correctivess_bls,8455,0.066603,0.038034,-0.030903
THAIZ_BODY_PLY,L_facial_local_BLS,L_body_correctivess_bls,8456,0.018861,0.013004,0.046783
THAIZ_BODY_PLY,L_facial_local_BLS,L_body_correctivess_bls,8457,0.02505,0.006593,0.008575
THAIZ_BODY_PLY,L_facial_local_BLS,L_body_correctivess_bls,8458,0.010043,-0.00059,0.005847
THAIZ_BODY_PLY,L_facial_local_BLS,L_body_correctivess_bls,8459,0.008985,0.001557,0.006883
THAIZ_BODY_PLY,L_facial_local_BLS,L_body_correctivess_bls,8460,0.002614,-0.000798,-0.002614
THAIZ_BODY_PLY,L_facial_local_BLS,L_body_correctivess_bls,8507,0.007437,-0.00702,-0.100184
THAIZ_BODY_PLY,L_facial_local_BLS,L_body_correctivess_bls,8508,-0.039119,0.342771,-0.159258
THAIZ_BODY_PLY,L_facial_local_BLS,L_body_correctivess_bls,8511,-0.019747,0.15514,-0.104285
THAIZ_BODY_PLY,L_facial_local_BLS,L_body_correctivess_bls,8512,-0.019495,0.111975,-0.048431
THAIZ_BODY_PLY,L_facial_local_BLS,L_body_correctivess_bls,8513,-0.00146,0.006087,-0.0024
THAIZ_BODY_PLY,L_facial_local_BLS,L_body_correctivess_bls,8514,5e-06,0.000114,-0.000188
THAIZ_BODY_PLY,L_facial_local_BLS,L_body_correctivess_bls,8518,0.007141,-0.040548,-0.012688
THAIZ_BODY_PLY,L_facial_local_BLS,L_body_correctivess_bls,8581,-0.048259,0.043094,-0.013564
THAIZ_BODY_PLY,L_facial_local_BLS,L_body_correctivess_bls,8582,-0.022718,0.00289,-0.011427
THAIZ_BODY_PLY,L_facial_local_BLS,L_body_correctivess_bls,8583,-0.00094,0.000235,-0.000782
THAIZ_BODY_PLY,L_facial_local_BLS,L_body_correctivess_bls,8627,-0.03809,0.018794,-0.010816
THAIZ_BODY_PLY,L_facial_local_BLS,L_body_correctivess_bls,8704,-0.001839,0.000832,-0.000872
THAIZ_BODY_PLY,L_facial_local_BLS,L_body_correctivess_bls,8705,-0.011808,0.003195,-0.007722
THAIZ_BODY_PLY,L_facial_local_BLS,L_body_correctivess_bls,8706,-0.012794,0.00897,-0.014799
THAIZ_BODY_PLY,L_facial_local_BLS,L_body_correctivess_bls,8707,-0.016741,0.022517,-0.015825
THAIZ_BODY_PLY,L_facial_local_BLS,L_body_correctivess_bls,8708,-0.011818,0.052854,-0.016363
THAIZ_BODY_PLY,L_facial_local_BLS,L_body_correctivess_bls,8861,-0.00011,-6.5e-05,0.000183
THAIZ_BODY_PLY,L_facial_local_BLS,L_body_correctivess_bls,8862,-0.00326,0.001206,0.008291
THAIZ_BODY_PLY,L_facial_local_BLS,L_body_correctivess_bls,8863,5.6e-05,0.000362,0.000253
THAIZ_BODY_PLY,L_facial_local_BLS,L_body_correctivess_bls,14180,-6.2e-05,-0.000123,-0.000107
THAIZ_BODY_PLY,L_facial_local_BLS,L_body_correctivess_bls,14183,0.002438,0.016228,0.00231
THAIZ_BODY_PLY,L_facial_local_BLS,L_body_correctivess_bls,14184,0.026425,0.044656,0.011654
THAIZ_BODY_PLY,L_facial_local_BLS,L_body_correctivess_bls,14185,0.024183,0.012684,0.003391
THAIZ_BODY_PLY,L_facial_local_BLS,L_body_correctivess_bls,14186,0.022628,-0.019719,-0.013907
THAIZ_BODY_PLY,L_facial_local_BLS,L_body_correctivess_bls,14187,-0.009952,-0.052916,-0.026101
THAIZ_BODY_PLY,L_facial_local_BLS,L_body_correctivess_bls,14188,-0.01544,-0.050863,-0.015297
THAIZ_BODY_PLY,L_facial_local_BLS,L_body_correctivess_bls,14189,-0.016644,-0.034586,-0.027504
THAIZ_BODY_PLY,L_facial_local_BLS,L_body_correctivess_bls,14190,-6.2e-05,-0.000123,-0.000107
THAIZ_BODY_PLY,L_facial_local_BLS,L_body_correctivess_bls,14197,3e-06,-7e-06,-3e-06
THAIZ_BODY_PLY_localMouth,L_facial_local_BLS,l_up_mouth_bls,2,0.001968,0.000814,-0.000228
THAIZ_BODY_PLY_localMouth,L_facial_local_BLS,l_up_mouth_bls,3,0.0147,0.005592,-0.001924
THAIZ_BODY_PLY_localMouth,L_facial_local_BLS,l_up_mouth_bls,4,0.040045,0.013574,-0.00595
THAIZ_BODY_PLY_localMouth,L_facial_local_BLS,l_up_mouth_bls,5,0.07363,0.022107,-0.012638
THAIZ_BODY_PLY_localMouth,L_facial_local_BLS,l_up_mouth_bls,6,0.11545,0.036088,-0.0215
THAIZ_BODY_PLY_localMouth,L_facial_local_BLS,l_up_mouth_bls,7,0.212963,0.083775,-0.056421
THAIZ_BODY_PLY_localMouth,L_facial_local_BLS,l_up_mouth_bls,8,0.422257,-0.131366,-0.231834
THAIZ_BODY_PLY_localMouth,L_facial_local_BLS,l_up_mouth_bls,9,0.232591,-0.144068,-0.101187
THAIZ_BODY_PLY_localMouth,L_facial_local_BLS,l_up_mouth_bls,10,0.084632,-0.103017,-0.011766
THAIZ_BODY_PLY_localMouth,L_facial_local_BLS,l_up_mouth_bls,11,0.03174,-0.02872,0.000976
THAIZ_BODY_PLY_localMouth,L_facial_local_BLS,l_up_mouth_bls,12,0.29407,0.008655,-0.086709
THAIZ_BODY_PLY_localMouth,L_facial_local_BLS,l_up_mouth_bls,13,0.40912,0.120634,-0.089997
THAIZ_BODY_PLY_localMouth,L_facial_local_BLS,l_up_mouth_bls,14,0.123041,0.034889,-0.018625
THAIZ_BODY_PLY_localMouth,L_facial_local_BLS,l_up_mouth_bls,15,0.060209,0.015917,-0.009681
THAIZ_BODY_PLY_localMouth,L_facial_local_BLS,l_up_mouth_bls,16,0.022987,0.007306,-0.003123
THAIZ_BODY_PLY_localMouth,L_facial_local_BLS,l_up_mouth_bls,17,0.003614,0.001318,-0.000419
THAIZ_BODY_PLY_localMouth,L_facial_local_BLS,l_up_mouth_bls,24,0.007766,0.003009,-0.001003
THAIZ_BODY_PLY_localMouth,L_facial_local_BLS,l_up_mouth_bls,25,0.02973,0.010364,-0.004356
THAIZ_BODY_PLY_localMouth,L_facial_local_BLS,l_up_mouth_bls,26,0.063828,0.028665,-0.011507
THAIZ_BODY_PLY_localMouth,L_facial_local_BLS,l_up_mouth_bls,27,0.106034,0.060909,-0.026267
THAIZ_BODY_PLY_localMouth,L_facial_local_BLS,l_up_mouth_bls,28,0.132632,0.070483,-0.028549
THAIZ_BODY_PLY_localMouth,L_facial_local_BLS,l_up_mouth_bls,29,0.146047,0.059285,-0.010634
THAIZ_BODY_PLY_localMouth,L_facial_local_BLS,l_up_mouth_bls,30,0.133879,0.059586,0.054152
THAIZ_BODY_PLY_localMouth,L_facial_local_BLS,l_up_mouth_bls,31,0.056775,0.099995,0.144785
THAIZ_BODY_PLY_localMouth,L_facial_local_BLS,l_up_mouth_bls,32,-0.012952,0.165183,0.163484
THAIZ_BODY_PLY_localMouth,L_facial_local_BLS,l_up_mouth_bls,33,0.103451,0.160529,0.065754
THAIZ_BODY_PLY_localMouth,L_facial_local_BLS,l_up_mouth_bls,34,0.223291,0.138411,-0.019507
THAIZ_BODY_PLY_localMouth,L_facial_local_BLS,l_up_mouth_bls,35,0.112379,0.048642,-0.012651
THAIZ_BODY_PLY_localMouth,L_facial_local_BLS,l_up_mouth_bls,36,0.055762,0.016074,-0.008652
THAIZ_BODY_PLY_localMouth,L_facial_local_BLS,l_up_mouth_bls,37,0.016826,0.00554,-0.002256
THAIZ_BODY_PLY_localMouth,L_facial_local_BLS,l_up_mouth_bls,38,0.000466,0.000174,-5.3e-05
THAIZ_BODY_PLY_localMouth,L_facial_local_BLS,l_up_mouth_bls,39,1e-06,0.0,-0.0
THAIZ_BODY_PLY_localMouth,L_facial_local_BLS,l_up_mouth_bls,45,0.001418,0.000597,-0.000172
THAIZ_BODY_PLY_localMouth,L_facial_local_BLS,l_up_mouth_bls,46,0.016539,0.013617,-0.002391
THAIZ_BODY_PLY_localMouth,L_facial_local_BLS,l_up_mouth_bls,47,0.056876,0.071246,-0.01102
THAIZ_BODY_PLY_localMouth,L_facial_local_BLS,l_up_mouth_bls,48,0.101025,0.109407,-0.022442
THAIZ_BODY_PLY_localMouth,L_facial_local_BLS,l_up_mouth_bls,49,0.114851,0.094727,-0.021448
THAIZ_BODY_PLY_localMouth,L_facial_local_BLS,l_up_mouth_bls,50,0.111823,0.093416,0.004717
THAIZ_BODY_PLY_localMouth,L_facial_local_BLS,l_up_mouth_bls,51,0.118596,0.105312,0.064641
THAIZ_BODY_PLY_localMouth,L_facial_local_BLS,l_up_mouth_bls,52,0.079342,0.137595,0.149347
THAIZ_BODY_PLY_localMouth,L_facial_local_BLS,l_up_mouth_bls,53,0.012182,0.184938,0.177113
THAIZ_BODY_PLY_localMouth,L_facial_local_BLS,l_up_mouth_bls,54,0.038575,0.192826,0.100013
THAIZ_BODY_PLY_localMouth,L_facial_local_BLS,l_up_mouth_bls,55,0.090289,0.161084,0.03545
THAIZ_BODY_PLY_localMouth,L_facial_local_BLS,l_up_mouth_bls,56,0.08506,0.065291,-0.003613
THAIZ_BODY_PLY_localMouth,L_facial_local_BLS,l_up_mouth_bls,57,0.040864,0.016876,-0.005154
THAIZ_BODY_PLY_localMouth,L_facial_local_BLS,l_up_mouth_bls,58,0.009453,0.003678,-0.00115
THAIZ_BODY_PLY_localMouth,L_facial_local_BLS,l_up_mouth_bls,59,0.000337,0.000143,-3.5e-05
THAIZ_BODY_PLY_localMouth,L_facial_local_BLS,l_up_mouth_bls,60,6e-06,3e-06,-0.0
THAIZ_BODY_PLY_localMouth,L_facial_local_BLS,l_up_mouth_bls,65,3e-05,2e-05,-1e-06
THAIZ_BODY_PLY_localMouth,L_facial_local_BLS,l_up_mouth_bls,66,0.004705,0.003087,-0.000206
THAIZ_BODY_PLY_localMouth,L_facial_local_BLS,l_up_mouth_bls,67,0.022528,0.015422,0.000334
THAIZ_BODY_PLY_localMouth,L_facial_local_BLS,l_up_mouth_bls,68,0.048136,0.038364,0.005487
THAIZ_BODY_PLY_localMouth,L_facial_local_BLS,l_up_mouth_bls,69,0.074083,0.06003,0.002055
THAIZ_BODY_PLY_localMouth,L_facial_local_BLS,l_up_mouth_bls,70,0.085235,0.079851,-0.010319
THAIZ_BODY_PLY_localMouth,L_facial_local_BLS,l_up_mouth_bls,71,0.101065,0.086879,-0.011423
THAIZ_BODY_PLY_localMouth,L_facial_local_BLS,l_up_mouth_bls,72,0.11323,0.083931,-0.005177
THAIZ_BODY_PLY_localMouth,L_facial_local_BLS,l_up_mouth_bls,73,0.10853,0.076381,0.010532
THAIZ_BODY_PLY_localMouth,L_facial_local_BLS,l_up_mouth_bls,74,0.095512,0.076704,0.021115
THAIZ_BODY_PLY_localMouth,L_facial_local_BLS,l_up_mouth_bls,75,0.071075,0.075386,0.015563
THAIZ_BODY_PLY_localMouth,L_facial_local_BLS,l_up_mouth_bls,76,0.044611,0.055502,0.007979
THAIZ_BODY_PLY_localMouth,L_facial_local_BLS,l_up_mouth_bls,77,0.022095,0.024486,0.001841
THAIZ_BODY_PLY_localMouth,L_facial_local_BLS,l_up_mouth_bls,78,0.007901,0.007271,0.00024
THAIZ_BODY_PLY_localMouth,L_facial_local_BLS,l_up_mouth_bls,79,0.001476,0.001224,9e-06
THAIZ_BODY_PLY_localMouth,L_facial_local_BLS,l_up_mouth_bls,80,0.000174,0.000147,3e-06
THAIZ_BODY_PLY_localMouth,L_facial_local_BLS,l_up_mouth_bls,81,1.3e-05,1.1e-05,0.0
THAIZ_BODY_PLY_localMouth,L_facial_local_BLS,l_up_mouth_bls,85,6e-06,5e-06,-0.0
THAIZ_BODY_PLY_localMouth,L_facial_local_BLS,l_up_mouth_bls,86,0.000788,0.000605,-4e-06
THAIZ_BODY_PLY_localMouth,L_facial_local_BLS,l_up_mouth_bls,87,0.015026,0.006135,-0.001133
THAIZ_BODY_PLY_localMouth,L_facial_local_BLS,l_up_mouth_bls,88,0.020345,0.023906,0.010336
THAIZ_BODY_PLY_localMouth,L_facial_local_BLS,l_up_mouth_bls,89,0.042706,0.032918,-0.000596
THAIZ_BODY_PLY_localMouth,L_facial_local_BLS,l_up_mouth_bls,90,0.051211,0.040673,-0.002543
THAIZ_BODY_PLY_localMouth,L_facial_local_BLS,l_up_mouth_bls,91,0.049305,0.042771,-0.003142
THAIZ_BODY_PLY_localMouth,L_facial_local_BLS,l_up_mouth_bls,92,0.046003,0.044504,-0.001582
THAIZ_BODY_PLY_localMouth,L_facial_local_BLS,l_up_mouth_bls,93,0.03944,0.042825,0.002799
THAIZ_BODY_PLY_localMouth,L_facial_local_BLS,l_up_mouth_bls,94,0.032055,0.039125,0.007084
THAIZ_BODY_PLY_localMouth,L_facial_local_BLS,l_up_mouth_bls,95,0.023493,0.032633,0.007508
THAIZ_BODY_PLY_localMouth,L_facial_local_BLS,l_up_mouth_bls,96,0.015168,0.022526,0.004894
THAIZ_BODY_PLY_localMouth,L_facial_local_BLS,l_up_mouth_bls,97,0.007532,0.01039,0.001812
THAIZ_BODY_PLY_localMouth,L_facial_local_BLS,l_up_mouth_bls,98,0.002857,0.003553,0.000525
THAIZ_BODY_PLY_localMouth,L_facial_local_BLS,l_up_mouth_bls,99,0.000578,0.000661,8.1e-05
THAIZ_BODY_PLY_localMouth,L_facial_local_BLS,l_up_mouth_bls,100,9.2e-05,0.000105,1.3e-05
THAIZ_BODY_PLY_localMouth,L_facial_local_BLS,l_up_mouth_bls,101,1e-05,1.2e-05,1e-06
THAIZ_BODY_PLY_localMouth,L_facial_local_BLS,l_up_mouth_bls,109,3e-06,3e-06,0.0
THAIZ_BODY_PLY_localMouth,L_facial_local_BLS,l_up_mouth_bls,110,8e-06,1e-05,0.0
THAIZ_BODY_PLY_localMouth,L_facial_local_BLS,l_up_mouth_bls,111,3e-05,5.1e-05,6e-06
THAIZ_BODY_PLY_localMouth,L_facial_local_BLS,l_up_mouth_bls,112,5.5e-05,9.9e-05,2.7e-05
THAIZ_BODY_PLY_localMouth,L_facial_local_BLS,l_up_mouth_bls,113,9.3e-05,0.000156,5.5e-05
THAIZ_BODY_PLY_localMouth,L_facial_local_BLS,l_up_mouth_bls,114,7.6e-05,0.000123,4.4e-05
THAIZ_BODY_PLY_localMouth,L_facial_local_BLS,l_up_mouth_bls,115,4.9e-05,7.6e-05,2.3e-05
THAIZ_BODY_PLY_localMouth,L_facial_local_BLS,l_up_mouth_bls,116,1.9e-05,2.9e-05,7e-06
THAIZ_BODY_PLY_localMouth,L_facial_local_BLS,l_up_mouth_bls,117,3e-06,5e-06,1e-06
THAIZ_BODY_PLY_localMouth,L_facial_local_BLS,l_up_mouth_bls,169,0.000929,-0.000199,-0.001209
THAIZ_BODY_PLY_localMouth,L_facial_local_BLS,l_up_mouth_bls,170,0.001277,-0.001019,-0.006669
THAIZ_BODY_PLY_localMouth,L_facial_local_BLS,l_up_mouth_bls,171,-0.002698,0.0002,-0.001764
THAIZ_BODY_PLY_localMouth,L_facial_local_BLS,l_up_mouth_bls,172,0.001775,-0.001035,-0.001713
THAIZ_BODY_PLY_localMouth,L_facial_local_BLS,l_up_mouth_bls,173,0.000916,0.000735,9e-06
THAIZ_BODY_PLY_localMouth,L_facial_local_BLS,l_up_mouth_bls,174,0.003403,0.00272,1.5e-05
THAIZ_BODY_PLY_localMouth,L_facial_local_BLS,l_up_mouth_bls,175,0.005066,0.004119,-1e-06
THAIZ_BODY_PLY_localMouth,L_facial_local_BLS,l_up_mouth_bls,176,0.005701,0.005152,-1e-05
THAIZ_BODY_PLY_localMouth,L_facial_local_BLS,l_up_mouth_bls,177,0.006546,0.007434,0.000202
THAIZ_BODY_PLY_localMouth,L_facial_local_BLS,l_up_mouth_bls,178,0.006806,0.009496,0.000963
THAIZ_BODY_PLY_localMouth,L_facial_local_BLS,l_up_mouth_bls,179,0.006801,0.01042,0.00213
THAIZ_BODY_PLY_localMouth,L_facial_local_BLS,l_up_mouth_bls,180,0.00582,0.009307,0.002522
THAIZ_BODY_PLY_localMouth,L_facial_local_BLS,l_up_mouth_bls,181,0.004094,0.006596,0.00177
THAIZ_BODY_PLY_localMouth,L_facial_local_BLS,l_up_mouth_bls,182,0.002166,0.003303,0.000776
THAIZ_BODY_PLY_localMouth,L_facial_local_BLS,l_up_mouth_bls,183,0.000882,0.00125,0.000259
THAIZ_BODY_PLY_localMouth,L_facial_local_BLS,l_up_mouth_bls,184,0.000183,0.00024,4.4e-05
THAIZ_BODY_PLY_localMouth,L_facial_local_BLS,l_up_mouth_bls,185,3.3e-05,4.3e-05,8e-06
THAIZ_BODY_PLY_localMouth,L_facial_local_BLS,l_up_mouth_bls,186,5e-06,6e-06,1e-06
THAIZ_BODY_PLY_localMouth,L_facial_local_BLS,l_up_mouth_bls,200,1e-06,2e-06,1e-06
THAIZ_BODY_PLY_localMouth,L_facial_local_BLS,l_up_mouth_bls,201,3e-06,5e-06,2e-06
THAIZ_BODY_PLY_localMouth,L_facial_local_BLS,l_up_mouth_bls,202,2e-06,4e-06,2e-06
THAIZ_BODY_PLY_localMouth,L_facial_local_BLS,l_up_mouth_bls,203,2e-06,3e-06,1e-06
THAIZ_BODY_PLY_localMouth,L_facial_local_BLS,l_up_mouth_bls,210,0.001,0.000477,0.004523
THAIZ_BODY_PLY_localMouth,L_facial_local_BLS,l_up_mouth_bls,211,0.001077,-0.000278,0.002341
THAIZ_BODY_PLY_localMouth,L_facial_local_BLS,l_up_mouth_bls,212,0.003816,-0.000789,0.003027
THAIZ_BODY_PLY_localMouth,L_facial_local_BLS,l_up_mouth_bls,213,-0.000922,0.000442,0.002333
THAIZ_BODY_PLY_localMouth,L_facial_local_BLS,l_up_mouth_bls,216,4e-06,3e-06,0.0
THAIZ_BODY_PLY_localMouth,L_facial_local_BLS,l_up_mouth_bls,217,8.3e-05,6.9e-05,1e-06
THAIZ_BODY_PLY_localMouth,L_facial_local_BLS,l_up_mouth_bls,218,0.000229,0.000207,4e-06
THAIZ_BODY_PLY_localMouth,L_facial_local_BLS,l_up_mouth_bls,219,0.000415,0.000494,2.2e-05
THAIZ_BODY_PLY_localMouth,L_facial_local_BLS,l_up_mouth_bls,220,0.000624,0.000995,0.000119
THAIZ_BODY_PLY_localMouth,L_facial_local_BLS,l_up_mouth_bls,221,0.000878,0.0015,0.000358
THAIZ_BODY_PLY_localMouth,L_facial_local_BLS,l_up_mouth_bls,222,0.001012,0.001695,0.000532
THAIZ_BODY_PLY_localMouth,L_facial_local_BLS,l_up_mouth_bls,223,0.000786,0.001293,0.000407
THAIZ_BODY_PLY_localMouth,L_facial_local_BLS,l_up_mouth_bls,224,0.000446,0.000699,0.000193
THAIZ_BODY_PLY_localMouth,L_facial_local_BLS,l_up_mouth_bls,225,0.000189,0.000278,6.7e-05
THAIZ_BODY_PLY_localMouth,L_facial_local_BLS,l_up_mouth_bls,226,3.8e-05,5.2e-05,1.1e-05
THAIZ_BODY_PLY_localMouth,L_facial_local_BLS,l_up_mouth_bls,227,6e-06,9e-06,2e-06
THAIZ_BODY_PLY_localMouth,L_facial_local_BLS,l_up_mouth_bls,228,1e-06,1e-06,0.0
THAIZ_BODY_PLY_localMouth,L_facial_local_BLS,l_up_mouth_bls,335,0.001371,0.000132,0.001025
THAIZ_BODY_PLY_localMouth,L_facial_local_BLS,l_up_mouth_bls,349,0.002763,0.001391,-0.000274
THAIZ_BODY_PLY_localMouth,L_facial_local_BLS,l_up_mouth_bls,350,0.020771,0.015719,-0.002234
THAIZ_BODY_PLY_localMouth,L_facial_local_BLS,l_up_mouth_bls,351,0.053912,0.053649,-0.004186
THAIZ_BODY_PLY_localMouth,L_facial_local_BLS,l_up_mouth_bls,352,0.087351,0.082019,-0.005901
THAIZ_BODY_PLY_localMouth,L_facial_local_BLS,l_up_mouth_bls,353,0.111067,0.088237,-0.013595
THAIZ_BODY_PLY_localMouth,L_facial_local_BLS,l_up_mouth_bls,354,0.12635,0.088801,-0.009133
THAIZ_BODY_PLY_localMouth,L_facial_local_BLS,l_up_mouth_bls,355,0.147523,0.082185,0.020902
THAIZ_BODY_PLY_localMouth,L_facial_local_BLS,l_up_mouth_bls,356,0.137753,0.077881,0.071851
THAIZ_BODY_PLY_localMouth,L_facial_local_BLS,l_up_mouth_bls,357,0.101984,0.085022,0.088576
THAIZ_BODY_PLY_localMouth,L_facial_local_BLS,l_up_mouth_bls,358,0.098413,0.110928,0.049431
THAIZ_BODY_PLY_localMouth,L_facial_local_BLS,l_up_mouth_bls,359,0.088615,0.109548,0.018127
THAIZ_BODY_PLY_localMouth,L_facial_local_BLS,l_up_mouth_bls,360,0.054522,0.04703,-0.000929
THAIZ_BODY_PLY_localMouth,L_facial_local_BLS,l_up_mouth_bls,361,0.022359,0.013155,-0.001843
THAIZ_BODY_PLY_localMouth,L_facial_local_BLS,l_up_mouth_bls,362,0.004032,0.002198,-0.000332
THAIZ_BODY_PLY_localMouth,L_facial_local_BLS,l_up_mouth_bls,363,0.000293,0.000167,-2e-05
THAIZ_BODY_PLY_localMouth,L_facial_local_BLS,l_up_mouth_bls,364,1.2e-05,7e-06,-1e-06
THAIZ_BODY_PLY_localMouth,L_facial_local_BLS,l_up_mouth_bls,391,0.093622,0.601018,0.21481
THAIZ_BODY_PLY_localMouth,L_facial_local_BLS,l_up_mouth_bls,392,0.047391,0.254283,0.101304
THAIZ_BODY_PLY_localMouth,L_facial_local_BLS,l_up_mouth_bls,393,0.000392,0.000641,0.000249
THAIZ_BODY_PLY_localMouth,L_facial_local_BLS,l_up_mouth_bls,394,1.3e-05,2.3e-05,1e-05
THAIZ_BODY_PLY_localMouth,L_facial_local_BLS,l_up_mouth_bls,395,-1e-06,1e-06,1e-06
THAIZ_BODY_PLY_localMouth,L_facial_local_BLS,l_up_mouth_bls,396,-1.1e-05,2e-06,4e-06
THAIZ_BODY_PLY_localMouth,L_facial_local_BLS,l_up_mouth_bls,397,-5.4e-05,7e-06,2.3e-05
THAIZ_BODY_PLY_localMouth,L_facial_local_BLS,l_up_mouth_bls,398,0.000268,0.053627,0.012585
THAIZ_BODY_PLY_localMouth,L_facial_local_BLS,l_up_mouth_bls,399,-4e-06,1e-06,2e-06
THAIZ_BODY_PLY_localMouth,L_facial_local_BLS,l_up_mouth_bls,400,0.108748,0.778871,0.253118
THAIZ_BODY_PLY_localMouth,L_facial_local_BLS,l_up_mouth_bls,401,0.104607,0.921991,0.301421
THAIZ_BODY_PLY_localMouth,L_facial_local_BLS,l_up_mouth_bls,402,0.019114,0.838977,0.193208
THAIZ_BODY_PLY_localMouth,L_facial_local_BLS,l_up_mouth_bls,403,-0.026272,0.612611,0.157001
THAIZ_BODY_PLY_localMouth,L_facial_local_BLS,l_up_mouth_bls,404,-0.033696,0.411591,0.125769
THAIZ_BODY_PLY_localMouth,L_facial_local_BLS,l_up_mouth_bls,417,4.5e-05,0.000984,0.000336
THAIZ_BODY_PLY_localMouth,L_facial_local_BLS,l_up_mouth_bls,419,0.097995,0.876303,0.412695
THAIZ_BODY_PLY_localMouth,L_facial_local_BLS,l_up_mouth_bls,420,0.170194,0.684234,0.467881
THAIZ_BODY_PLY_localMouth,L_facial_local_BLS,l_up_mouth_bls,421,0.209513,1.373464,0.98177
THAIZ_BODY_PLY_localMouth,L_facial_local_BLS,l_up_mouth_bls,422,0.137929,0.743392,0.477226
THAIZ_BODY_PLY_localMouth,L_facial_local_BLS,l_up_mouth_bls,423,0.056962,0.296453,0.187298
THAIZ_BODY_PLY_localMouth,L_facial_local_BLS,l_up_mouth_bls,424,0.002667,0.013508,0.008434
THAIZ_BODY_PLY_localMouth,L_facial_local_BLS,l_up_mouth_bls,425,0.042795,0.303476,0.185753
THAIZ_BODY_PLY_localMouth,L_facial_local_BLS,l_up_mouth_bls,426,0.02955,0.545043,0.22044
THAIZ_BODY_PLY_localMouth,L_facial_local_BLS,l_up_mouth_bls,427,0.019102,0.245662,0.100929
THAIZ_BODY_PLY_localMouth,L_facial_local_BLS,l_up_mouth_bls,428,0.003377,0.049637,0.028543
THAIZ_BODY_PLY_localMouth,L_facial_local_BLS,l_up_mouth_bls,431,0.182326,1.084855,0.688429
THAIZ_BODY_PLY_localMouth,L_facial_local_BLS,l_up_mouth_bls,432,0.005602,0.002022,-0.002294
THAIZ_BODY_PLY_localMouth,L_facial_local_BLS,l_up_mouth_bls,433,0.028684,0.078934,0.029111
THAIZ_BODY_PLY_localMouth,L_facial_local_BLS,l_up_mouth_bls,434,0.015837,0.012411,0.006181
THAIZ_BODY_PLY_localMouth,L_facial_local_BLS,l_up_mouth_bls,435,0.031479,0.118983,0.04457
THAIZ_BODY_PLY_localMouth,L_facial_local_BLS,l_up_mouth_bls,436,0.00319,0.004229,0.002027
THAIZ_BODY_PLY_localMouth,L_facial_local_BLS,l_up_mouth_bls,437,0.002431,0.012366,0.006211
THAIZ_BODY_PLY_localMouth,L_facial_local_BLS,l_up_mouth_bls,440,0.005431,0.002565,-0.001039
THAIZ_BODY_PLY_localMouth,L_facial_local_BLS,l_up_mouth_bls,441,0.028354,0.058282,0.021276
THAIZ_BODY_PLY_localMouth,L_facial_local_BLS,l_up_mouth_bls,442,0.026154,0.08609,0.03372
THAIZ_BODY_PLY_localMouth,L_facial_local_BLS,l_up_mouth_bls,443,0.030307,0.156395,0.068242
THAIZ_BODY_PLY_localMouth,L_facial_local_BLS,l_up_mouth_bls,444,0.032862,0.170056,0.10682
THAIZ_BODY_PLY_localMouth,L_facial_local_BLS,l_up_mouth_bls,445,0.044542,0.216423,0.057752
THAIZ_BODY_PLY_localMouth,L_facial_local_BLS,l_up_mouth_bls,446,0.060325,0.281613,0.087018
THAIZ_BODY_PLY_localMouth,L_facial_local_BLS,l_up_mouth_bls,447,0.035918,0.154838,0.051668
THAIZ_BODY_PLY_localMouth,L_facial_local_BLS,l_up_mouth_bls,448,0.027456,0.10587,0.036341
THAIZ_BODY_PLY_localMouth,L_facial_local_BLS,l_up_mouth_bls,449,0.006765,0.017495,0.006033
THAIZ_BODY_PLY_localMouth,L_facial_local_BLS,l_up_mouth_bls,450,4e-06,8e-06,3e-06
THAIZ_BODY_PLY_localMouth,L_facial_local_BLS,l_up_mouth_bls,455,-0.015092,0.035057,0.026909
THAIZ_BODY_PLY_localMouth,L_facial_local_BLS,l_up_mouth_bls,456,-0.050955,0.224235,0.074521
THAIZ_BODY_PLY_localMouth,L_facial_local_BLS,l_up_mouth_bls,457,-0.054277,0.252918,0.057885
THAIZ_BODY_PLY_localMouth,L_facial_local_BLS,l_up_mouth_bls,458,-0.01502,0.125492,0.021712
THAIZ_BODY_PLY_localMouth,L_facial_local_BLS,l_up_mouth_bls,459,0.020108,0.162695,0.058246
THAIZ_BODY_PLY_localMouth,L_facial_local_BLS,l_up_mouth_bls,460,0.030372,0.174823,0.056256
THAIZ_BODY_PLY_localMouth,L_facial_local_BLS,l_up_mouth_bls,461,0.000203,0.00364,0.001754
THAIZ_BODY_PLY_localMouth,L_facial_local_BLS,l_up_mouth_bls,462,0.006617,0.076765,0.031248
THAIZ_BODY_PLY_localMouth,L_facial_local_BLS,l_up_mouth_bls,463,-0.041536,0.25895,0.107498
THAIZ_BODY_PLY_localMouth,L_facial_local_BLS,l_up_mouth_bls,464,-0.045489,0.165207,0.074114
THAIZ_BODY_PLY_localMouth,L_facial_local_BLS,l_up_mouth_bls,467,-0.000295,0.000676,0.000346
THAIZ_BODY_PLY_localMouth,L_facial_local_BLS,l_up_mouth_bls,469,0.056429,0.273054,0.193779
THAIZ_BODY_PLY_localMouth,L_facial_local_BLS,l_up_mouth_bls,470,0.030881,0.151908,0.104189
THAIZ_BODY_PLY_localMouth,L_facial_local_BLS,l_up_mouth_bls,471,0.001546,0.007468,0.004871
THAIZ_BODY_PLY_localMouth,L_facial_local_BLS,l_up_mouth_bls,472,0.095456,0.445893,0.332125
THAIZ_BODY_PLY_localMouth,L_facial_local_BLS,l_up_mouth_bls,473,0.155552,0.670769,0.53531
THAIZ_BODY_PLY_localMouth,L_facial_local_BLS,l_up_mouth_bls,474,0.358591,0.167897,0.908258
THAIZ_BODY_PLY_localMouth,L_facial_local_BLS,l_up_mouth_bls,475,0.136082,0.081254,0.580609
THAIZ_BODY_PLY_localMouth,L_facial_local_BLS,l_up_mouth_bls,476,-0.091687,0.023672,0.346377
THAIZ_BODY_PLY_localMouth,L_facial_local_BLS,l_up_mouth_bls,477,-0.205241,0.002122,0.221538
THAIZ_BODY_PLY_localMouth,L_facial_local_BLS,l_up_mouth_bls,478,-0.034447,0.038087,0.148864
THAIZ_BODY_PLY_localMouth,L_facial_local_BLS,l_up_mouth_bls,479,-0.023076,0.022151,0.090841
THAIZ_BODY_PLY_localMouth,L_facial_local_BLS,l_up_mouth_bls,480,-0.024353,0.00336,0.125502
THAIZ_BODY_PLY_localMouth,L_facial_local_BLS,l_up_mouth_bls,481,-0.049556,-0.008779,0.187146
THAIZ_BODY_PLY_localMouth,L_facial_local_BLS,l_up_mouth_bls,482,-0.011196,0.007813,0.075084
THAIZ_BODY_PLY_localMouth,L_facial_local_BLS,l_up_mouth_bls,483,-0.014872,0.016168,0.056294
THAIZ_BODY_PLY_localMouth,L_facial_local_BLS,l_up_mouth_bls,484,-0.00639,0.010489,0.02686
THAIZ_BODY_PLY_localMouth,L_facial_local_BLS,l_up_mouth_bls,485,-0.005651,0.009101,0.020524
THAIZ_BODY_PLY_localMouth,L_facial_local_BLS,l_up_mouth_bls,486,-0.19231,0.006365,0.182929
THAIZ_BODY_PLY_localMouth,L_facial_local_BLS,l_up_mouth_bls,490,0.0,5e-06,3e-06
THAIZ_BODY_PLY_localMouth,L_facial_local_BLS,l_up_mouth_bls,491,-0.115999,0.055328,0.188097
THAIZ_BODY_PLY_localMouth,L_facial_local_BLS,l_up_mouth_bls,494,0.0,1e-06,1e-06
THAIZ_BODY_PLY_localMouth,L_facial_local_BLS,l_up_mouth_bls,495,0.322973,1.097022,1.488456
THAIZ_BODY_PLY_localMouth,L_facial_local_BLS,l_up_mouth_bls,496,0.26533,0.963939,0.85255
THAIZ_BODY_PLY_localMouth,L_facial_local_BLS,l_up_mouth_bls,497,-0.121746,-0.033731,0.229823
THAIZ_BODY_PLY_localMouth,L_facial_local_BLS,l_up_mouth_bls,498,-0.193209,-0.108226,0.264466
THAIZ_BODY_PLY_localMouth,L_facial_local_BLS,l_up_mouth_bls,499,-0.192416,-0.215934,0.348816
THAIZ_BODY_PLY_localMouth,L_facial_local_BLS,l_up_mouth_bls,500,-0.085716,-0.217511,0.484441
THAIZ_BODY_PLY_localMouth,L_facial_local_BLS,l_up_mouth_bls,501,-0.000726,-0.000282,0.018835
THAIZ_BODY_PLY_localMouth,L_facial_local_BLS,l_up_mouth_bls,502,-0.004258,0.006257,0.015361
THAIZ_BODY_PLY_localMouth,L_facial_local_BLS,l_up_mouth_bls,503,0.000662,-0.004524,0.009119
THAIZ_BODY_PLY_localMouth,L_facial_local_BLS,l_up_mouth_bls,504,-0.001368,0.002145,0.005398
THAIZ_BODY_PLY_localMouth,L_facial_local_BLS,l_up_mouth_bls,505,0.001069,-0.001783,0.001471
THAIZ_BODY_PLY_localMouth,L_facial_local_BLS,l_up_mouth_bls,506,-0.000213,0.000387,0.000869
THAIZ_BODY_PLY_localMouth,L_facial_local_BLS,l_up_mouth_bls,507,-0.000735,0.001987,0.004559
THAIZ_BODY_PLY_localMouth,L_facial_local_BLS,l_up_mouth_bls,508,-0.000701,0.00181,0.003929
THAIZ_BODY_PLY_localMouth,L_facial_local_BLS,l_up_mouth_bls,509,1.8e-05,-2.4e-05,1e-05
THAIZ_BODY_PLY_localMouth,L_facial_local_BLS,l_up_mouth_bls,510,0.046929,-0.039855,0.635402
THAIZ_BODY_PLY_localMouth,L_facial_local_BLS,l_up_mouth_bls,511,0.153133,0.120515,0.81387
THAIZ_BODY_PLY_localMouth,L_facial_local_BLS,l_up_mouth_bls,512,0.083277,0.387549,0.343784
THAIZ_BODY_PLY_localMouth,L_facial_local_BLS,l_up_mouth_bls,513,0.010953,0.056676,0.039028
THAIZ_BODY_PLY_localMouth,L_facial_local_BLS,l_up_mouth_bls,515,0.025845,0.130838,0.097815
THAIZ_BODY_PLY_localMouth,L_facial_local_BLS,l_up_mouth_bls,516,0.053571,0.264822,0.220712
THAIZ_BODY_PLY_localMouth,L_facial_local_BLS,l_up_mouth_bls,525,-0.33629,-0.866242,0.357603
THAIZ_BODY_PLY_localMouth,L_facial_local_BLS,l_up_mouth_bls,526,-0.330535,-0.805544,0.353609
THAIZ_BODY_PLY_localMouth,L_facial_local_BLS,l_up_mouth_bls,527,-0.176557,-0.690933,0.335219
THAIZ_BODY_PLY_localMouth,L_facial_local_BLS,l_up_mouth_bls,528,0.030923,-0.206547,0.36816
THAIZ_BODY_PLY_localMouth,L_facial_local_BLS,l_up_mouth_bls,529,0.158121,0.076379,0.373191
THAIZ_BODY_PLY_localMouth,L_facial_local_BLS,l_up_mouth_bls,530,0.053246,0.151301,0.11437
THAIZ_BODY_PLY_localMouth,L_facial_local_BLS,l_up_mouth_bls,531,0.026448,0.182416,0.148112
THAIZ_BODY_PLY_localMouth,L_facial_local_BLS,l_up_mouth_bls,532,0.036127,0.247797,0.210419
THAIZ_BODY_PLY_localMouth,L_facial_local_BLS,l_up_mouth_bls,533,0.011434,0.093574,0.062624
THAIZ_BODY_PLY_localMouth,L_facial_local_BLS,l_up_mouth_bls,534,0.018407,0.118804,0.088004
THAIZ_BODY_PLY_localMouth,L_facial_local_BLS,l_up_mouth_bls,535,0.000193,0.007551,-0.00148
THAIZ_BODY_PLY_localMouth,L_facial_local_BLS,l_up_mouth_bls,536,-0.005236,0.02317,0.018995
THAIZ_BODY_PLY_localMouth,L_facial_local_BLS,l_up_mouth_bls,537,0.000969,0.048984,0.010357
THAIZ_BODY_PLY_localMouth,L_facial_local_BLS,l_up_mouth_bls,538,0.003678,0.090921,0.017047
THAIZ_BODY_PLY_localMouth,L_facial_local_BLS,l_up_mouth_bls,539,-0.019068,0.052537,0.049017
THAIZ_BODY_PLY_localMouth,L_facial_local_BLS,l_up_mouth_bls,540,-0.091418,0.078107,0.081165
THAIZ_BODY_PLY_localMouth,L_facial_local_BLS,l_up_mouth_bls,541,0.239749,0.119023,-0.007164
THAIZ_BODY_PLY_localMouth,L_facial_local_BLS,l_up_mouth_bls,542,-0.001845,0.009524,0.001675
THAIZ_BODY_PLY_localMouth,L_facial_local_BLS,l_up_mouth_bls,543,0.328054,-0.022892,0.002088
THAIZ_BODY_PLY_localMouth,L_facial_local_BLS,l_up_mouth_bls,544,0.169213,-0.281975,0.180241
THAIZ_BODY_PLY_localMouth,L_facial_local_BLS,l_up_mouth_bls,545,0.089609,0.051098,0.024203
THAIZ_BODY_PLY_localMouth,L_facial_local_BLS,l_up_mouth_bls,546,0.116198,0.014686,0.025011
THAIZ_BODY_PLY_localMouth,L_facial_local_BLS,l_up_mouth_bls,547,0.054062,0.01583,-0.009329
THAIZ_BODY_PLY_localMouth,L_facial_local_BLS,l_up_mouth_bls,548,0.142261,0.042656,-0.044912
THAIZ_BODY_PLY_localMouth,L_facial_local_BLS,l_up_mouth_bls,549,0.317466,0.024746,-0.165417
THAIZ_BODY_PLY_localMouth,L_facial_local_BLS,l_up_mouth_bls,550,-0.17084,-0.676362,0.293065
THAIZ_BODY_PLY_localMouth,L_facial_local_BLS,l_up_mouth_bls,551,0.254961,-0.170541,-0.032759
THAIZ_BODY_PLY_localMouth,L_facial_local_BLS,l_up_mouth_bls,552,-0.066358,-0.116806,0.103628
THAIZ_BODY_PLY_localMouth,L_facial_local_BLS,l_up_mouth_bls,553,-0.461247,-0.815477,0.439955
THAIZ_BODY_PLY_localMouth,L_facial_local_BLS,l_up_mouth_bls,554,-0.038241,-0.044323,0.162712
THAIZ_BODY_PLY_localMouth,L_facial_local_BLS,l_up_mouth_bls,555,-0.455585,-0.742581,0.489364
THAIZ_BODY_PLY_localMouth,L_facial_local_BLS,l_up_mouth_bls,556,0.001228,0.009749,0.001559
THAIZ_BODY_PLY_localMouth,L_facial_local_BLS,l_up_mouth_bls,557,0.003468,0.009045,0.000496
THAIZ_BODY_PLY_localMouth,L_facial_local_BLS,l_up_mouth_bls,558,3.7e-05,0.010588,3.8e-05
THAIZ_BODY_PLY_localMouth,L_facial_local_BLS,l_up_mouth_bls,559,0.000727,0.00683,0.001312
THAIZ_BODY_PLY_localMouth,L_facial_local_BLS,l_up_mouth_bls,560,0.002758,0.036415,0.004394
THAIZ_BODY_PLY_localMouth,L_facial_local_BLS,l_up_mouth_bls,561,0.000203,0.012037,0.002437
THAIZ_BODY_PLY_localMouth,L_facial_local_BLS,l_up_mouth_bls,562,0.153752,0.072929,0.009511
THAIZ_BODY_PLY_localMouth,L_facial_local_BLS,l_up_mouth_bls,563,0.164149,0.067728,0.008856
THAIZ_BODY_PLY_localMouth,L_facial_local_BLS,l_up_mouth_bls,564,0.100654,0.025315,-0.022751
THAIZ_BODY_PLY_localMouth,L_facial_local_BLS,l_up_mouth_bls,565,0.001083,0.04094,0.006812
THAIZ_BODY_PLY_localMouth,L_facial_local_BLS,l_up_mouth_bls,566,0.000172,0.000861,0.000549
THAIZ_BODY_PLY_localMouth,L_facial_local_BLS,l_up_mouth_bls,567,0.005841,0.028728,0.018934
THAIZ_BODY_PLY_localMouth,L_facial_local_BLS,l_up_mouth_bls,568,0.007758,0.039678,0.024757
THAIZ_BODY_PLY_localMouth,L_facial_local_BLS,l_up_mouth_bls,569,0.00831,0.041475,0.020062
THAIZ_BODY_PLY_localMouth,L_facial_local_BLS,l_up_mouth_bls,570,0.009746,0.021374,0.009314
THAIZ_BODY_PLY_localMouth,L_facial_local_BLS,l_up_mouth_bls,571,0.017573,0.016506,0.006041
THAIZ_BODY_PLY_localMouth,L_facial_local_BLS,l_up_mouth_bls,572,0.009476,0.005956,-0.006179
THAIZ_BODY_PLY_localMouth,L_facial_local_BLS,l_up_mouth_bls,576,2.1e-05,0.010375,0.002501
THAIZ_BODY_PLY_localMouth,L_facial_local_BLS,l_up_mouth_bls,577,0.0,0.003166,2e-06
THAIZ_BODY_PLY_localMouth,L_facial_local_BLS,l_up_mouth_bls,579,-1e-06,2.6e-05,8e-06
THAIZ_BODY_PLY_localMouth,L_facial_local_BLS,l_up_mouth_bls,582,1.6e-05,1.6e-05,9.5e-05
THAIZ_BODY_PLY_localMouth,L_facial_local_BLS,l_up_mouth_bls,583,0.000898,1e-05,0.001742
THAIZ_BODY_PLY_localMouth,L_facial_local_BLS,l_up_mouth_bls,584,-6.8e-05,0.005882,0.001064
THAIZ_BODY_PLY_localMouth,L_facial_local_BLS,l_up_mouth_bls,585,1.7e-05,0.000111,6.1e-05
THAIZ_BODY_PLY_localMouth,L_facial_local_BLS,l_up_mouth_bls,586,0.000436,0.024365,0.004129
THAIZ_BODY_PLY_localMouth,L_facial_local_BLS,l_up_mouth_bls,587,-5e-06,9.9e-05,4.1e-05
THAIZ_BODY_PLY_localMouth,L_facial_local_BLS,l_up_mouth_bls,588,7.5e-05,0.000244,0.000245
THAIZ_BODY_PLY_localMouth,L_facial_local_BLS,l_up_mouth_bls,589,1e-06,7e-05,2.4e-05
THAIZ_BODY_PLY_localMouth,L_facial_local_BLS,l_up_mouth_bls,590,0.000866,0.010982,0.001198
THAIZ_BODY_PLY_localMouth,L_facial_local_BLS,l_up_mouth_bls,591,0.033016,0.009433,0.013971
THAIZ_BODY_PLY_localMouth,L_facial_local_BLS,l_up_mouth_bls,592,0.123044,-0.025866,0.035723
THAIZ_BODY_PLY_localMouth,L_facial_local_BLS,l_up_mouth_bls,593,-0.001614,0.002215,0.015043
THAIZ_BODY_PLY_localMouth,L_facial_local_BLS,l_up_mouth_bls,594,0.006909,-0.001192,0.021028
THAIZ_BODY_PLY_localMouth,L_facial_local_BLS,l_up_mouth_bls,595,-0.000106,0.001265,0.000383
THAIZ_BODY_PLY_localMouth,L_facial_local_BLS,l_up_mouth_bls,596,-0.000152,0.002606,0.000758
THAIZ_BODY_PLY_localMouth,L_facial_local_BLS,l_up_mouth_bls,597,-2.3e-05,0.000568,0.000101
THAIZ_BODY_PLY_localMouth,L_facial_local_BLS,l_up_mouth_bls,598,0.021062,0.007114,-0.003135
THAIZ_BODY_PLY_localMouth,L_facial_local_BLS,l_up_mouth_bls,601,0.01725,-0.08892,0.008562
THAIZ_BODY_PLY_localMouth,L_facial_local_BLS,l_up_mouth_bls,602,-0.000739,-0.069864,0.009971
THAIZ_BODY_PLY_localMouth,L_facial_local_BLS,l_up_mouth_bls,603,0.001197,-0.016248,0.009183
THAIZ_BODY_PLY_localMouth,L_facial_local_BLS,l_up_mouth_bls,604,-0.309447,-0.271249,0.447748
THAIZ_BODY_PLY_localMouth,L_facial_local_BLS,l_up_mouth_bls,605,0.33292,0.126997,0.024246
THAIZ_BODY_PLY_localMouth,L_facial_local_BLS,l_up_mouth_bls,606,-0.225971,-0.310752,0.324866
THAIZ_BODY_PLY_localMouth,L_facial_local_BLS,l_up_mouth_bls,607,-0.117277,-0.048189,0.262135
THAIZ_BODY_PLY_localMouth,L_facial_local_BLS,l_up_mouth_bls,608,-0.147449,0.00675,0.342857
THAIZ_BODY_PLY_localMouth,L_facial_local_BLS,l_up_mouth_bls,609,0.277402,0.15639,0.038452
THAIZ_BODY_PLY_localMouth,L_facial_local_BLS,l_up_mouth_bls,610,-0.013444,0.053642,0.096595
THAIZ_BODY_PLY_localMouth,L_facial_local_BLS,l_up_mouth_bls,611,-0.048687,0.055165,0.180909
THAIZ_BODY_PLY_localMouth,L_facial_local_BLS,l_up_mouth_bls,612,-0.032088,0.112926,0.205325
THAIZ_BODY_PLY_localMouth,L_facial_local_BLS,l_up_mouth_bls,613,0.021429,0.085723,0.084017
THAIZ_BODY_PLY_localMouth,L_facial_local_BLS,l_up_mouth_bls,614,0.035759,0.005148,0.074913
THAIZ_BODY_PLY_localMouth,L_facial_local_BLS,l_up_mouth_bls,615,0.007046,0.003887,0.052883
THAIZ_BODY_PLY_localMouth,L_facial_local_BLS,l_up_mouth_bls,616,0.002035,0.003564,0.014958
THAIZ_BODY_PLY_localMouth,L_facial_local_BLS,l_up_mouth_bls,617,0.13888,0.134113,0.035587
THAIZ_BODY_PLY_localMouth,L_facial_local_BLS,l_up_mouth_bls,619,0.000174,7.1e-05,-1.7e-05
THAIZ_BODY_PLY_localMouth,L_facial_local_BLS,l_up_mouth_bls,620,0.010105,0.003675,-0.001173
THAIZ_BODY_PLY_localMouth,L_facial_local_BLS,l_up_mouth_bls,621,0.071727,0.039977,-0.007921
THAIZ_BODY_PLY_localMouth,L_facial_local_BLS,l_up_mouth_bls,622,-3.2e-05,8.7e-05,0.000174
THAIZ_BODY_PLY_localMouth,L_facial_local_BLS,l_up_mouth_bls,623,-0.000413,0.000904,0.001656
THAIZ_BODY_PLY_localMouth,L_facial_local_BLS,l_up_mouth_bls,624,-0.001701,0.003328,0.005642
THAIZ_BODY_PLY_localMouth,L_facial_local_BLS,l_up_mouth_bls,625,1e-06,3e-06,1.3e-05
THAIZ_BODY_PLY_localMouth,L_facial_local_BLS,l_up_mouth_bls,626,1.3e-05,4.2e-05,0.000191
THAIZ_BODY_PLY_localMouth,L_facial_local_BLS,l_up_mouth_bls,627,-4.8e-05,0.000386,0.001036
THAIZ_BODY_PLY_localMouth,L_facial_local_BLS,l_up_mouth_bls,628,0.099956,0.528261,0.152038
THAIZ_BODY_PLY_localMouth,L_facial_local_BLS,l_up_mouth_bls,629,0.054796,0.27482,0.094043
THAIZ_BODY_PLY_localMouth,L_facial_local_BLS,l_up_mouth_bls,630,0.034579,0.141364,0.049952
THAIZ_BODY_PLY_localMouth,L_facial_local_BLS,l_up_mouth_bls,631,0.028367,0.095164,0.034097
THAIZ_BODY_PLY_localMouth,L_facial_local_BLS,l_up_mouth_bls,632,0.00731,0.016189,0.005549
THAIZ_BODY_PLY_localMouth,L_facial_local_BLS,l_up_mouth_bls,635,-1e-06,1e-06,1e-06
THAIZ_BODY_PLY_localMouth,L_facial_local_BLS,l_up_mouth_bls,637,-1.7e-05,1e-05,9e-06
THAIZ_BODY_PLY_localMouth,L_facial_local_BLS,l_up_mouth_bls,638,-0.00034,0.000959,0.000413
THAIZ_BODY_PLY_localMouth,L_facial_local_BLS,l_up_mouth_bls,639,-0.002623,0.029797,0.011397
THAIZ_BODY_PLY_localMouth,L_facial_local_BLS,l_up_mouth_bls,640,-0.045991,0.221654,0.091745
THAIZ_BODY_PLY_localMouth,L_facial_local_BLS,l_up_mouth_bls,641,-0.049892,0.332369,0.100449
THAIZ_BODY_PLY_localMouth,L_facial_local_BLS,l_up_mouth_bls,642,-0.064814,0.467774,0.108355
THAIZ_BODY_PLY_localMouth,L_facial_local_BLS,l_up_mouth_bls,643,-0.006962,0.492788,0.103063
THAIZ_BODY_PLY_localMouth,L_facial_local_BLS,l_up_mouth_bls,644,0.043738,0.400253,0.122353
THAIZ_BODY_PLY_localMouth,L_facial_local_BLS,l_up_mouth_bls,645,0.061703,0.391464,0.123613
THAIZ_BODY_PLY_localMouth,L_facial_local_BLS,l_up_mouth_bls,646,0.000797,0.043717,0.007528
THAIZ_BODY_PLY_localMouth,L_facial_local_BLS,l_up_mouth_bls,647,-0.016018,0.018627,-0.008286
THAIZ_BODY_PLY_localMouth,L_facial_local_BLS,l_up_mouth_bls,648,-0.013944,0.037081,-0.005004
THAIZ_BODY_PLY_localMouth,L_facial_local_BLS,l_up_mouth_bls,649,-0.00541,0.04989,0.002256
THAIZ_BODY_PLY_localMouth,L_facial_local_BLS,l_up_mouth_bls,650,-0.003055,0.020196,0.009484
THAIZ_BODY_PLY_localMouth,L_facial_local_BLS,l_up_mouth_bls,651,0.005759,0.050058,0.020748
THAIZ_BODY_PLY_localMouth,L_facial_local_BLS,l_up_mouth_bls,652,0.00703,0.017927,0.008733
THAIZ_BODY_PLY_localMouth,L_facial_local_BLS,l_up_mouth_bls,653,0.000127,0.000716,0.000475
THAIZ_BODY_PLY_localMouth,L_facial_local_BLS,l_up_mouth_bls,654,1.4e-05,0.000216,0.000108
THAIZ_BODY_PLY_localMouth,L_facial_local_BLS,l_up_mouth_bls,655,-6.6e-05,0.00132,0.000297
THAIZ_BODY_PLY_localMouth,L_facial_local_BLS,l_up_mouth_bls,656,-0.000152,0.00872,0.00193
THAIZ_BODY_PLY_localMouth,L_facial_local_BLS,l_up_mouth_bls,657,0.000478,0.028897,0.005695
THAIZ_BODY_PLY_localMouth,L_facial_local_BLS,l_up_mouth_bls,658,0.001734,0.054263,0.010238
THAIZ_BODY_PLY_localMouth,L_facial_local_BLS,l_up_mouth_bls,660,0.000358,0.000145,-3.5e-05
THAIZ_BODY_PLY_localMouth,L_facial_local_BLS,l_up_mouth_bls,661,0.016426,0.005973,-0.001907
THAIZ_BODY_PLY_localMouth,L_facial_local_BLS,l_up_mouth_bls,662,0.10046,0.030779,-0.015192
THAIZ_BODY_PLY_localMouth,L_facial_local_BLS,l_up_mouth_bls,663,0.149934,0.111748,0.087444
THAIZ_BODY_PLY_localMouth,L_facial_local_BLS,l_up_mouth_bls,664,0.139294,0.145564,0.181548
THAIZ_BODY_PLY_localMouth,L_facial_local_BLS,l_up_mouth_bls,665,0.228467,0.171789,0.21988
THAIZ_BODY_PLY_localMouth,L_facial_local_BLS,l_up_mouth_bls,666,-0.26633,-0.021653,0.370976
THAIZ_BODY_PLY_localMouth,L_facial_local_BLS,l_up_mouth_bls,667,-0.230626,-0.202234,0.291558
THAIZ_BODY_PLY_localMouth,L_facial_local_BLS,l_up_mouth_bls,668,0.172164,-0.146221,-0.029806
THAIZ_BODY_PLY_localMouth,L_facial_local_BLS,l_up_mouth_bls,669,0.078171,-0.079279,-0.10147
THAIZ_BODY_PLY_localMouth,L_facial_local_BLS,l_up_mouth_bls,670,0.118226,0.016729,-0.043048
THAIZ_BODY_PLY_localMouth,L_facial_local_BLS,l_up_mouth_bls,671,0.069661,0.016411,-0.014915
THAIZ_BODY_PLY_localMouth,L_facial_local_BLS,l_up_mouth_bls,672,0.030175,0.008824,-0.005202
THAIZ_BODY_PLY_localMouth,L_facial_local_BLS,l_up_mouth_bls,673,0.007396,0.002498,-0.001101
THAIZ_BODY_PLY_localMouth,L_facial_local_BLS,l_up_mouth_bls,676,-0.000549,-0.000185,0.000944
THAIZ_BODY_PLY_localMouth,L_facial_local_BLS,l_up_mouth_bls,677,-0.002002,-0.00191,0.006937
THAIZ_BODY_PLY_localMouth,L_facial_local_BLS,l_up_mouth_bls,678,0.096819,-0.001261,0.003514
THAIZ_BODY_PLY_localMouth,L_facial_local_BLS,l_up_mouth_bls,679,0.134148,0.030712,-0.036708
THAIZ_BODY_PLY_localMouth,L_facial_local_BLS,l_up_mouth_bls,680,0.159772,0.074895,-0.085721
THAIZ_BODY_PLY_localMouth,L_facial_local_BLS,l_up_mouth_bls,681,0.220239,0.021403,-0.101221
THAIZ_BODY_PLY_localMouth,L_facial_local_BLS,l_up_mouth_bls,682,0.086593,-0.028091,0.064904
THAIZ_BODY_PLY_localMouth,L_facial_local_BLS,l_up_mouth_bls,683,-0.198441,-0.195722,0.352982
THAIZ_BODY_PLY_localMouth,L_facial_local_BLS,l_up_mouth_bls,684,-0.505126,-0.402269,0.571174
THAIZ_BODY_PLY_localMouth,L_facial_local_BLS,l_up_mouth_bls,685,-0.599792,-0.381174,0.686213
THAIZ_BODY_PLY_localMouth,L_facial_local_BLS,l_up_mouth_bls,686,-0.411808,-0.175623,0.597768
THAIZ_BODY_PLY_localMouth,L_facial_local_BLS,l_up_mouth_bls,687,-0.197046,0.034834,0.438228
THAIZ_BODY_PLY_localMouth,L_facial_local_BLS,l_up_mouth_bls,688,-0.030695,0.13357,0.240339
THAIZ_BODY_PLY_localMouth,L_facial_local_BLS,l_up_mouth_bls,689,0.052142,0.111062,0.075119
THAIZ_BODY_PLY_localMouth,L_facial_local_BLS,l_up_mouth_bls,690,0.000897,0.000688,0.000635
THAIZ_BODY_PLY_localMouth,L_facial_local_BLS,l_up_mouth_bls,691,0.001318,0.000828,0.015442
THAIZ_BODY_PLY_localMouth,L_facial_local_BLS,l_up_mouth_bls,692,0.035593,0.006589,0.051889
THAIZ_BODY_PLY_localMouth,L_facial_local_BLS,l_up_mouth_bls,693,-0.002566,0.00532,0.012603
THAIZ_BODY_PLY_localMouth,L_facial_local_BLS,l_up_mouth_bls,694,-0.002385,0.004726,0.0101
THAIZ_BODY_PLY_localMouth,L_facial_local_BLS,l_up_mouth_bls,695,-0.000508,0.0014,0.002729
THAIZ_BODY_PLY_localMouth,L_facial_local_BLS,l_up_mouth_bls,696,-8.9e-05,0.00031,0.000719
THAIZ_BODY_PLY_localMouth,L_facial_local_BLS,l_up_mouth_bls,697,-1e-06,1.5e-05,4.9e-05
THAIZ_BODY_PLY_localMouth,L_facial_local_BLS,l_up_mouth_bls,698,0.000818,-0.001013,0.000533
THAIZ_BODY_PLY_localMouth,L_facial_local_BLS,l_up_mouth_bls,699,0.00491,-0.003773,0.00655
THAIZ_BODY_PLY_localMouth,L_facial_local_BLS,l_up_mouth_bls,702,-0.0,1.2e-05,4e-06
THAIZ_BODY_PLY_localMouth,L_facial_local_BLS,l_up_mouth_bls,703,-0.000753,0.013732,0.003635
THAIZ_BODY_PLY_localMouth,L_facial_local_BLS,l_up_mouth_bls,704,-0.000821,0.016634,0.003951
THAIZ_BODY_PLY_localMouth,L_facial_local_BLS,l_up_mouth_bls,706,-0.033694,0.096977,0.058404
THAIZ_BODY_PLY_localMouth,L_facial_local_BLS,l_up_mouth_bls,707,-0.029993,0.116279,0.065104
THAIZ_BODY_PLY_localMouth,L_facial_local_BLS,l_up_mouth_bls,708,-0.029867,0.113218,0.087189
THAIZ_BODY_PLY_localMouth,L_facial_local_BLS,l_up_mouth_bls,709,0.000957,0.015132,0.005545
THAIZ_BODY_PLY_localMouth,L_facial_local_BLS,l_up_mouth_bls,710,7e-06,0.000113,4.4e-05
THAIZ_BODY_PLY_localMouth,L_facial_local_BLS,l_up_mouth_bls,724,0.093328,0.584906,0.836481
THAIZ_BODY_PLY_localMouth,L_facial_local_BLS,l_up_mouth_bls,725,0.151573,0.163599,0.219265
THAIZ_BODY_PLY_localMouth,L_facial_local_BLS,l_up_mouth_bls,726,0.193113,0.151847,0.077943
THAIZ_BODY_PLY_localMouth,L_facial_local_BLS,l_up_mouth_bls,727,0.158089,0.10644,0.04092
THAIZ_BODY_PLY_localMouth,L_facial_local_BLS,l_up_mouth_bls,728,0.124905,0.049473,0.024774
THAIZ_BODY_PLY_localMouth,L_facial_local_BLS,l_up_mouth_bls,729,0.123512,0.008385,0.028145
THAIZ_BODY_PLY_localMouth,L_facial_local_BLS,l_up_mouth_bls,730,0.024123,-0.004623,0.050507
THAIZ_BODY_PLY_localMouth,L_facial_local_BLS,l_up_mouth_bls,731,0.009616,-0.004702,0.062583
THAIZ_BODY_PLY_localMouth,L_facial_local_BLS,l_up_mouth_bls,732,0.144699,0.549353,0.578367
THAIZ_BODY_PLY_localMouth,L_facial_local_BLS,l_up_mouth_bls,733,0.100363,0.144244,0.170023
THAIZ_BODY_PLY_localMouth,L_facial_local_BLS,l_up_mouth_bls,734,0.216503,0.142951,0.029995
THAIZ_BODY_PLY_localMouth,L_facial_local_BLS,l_up_mouth_bls,735,0.193478,0.099648,0.012317
THAIZ_BODY_PLY_localMouth,L_facial_local_BLS,l_up_mouth_bls,736,0.127541,0.047898,0.017259
THAIZ_BODY_PLY_localMouth,L_facial_local_BLS,l_up_mouth_bls,737,0.073487,0.005925,0.019878
THAIZ_BODY_PLY_localMouth,L_facial_local_BLS,l_up_mouth_bls,738,0.000735,-0.00113,0.00247
THAIZ_BODY_PLY_localMouth,L_facial_local_BLS,l_up_mouth_bls,739,1.8e-05,-8e-05,0.000228
THAIZ_BODY_PLY_localMouth,L_facial_local_BLS,l_up_mouth_bls,740,0.092418,0.486474,0.309707
THAIZ_BODY_PLY_localMouth,L_facial_local_BLS,l_up_mouth_bls,741,0.06892,0.403441,0.1523
THAIZ_BODY_PLY_localMouth,L_facial_local_BLS,l_up_mouth_bls,742,0.072693,0.393358,0.128493
THAIZ_BODY_PLY_localMouth,L_facial_local_BLS,l_up_mouth_bls,743,0.055129,0.242699,0.060925
THAIZ_BODY_PLY_localMouth,L_facial_local_BLS,l_up_mouth_bls,744,0.000804,0.012223,0.007851
THAIZ_BODY_PLY_localMouth,L_facial_local_BLS,l_up_mouth_bls,745,6e-06,0.000274,0.000154
THAIZ_BODY_PLY_localMouth,L_facial_local_BLS,l_up_mouth_bls,746,0.000106,0.000493,0.001916
THAIZ_BODY_PLY_localMouth,L_facial_local_BLS,l_up_mouth_bls,747,8.1e-05,0.002285,0.008609
THAIZ_BODY_PLY_localMouth,L_facial_local_BLS,l_up_mouth_bls,748,-0.001419,0.006861,0.022266
THAIZ_BODY_PLY_localMouth,L_facial_local_BLS,l_up_mouth_bls,749,0.002604,0.0014,0.014324
THAIZ_BODY_PLY_localMouth,L_facial_local_BLS,l_up_mouth_bls,750,0.001548,-0.000972,0.003661
THAIZ_BODY_PLY_localMouth,L_facial_local_BLS,l_up_mouth_bls,751,0.000192,-0.000162,0.000347
THAIZ_BODY_PLY_localMouth,L_facial_local_BLS,l_up_mouth_bls,752,-0.010483,0.023961,0.070667
THAIZ_BODY_PLY_localMouth,L_facial_local_BLS,l_up_mouth_bls,753,0.006036,0.004783,0.033017
THAIZ_BODY_PLY_localMouth,L_facial_local_BLS,l_up_mouth_bls,754,-0.001186,0.015499,0.052266
THAIZ_BODY_PLY_localMouth,L_facial_local_BLS,l_up_mouth_bls,755,0.153415,0.37879,0.437475
THAIZ_BODY_PLY_localMouth,L_facial_local_BLS,l_up_mouth_bls,756,0.010163,0.323032,0.308611
THAIZ_BODY_PLY_localMouth,L_facial_local_BLS,l_up_mouth_bls,757,-0.078553,0.270505,0.218167
THAIZ_BODY_PLY_localMouth,L_facial_local_BLS,l_up_mouth_bls,758,-0.079636,0.172213,0.200312
THAIZ_BODY_PLY_localMouth,L_facial_local_BLS,l_up_mouth_bls,759,-0.049153,0.104886,0.177295
THAIZ_BODY_PLY_localMouth,L_facial_local_BLS,l_up_mouth_bls,760,-0.01658,0.037168,0.105057
THAIZ_BODY_PLY_localMouth,L_facial_local_BLS,l_up_mouth_bls,761,-0.024306,0.062245,0.144336
THAIZ_BODY_PLY_localMouth,L_facial_local_BLS,l_up_mouth_bls,762,0.051417,0.205549,0.23617
THAIZ_BODY_PLY_localMouth,L_facial_local_BLS,l_up_mouth_bls,763,0.023776,0.162902,0.204443
THAIZ_BODY_PLY_localMouth,L_facial_local_BLS,l_up_mouth_bls,764,0.010031,0.119222,0.181124
THAIZ_BODY_PLY_localMouth,L_facial_local_BLS,l_up_mouth_bls,765,0.000811,0.083691,0.156987
THAIZ_BODY_PLY_localMouth,L_facial_local_BLS,l_up_mouth_bls,766,-0.002796,0.058237,0.132748
THAIZ_BODY_PLY_localMouth,L_facial_local_BLS,l_up_mouth_bls,767,-0.00378,0.025766,0.077224
THAIZ_BODY_PLY_localMouth,L_facial_local_BLS,l_up_mouth_bls,768,-0.00467,0.039293,0.104589
THAIZ_BODY_PLY_localMouth,L_facial_local_BLS,l_up_mouth_bls,769,0.021721,0.049768,0.070187
THAIZ_BODY_PLY_localMouth,L_facial_local_BLS,l_up_mouth_bls,770,0.026122,0.047837,0.086617
THAIZ_BODY_PLY_localMouth,L_facial_local_BLS,l_up_mouth_bls,771,0.022378,0.043841,0.092854
THAIZ_BODY_PLY_localMouth,L_facial_local_BLS,l_up_mouth_bls,772,0.015539,0.036113,0.089133
THAIZ_BODY_PLY_localMouth,L_facial_local_BLS,l_up_mouth_bls,773,0.010135,0.026606,0.078776
THAIZ_BODY_PLY_localMouth,L_facial_local_BLS,l_up_mouth_bls,774,0.006065,0.010765,0.048958
THAIZ_BODY_PLY_localMouth,L_facial_local_BLS,l_up_mouth_bls,775,0.007032,0.018012,0.064772
THAIZ_BODY_PLY_localMouth,L_facial_local_BLS,l_up_mouth_bls,777,8.3e-05,-0.000103,2.3e-05
THAIZ_BODY_PLY_localMouth,L_facial_local_BLS,l_up_mouth_bls,778,0.002326,-0.002477,0.001228
THAIZ_BODY_PLY_localMouth,L_facial_local_BLS,l_up_mouth_bls,779,0.00779,-0.002913,0.015516
THAIZ_BODY_PLY_localMouth,L_facial_local_BLS,l_up_mouth_bls,780,0.011081,0.004219,0.025396
THAIZ_BODY_PLY_localMouth,L_facial_local_BLS,l_up_mouth_bls,781,0.008916,-0.000907,0.022902
THAIZ_BODY_PLY_localMouth,L_facial_local_BLS,l_up_mouth_bls,782,0.010256,0.00104,0.028166
THAIZ_BODY_PLY_localMouth,L_facial_local_BLS,l_up_mouth_bls,783,0.011537,0.002787,0.029637
THAIZ_BODY_PLY_localMouth,L_facial_local_BLS,l_up_mouth_bls,784,0.006958,0.004366,0.015046
THAIZ_BODY_PLY_localMouth,L_facial_local_BLS,l_up_mouth_bls,785,0.002428,0.00279,0.006094
THAIZ_BODY_PLY_localMouth,L_facial_local_BLS,l_up_mouth_bls,786,0.000597,0.001,0.001654
THAIZ_BODY_PLY_localMouth,L_facial_local_BLS,l_up_mouth_bls,787,-0.00013,0.000266,0.000476
THAIZ_BODY_PLY_localMouth,L_facial_local_BLS,l_up_mouth_bls,788,-0.00102,0.001825,0.003323
THAIZ_BODY_PLY_localMouth,L_facial_local_BLS,l_up_mouth_bls,789,-0.003381,0.005536,0.010182
THAIZ_BODY_PLY_localMouth,L_facial_local_BLS,l_up_mouth_bls,790,-0.010376,0.013942,0.036057
THAIZ_BODY_PLY_localMouth,L_facial_local_BLS,l_up_mouth_bls,791,-0.012891,0.016849,0.050226
THAIZ_BODY_PLY_localMouth,L_facial_local_BLS,l_up_mouth_bls,792,-0.005061,0.014137,0.042925
THAIZ_BODY_PLY_localMouth,L_facial_local_BLS,l_up_mouth_bls,793,0.001307,0.007434,0.031037
THAIZ_BODY_PLY_localMouth,L_facial_local_BLS,l_up_mouth_bls,794,0.006024,-0.000309,0.018455
THAIZ_BODY_PLY_localMouth,L_facial_local_BLS,l_up_mouth_bls,795,0.006297,-0.004444,0.007702
THAIZ_BODY_PLY_localMouth,L_facial_local_BLS,l_up_mouth_bls,796,-6.8e-05,7.9e-05,0.001163
THAIZ_BODY_PLY_localMouth,L_facial_local_BLS,l_up_mouth_bls,797,-0.000882,0.000733,0.007085
THAIZ_BODY_PLY_localMouth,L_facial_local_BLS,l_up_mouth_bls,798,-0.003348,0.004409,0.01865
THAIZ_BODY_PLY_localMouth,L_facial_local_BLS,l_up_mouth_bls,799,-0.015317,0.012422,0.070415
THAIZ_BODY_PLY_localMouth,L_facial_local_BLS,l_up_mouth_bls,800,-0.027144,0.01349,0.114536
THAIZ_BODY_PLY_localMouth,L_facial_local_BLS,l_up_mouth_bls,801,-0.053415,0.027004,0.177369
THAIZ_BODY_PLY_localMouth,L_facial_local_BLS,l_up_mouth_bls,802,-0.153315,0.042517,0.230465
THAIZ_BODY_PLY_localMouth,L_facial_local_BLS,l_up_mouth_bls,803,-0.237175,0.000587,0.24501
THAIZ_BODY_PLY_localMouth,L_facial_local_BLS,l_up_mouth_bls,804,-0.226782,-0.0837,0.334807
THAIZ_BODY_PLY_localMouth,L_facial_local_BLS,l_up_mouth_bls,805,-0.104048,-0.116902,0.49715
THAIZ_BODY_PLY_localMouth,L_facial_local_BLS,l_up_mouth_bls,806,0.063771,-0.031388,0.728869
THAIZ_BODY_PLY_localMouth,L_facial_local_BLS,l_up_mouth_bls,807,0.194878,0.107118,1.001072
THAIZ_BODY_PLY_localMouth,L_facial_local_BLS,l_up_mouth_bls,808,0.077302,0.769996,1.220027
THAIZ_BODY_PLY_localMouth,L_facial_local_BLS,l_up_mouth_bls,809,0.16952,0.730701,0.787797
THAIZ_BODY_PLY_localMouth,L_facial_local_BLS,l_up_mouth_bls,810,0.121763,0.5364,0.489237
THAIZ_BODY_PLY_localMouth,L_facial_local_BLS,l_up_mouth_bls,811,0.078864,0.364304,0.299863
THAIZ_BODY_PLY_localMouth,L_facial_local_BLS,l_up_mouth_bls,812,0.045364,0.215951,0.164174
THAIZ_BODY_PLY_localMouth,L_facial_local_BLS,l_up_mouth_bls,813,0.022945,0.11127,0.079771
THAIZ_BODY_PLY_localMouth,L_facial_local_BLS,l_up_mouth_bls,814,0.002767,0.013427,0.008948
THAIZ_BODY_PLY_localMouth,L_facial_local_BLS,l_up_mouth_bls,815,0.000325,0.00154,0.001004
THAIZ_BODY_PLY_localMouth,L_facial_local_BLS,l_up_mouth_bls,816,0.166304,0.233021,0.027583
THAIZ_BODY_PLY_localMouth,L_facial_local_BLS,l_up_mouth_bls,817,0.010241,0.076926,0.03487
THAIZ_BODY_PLY_localMouth,L_facial_local_BLS,l_up_mouth_bls,818,-0.004099,0.014235,0.000233
THAIZ_BODY_PLY_localMouth,L_facial_local_BLS,l_up_mouth_bls,819,-0.001446,0.010385,-0.001608
THAIZ_BODY_PLY_localMouth,L_facial_local_BLS,l_up_mouth_bls,820,-0.000304,0.034357,0.008147
THAIZ_BODY_PLY_localMouth,L_facial_local_BLS,l_up_mouth_bls,821,-1.5e-05,0.002157,0.000369
THAIZ_BODY_PLY_localMouth,L_facial_local_BLS,l_up_mouth_bls,826,-1e-06,0.002039,3.5e-05
THAIZ_BODY_PLY_localMouth,L_facial_local_BLS,l_up_mouth_bls,827,-0.00011,0.006921,-4.1e-05
THAIZ_BODY_PLY_localMouth,L_facial_local_BLS,l_up_mouth_bls,828,-0.006878,0.005051,0.001748
THAIZ_BODY_PLY_localMouth,L_facial_local_BLS,l_up_mouth_bls,829,-0.01562,0.010158,0.0108
THAIZ_BODY_PLY_localMouth,L_facial_local_BLS,l_up_mouth_bls,830,-0.03025,0.089997,0.086583
THAIZ_BODY_PLY_localMouth,L_facial_local_BLS,l_up_mouth_bls,831,0.007172,0.158382,0.130601
THAIZ_BODY_PLY_localMouth,L_facial_local_BLS,l_up_mouth_bls,832,0.002801,0.01492,0.008111
THAIZ_BODY_PLY_localMouth,L_facial_local_BLS,l_up_mouth_bls,833,0.008886,0.047332,0.024842
THAIZ_BODY_PLY_localMouth,L_facial_local_BLS,l_up_mouth_bls,834,0.031855,0.17498,0.085984
THAIZ_BODY_PLY_localMouth,L_facial_local_BLS,l_up_mouth_bls,835,0.049029,0.280346,0.131767
THAIZ_BODY_PLY_localMouth,L_facial_local_BLS,l_up_mouth_bls,836,0.07297,0.443545,0.198832
THAIZ_BODY_PLY_localMouth,L_facial_local_BLS,l_up_mouth_bls,837,0.100385,0.670943,0.286476
THAIZ_BODY_PLY_localMouth,L_facial_local_BLS,l_up_mouth_bls,838,0.116784,0.901404,0.353035
THAIZ_BODY_PLY_localMouth,L_facial_local_BLS,l_up_mouth_bls,839,0.117968,1.104662,0.431921
THAIZ_BODY_PLY_localMouth,L_facial_local_BLS,l_up_mouth_bls,840,0.083964,1.002652,0.310596
THAIZ_BODY_PLY_localMouth,L_facial_local_BLS,l_up_mouth_bls,841,0.016986,0.68136,0.205733
THAIZ_BODY_PLY_localMouth,L_facial_local_BLS,l_up_mouth_bls,842,-0.009103,0.434272,0.141081
THAIZ_BODY_PLY_localMouth,L_facial_local_BLS,l_up_mouth_bls,843,-0.021492,0.253721,0.10159
THAIZ_BODY_PLY_localMouth,L_facial_local_BLS,l_up_mouth_bls,844,0.000646,0.106125,0.037468
THAIZ_BODY_PLY_localMouth,L_facial_local_BLS,l_up_mouth_bls,845,0.00055,0.03498,0.009308
THAIZ_BODY_PLY_localMouth,L_facial_local_BLS,l_up_mouth_bls,846,-0.000154,0.006487,0.001853
THAIZ_BODY_PLY_localMouth,L_facial_local_BLS,l_up_mouth_bls,847,-6.4e-05,0.000123,7.7e-05
THAIZ_BODY_PLY_localMouth,L_facial_local_BLS,l_up_mouth_bls,848,-1.8e-05,8e-06,1.1e-05
THAIZ_BODY_PLY_localMouth,L_facial_local_BLS,l_up_mouth_bls,849,-2e-06,0.0,1e-06
THAIZ_BODY_PLY_localMouth,L_facial_local_BLS,l_up_mouth_bls,852,6e-06,1.1e-05,5e-06
THAIZ_BODY_PLY_localMouth,L_facial_local_BLS,l_up_mouth_bls,853,2.6e-05,4.9e-05,2.3e-05
THAIZ_BODY_PLY_localMouth,L_facial_local_BLS,l_up_mouth_bls,854,2e-06,4e-06,2e-06
THAIZ_BODY_PLY_localMouth,L_facial_local_BLS,l_up_mouth_bls,859,0.000136,0.000676,0.000219
THAIZ_BODY_PLY_localMouth,L_facial_local_BLS,l_up_mouth_bls,860,0.001641,0.002199,0.00104
THAIZ_BODY_PLY_localMouth,L_facial_local_BLS,l_up_mouth_bls,861,0.004376,-0.002748,0.00306
THAIZ_BODY_PLY_localMouth,L_facial_local_BLS,l_up_mouth_bls,862,0.009651,-0.001561,0.010225
THAIZ_BODY_PLY_localMouth,L_facial_local_BLS,l_up_mouth_bls,863,0.039964,0.004063,0.025153
THAIZ_BODY_PLY_localMouth,L_facial_local_BLS,l_up_mouth_bls,864,0.058875,-0.017182,0.036556
THAIZ_BODY_PLY_localMouth,L_facial_local_BLS,l_up_mouth_bls,865,0.034461,-0.011042,0.020352
THAIZ_BODY_PLY_localMouth,L_facial_local_BLS,l_up_mouth_bls,867,0.003448,0.001309,-0.000452
THAIZ_BODY_PLY_localMouth,L_facial_local_BLS,l_up_mouth_bls,868,6e-06,-5e-06,1e-05
THAIZ_BODY_PLY_localMouth,L_facial_local_BLS,l_up_mouth_bls,869,1.4e-05,4.7e-05,0.000182
THAIZ_BODY_PLY_localMouth,L_facial_local_BLS,l_up_mouth_bls,870,-0.000123,0.000436,0.001006
THAIZ_BODY_PLY_localMouth,L_facial_local_BLS,l_up_mouth_bls,871,-0.000115,0.000423,0.000991
THAIZ_BODY_PLY_localMouth,L_facial_local_BLS,l_up_mouth_bls,872,1.5e-05,6.2e-05,0.000256
THAIZ_BODY_PLY_localMouth,L_facial_local_BLS,l_up_mouth_bls,873,0.0,0.0,2e-06
THAIZ_BODY_PLY_localMouth,L_facial_local_BLS,l_up_mouth_bls,874,6e-06,3e-06,3.4e-05
THAIZ_BODY_PLY_localMouth,L_facial_local_BLS,l_up_mouth_bls,882,0.046436,0.211396,0.068307
THAIZ_BODY_PLY_localMouth,L_facial_local_BLS,l_up_mouth_bls,883,0.042974,0.198607,0.0693
THAIZ_BODY_PLY_localMouth,L_facial_local_BLS,l_up_mouth_bls,884,0.036986,0.171752,0.065791
THAIZ_BODY_PLY_localMouth,L_facial_local_BLS,l_up_mouth_bls,885,0.027192,0.119575,0.049093
THAIZ_BODY_PLY_localMouth,L_facial_local_BLS,l_up_mouth_bls,886,0.007975,0.03138,0.014315
THAIZ_BODY_PLY_localMouth,L_facial_local_BLS,l_up_mouth_bls,887,0.002026,0.007704,0.003658
THAIZ_BODY_PLY_localMouth,L_facial_local_BLS,l_up_mouth_bls,888,0.002884,0.010753,0.001461
THAIZ_BODY_PLY_localMouth,L_facial_local_BLS,l_up_mouth_bls,889,0.002575,0.008596,0.00063
THAIZ_BODY_PLY_localMouth,L_facial_local_BLS,l_up_mouth_bls,897,2e-05,0.000136,2e-05
THAIZ_BODY_PLY_localMouth,L_facial_local_BLS,l_up_mouth_bls,902,-0.000336,0.00034,0.000395
THAIZ_BODY_PLY_localMouth,L_facial_local_BLS,l_up_mouth_bls,903,-0.016815,0.020639,0.0205
THAIZ_BODY_PLY_localMouth,L_facial_local_BLS,l_up_mouth_bls,904,-0.02035,0.035287,0.02392
THAIZ_BODY_PLY_localMouth,L_facial_local_BLS,l_up_mouth_bls,905,-0.02104,0.040972,0.021482
THAIZ_BODY_PLY_localMouth,L_facial_local_BLS,l_up_mouth_bls,906,-0.008652,0.028356,0.007616
THAIZ_BODY_PLY_localMouth,L_facial_local_BLS,l_up_mouth_bls,907,-0.004235,0.029572,0.012141
THAIZ_BODY_PLY_localMouth,L_facial_local_BLS,l_up_mouth_bls,908,0.004212,0.031712,0.022128
THAIZ_BODY_PLY_localMouth,L_facial_local_BLS,l_up_mouth_bls,909,0.002765,0.015058,0.007786
THAIZ_BODY_PLY_localMouth,L_facial_local_BLS,l_up_mouth_bls,912,-0.0,0.002686,3e-06
THAIZ_BODY_PLY_localMouth,L_facial_local_BLS,l_up_mouth_bls,913,-0.000125,0.006575,-0.000778
THAIZ_BODY_PLY_localMouth,L_facial_local_BLS,l_up_mouth_bls,914,-0.007369,0.010794,0.004865
THAIZ_BODY_PLY_localMouth,L_facial_local_BLS,l_up_mouth_bls,915,-0.016528,0.023874,0.019886
THAIZ_BODY_PLY_localMouth,L_facial_local_BLS,l_up_mouth_bls,916,0.002776,0.06067,0.039169
THAIZ_BODY_PLY_localMouth,L_facial_local_BLS,l_up_mouth_bls,917,0.016855,0.162947,0.148092
THAIZ_BODY_PLY_localMouth,L_facial_local_BLS,l_up_mouth_bls,918,0.26504,0.29227,0.00047
THAIZ_BODY_PLY_localMouth,L_facial_local_BLS,l_up_mouth_bls,919,-0.026877,0.062044,0.055527
THAIZ_BODY_PLY_localMouth,L_facial_local_BLS,l_up_mouth_bls,920,-0.001289,0.009308,0.001223
THAIZ_BODY_PLY_localMouth,L_facial_local_BLS,l_up_mouth_bls,921,0.000243,0.026858,0.003896
THAIZ_BODY_PLY_localMouth,L_facial_local_BLS,l_up_mouth_bls,922,0.000167,0.047271,0.010646
THAIZ_BODY_PLY_localMouth,L_facial_local_BLS,l_up_mouth_bls,923,-4.1e-05,0.005962,0.001535
THAIZ_BODY_PLY_localMouth,L_facial_local_BLS,l_up_mouth_bls,926,0.000207,0.023261,0.003336
THAIZ_BODY_PLY_localMouth,L_facial_local_BLS,l_up_mouth_bls,927,0.00018,0.00322,0.000291
THAIZ_BODY_PLY_localMouth,L_facial_local_BLS,l_up_mouth_bls,928,-0.00124,-0.000649,-0.002435
THAIZ_BODY_PLY_localMouth,L_facial_local_BLS,l_up_mouth_bls,929,-0.001063,0.002478,0.000498
THAIZ_BODY_PLY_localMouth,L_facial_local_BLS,l_up_mouth_bls,930,0.000706,0.033627,0.004651
THAIZ_BODY_PLY_localMouth,L_facial_local_BLS,l_up_mouth_bls,931,0.001514,0.024557,0.003137
THAIZ_BODY_PLY_localMouth,L_facial_local_BLS,l_up_mouth_bls,932,0.00038,0.028107,0.004021
THAIZ_BODY_PLY_localMouth,L_facial_local_BLS,l_up_mouth_bls,933,3e-06,4.1e-05,1.1e-05
THAIZ_BODY_PLY_localMouth,L_facial_local_BLS,l_up_mouth_bls,934,-1e-06,5.3e-05,9e-06
THAIZ_BODY_PLY_localMouth,L_facial_local_BLS,l_up_mouth_bls,935,-1.2e-05,0.002431,0.000365
THAIZ_BODY_PLY_localMouth,L_facial_local_BLS,l_up_mouth_bls,936,0.00017,0.014254,0.002059
THAIZ_BODY_PLY_localMouth,L_facial_local_BLS,l_up_mouth_bls,937,-5e-06,0.000232,3.3e-05
THAIZ_BODY_PLY_localMouth,L_facial_local_BLS,l_up_mouth_bls,938,0.000236,0.004228,0.000567
THAIZ_BODY_PLY_localMouth,L_facial_local_BLS,l_up_mouth_bls,939,1.8e-05,0.000263,4.4e-05
THAIZ_BODY_PLY_localMouth,L_facial_local_BLS,l_up_mouth_bls,941,0.000202,0.000199,-0.000868
THAIZ_BODY_PLY_localMouth,L_facial_local_BLS,l_up_mouth_bls,942,0.007583,0.003565,-0.01496
THAIZ_BODY_PLY_localMouth,L_facial_local_BLS,l_up_mouth_bls,943,0.065144,0.039976,-0.10969
THAIZ_BODY_PLY_localMouth,L_facial_local_BLS,l_up_mouth_bls,944,0.132067,0.064683,-0.178481
THAIZ_BODY_PLY_localMouth,L_facial_local_BLS,l_up_mouth_bls,945,0.198805,0.095568,-0.229463
THAIZ_BODY_PLY_localMouth,L_facial_local_BLS,l_up_mouth_bls,946,0.317607,0.115515,-0.270274
THAIZ_BODY_PLY_localMouth,L_facial_local_BLS,l_up_mouth_bls,947,0.216133,0.079006,-0.113456
THAIZ_BODY_PLY_localMouth,L_facial_local_BLS,l_up_mouth_bls,948,0.001361,-0.109217,0.173326
THAIZ_BODY_PLY_localMouth,L_facial_local_BLS,l_up_mouth_bls,949,-0.484945,-0.16717,0.588782
THAIZ_BODY_PLY_localMouth,L_facial_local_BLS,l_up_mouth_bls,950,-0.694223,-0.290904,0.795467
THAIZ_BODY_PLY_localMouth,L_facial_local_BLS,l_up_mouth_bls,951,-0.449813,-0.192182,0.687319
THAIZ_BODY_PLY_localMouth,L_facial_local_BLS,l_up_mouth_bls,952,-0.209069,-0.040292,0.490031
THAIZ_BODY_PLY_localMouth,L_facial_local_BLS,l_up_mouth_bls,953,-0.039301,0.052566,0.255797
THAIZ_BODY_PLY_localMouth,L_facial_local_BLS,l_up_mouth_bls,954,0.068919,0.063369,0.056654
THAIZ_BODY_PLY_localMouth,L_facial_local_BLS,l_up_mouth_bls,955,-0.003261,-0.003425,-0.007916
THAIZ_BODY_PLY_localMouth,L_facial_local_BLS,l_up_mouth_bls,956,4.1e-05,3.5e-05,0.000147
THAIZ_BODY_PLY_localMouth,L_facial_local_BLS,l_up_mouth_bls,957,-0.000304,0.000141,0.000967
THAIZ_BODY_PLY_localMouth,L_facial_local_BLS,l_up_mouth_bls,958,0.036537,0.011555,-0.004973
THAIZ_BODY_PLY_localMouth,L_facial_local_BLS,l_up_mouth_bls,959,0.051875,0.016423,-0.007059
THAIZ_BODY_PLY_localMouth,L_facial_local_BLS,l_up_mouth_bls,960,0.030084,-0.031385,0.016727
THAIZ_BODY_PLY_localMouth,L_facial_local_BLS,l_up_mouth_bls,961,0.033136,0.058423,0.027778
THAIZ_BODY_PLY_localMouth,L_facial_local_BLS,l_up_mouth_bls,962,0.014863,0.015522,0.008776
THAIZ_BODY_PLY_localMouth,L_facial_local_BLS,l_up_mouth_bls,963,0.002819,0.002636,0.020929
THAIZ_BODY_PLY_localMouth,L_facial_local_BLS,l_up_mouth_bls,964,-0.004406,0.005023,0.040122
THAIZ_BODY_PLY_localMouth,L_facial_local_BLS,l_up_mouth_bls,965,-0.007925,0.008966,0.039117
THAIZ_BODY_PLY_localMouth,L_facial_local_BLS,l_up_mouth_bls,966,-0.008625,0.010936,0.032268
THAIZ_BODY_PLY_localMouth,L_facial_local_BLS,l_up_mouth_bls,967,-0.006711,0.009756,0.021833
THAIZ_BODY_PLY_localMouth,L_facial_local_BLS,l_up_mouth_bls,968,-0.003847,0.006531,0.012684
THAIZ_BODY_PLY_localMouth,L_facial_local_BLS,l_up_mouth_bls,969,-0.001585,0.003328,0.006358
THAIZ_BODY_PLY_localMouth,L_facial_local_BLS,l_up_mouth_bls,970,-0.000413,0.001225,0.002577
THAIZ_BODY_PLY_localMouth,L_facial_local_BLS,l_up_mouth_bls,971,-3.2e-05,0.000247,0.000657
THAIZ_BODY_PLY_localMouth,L_facial_local_BLS,l_up_mouth_bls,972,0.020939,0.094228,0.022352
THAIZ_BODY_PLY_localMouth,L_facial_local_BLS,l_up_mouth_bls,973,0.029494,0.125151,0.028998
THAIZ_BODY_PLY_localMouth,L_facial_local_BLS,l_up_mouth_bls,974,0.039106,0.170331,0.048674
THAIZ_BODY_PLY_localMouth,L_facial_local_BLS,l_up_mouth_bls,975,0.047123,0.216451,0.065573
THAIZ_BODY_PLY_localMouth,L_facial_local_BLS,l_up_mouth_bls,976,0.035232,0.16091,0.050385
THAIZ_BODY_PLY_localMouth,L_facial_local_BLS,l_up_mouth_bls,977,0.02607,0.112926,0.036467
THAIZ_BODY_PLY_localMouth,L_facial_local_BLS,l_up_mouth_bls,978,0.009297,0.029296,0.009276
THAIZ_BODY_PLY_localMouth,L_facial_local_BLS,l_up_mouth_bls,979,0.000392,0.000976,0.000287
THAIZ_BODY_PLY_localMouth,L_facial_local_BLS,l_up_mouth_bls,986,-0.015864,0.029009,0.024976
THAIZ_BODY_PLY_localMouth,L_facial_local_BLS,l_up_mouth_bls,987,-0.033808,0.070102,0.051408
THAIZ_BODY_PLY_localMouth,L_facial_local_BLS,l_up_mouth_bls,988,-0.038651,0.110185,0.055744
THAIZ_BODY_PLY_localMouth,L_facial_local_BLS,l_up_mouth_bls,989,-0.041552,0.136587,0.053551
THAIZ_BODY_PLY_localMouth,L_facial_local_BLS,l_up_mouth_bls,990,-0.030044,0.125058,0.029724
THAIZ_BODY_PLY_localMouth,L_facial_local_BLS,l_up_mouth_bls,991,-0.003566,0.049053,0.015774
THAIZ_BODY_PLY_localMouth,L_facial_local_BLS,l_up_mouth_bls,992,0.011326,0.080522,0.037231
THAIZ_BODY_PLY_localMouth,L_facial_local_BLS,l_up_mouth_bls,993,0.014603,0.078288,0.026997
THAIZ_BODY_PLY_localMouth,L_facial_local_BLS,l_up_mouth_bls,995,4.1e-05,1.8e-05,-4e-06
THAIZ_BODY_PLY_localMouth,L_facial_local_BLS,l_up_mouth_bls,996,0.014169,0.005717,-0.001551
THAIZ_BODY_PLY_localMouth,L_facial_local_BLS,l_up_mouth_bls,997,0.049455,0.009952,-0.016108
THAIZ_BODY_PLY_localMouth,L_facial_local_BLS,l_up_mouth_bls,998,0.094199,0.025618,0.009374
THAIZ_BODY_PLY_localMouth,L_facial_local_BLS,l_up_mouth_bls,999,0.0886,0.084103,0.158264
THAIZ_BODY_PLY_localMouth,L_facial_local_BLS,l_up_mouth_bls,1000,-0.008738,0.098967,0.30561
THAIZ_BODY_PLY_localMouth,L_facial_local_BLS,l_up_mouth_bls,1001,0.057811,0.146957,0.351227
THAIZ_BODY_PLY_localMouth,L_facial_local_BLS,l_up_mouth_bls,1002,-0.287996,0.024295,0.453009
THAIZ_BODY_PLY_localMouth,L_facial_local_BLS,l_up_mouth_bls,1003,-0.20187,-0.15722,0.362897
THAIZ_BODY_PLY_localMouth,L_facial_local_BLS,l_up_mouth_bls,1004,0.018925,-0.111929,0.024704
THAIZ_BODY_PLY_localMouth,L_facial_local_BLS,l_up_mouth_bls,1005,0.052048,-0.045884,-0.098897
THAIZ_BODY_PLY_localMouth,L_facial_local_BLS,l_up_mouth_bls,1006,0.118097,0.027741,-0.048183
THAIZ_BODY_PLY_localMouth,L_facial_local_BLS,l_up_mouth_bls,1007,0.063208,0.017453,-0.014968
THAIZ_BODY_PLY_localMouth,L_facial_local_BLS,l_up_mouth_bls,1008,0.025919,0.008316,-0.005343
THAIZ_BODY_PLY_localMouth,L_facial_local_BLS,l_up_mouth_bls,1009,0.005701,0.001962,-0.001074
THAIZ_BODY_PLY_localMouth,L_facial_local_BLS,l_up_mouth_bls,1013,0.155982,-0.07102,-0.13317
THAIZ_BODY_PLY_localMouth,L_facial_local_BLS,l_up_mouth_bls,1014,0.114094,-0.069881,-0.078264
THAIZ_BODY_PLY_localMouth,L_facial_local_BLS,l_up_mouth_bls,1015,0.084704,0.020265,-0.018464
THAIZ_BODY_PLY_localMouth,L_facial_local_BLS,l_up_mouth_bls,1016,0.040752,0.011921,-0.007028
THAIZ_BODY_PLY_localMouth,L_facial_local_BLS,l_up_mouth_bls,1017,0.012804,0.004324,-0.001906
THAIZ_BODY_PLY_localMouth,L_facial_local_BLS,l_up_mouth_bls,1018,0.000875,0.000332,-0.000115
THAIZ_BODY_PLY_localMouth,L_facial_local_BLS,l_up_mouth_bls,1022,0.000348,0.000141,-3.4e-05
THAIZ_BODY_PLY_localMouth,L_facial_local_BLS,l_up_mouth_bls,1023,0.013788,0.005014,-0.001601
THAIZ_BODY_PLY_localMouth,L_facial_local_BLS,l_up_mouth_bls,1024,0.045073,0.014257,-0.006135
THAIZ_BODY_PLY_localMouth,L_facial_local_BLS,l_up_mouth_bls,1025,0.088816,0.025003,-0.01539
THAIZ_BODY_PLY_localMouth,L_facial_local_BLS,l_up_mouth_bls,1026,0.127522,0.144139,0.060978
THAIZ_BODY_PLY_localMouth,L_facial_local_BLS,l_up_mouth_bls,1027,0.22593,0.176618,0.093253
THAIZ_BODY_PLY_localMouth,L_facial_local_BLS,l_up_mouth_bls,1028,0.293376,0.170351,0.114519
THAIZ_BODY_PLY_localMouth,L_facial_local_BLS,l_up_mouth_bls,1029,-0.163117,-0.041612,0.265386
THAIZ_BODY_PLY_localMouth,L_facial_local_BLS,l_up_mouth_bls,1030,-0.142494,-0.133419,0.184724
THAIZ_BODY_PLY_localMouth,L_facial_local_BLS,l_up_mouth_bls,1031,0.239402,-0.15236,-0.063037
THAIZ_BODY_PLY_localMouth,L_facial_local_BLS,l_up_mouth_bls,1032,-0.147005,-0.500057,0.312238
THAIZ_BODY_PLY_localMouth,L_facial_local_BLS,l_up_mouth_bls,1033,-0.149157,-0.457048,0.250982
THAIZ_BODY_PLY_localMouth,L_facial_local_BLS,l_up_mouth_bls,1034,-0.085924,-0.22961,0.219515
THAIZ_BODY_PLY_localMouth,L_facial_local_BLS,l_up_mouth_bls,1035,-0.032393,-0.046905,0.186476
THAIZ_BODY_PLY_localMouth,L_facial_local_BLS,l_up_mouth_bls,1036,-0.014822,0.003049,0.125496
THAIZ_BODY_PLY_localMouth,L_facial_local_BLS,l_up_mouth_bls,1037,0.004951,0.007503,0.064083
THAIZ_BODY_PLY_localMouth,L_facial_local_BLS,l_up_mouth_bls,1038,0.000332,0.001851,0.033666
THAIZ_BODY_PLY_localMouth,L_facial_local_BLS,l_up_mouth_bls,1039,0.002198,-0.008194,0.016341
THAIZ_BODY_PLY_localMouth,L_facial_local_BLS,l_up_mouth_bls,1040,0.003184,-0.021839,0.017724
THAIZ_BODY_PLY_localMouth,L_facial_local_BLS,l_up_mouth_bls,1041,0.008922,-0.014321,0.005597
THAIZ_BODY_PLY_localMouth,L_facial_local_BLS,l_up_mouth_bls,1044,6.7e-05,0.003803,0.00029
THAIZ_BODY_PLY_localMouth,L_facial_local_BLS,l_up_mouth_bls,1045,0.002204,0.027688,0.009979
THAIZ_BODY_PLY_localMouth,L_facial_local_BLS,l_up_mouth_bls,1046,-0.00014,0.065172,0.041644
THAIZ_BODY_PLY_localMouth,L_facial_local_BLS,l_up_mouth_bls,1047,-0.002706,0.117814,0.093446
THAIZ_BODY_PLY_localMouth,L_facial_local_BLS,l_up_mouth_bls,1048,0.003525,0.195289,0.157692
THAIZ_BODY_PLY_localMouth,L_facial_local_BLS,l_up_mouth_bls,1049,0.062724,0.361927,0.24105
THAIZ_BODY_PLY_localMouth,L_facial_local_BLS,l_up_mouth_bls,1050,0.193076,0.425533,0.336811
THAIZ_BODY_PLY_localMouth,L_facial_local_BLS,l_up_mouth_bls,1051,0.183877,0.467668,0.442544
THAIZ_BODY_PLY_localMouth,L_facial_local_BLS,l_up_mouth_bls,1052,0.259694,0.169878,0.535244
THAIZ_BODY_PLY_localMouth,L_facial_local_BLS,l_up_mouth_bls,1053,0.100947,-0.09724,0.444205
THAIZ_BODY_PLY_localMouth,L_facial_local_BLS,l_up_mouth_bls,1054,-0.032182,-0.396475,0.371463
THAIZ_BODY_PLY_localMouth,L_facial_local_BLS,l_up_mouth_bls,1058,0.0,1e-06,3e-06
THAIZ_BODY_PLY_localMouth,L_facial_local_BLS,l_up_mouth_bls,1059,-0.0,2e-06,5e-06
THAIZ_BODY_PLY_localMouth,L_facial_local_BLS,l_up_mouth_bls,1060,-0.0,1e-06,3e-06
THAIZ_BODY_PLY_localMouth,L_facial_local_BLS,l_up_mouth_bls,1062,2.1e-05,-4.1e-05,3.1e-05
THAIZ_BODY_PLY_localMouth,L_facial_local_BLS,l_up_mouth_bls,1063,-8e-06,1.3e-05,9e-05
THAIZ_BODY_PLY_localMouth,L_facial_local_BLS,l_up_mouth_bls,1064,-1.8e-05,3.5e-05,7.4e-05
THAIZ_BODY_PLY_localMouth,L_facial_local_BLS,l_up_mouth_bls,1065,0.002971,-0.052764,-0.000843
THAIZ_BODY_PLY_localMouth,L_facial_local_BLS,l_up_mouth_bls,1066,0.013765,0.018925,0.04971
THAIZ_BODY_PLY_localMouth,L_facial_local_BLS,l_up_mouth_bls,1069,0.012199,0.012117,0.036863
THAIZ_BODY_PLY_localMouth,L_facial_local_BLS,l_up_mouth_bls,1070,-1e-06,3e-06,6e-06
THAIZ_BODY_PLY_localMouth,L_facial_local_BLS,l_up_mouth_bls,1073,-8e-06,1.8e-05,3.2e-05
THAIZ_BODY_PLY_localMouth,L_facial_local_BLS,l_up_mouth_bls,1080,0.000514,0.002575,0.001612
THAIZ_BODY_PLY_localMouth,L_facial_local_BLS,l_up_mouth_bls,1081,0.000144,0.000677,0.00044
THAIZ_BODY_PLY_localMouth,L_facial_local_BLS,l_up_mouth_bls,1083,0.000347,0.003319,-0.000823
THAIZ_BODY_PLY_localMouth,L_facial_local_BLS,l_up_mouth_bls,1084,0.013641,0.009803,0.005614
THAIZ_BODY_PLY_localMouth,L_facial_local_BLS,l_up_mouth_bls,1085,0.000293,0.000237,0.000142
THAIZ_BODY_PLY_localMouth,L_facial_local_BLS,l_up_mouth_bls,1086,0.000191,0.001005,0.000523
THAIZ_BODY_PLY_localMouth,L_facial_local_BLS,l_up_mouth_bls,1087,0.000394,0.002084,0.001179
THAIZ_BODY_PLY_localMouth,L_facial_local_BLS,l_up_mouth_bls,1088,3e-06,1.6e-05,1e-05
THAIZ_BODY_PLY_localMouth,L_facial_local_BLS,l_up_mouth_bls,1094,-3.8e-05,0.000311,9.9e-05
THAIZ_BODY_PLY_localMouth,L_facial_local_BLS,l_up_mouth_bls,1096,-1e-06,1e-05,3e-06
THAIZ_BODY_PLY_localMouth,L_facial_local_BLS,l_up_mouth_bls,1099,-0.005795,0.007542,0.030358
THAIZ_BODY_PLY_localMouth,L_facial_local_BLS,l_up_mouth_bls,1103,0.002247,-0.003269,0.063318
THAIZ_BODY_PLY_localMouth,L_facial_local_BLS,l_up_mouth_bls,1106,-0.000121,0.000122,0.000715
THAIZ_BODY_PLY_localMouth,L_facial_local_BLS,l_up_mouth_bls,1109,0.00011,-0.000654,8.5e-05
THAIZ_BODY_PLY_localMouth,L_facial_local_BLS,l_up_mouth_bls,1143,1e-06,0.0,2e-06
THAIZ_BODY_PLY_localMouth,L_facial_local_BLS,l_up_mouth_bls,1144,4e-06,3e-06,2.5e-05
THAIZ_BODY_PLY_localMouth,L_facial_local_BLS,l_up_mouth_bls,1145,4e-06,1.9e-05,6.9e-05
THAIZ_BODY_PLY_localMouth,L_facial_local_BLS,l_up_mouth_bls,1146,-9e-06,4.6e-05,0.000115
THAIZ_BODY_PLY_localMouth,L_facial_local_BLS,l_up_mouth_bls,1147,-1e-05,4.1e-05,9.5e-05
THAIZ_BODY_PLY_localMouth,L_facial_local_BLS,l_up_mouth_bls,1148,0.0,1e-06,4e-06
THAIZ_BODY_PLY_localMouth,L_facial_local_BLS,l_up_mouth_bls,1153,0.014069,0.003705,-0.006026
THAIZ_BODY_PLY_localMouth,L_facial_local_BLS,l_up_mouth_bls,1154,0.025264,0.034988,0.011888
THAIZ_BODY_PLY_localMouth,L_facial_local_BLS,l_up_mouth_bls,1155,0.018501,0.050624,0.020635
THAIZ_BODY_PLY_localMouth,L_facial_local_BLS,l_up_mouth_bls,1156,0.016955,0.06992,0.030363
THAIZ_BODY_PLY_localMouth,L_facial_local_BLS,l_up_mouth_bls,1157,0.017672,0.088723,0.04108
THAIZ_BODY_PLY_localMouth,L_facial_local_BLS,l_up_mouth_bls,1158,0.018614,0.099922,0.050843
THAIZ_BODY_PLY_localMouth,L_facial_local_BLS,l_up_mouth_bls,1159,0.01736,0.089426,0.055872
THAIZ_BODY_PLY_localMouth,L_facial_local_BLS,l_up_mouth_bls,1160,0.01489,0.073652,0.049311
THAIZ_BODY_PLY_localMouth,L_facial_local_BLS,l_up_mouth_bls,1161,0.009301,0.045548,0.031277
THAIZ_BODY_PLY_localMouth,L_facial_local_BLS,l_up_mouth_bls,1162,0.00243,0.013286,0.008496
THAIZ_BODY_PLY_localMouth,L_facial_local_BLS,l_up_mouth_bls,1163,3e-06,0.000251,1.1e-05
THAIZ_BODY_PLY_localMouth,L_facial_local_BLS,l_up_mouth_bls,1164,-0.0,0.000101,0.0
THAIZ_BODY_PLY_localMouth,L_facial_local_BLS,l_up_mouth_bls,1167,-0.0,2e-06,1e-06
THAIZ_BODY_PLY_localMouth,L_facial_local_BLS,l_up_mouth_bls,1168,-2e-06,0.000104,3.3e-05
THAIZ_BODY_PLY_localMouth,L_facial_local_BLS,l_up_mouth_bls,1169,-1e-05,0.000834,0.000231
THAIZ_BODY_PLY_localMouth,L_facial_local_BLS,l_up_mouth_bls,1170,8e-06,0.014039,0.002952
THAIZ_BODY_PLY_localMouth,L_facial_local_BLS,l_up_mouth_bls,1171,5.8e-05,0.012748,0.002239
THAIZ_BODY_PLY_localMouth,L_facial_local_BLS,l_up_mouth_bls,1172,3e-05,0.006212,0.000909
THAIZ_BODY_PLY_localMouth,L_facial_local_BLS,l_up_mouth_bls,1179,-3e-06,2e-06,2e-06
THAIZ_BODY_PLY_localMouth,L_facial_local_BLS,l_up_mouth_bls,1180,-6e-06,2e-05,1.1e-05
THAIZ_BODY_PLY_localMouth,L_facial_local_BLS,l_up_mouth_bls,1181,2.5e-05,0.001593,0.000495
THAIZ_BODY_PLY_localMouth,L_facial_local_BLS,l_up_mouth_bls,1182,0.000749,0.018105,0.005449
THAIZ_BODY_PLY_localMouth,L_facial_local_BLS,l_up_mouth_bls,1183,0.004297,0.066121,0.020919
THAIZ_BODY_PLY_localMouth,L_facial_local_BLS,l_up_mouth_bls,1184,0.000433,0.194724,0.072042
THAIZ_BODY_PLY_localMouth,L_facial_local_BLS,l_up_mouth_bls,1185,0.012304,0.382298,0.134414
THAIZ_BODY_PLY_localMouth,L_facial_local_BLS,l_up_mouth_bls,1186,0.037836,0.655993,0.224371
THAIZ_BODY_PLY_localMouth,L_facial_local_BLS,l_up_mouth_bls,1187,0.138452,0.970283,0.3625
THAIZ_BODY_PLY_localMouth,L_facial_local_BLS,l_up_mouth_bls,1188,0.141751,1.2654,0.633904
THAIZ_BODY_PLY_localMouth,L_facial_local_BLS,l_up_mouth_bls,1189,0.131062,1.021219,0.501965
THAIZ_BODY_PLY_localMouth,L_facial_local_BLS,l_up_mouth_bls,1190,0.114194,0.730643,0.379981
THAIZ_BODY_PLY_localMouth,L_facial_local_BLS,l_up_mouth_bls,1191,0.08174,0.478953,0.256286
THAIZ_BODY_PLY_localMouth,L_facial_local_BLS,l_up_mouth_bls,1192,0.052049,0.291109,0.159768
THAIZ_BODY_PLY_localMouth,L_facial_local_BLS,l_up_mouth_bls,1193,0.0329,0.17915,0.099952
THAIZ_BODY_PLY_localMouth,L_facial_local_BLS,l_up_mouth_bls,1194,0.018683,0.100079,0.056574
THAIZ_BODY_PLY_localMouth,L_facial_local_BLS,l_up_mouth_bls,1195,0.008768,0.046469,0.026704
THAIZ_BODY_PLY_localMouth,L_facial_local_BLS,l_up_mouth_bls,1196,0.002923,0.015304,0.009001
THAIZ_BODY_PLY_localMouth,L_facial_local_BLS,l_up_mouth_bls,1197,0.000603,0.003122,0.00187
THAIZ_BODY_PLY_localMouth,L_facial_local_BLS,l_up_mouth_bls,1271,0.01787,0.066275,0.021822
THAIZ_BODY_PLY_localMouth,L_facial_local_BLS,l_up_mouth_bls,1272,0.019358,0.060018,0.021688
THAIZ_BODY_PLY_localMouth,L_facial_local_BLS,l_up_mouth_bls,1273,0.022395,0.054844,0.02064
THAIZ_BODY_PLY_localMouth,L_facial_local_BLS,l_up_mouth_bls,1274,0.025413,0.044095,0.01629
THAIZ_BODY_PLY_localMouth,L_facial_local_BLS,l_up_mouth_bls,1275,0.032028,0.035193,0.010628
THAIZ_BODY_PLY_localMouth,L_facial_local_BLS,l_up_mouth_bls,1276,0.042655,0.027754,0.002648
THAIZ_BODY_PLY_localMouth,L_facial_local_BLS,l_up_mouth_bls,1277,0.043242,0.021782,-0.004686
THAIZ_BODY_PLY_localMouth,L_facial_local_BLS,l_up_mouth_bls,1278,0.03374,0.017823,-0.007849
THAIZ_BODY_PLY_localMouth,L_facial_local_BLS,l_up_mouth_bls,1279,0.019408,0.019073,-0.006693
THAIZ_BODY_PLY_localMouth,L_facial_local_BLS,l_up_mouth_bls,1289,-2e-06,1.5e-05,3.7e-05
THAIZ_BODY_PLY_localMouth,L_facial_local_BLS,l_up_mouth_bls,1290,-5.5e-05,0.000272,0.000673
THAIZ_BODY_PLY_localMouth,L_facial_local_BLS,l_up_mouth_bls,1291,-0.000406,0.001528,0.003904
THAIZ_BODY_PLY_localMouth,L_facial_local_BLS,l_up_mouth_bls,1292,-0.001699,0.004599,0.012282
THAIZ_BODY_PLY_localMouth,L_facial_local_BLS,l_up_mouth_bls,1293,-0.004824,0.009879,0.027368
THAIZ_BODY_PLY_localMouth,L_facial_local_BLS,l_up_mouth_bls,1294,-0.010385,0.01724,0.050826
THAIZ_BODY_PLY_localMouth,L_facial_local_BLS,l_up_mouth_bls,1295,-0.018679,0.026673,0.085073
THAIZ_BODY_PLY_localMouth,L_facial_local_BLS,l_up_mouth_bls,1296,-0.030514,0.040928,0.129913
THAIZ_BODY_PLY_localMouth,L_facial_local_BLS,l_up_mouth_bls,1297,-0.064641,0.095282,0.177985
THAIZ_BODY_PLY_localMouth,L_facial_local_BLS,l_up_mouth_bls,1298,-0.137489,0.186559,0.19723
THAIZ_BODY_PLY_localMouth,L_facial_local_BLS,l_up_mouth_bls,1299,-0.182931,0.204245,0.19802
THAIZ_BODY_PLY_localMouth,L_facial_local_BLS,l_up_mouth_bls,1300,-0.118918,0.286514,0.274482
THAIZ_BODY_PLY_localMouth,L_facial_local_BLS,l_up_mouth_bls,1301,0.100901,0.27072,0.449389
THAIZ_BODY_PLY_localMouth,L_facial_local_BLS,l_up_mouth_bls,1302,0.360157,0.337012,0.701057
THAIZ_BODY_PLY_localMouth,L_facial_local_BLS,l_up_mouth_bls,1303,0.415283,0.952964,1.019787
THAIZ_BODY_PLY_localMouth,L_facial_local_BLS,l_up_mouth_bls,1304,0.22506,1.189333,0.750565
THAIZ_BODY_PLY_localMouth,L_facial_local_BLS,l_up_mouth_bls,1305,0.177024,1.151038,0.520886
THAIZ_BODY_PLY_localMouth,L_facial_local_BLS,l_up_mouth_bls,1306,0.113332,1.090018,0.372916
THAIZ_BODY_PLY_localMouth,L_facial_local_BLS,l_up_mouth_bls,1307,0.060545,0.889326,0.232663
THAIZ_BODY_PLY_localMouth,L_facial_local_BLS,l_up_mouth_bls,1308,0.027189,0.502078,0.117835
THAIZ_BODY_PLY_localMouth,L_facial_local_BLS,l_up_mouth_bls,1309,0.00939,0.212154,0.055556
THAIZ_BODY_PLY_localMouth,L_facial_local_BLS,l_up_mouth_bls,1310,0.005631,0.0845,0.03136
THAIZ_BODY_PLY_localMouth,L_facial_local_BLS,l_up_mouth_bls,1311,-0.0005,0.032004,0.018719
THAIZ_BODY_PLY_localMouth,L_facial_local_BLS,l_up_mouth_bls,1312,4.8e-05,0.000156,0.00017
THAIZ_BODY_PLY_localMouth,L_facial_local_BLS,l_up_mouth_bls,1313,0.008798,0.030631,0.031542
THAIZ_BODY_PLY_localMouth,L_facial_local_BLS,l_up_mouth_bls,1314,0.072984,0.246145,0.241246
THAIZ_BODY_PLY_localMouth,L_facial_local_BLS,l_up_mouth_bls,1315,0.257393,0.512173,0.55275
THAIZ_BODY_PLY_localMouth,L_facial_local_BLS,l_up_mouth_bls,1316,0.435459,0.598645,0.898166
THAIZ_BODY_PLY_localMouth,L_facial_local_BLS,l_up_mouth_bls,1317,0.402272,0.525459,1.250557
THAIZ_BODY_PLY_localMouth,L_facial_local_BLS,l_up_mouth_bls,1318,0.208129,0.428346,1.288337
THAIZ_BODY_PLY_localMouth,L_facial_local_BLS,l_up_mouth_bls,1319,0.138981,0.382423,0.977688
THAIZ_BODY_PLY_localMouth,L_facial_local_BLS,l_up_mouth_bls,1320,0.288435,0.388548,0.572586
THAIZ_BODY_PLY_localMouth,L_facial_local_BLS,l_up_mouth_bls,1321,0.207788,0.179874,0.278267
THAIZ_BODY_PLY_localMouth,L_facial_local_BLS,l_up_mouth_bls,1322,0.235733,0.143646,0.077958
THAIZ_BODY_PLY_localMouth,L_facial_local_BLS,l_up_mouth_bls,1323,0.128846,0.07893,0.054149
THAIZ_BODY_PLY_localMouth,L_facial_local_BLS,l_up_mouth_bls,1324,0.10473,0.030276,0.035617
THAIZ_BODY_PLY_localMouth,L_facial_local_BLS,l_up_mouth_bls,1325,0.1325,-0.006464,0.034201
THAIZ_BODY_PLY_localMouth,L_facial_local_BLS,l_up_mouth_bls,1326,0.065724,0.000644,0.038944
THAIZ_BODY_PLY_localMouth,L_facial_local_BLS,l_up_mouth_bls,1327,0.025819,0.006293,0.064515
THAIZ_BODY_PLY_localMouth,L_facial_local_BLS,l_up_mouth_bls,1328,0.00568,0.009817,0.076985
THAIZ_BODY_PLY_localMouth,L_facial_local_BLS,l_up_mouth_bls,1329,-0.003721,0.012406,0.083579
THAIZ_BODY_PLY_localMouth,L_facial_local_BLS,l_up_mouth_bls,1330,0.005354,0.102688,0.020155
THAIZ_BODY_PLY_localMouth,L_facial_local_BLS,l_up_mouth_bls,1331,-0.015819,0.03629,0.004225
THAIZ_BODY_PLY_localMouth,L_facial_local_BLS,l_up_mouth_bls,1332,-0.021674,0.057703,0.021782
THAIZ_BODY_PLY_localMouth,L_facial_local_BLS,l_up_mouth_bls,1333,0.015262,0.088762,0.015511
THAIZ_BODY_PLY_localMouth,L_facial_local_BLS,l_up_mouth_bls,1334,0.009317,0.036849,0.030462
THAIZ_BODY_PLY_localMouth,L_facial_local_BLS,l_up_mouth_bls,1335,0.020384,0.05077,0.036939
THAIZ_BODY_PLY_localMouth,L_facial_local_BLS,l_up_mouth_bls,1336,0.016922,0.01425,0.01259
THAIZ_BODY_PLY_localMouth,L_facial_local_BLS,l_up_mouth_bls,1337,0.004308,2.9e-05,0.002331
THAIZ_BODY_PLY_localMouth,L_facial_local_BLS,l_up_mouth_bls,1338,0.000922,0.002774,0.002312
THAIZ_BODY_PLY_localMouth,L_facial_local_BLS,l_up_mouth_bls,1339,9.4e-05,0.000504,0.000319
THAIZ_BODY_PLY_localMouth,L_facial_local_BLS,l_up_mouth_bls,1340,-0.000121,0.002281,0.000592
THAIZ_BODY_PLY_localMouth,L_facial_local_BLS,l_up_mouth_bls,1341,-6.3e-05,0.002982,0.000786
THAIZ_BODY_PLY_localMouth,L_facial_local_BLS,l_up_mouth_bls,1342,-2.4e-05,0.005776,0.001408
THAIZ_BODY_PLY_localMouth,L_facial_local_BLS,l_up_mouth_bls,1343,0.000233,0.02098,0.004646
THAIZ_BODY_PLY_localMouth,L_facial_local_BLS,l_up_mouth_bls,1344,0.001794,0.05915,0.012031
THAIZ_BODY_PLY_localMouth,L_facial_local_BLS,l_up_mouth_bls,1345,-3.7e-05,3.5e-05,0.000192
THAIZ_BODY_PLY_localMouth,L_facial_local_BLS,l_up_mouth_bls,1346,-6.8e-05,9.8e-05,0.000401
THAIZ_BODY_PLY_localMouth,L_facial_local_BLS,l_up_mouth_bls,1347,4.8e-05,2.8e-05,1e-06
THAIZ_BODY_PLY_localMouth,L_facial_local_BLS,l_up_mouth_bls,1348,0.002044,0.005839,-0.003004
THAIZ_BODY_PLY_localMouth,L_facial_local_BLS,l_up_mouth_bls,1349,0.047977,0.041571,-0.030309
THAIZ_BODY_PLY_localMouth,L_facial_local_BLS,l_up_mouth_bls,1350,0.061824,0.021198,0.02945
THAIZ_BODY_PLY_localMouth,L_facial_local_BLS,l_up_mouth_bls,1351,-0.03379,0.02784,0.25221
THAIZ_BODY_PLY_localMouth,L_facial_local_BLS,l_up_mouth_bls,1352,-0.203807,-0.007809,0.48683
THAIZ_BODY_PLY_localMouth,L_facial_local_BLS,l_up_mouth_bls,1353,-0.445714,-0.097664,0.664605
THAIZ_BODY_PLY_localMouth,L_facial_local_BLS,l_up_mouth_bls,1354,-0.549814,-0.036659,0.772836
THAIZ_BODY_PLY_localMouth,L_facial_local_BLS,l_up_mouth_bls,1355,-0.270301,0.024218,0.484923
THAIZ_BODY_PLY_localMouth,L_facial_local_BLS,l_up_mouth_bls,1356,-0.032955,-0.063317,0.160393
THAIZ_BODY_PLY_localMouth,L_facial_local_BLS,l_up_mouth_bls,1357,0.112045,0.072525,-0.058645
THAIZ_BODY_PLY_localMouth,L_facial_local_BLS,l_up_mouth_bls,1358,0.167338,0.053754,-0.132486
THAIZ_BODY_PLY_localMouth,L_facial_local_BLS,l_up_mouth_bls,1359,0.110166,0.023513,-0.12832
THAIZ_BODY_PLY_localMouth,L_facial_local_BLS,l_up_mouth_bls,1360,0.066312,-0.002725,-0.083048
THAIZ_BODY_PLY_localMouth,L_facial_local_BLS,l_up_mouth_bls,1361,0.02161,-0.007732,-0.029965
THAIZ_BODY_PLY_localMouth,L_facial_local_BLS,l_up_mouth_bls,1362,0.001974,-0.002647,-0.000952
THAIZ_BODY_PLY_localMouth,L_facial_local_BLS,l_up_mouth_bls,1363,-2e-06,-6.7e-05,-2.1e-05
THAIZ_BODY_PLY_localMouth,L_facial_local_BLS,l_up_mouth_bls,1366,-0.000383,0.010412,0.001155
THAIZ_BODY_PLY_localMouth,L_facial_local_BLS,l_up_mouth_bls,1367,-0.000433,0.014094,0.001518
THAIZ_BODY_PLY_localMouth,L_facial_local_BLS,l_up_mouth_bls,1368,-0.00041,0.016355,0.00175
THAIZ_BODY_PLY_localMouth,L_facial_local_BLS,l_up_mouth_bls,1369,-0.000316,0.015471,0.001707
THAIZ_BODY_PLY_localMouth,L_facial_local_BLS,l_up_mouth_bls,1370,-0.000254,0.012492,0.001441
THAIZ_BODY_PLY_localMouth,L_facial_local_BLS,l_up_mouth_bls,1371,-0.000301,0.006954,0.000834
THAIZ_BODY_PLY_localMouth,L_facial_local_BLS,l_up_mouth_bls,1372,-0.000213,0.003521,0.00043
THAIZ_BODY_PLY_localMouth,L_facial_local_BLS,l_up_mouth_bls,1373,-0.000152,0.002514,0.000306
THAIZ_BODY_PLY_localMouth,L_facial_local_BLS,l_up_mouth_bls,1374,-0.000124,0.002163,0.00026
THAIZ_BODY_PLY_localMouth,L_facial_local_BLS,l_up_mouth_bls,1375,-0.00012,0.002116,0.000253
THAIZ_BODY_PLY_localMouth,L_facial_local_BLS,l_up_mouth_bls,1376,-0.000119,0.002042,0.000246
THAIZ_BODY_PLY_localMouth,L_facial_local_BLS,l_up_mouth_bls,1377,-0.000115,0.001901,0.00023
THAIZ_BODY_PLY_localMouth,L_facial_local_BLS,l_up_mouth_bls,1378,-0.000178,0.003151,0.000377
THAIZ_BODY_PLY_localMouth,L_facial_local_BLS,l_up_mouth_bls,1379,-0.000252,0.005032,0.00059
THAIZ_BODY_PLY_localMouth,L_facial_local_BLS,l_up_mouth_bls,1380,-0.000316,0.007074,0.000812
THAIZ_BODY_PLY_localMouth,L_facial_local_BLS,l_up_mouth_bls,1381,-0.000455,0.026764,0.002857
THAIZ_BODY_PLY_localMouth,L_facial_local_BLS,l_up_mouth_bls,1382,-0.000772,0.039079,0.003966
THAIZ_BODY_PLY_localMouth,L_facial_local_BLS,l_up_mouth_bls,1383,-0.000926,0.046551,0.00457
THAIZ_BODY_PLY_localMouth,L_facial_local_BLS,l_up_mouth_bls,1384,-0.000523,0.050864,0.005078
THAIZ_BODY_PLY_localMouth,L_facial_local_BLS,l_up_mouth_bls,1385,0.000386,0.033041,0.003562
THAIZ_BODY_PLY_localMouth,L_facial_local_BLS,l_up_mouth_bls,1386,0.000176,0.012489,0.001421
THAIZ_BODY_PLY_localMouth,L_facial_local_BLS,l_up_mouth_bls,1387,-5.2e-05,0.00216,0.000257
THAIZ_BODY_PLY_localMouth,L_facial_local_BLS,l_up_mouth_bls,1388,-8e-06,0.000193,2.3e-05
THAIZ_BODY_PLY_localMouth,L_facial_local_BLS,l_up_mouth_bls,1389,-4e-06,6.3e-05,8e-06
THAIZ_BODY_PLY_localMouth,L_facial_local_BLS,l_up_mouth_bls,1390,-8e-06,0.000133,1.6e-05
THAIZ_BODY_PLY_localMouth,L_facial_local_BLS,l_up_mouth_bls,1391,-1.2e-05,0.00026,3.1e-05
THAIZ_BODY_PLY_localMouth,L_facial_local_BLS,l_up_mouth_bls,1392,-3.1e-05,0.001209,0.000146
THAIZ_BODY_PLY_localMouth,L_facial_local_BLS,l_up_mouth_bls,1393,-5.7e-05,0.002922,0.000347
THAIZ_BODY_PLY_localMouth,L_facial_local_BLS,l_up_mouth_bls,1394,-0.00011,0.006845,0.000795
THAIZ_BODY_PLY_localMouth,L_facial_local_BLS,l_up_mouth_bls,1395,-0.00022,0.014339,0.001613
THAIZ_BODY_PLY_localMouth,L_facial_local_BLS,l_up_mouth_bls,1396,-0.000215,0.033788,0.004088
THAIZ_BODY_PLY_localMouth,L_facial_local_BLS,l_up_mouth_bls,1397,-0.000401,0.028089,0.003302
THAIZ_BODY_PLY_localMouth,L_facial_local_BLS,l_up_mouth_bls,1398,-0.0005,0.016464,0.001797
THAIZ_BODY_PLY_localMouth,L_facial_local_BLS,l_up_mouth_bls,1399,-0.000507,0.030113,0.003552
THAIZ_BODY_PLY_localMouth,L_facial_local_BLS,l_up_mouth_bls,1400,0.000904,0.049007,0.005682
THAIZ_BODY_PLY_localMouth,L_facial_local_BLS,l_up_mouth_bls,1401,0.000713,0.018135,0.002101
THAIZ_BODY_PLY_localMouth,L_facial_local_BLS,l_up_mouth_bls,1402,-8e-06,0.002318,0.00028
THAIZ_BODY_PLY_localMouth,L_facial_local_BLS,l_up_mouth_bls,1403,-2e-06,0.000137,1.7e-05
THAIZ_BODY_PLY_localMouth,L_facial_local_BLS,l_up_mouth_bls,1404,-1e-06,2.9e-05,4e-06
THAIZ_BODY_PLY_localMouth,L_facial_local_BLS,l_up_mouth_bls,1405,-2e-06,5.6e-05,7e-06
THAIZ_BODY_PLY_localMouth,L_facial_local_BLS,l_up_mouth_bls,1406,-3e-06,0.000103,1.3e-05
THAIZ_BODY_PLY_localMouth,L_facial_local_BLS,l_up_mouth_bls,1407,-1e-05,0.001039,0.000135
THAIZ_BODY_PLY_localMouth,L_facial_local_BLS,l_up_mouth_bls,1408,-1.1e-05,0.003151,0.000406
THAIZ_BODY_PLY_localMouth,L_facial_local_BLS,l_up_mouth_bls,1409,-4e-06,0.008316,0.001055
THAIZ_BODY_PLY_localMouth,L_facial_local_BLS,l_up_mouth_bls,1410,-2.5e-05,0.018516,0.002307
THAIZ_BODY_PLY_localMouth,L_facial_local_BLS,l_up_mouth_bls,1411,-0.000468,0.017953,0.001882
THAIZ_BODY_PLY_localMouth,L_facial_local_BLS,l_up_mouth_bls,1412,-0.000605,0.025919,0.002583
THAIZ_BODY_PLY_localMouth,L_facial_local_BLS,l_up_mouth_bls,1413,-0.000606,0.031435,0.00306
THAIZ_BODY_PLY_localMouth,L_facial_local_BLS,l_up_mouth_bls,1414,-0.000324,0.029835,0.003013
THAIZ_BODY_PLY_localMouth,L_facial_local_BLS,l_up_mouth_bls,1415,-4.2e-05,0.019709,0.002173
THAIZ_BODY_PLY_localMouth,L_facial_local_BLS,l_up_mouth_bls,1416,-0.000129,0.008753,0.001022
THAIZ_BODY_PLY_localMouth,L_facial_local_BLS,l_up_mouth_bls,1417,-0.00012,0.002627,0.000317
THAIZ_BODY_PLY_localMouth,L_facial_local_BLS,l_up_mouth_bls,1418,-3.9e-05,0.000646,7.9e-05
THAIZ_BODY_PLY_localMouth,L_facial_local_BLS,l_up_mouth_bls,1419,-2.4e-05,0.000393,4.8e-05
THAIZ_BODY_PLY_localMouth,L_facial_local_BLS,l_up_mouth_bls,1420,-3.2e-05,0.00052,6.3e-05
THAIZ_BODY_PLY_localMouth,L_facial_local_BLS,l_up_mouth_bls,1421,-4.2e-05,0.000689,8.3e-05
THAIZ_BODY_PLY_localMouth,L_facial_local_BLS,l_up_mouth_bls,1422,-7.5e-05,0.00157,0.000187
THAIZ_BODY_PLY_localMouth,L_facial_local_BLS,l_up_mouth_bls,1423,-0.000127,0.00312,0.000365
THAIZ_BODY_PLY_localMouth,L_facial_local_BLS,l_up_mouth_bls,1424,-0.00021,0.006088,0.000694
THAIZ_BODY_PLY_localMouth,L_facial_local_BLS,l_up_mouth_bls,1425,-0.000322,0.010898,0.001197
THAIZ_BODY_PLY_localMouth,L_facial_local_BLS,l_up_mouth_bls,1427,-0.0,0.0,1e-06
THAIZ_BODY_PLY_localMouth,L_facial_local_BLS,l_up_mouth_bls,1428,6.2e-05,3.1e-05,-5e-06
THAIZ_BODY_PLY_localMouth,L_facial_local_BLS,l_up_mouth_bls,1429,0.007367,0.006344,-0.001286
THAIZ_BODY_PLY_localMouth,L_facial_local_BLS,l_up_mouth_bls,1430,0.041281,0.004587,-0.043836
THAIZ_BODY_PLY_localMouth,L_facial_local_BLS,l_up_mouth_bls,1431,0.06838,-0.036534,0.010257
THAIZ_BODY_PLY_localMouth,L_facial_local_BLS,l_up_mouth_bls,1432,0.006054,0.028114,0.223142
THAIZ_BODY_PLY_localMouth,L_facial_local_BLS,l_up_mouth_bls,1433,-0.131402,0.039856,0.42985
THAIZ_BODY_PLY_localMouth,L_facial_local_BLS,l_up_mouth_bls,1434,-0.289182,0.031609,0.563646
THAIZ_BODY_PLY_localMouth,L_facial_local_BLS,l_up_mouth_bls,1435,-0.363025,0.117518,0.651108
THAIZ_BODY_PLY_localMouth,L_facial_local_BLS,l_up_mouth_bls,1436,-0.249624,-0.004675,0.461777
THAIZ_BODY_PLY_localMouth,L_facial_local_BLS,l_up_mouth_bls,1437,-0.059547,-0.049667,0.156815
THAIZ_BODY_PLY_localMouth,L_facial_local_BLS,l_up_mouth_bls,1438,0.043778,0.001638,-0.043778
THAIZ_BODY_PLY_localMouth,L_facial_local_BLS,l_up_mouth_bls,1439,0.159626,-0.005048,-0.138457
THAIZ_BODY_PLY_localMouth,L_facial_local_BLS,l_up_mouth_bls,1440,0.077795,-0.029024,-0.083759
THAIZ_BODY_PLY_localMouth,L_facial_local_BLS,l_up_mouth_bls,1441,0.038232,-0.02948,-0.034569
THAIZ_BODY_PLY_localMouth,L_facial_local_BLS,l_up_mouth_bls,1442,0.011427,-0.015831,-0.0072
THAIZ_BODY_PLY_localMouth,L_facial_local_BLS,l_up_mouth_bls,1443,0.000681,-0.001238,-0.000348
THAIZ_BODY_PLY_localMouth,L_facial_local_BLS,l_up_mouth_bls,1450,0.0,-2e-06,0.0
THAIZ_BODY_PLY_localMouth,L_facial_local_BLS,l_up_mouth_bls,1451,1.2e-05,1.6e-05,4.3e-05
THAIZ_BODY_PLY_localMouth,L_facial_local_BLS,l_up_mouth_bls,1452,3e-06,-6e-05,-1e-06
THAIZ_BODY_PLY_localMouth,L_facial_local_BLS,l_up_mouth_bls,1467,6e-06,0.000734,-8.5e-05
THAIZ_BODY_PLY_localMouth,L_facial_local_BLS,l_up_mouth_bls,1472,-5e-06,2.5e-05,9e-06
THAIZ_BODY_PLY_localMouth,L_facial_local_BLS,l_up_mouth_bls,1478,-0.001898,-0.002411,0.057317
THAIZ_BODY_PLY_localMouth,L_facial_local_BLS,l_up_mouth_bls,1479,-0.001287,0.001544,0.00556
THAIZ_BODY_PLY_localMouth,L_facial_local_BLS,l_up_mouth_bls,1494,1.3e-05,1.4e-05,3.5e-05
THAIZ_BODY_PLY_localMouth,L_facial_local_BLS,l_up_mouth_bls,1508,0.006821,0.020058,-0.004344
THAIZ_BODY_PLY_localMouth,L_facial_local_BLS,l_up_mouth_bls,1509,-0.006865,0.011276,0.074142
THAIZ_BODY_PLY_localMouth,L_facial_local_BLS,l_up_mouth_bls,1516,-0.0,4e-06,1e-06
THAIZ_BODY_PLY_localMouth,L_facial_local_BLS,l_up_mouth_bls,1517,-4e-06,6.4e-05,2.2e-05
THAIZ_BODY_PLY_localMouth,L_facial_local_BLS,l_up_mouth_bls,1518,-6.1e-05,0.001452,0.00044
THAIZ_BODY_PLY_localMouth,L_facial_local_BLS,l_up_mouth_bls,1519,-0.000162,0.004066,0.00106
THAIZ_BODY_PLY_localMouth,L_facial_local_BLS,l_up_mouth_bls,1520,-0.000162,0.004347,0.000959
THAIZ_BODY_PLY_localMouth,L_facial_local_BLS,l_up_mouth_bls,1521,-6.4e-05,0.002213,0.000397
THAIZ_BODY_PLY_localMouth,L_facial_local_BLS,l_up_mouth_bls,1522,-1.3e-05,0.000811,0.000118
THAIZ_BODY_PLY_localMouth,L_facial_local_BLS,l_up_mouth_bls,1523,-5e-06,0.00031,4e-05
THAIZ_BODY_PLY_localMouth,L_facial_local_BLS,l_up_mouth_bls,1524,-1.9e-05,0.000532,6.4e-05
THAIZ_BODY_PLY_localMouth,L_facial_local_BLS,l_up_mouth_bls,1525,-5.3e-05,0.000941,0.000114
THAIZ_BODY_PLY_localMouth,L_facial_local_BLS,l_up_mouth_bls,1526,-0.000116,0.001892,0.000229
THAIZ_BODY_PLY_localMouth,L_facial_local_BLS,l_up_mouth_bls,1527,-0.000218,0.003923,0.000467
THAIZ_BODY_PLY_localMouth,L_facial_local_BLS,l_up_mouth_bls,1528,-0.000254,0.005121,0.000599
THAIZ_BODY_PLY_localMouth,L_facial_local_BLS,l_up_mouth_bls,1529,-0.000287,0.006301,0.000728
THAIZ_BODY_PLY_localMouth,L_facial_local_BLS,l_up_mouth_bls,1530,-0.000304,0.006995,0.00081
THAIZ_BODY_PLY_localMouth,L_facial_local_BLS,l_up_mouth_bls,1531,-0.000307,0.007039,0.000829
THAIZ_BODY_PLY_localMouth,L_facial_local_BLS,l_up_mouth_bls,1532,0.000151,0.000622,0.000183
THAIZ_BODY_PLY_localMouth,L_facial_local_BLS,l_up_mouth_bls,1533,0.000245,0.001171,0.000345
THAIZ_BODY_PLY_localMouth,L_facial_local_BLS,l_up_mouth_bls,1534,0.019935,0.097847,0.028432
THAIZ_BODY_PLY_localMouth,L_facial_local_BLS,l_up_mouth_bls,1535,0.0022,0.010597,0.002995
THAIZ_BODY_PLY_localMouth,L_facial_local_BLS,l_up_mouth_bls,1536,9.3e-05,0.000164,4.2e-05
THAIZ_BODY_PLY_localMouth,L_facial_local_BLS,l_up_mouth_bls,1537,0.009231,0.035581,0.006059
THAIZ_BODY_PLY_localMouth,L_facial_local_BLS,l_up_mouth_bls,1538,0.008361,0.034915,0.006999
THAIZ_BODY_PLY_localMouth,L_facial_local_BLS,l_up_mouth_bls,1539,0.00665,0.034891,0.01413
THAIZ_BODY_PLY_localMouth,L_facial_local_BLS,l_up_mouth_bls,1540,0.006629,0.04724,0.027694
THAIZ_BODY_PLY_localMouth,L_facial_local_BLS,l_up_mouth_bls,1541,0.001465,0.043818,0.022729
THAIZ_BODY_PLY_localMouth,L_facial_local_BLS,l_up_mouth_bls,1542,-0.004733,0.037841,0.014719
THAIZ_BODY_PLY_localMouth,L_facial_local_BLS,l_up_mouth_bls,1543,-0.015896,0.056161,0.015665
THAIZ_BODY_PLY_localMouth,L_facial_local_BLS,l_up_mouth_bls,1544,-0.032158,0.077674,0.037795
THAIZ_BODY_PLY_localMouth,L_facial_local_BLS,l_up_mouth_bls,1545,-0.029797,0.066736,0.038917
THAIZ_BODY_PLY_localMouth,L_facial_local_BLS,l_up_mouth_bls,1546,-0.026859,0.043414,0.036823
THAIZ_BODY_PLY_localMouth,L_facial_local_BLS,l_up_mouth_bls,1547,-0.011308,0.015828,0.016378
THAIZ_BODY_PLY_localMouth,L_facial_local_BLS,l_up_mouth_bls,1552,0.0,2e-06,0.0
THAIZ_BODY_PLY_localMouth,L_facial_local_BLS,l_up_mouth_bls,1554,3e-06,9e-06,2e-06
THAIZ_BODY_PLY_localMouth,L_facial_local_BLS,l_up_mouth_bls,1555,0.000131,0.00045,0.000127
THAIZ_BODY_PLY_localMouth,L_facial_local_BLS,l_up_mouth_bls,3169,1.2e-05,-1.1e-05,9e-06
THAIZ_BODY_PLY_localMouth,L_facial_local_BLS,l_up_mouth_bls,3321,0.000127,-0.000129,5.5e-05
THAIZ_BODY_PLY_localMouth,L_facial_local_BLS,l_up_mouth_bls,3322,4e-06,-4e-06,1e-06
THAIZ_BODY_PLY_localMouth,L_facial_local_BLS,l_up_mouth_bls,3324,0.002499,-0.00207,0.00191
THAIZ_BODY_PLY_localMouth,L_facial_local_BLS,l_up_mouth_bls,3326,0.000206,1e-05,0.000342
THAIZ_BODY_PLY_localMouth,L_facial_local_BLS,l_up_mouth_bls,3327,2e-06,-1e-06,2e-06
THAIZ_BODY_PLY_localMouth,L_facial_local_BLS,l_up_mouth_bls,3328,0.002712,-0.001899,0.002733
THAIZ_BODY_PLY_localMouth,L_facial_local_BLS,l_up_mouth_bls,3329,0.001864,-0.000973,0.002338
THAIZ_BODY_PLY_localMouth,L_facial_local_BLS,l_up_mouth_bls,3331,0.000829,-0.000209,0.001253
THAIZ_BODY_PLY_localMouth,L_facial_local_BLS,l_up_mouth_bls,3333,4.7e-05,1.5e-05,7.8e-05
THAIZ_BODY_PLY_localMouth,L_facial_local_BLS,l_up_mouth_bls,3335,4e-06,3e-06,7e-06
THAIZ_BODY_PLY_localMouth,L_facial_local_BLS,l_up_mouth_bls,3439,3e-06,-3e-06,1e-06
THAIZ_BODY_PLY_localMouth,L_facial_local_BLS,l_up_mouth_bls,3440,0.001376,-0.001295,0.000727
THAIZ_BODY_PLY_localMouth,L_facial_local_BLS,l_up_mouth_bls,3441,1.9e-05,-1.8e-05,1e-05
THAIZ_BODY_PLY_localMouth,L_facial_local_BLS,l_up_mouth_bls,6931,0.007775,0.002951,-0.001019
THAIZ_BODY_PLY_localMouth,L_facial_local_BLS,l_up_mouth_bls,6932,0.0299,0.010098,-0.004451
THAIZ_BODY_PLY_localMouth,L_facial_local_BLS,l_up_mouth_bls,6933,0.065321,0.019136,-0.011277
THAIZ_BODY_PLY_localMouth,L_facial_local_BLS,l_up_mouth_bls,6934,0.121352,0.035752,-0.024968
THAIZ_BODY_PLY_localMouth,L_facial_local_BLS,l_up_mouth_bls,6935,0.317655,0.10414,-0.062143
THAIZ_BODY_PLY_localMouth,L_facial_local_BLS,l_up_mouth_bls,6936,0.4775,-0.005835,-0.204797
THAIZ_BODY_PLY_localMouth,L_facial_local_BLS,l_up_mouth_bls,6937,0.259936,-0.208072,-0.042705
THAIZ_BODY_PLY_localMouth,L_facial_local_BLS,l_up_mouth_bls,6938,0.019924,-0.127546,0.045177
THAIZ_BODY_PLY_localMouth,L_facial_local_BLS,l_up_mouth_bls,6939,0.029866,-0.037537,0.064104
THAIZ_BODY_PLY_localMouth,L_facial_local_BLS,l_up_mouth_bls,6940,0.360648,0.032901,-0.043423
THAIZ_BODY_PLY_localMouth,L_facial_local_BLS,l_up_mouth_bls,6941,0.365723,0.106529,-0.040547
THAIZ_BODY_PLY_localMouth,L_facial_local_BLS,l_up_mouth_bls,6942,0.141523,0.046141,-0.024078
THAIZ_BODY_PLY_localMouth,L_facial_local_BLS,l_up_mouth_bls,6943,0.0659,0.017323,-0.010592
THAIZ_BODY_PLY_localMouth,L_facial_local_BLS,l_up_mouth_bls,6944,0.028268,0.008941,-0.003847
THAIZ_BODY_PLY_localMouth,L_facial_local_BLS,l_up_mouth_bls,6945,0.006386,0.002322,-0.000742
THAIZ_BODY_PLY_localMouth,L_facial_local_BLS,l_up_mouth_bls,6952,0.000702,0.000574,0.000907
THAIZ_BODY_PLY_localMouth,L_facial_local_BLS,l_up_mouth_bls,6953,1.5e-05,7.9e-05,4.5e-05
THAIZ_BODY_PLY_localMouth,L_facial_local_BLS,l_up_mouth_bls,6954,1e-06,4e-06,2e-06
THAIZ_BODY_PLY_localMouth,L_facial_local_BLS,l_up_mouth_bls,6956,4.6e-05,0.000238,0.000143
THAIZ_BODY_PLY_localMouth,L_facial_local_BLS,l_up_mouth_bls,6957,2.6e-05,0.000127,8e-05
THAIZ_BODY_PLY_localMouth,L_facial_local_BLS,l_up_mouth_bls,6958,0.010411,0.006918,0.004757
THAIZ_BODY_PLY_localMouth,L_facial_local_BLS,l_up_mouth_bls,6959,2e-06,2e-06,2e-06
THAIZ_BODY_PLY_localMouth,L_facial_local_BLS,l_up_mouth_bls,6960,1e-06,4e-06,2e-06
THAIZ_BODY_PLY_localMouth,L_facial_local_BLS,l_up_mouth_bls,6961,8.4e-05,0.000343,0.000166
THAIZ_BODY_PLY_localMouth,L_facial_local_BLS,l_up_mouth_bls,7007,-0.000973,0.003352,-0.0002
THAIZ_BODY_PLY_localMouth,L_facial_local_BLS,l_up_mouth_bls,7008,-0.000364,0.004524,-0.000391
THAIZ_BODY_PLY_localMouth,L_facial_local_BLS,l_up_mouth_bls,7009,0.000791,0.004309,-0.000408
THAIZ_BODY_PLY_localMouth,L_facial_local_BLS,l_up_mouth_bls,7010,0.001896,0.002618,-0.00072
THAIZ_BODY_PLY_localMouth,L_facial_local_BLS,l_up_mouth_bls,7011,0.000119,0.00012,-2e-05
THAIZ_BODY_PLY_localMouth,L_facial_local_BLS,l_up_mouth_bls,7012,0.000206,0.00055,-4e-05
THAIZ_BODY_PLY_localMouth,L_facial_local_BLS,l_up_mouth_bls,7013,0.000258,0.001174,-8.1e-05
THAIZ_BODY_PLY_localMouth,L_facial_local_BLS,l_up_mouth_bls,7014,0.000525,0.001593,-0.000137
THAIZ_BODY_PLY_localMouth,L_facial_local_BLS,l_up_mouth_bls,7015,0.000912,0.002235,-0.000141
THAIZ_BODY_PLY_localMouth,L_facial_local_BLS,l_up_mouth_bls,7016,0.000573,0.001063,3e-06
THAIZ_BODY_PLY_localMouth,L_facial_local_BLS,l_up_mouth_bls,7017,3e-06,4e-06,0.0
THAIZ_BODY_PLY_localMouth,L_facial_local_BLS,l_up_mouth_bls,7024,-1.3e-05,1e-06,3e-06
THAIZ_BODY_PLY_localMouth,L_facial_local_BLS,l_up_mouth_bls,7025,-0.000135,2.6e-05,4.4e-05
THAIZ_BODY_PLY_localMouth,L_facial_local_BLS,l_up_mouth_bls,7026,-0.000866,0.000661,0.000273
THAIZ_BODY_PLY_localMouth,L_facial_local_BLS,l_up_mouth_bls,7027,-0.000707,0.000684,4.7e-05
THAIZ_BODY_PLY_localMouth,L_facial_local_BLS,l_up_mouth_bls,7028,-0.000543,0.000909,8.5e-05
THAIZ_BODY_PLY_localMouth,L_facial_local_BLS,l_up_mouth_bls,7029,-0.000236,0.000699,7.6e-05
THAIZ_BODY_PLY_localMouth,L_facial_local_BLS,l_up_mouth_bls,7030,4.2e-05,0.000468,6e-06
THAIZ_BODY_PLY_localMouth,L_facial_local_BLS,l_up_mouth_bls,7031,8e-06,9.4e-05,5e-06
THAIZ_BODY_PLY_localMouth,L_facial_local_BLS,l_up_mouth_bls,7032,1e-06,5e-06,-0.0
THAIZ_BODY_PLY_localMouth,L_facial_local_BLS,l_up_mouth_bls,7033,2e-06,9e-06,-1e-06
THAIZ_BODY_PLY_localMouth,L_facial_local_BLS,l_up_mouth_bls,7034,2.1e-05,3.4e-05,-4e-06
THAIZ_BODY_PLY_localMouth,L_facial_local_BLS,l_up_mouth_bls,7035,6.3e-05,9.9e-05,-6e-06
THAIZ_BODY_PLY_localMouth,L_facial_local_BLS,l_up_mouth_bls,7036,1.6e-05,1.9e-05,1e-06
THAIZ_BODY_PLY_localMouth,L_facial_local_BLS,l_up_mouth_bls,7045,-1e-05,0.0,2e-06
THAIZ_BODY_PLY_localMouth,L_facial_local_BLS,l_up_mouth_bls,7046,-0.00027,3.2e-05,5.4e-05
THAIZ_BODY_PLY_localMouth,L_facial_local_BLS,l_up_mouth_bls,7047,-8.6e-05,5.7e-05,7e-06
THAIZ_BODY_PLY_localMouth,L_facial_local_BLS,l_up_mouth_bls,7048,-4.1e-05,5.2e-05,1.1e-05
THAIZ_BODY_PLY_localMouth,L_facial_local_BLS,l_up_mouth_bls,7049,-2.4e-05,4.8e-05,1.1e-05
THAIZ_BODY_PLY_localMouth,L_facial_local_BLS,l_up_mouth_bls,7050,-5e-06,0.00011,9e-06
THAIZ_BODY_PLY_localMouth,L_facial_local_BLS,l_up_mouth_bls,7051,-2e-06,3.9e-05,3e-06
THAIZ_BODY_PLY_localMouth,L_facial_local_BLS,l_up_mouth_bls,7066,-2.2e-05,-2e-06,3e-06
THAIZ_BODY_PLY_localMouth,L_facial_local_BLS,l_up_mouth_bls,7067,-6e-06,3e-06,1e-06
THAIZ_BODY_PLY_localMouth,L_facial_local_BLS,l_up_mouth_bls,7068,-1e-06,1e-06,0.0
THAIZ_BODY_PLY_localMouth,L_facial_local_BLS,l_up_mouth_bls,7070,-1e-06,1.6e-05,2e-06
THAIZ_BODY_PLY_localMouth,L_facial_local_BLS,l_up_mouth_bls,7071,-0.0,7e-06,1e-06
THAIZ_BODY_PLY_localMouth,L_facial_local_BLS,l_up_mouth_bls,7086,-1e-06,-0.0,0.0
THAIZ_BODY_PLY_localMouth,L_facial_local_BLS,l_up_mouth_bls,7188,0.000137,0.000206,6e-06
THAIZ_BODY_PLY_localMouth,L_facial_local_BLS,l_up_mouth_bls,7197,0.000952,0.002078,-6.7e-05
THAIZ_BODY_PLY_localMouth,L_facial_local_BLS,l_up_mouth_bls,7198,5.6e-05,8.3e-05,-1e-06
THAIZ_BODY_PLY_localMouth,L_facial_local_BLS,l_up_mouth_bls,7206,-0.000478,0.000171,0.000186
THAIZ_BODY_PLY_localMouth,L_facial_local_BLS,l_up_mouth_bls,7207,-8.6e-05,4e-06,2.4e-05
THAIZ_BODY_PLY_localMouth,L_facial_local_BLS,l_up_mouth_bls,7208,-3e-06,-0.0,1e-06
THAIZ_BODY_PLY_localMouth,L_facial_local_BLS,l_up_mouth_bls,7215,-0.001063,0.0018,0.000106
THAIZ_BODY_PLY_localMouth,L_facial_local_BLS,l_up_mouth_bls,7216,-0.000526,0.00021,5e-05
THAIZ_BODY_PLY_localMouth,L_facial_local_BLS,l_up_mouth_bls,7217,-6.5e-05,-0.0,3e-06
THAIZ_BODY_PLY_localMouth,L_facial_local_BLS,l_up_mouth_bls,7218,-5e-06,-1e-06,0.0
THAIZ_BODY_PLY_localMouth,L_facial_local_BLS,l_up_mouth_bls,7224,0.001324,0.004916,-0.000129
THAIZ_BODY_PLY_localMouth,L_facial_local_BLS,l_up_mouth_bls,7225,0.008792,0.033389,-0.000246
THAIZ_BODY_PLY_localMouth,L_facial_local_BLS,l_up_mouth_bls,7233,0.007874,0.022151,-0.002045
THAIZ_BODY_PLY_localMouth,L_facial_local_BLS,l_up_mouth_bls,7234,0.003531,0.01471,-0.000371
THAIZ_BODY_PLY_localMouth,L_facial_local_BLS,l_up_mouth_bls,7235,0.000596,0.007629,0.000526
THAIZ_BODY_PLY_localMouth,L_facial_local_BLS,l_up_mouth_bls,7236,-0.000859,0.002032,0.000633
THAIZ_BODY_PLY_localMouth,L_facial_local_BLS,l_up_mouth_bls,7237,-0.000513,0.000227,0.00016
THAIZ_BODY_PLY_localMouth,L_facial_local_BLS,l_up_mouth_bls,7238,-0.000137,2.7e-05,3.3e-05
THAIZ_BODY_PLY_localMouth,L_facial_local_BLS,l_up_mouth_bls,7239,-3.2e-05,7e-06,8e-06
THAIZ_BODY_PLY_localMouth,L_facial_local_BLS,l_up_mouth_bls,7240,-7e-06,2e-06,1e-06
THAIZ_BODY_PLY_localMouth,L_facial_local_BLS,l_up_mouth_bls,7241,-1e-06,0.0,0.0
THAIZ_BODY_PLY_localMouth,L_facial_local_BLS,l_up_mouth_bls,7242,6e-06,1e-05,1e-06
THAIZ_BODY_PLY_localMouth,L_facial_local_BLS,l_up_mouth_bls,7243,0.000156,0.000259,1.3e-05
THAIZ_BODY_PLY_localMouth,L_facial_local_BLS,l_up_mouth_bls,7244,0.001442,0.00295,0.000103
THAIZ_BODY_PLY_localMouth,L_facial_local_BLS,l_up_mouth_bls,7245,0.003626,0.011261,0.000217
THAIZ_BODY_PLY_localMouth,L_facial_local_BLS,l_up_mouth_bls,7246,0.005303,0.019597,0.000311
THAIZ_BODY_PLY_localMouth,L_facial_local_BLS,l_up_mouth_bls,7247,0.00694,0.0267,0.000196
THAIZ_BODY_PLY_localMouth,L_facial_local_BLS,l_up_mouth_bls,7252,0.00051,0.002524,0.000315
THAIZ_BODY_PLY_localMouth,L_facial_local_BLS,l_up_mouth_bls,7255,0.004159,0.015644,0.001607
THAIZ_BODY_PLY_localMouth,L_facial_local_BLS,l_up_mouth_bls,7256,0.002922,0.009824,0.000703
THAIZ_BODY_PLY_localMouth,L_facial_local_BLS,l_up_mouth_bls,7257,0.000888,0.00259,4e-06
THAIZ_BODY_PLY_localMouth,L_facial_local_BLS,l_up_mouth_bls,7258,0.000453,0.001508,-0.000207
THAIZ_BODY_PLY_localMouth,L_facial_local_BLS,l_up_mouth_bls,7259,1.3e-05,4.9e-05,-7e-06
THAIZ_BODY_PLY_localMouth,L_facial_local_BLS,l_up_mouth_bls,7260,0.0,2e-06,-0.0
THAIZ_BODY_PLY_localMouth,L_facial_local_BLS,l_up_mouth_bls,7262,2.8e-05,0.000112,-0.000129
THAIZ_BODY_PLY_localMouth,L_facial_local_BLS,l_up_mouth_bls,7263,4.4e-05,6.7e-05,-0.000161
THAIZ_BODY_PLY_localMouth,L_facial_local_BLS,l_up_mouth_bls,7264,-8e-06,4e-06,1.3e-05
THAIZ_BODY_PLY_localMouth,L_facial_local_BLS,l_up_mouth_bls,7265,-0.000384,0.000928,7.2e-05
THAIZ_BODY_PLY_localMouth,L_facial_local_BLS,l_up_mouth_bls,7266,-0.004405,0.003894,-0.006535
THAIZ_BODY_PLY_localMouth,L_facial_local_BLS,l_up_mouth_bls,7267,-0.004532,0.00718,-0.02517
THAIZ_BODY_PLY_localMouth,L_facial_local_BLS,l_up_mouth_bls,7268,-0.005236,0.015303,-0.013534
THAIZ_BODY_PLY_localMouth,L_facial_local_BLS,l_up_mouth_bls,7269,0.002372,0.017881,0.010506
THAIZ_BODY_PLY_localMouth,L_facial_local_BLS,l_up_mouth_bls,7270,0.000753,0.005905,0.005199
THAIZ_BODY_PLY_localMouth,L_facial_local_BLS,l_up_mouth_bls,7277,0.011814,0.044498,0.000688
THAIZ_BODY_PLY_localMouth,L_facial_local_BLS,l_up_mouth_bls,7278,0.011976,0.049218,0.002946
THAIZ_BODY_PLY_localMouth,L_facial_local_BLS,l_up_mouth_bls,7279,0.011955,0.046009,0.001639
THAIZ_BODY_PLY_localMouth,L_facial_local_BLS,l_up_mouth_bls,7280,0.012766,0.051504,0.003846
THAIZ_BODY_PLY_localMouth,L_facial_local_BLS,l_up_mouth_bls,7281,0.008941,0.034499,0.00165
THAIZ_BODY_PLY_localMouth,L_facial_local_BLS,l_up_mouth_bls,7282,0.00917,0.035808,0.002873
THAIZ_BODY_PLY_localMouth,L_facial_local_BLS,l_up_mouth_bls,7283,0.006248,0.022958,0.001157
THAIZ_BODY_PLY_localMouth,L_facial_local_BLS,l_up_mouth_bls,7284,0.005801,0.020557,0.001469
THAIZ_BODY_PLY_localMouth,L_facial_local_BLS,l_up_mouth_bls,7285,0.003715,0.010874,0.000449
THAIZ_BODY_PLY_localMouth,L_facial_local_BLS,l_up_mouth_bls,7286,0.002597,0.005857,0.000264
THAIZ_BODY_PLY_localMouth,L_facial_local_BLS,l_up_mouth_bls,7287,0.000488,0.000913,3e-05
THAIZ_BODY_PLY_localMouth,L_facial_local_BLS,l_up_mouth_bls,7288,0.00011,0.000195,9e-06
THAIZ_BODY_PLY_localMouth,L_facial_local_BLS,l_up_mouth_bls,7289,0.000937,0.001812,8.3e-05
THAIZ_BODY_PLY_localMouth,L_facial_local_BLS,l_up_mouth_bls,7290,0.000125,0.000283,-3e-06
THAIZ_BODY_PLY_localMouth,L_facial_local_BLS,l_up_mouth_bls,7291,4e-06,1.8e-05,1e-06
THAIZ_BODY_PLY_localMouth,L_facial_local_BLS,l_up_mouth_bls,7292,1.8e-05,9.1e-05,-2.7e-05
THAIZ_BODY_PLY_localMouth,L_facial_local_BLS,l_up_mouth_bls,7293,-1.7e-05,1.4e-05,1e-06
THAIZ_BODY_PLY_localMouth,L_facial_local_BLS,l_up_mouth_bls,7294,-1e-06,4e-05,-1.7e-05
THAIZ_BODY_PLY_localMouth,L_facial_local_BLS,l_up_mouth_bls,7295,-8e-05,4.4e-05,1.3e-05
THAIZ_BODY_PLY_localMouth,L_facial_local_BLS,l_up_mouth_bls,7297,-0.000307,0.000169,7.8e-05
THAIZ_BODY_PLY_localMouth,L_facial_local_BLS,l_up_mouth_bls,7299,-0.000213,0.000308,8.9e-05
THAIZ_BODY_PLY_localMouth,L_facial_local_BLS,l_up_mouth_bls,7301,3e-06,4.6e-05,4e-06
THAIZ_BODY_PLY_localMouth,L_facial_local_BLS,l_up_mouth_bls,7302,1e-06,2e-06,0.0
THAIZ_BODY_PLY_localMouth,L_facial_local_BLS,l_up_mouth_bls,7303,0.000135,0.000592,3e-06
THAIZ_BODY_PLY_localMouth,L_facial_local_BLS,l_up_mouth_bls,7304,0.003144,0.010145,-0.000252
THAIZ_BODY_PLY_localMouth,L_facial_local_BLS,l_up_mouth_bls,7305,0.005516,0.017814,-0.000729
THAIZ_BODY_PLY_localMouth,L_facial_local_BLS,l_up_mouth_bls,7307,0.006893,0.018018,-0.001503
THAIZ_BODY_PLY_localMouth,L_facial_local_BLS,l_up_mouth_bls,7308,-0.000303,0.000248,9.9e-05
THAIZ_BODY_PLY_localMouth,L_facial_local_BLS,l_up_mouth_bls,7310,-0.001061,0.001317,-0.000932
THAIZ_BODY_PLY_localMouth,L_facial_local_BLS,l_up_mouth_bls,7311,-0.000274,9.6e-05,-0.000133
THAIZ_BODY_PLY_localMouth,L_facial_local_BLS,l_up_mouth_bls,7312,-0.002057,0.000355,-0.000352
THAIZ_BODY_PLY_localMouth,L_facial_local_BLS,l_up_mouth_bls,7313,-0.000457,-0.000276,-1.1e-05
THAIZ_BODY_PLY_localMouth,L_facial_local_BLS,l_up_mouth_bls,7314,-0.000333,-0.000191,-0.000242
THAIZ_BODY_PLY_localMouth,L_facial_local_BLS,l_up_mouth_bls,7317,-7e-06,0.0,-5e-06
THAIZ_BODY_PLY_localMouth,L_facial_local_BLS,l_up_mouth_bls,7322,1.7e-05,1.9e-05,-2.2e-05
THAIZ_BODY_PLY_localMouth,L_facial_local_BLS,l_up_mouth_bls,7323,0.0001,0.000733,0.000616
THAIZ_BODY_PLY_localMouth,L_facial_local_BLS,l_up_mouth_bls,7324,0.001833,0.01482,0.012536
THAIZ_BODY_PLY_localMouth,L_facial_local_BLS,l_up_mouth_bls,7325,-0.006707,0.020856,0.005378
THAIZ_BODY_PLY_localMouth,L_facial_local_BLS,l_up_mouth_bls,7326,-0.014723,0.012082,-0.014155
THAIZ_BODY_PLY_localMouth,L_facial_local_BLS,l_up_mouth_bls,7327,-0.004822,0.002765,-0.003394
THAIZ_BODY_PLY_localMouth,L_facial_local_BLS,l_up_mouth_bls,7328,-0.001629,0.000353,0.002212
THAIZ_BODY_PLY_localMouth,L_facial_local_BLS,l_up_mouth_bls,7329,-0.000451,0.000184,0.002198
THAIZ_BODY_PLY_localMouth,L_facial_local_BLS,l_up_mouth_bls,7330,-0.000215,0.000104,7.8e-05
THAIZ_BODY_PLY_localMouth,L_facial_local_BLS,l_up_mouth_bls,7331,-5.1e-05,9e-05,-5.7e-05
THAIZ_BODY_PLY_localMouth,L_facial_local_BLS,l_up_mouth_bls,7335,0.000435,0.001695,-2.1e-05
THAIZ_BODY_PLY_localMouth,L_facial_local_BLS,l_up_mouth_bls,7336,0.001251,0.002911,0.000236
THAIZ_BODY_PLY_localMouth,L_facial_local_BLS,l_up_mouth_bls,7337,3.7e-05,0.000118,1.6e-05
THAIZ_BODY_PLY_localMouth,L_facial_local_BLS,l_up_mouth_bls,7343,0.000225,0.000639,-2.8e-05
THAIZ_BODY_PLY_localMouth,L_facial_local_BLS,l_up_mouth_bls,7344,0.000653,0.001593,-0.000282
THAIZ_BODY_PLY_localMouth,L_facial_local_BLS,l_up_mouth_bls,7345,0.000772,0.004665,0.003176
THAIZ_BODY_PLY_localMouth,L_facial_local_BLS,l_up_mouth_bls,7346,0.002791,0.021737,0.017217
THAIZ_BODY_PLY_localMouth,L_facial_local_BLS,l_up_mouth_bls,7347,-0.004075,0.023574,0.008948
THAIZ_BODY_PLY_localMouth,L_facial_local_BLS,l_up_mouth_bls,7348,-0.006888,0.017851,6.3e-05
THAIZ_BODY_PLY_localMouth,L_facial_local_BLS,l_up_mouth_bls,7349,-0.008185,0.013827,0.004908
THAIZ_BODY_PLY_localMouth,L_facial_local_BLS,l_up_mouth_bls,7350,-0.010953,0.01263,0.011488
THAIZ_BODY_PLY_localMouth,L_facial_local_BLS,l_up_mouth_bls,7351,-0.010867,0.00552,0.01092
THAIZ_BODY_PLY_localMouth,L_facial_local_BLS,l_up_mouth_bls,7352,-9.7e-05,0.000233,-1.7e-05
THAIZ_BODY_PLY_localMouth,L_facial_local_BLS,l_up_mouth_bls,7353,-1.4e-05,2.4e-05,-1.3e-05
THAIZ_BODY_PLY_localMouth,L_facial_local_BLS,l_up_mouth_bls,7357,0.000221,0.001073,6.9e-05
THAIZ_BODY_PLY_localMouth,L_facial_local_BLS,l_up_mouth_bls,7358,0.000308,0.00067,9e-05
THAIZ_BODY_PLY_localMouth,L_facial_local_BLS,l_up_mouth_bls,7366,-0.000109,0.026455,0.017035
THAIZ_BODY_PLY_localMouth,L_facial_local_BLS,l_up_mouth_bls,7367,0.000315,0.024367,0.016483
THAIZ_BODY_PLY_localMouth,L_facial_local_BLS,l_up_mouth_bls,7368,0.000404,0.000778,-0.000162
THAIZ_BODY_PLY_localMouth,L_facial_local_BLS,l_up_mouth_bls,7369,0.001567,0.005079,-0.00071
THAIZ_BODY_PLY_localMouth,L_facial_local_BLS,l_up_mouth_bls,7370,0.001383,0.008436,-0.000478
THAIZ_BODY_PLY_localMouth,L_facial_local_BLS,l_up_mouth_bls,7371,-0.000291,0.004631,0.000384
THAIZ_BODY_PLY_localMouth,L_facial_local_BLS,l_up_mouth_bls,7372,-0.00093,0.001615,0.000592
THAIZ_BODY_PLY_localMouth,L_facial_local_BLS,l_up_mouth_bls,7373,-0.000579,0.00029,0.000248
THAIZ_BODY_PLY_localMouth,L_facial_local_BLS,l_up_mouth_bls,7374,-0.000143,2.6e-05,3.6e-05
THAIZ_BODY_PLY_localMouth,L_facial_local_BLS,l_up_mouth_bls,7375,-1.7e-05,2e-06,3e-06
THAIZ_BODY_PLY_localMouth,L_facial_local_BLS,l_up_mouth_bls,7376,-2e-06,0.0,0.0
THAIZ_BODY_PLY_localMouth,L_facial_local_BLS,l_up_mouth_bls,7380,1.4e-05,2.1e-05,1e-06
THAIZ_BODY_PLY_localMouth,L_facial_local_BLS,l_up_mouth_bls,7381,0.000183,0.000298,1.2e-05
THAIZ_BODY_PLY_localMouth,L_facial_local_BLS,l_up_mouth_bls,7382,0.001437,0.003052,5.1e-05
THAIZ_BODY_PLY_localMouth,L_facial_local_BLS,l_up_mouth_bls,7383,0.002618,0.007107,-5.2e-05
THAIZ_BODY_PLY_localMouth,L_facial_local_BLS,l_up_mouth_bls,7384,0.003229,0.010565,-0.00026
THAIZ_BODY_PLY_localMouth,L_facial_local_BLS,l_up_mouth_bls,7385,0.003329,0.012614,-0.000501
THAIZ_BODY_PLY_localMouth,L_facial_local_BLS,l_up_mouth_bls,7386,0.003538,0.014836,-0.000697
THAIZ_BODY_PLY_localMouth,L_facial_local_BLS,l_up_mouth_bls,7387,0.003605,0.01396,-0.000757
THAIZ_BODY_PLY_localMouth,L_facial_local_BLS,l_up_mouth_bls,7391,0.009559,0.01237,-0.003216
THAIZ_BODY_PLY_localMouth,L_facial_local_BLS,l_up_mouth_bls,7392,0.003707,0.010711,0.000685
THAIZ_BODY_PLY_localMouth,L_facial_local_BLS,l_up_mouth_bls,7393,0.002138,0.008293,0.000812
THAIZ_BODY_PLY_localMouth,L_facial_local_BLS,l_up_mouth_bls,7394,0.009022,0.03825,0.003985
THAIZ_BODY_PLY_localMouth,L_facial_local_BLS,l_up_mouth_bls,7395,0.013574,0.059909,0.00595
THAIZ_BODY_PLY_localMouth,L_facial_local_BLS,l_up_mouth_bls,7401,8.2e-05,0.000641,0.000566
THAIZ_BODY_PLY_localMouth,L_facial_local_BLS,l_up_mouth_bls,7402,0.000471,0.003077,0.002449
THAIZ_BODY_PLY_localMouth,L_facial_local_BLS,l_up_mouth_bls,7403,-0.003599,0.005275,-0.003619
THAIZ_BODY_PLY_localMouth,L_facial_local_BLS,l_up_mouth_bls,7404,-0.001036,0.004694,-0.004668
THAIZ_BODY_PLY_localMouth,L_facial_local_BLS,l_up_mouth_bls,7405,-0.001273,0.001348,-0.000106
THAIZ_BODY_PLY_localMouth,L_facial_local_BLS,l_up_mouth_bls,7406,-6.2e-05,0.000141,0.000103
THAIZ_BODY_PLY_localMouth,L_facial_local_BLS,l_up_mouth_bls,7407,0.001552,0.005519,1.5e-05
THAIZ_BODY_PLY_localMouth,L_facial_local_BLS,l_up_mouth_bls,7412,0.0,1e-06,-0.0
THAIZ_BODY_PLY_localMouth,L_facial_local_BLS,l_up_mouth_bls,7413,0.000125,0.000327,-9.3e-05
THAIZ_BODY_PLY_localMouth,L_facial_local_BLS,l_up_mouth_bls,7414,0.000262,0.00068,-2.5e-05
THAIZ_BODY_PLY_localMouth,L_facial_local_BLS,l_up_mouth_bls,7415,0.001476,0.003423,0.00014
THAIZ_BODY_PLY_localMouth,L_facial_local_BLS,l_up_mouth_bls,7417,2e-06,1.2e-05,1.1e-05
THAIZ_BODY_PLY_localMouth,L_facial_local_BLS,l_up_mouth_bls,7418,0.001206,0.009466,0.008319
THAIZ_BODY_PLY_localMouth,L_facial_local_BLS,l_up_mouth_bls,7419,0.001779,0.022166,0.016877
THAIZ_BODY_PLY_localMouth,L_facial_local_BLS,l_up_mouth_bls,7420,-0.006355,0.018449,0.006009
THAIZ_BODY_PLY_localMouth,L_facial_local_BLS,l_up_mouth_bls,7421,-0.005319,0.004967,-0.008152
THAIZ_BODY_PLY_localMouth,L_facial_local_BLS,l_up_mouth_bls,7422,-0.004138,0.003939,-0.000466
THAIZ_BODY_PLY_localMouth,L_facial_local_BLS,l_up_mouth_bls,7423,-0.00087,0.000694,0.001385
THAIZ_BODY_PLY_localMouth,L_facial_local_BLS,l_up_mouth_bls,7424,-0.000286,-3e-05,0.000546
THAIZ_BODY_PLY_localMouth,L_facial_local_BLS,l_up_mouth_bls,7425,-0.000126,6.5e-05,1.8e-05
THAIZ_BODY_PLY_localMouth,L_facial_local_BLS,l_up_mouth_bls,7426,-4.8e-05,4.6e-05,2.5e-05
THAIZ_BODY_PLY_localMouth,L_facial_local_BLS,l_up_mouth_bls,7430,0.000535,0.001767,-0.000125
THAIZ_BODY_PLY_localMouth,L_facial_local_BLS,l_up_mouth_bls,7431,0.001207,0.003153,0.000119
THAIZ_BODY_PLY_localMouth,L_facial_local_BLS,l_up_mouth_bls,7432,0.001503,0.004939,0.000503
THAIZ_BODY_PLY_localMouth,L_facial_local_BLS,l_up_mouth_bls,7433,0.001805,0.006966,0.000961
THAIZ_BODY_PLY_localMouth,L_facial_local_BLS,l_up_mouth_bls,7821,-0.000995,-0.002227,0.002376
THAIZ_BODY_PLY_localMouth,L_facial_local_BLS,l_up_mouth_bls,7852,-0.001327,-0.003171,0.005594
THAIZ_BODY_PLY_localMouth,L_facial_local_BLS,l_up_mouth_bls,7862,-0.001255,-0.000708,-0.000353
THAIZ_BODY_PLY_localMouth,L_facial_local_BLS,l_up_mouth_bls,7863,-0.000932,-0.001876,-0.003435
THAIZ_BODY_PLY_localMouth,L_facial_local_BLS,l_up_mouth_bls,7864,-0.001271,-0.001538,0.00046
THAIZ_BODY_PLY_localMouth,L_facial_local_BLS,l_up_mouth_bls,7865,0.000546,-0.001957,0.002843
THAIZ_BODY_PLY_localMouth,L_facial_local_BLS,l_up_mouth_bls,7870,-0.002642,-0.001087,-0.00131
THAIZ_BODY_PLY_localMouth,L_facial_local_BLS,l_up_mouth_bls,7871,-0.001663,-0.002066,0.000472
THAIZ_BODY_PLY_localMouth,L_facial_local_BLS,l_up_mouth_bls,7872,-1.7e-05,-4.4e-05,5.2e-05
THAIZ_BODY_PLY_localMouth,L_facial_local_BLS,l_up_mouth_bls,7873,-3e-06,-7e-06,1.4e-05
THAIZ_BODY_PLY_localMouth,L_facial_local_BLS,l_up_mouth_bls,7875,-1e-06,-1e-06,1e-06
THAIZ_BODY_PLY_localMouth,L_facial_local_BLS,l_up_mouth_bls,7876,-0.000375,-0.000402,9.6e-05
THAIZ_BODY_PLY_localMouth,L_facial_local_BLS,l_up_mouth_bls,7877,-0.000141,-9.5e-05,-1.6e-05
THAIZ_BODY_PLY_localMouth,L_facial_local_BLS,l_up_mouth_bls,7898,-0.001145,-0.002428,0.004466
THAIZ_BODY_PLY_localMouth,L_facial_local_BLS,l_up_mouth_bls,7899,-3e-06,-8e-06,1.8e-05
THAIZ_BODY_PLY_localMouth,L_facial_local_BLS,l_up_mouth_bls,7901,-0.000163,-0.000305,0.000482
THAIZ_BODY_PLY_localMouth,L_facial_local_BLS,l_up_mouth_bls,7942,-2.3e-05,-4.8e-05,0.000111
THAIZ_BODY_PLY_localMouth,L_facial_local_BLS,l_up_mouth_bls,7944,-0.000243,-0.000436,0.000913
THAIZ_BODY_PLY_localMouth,L_facial_local_BLS,l_up_mouth_bls,7945,-6.7e-05,-0.000106,0.000207
THAIZ_BODY_PLY_localMouth,L_facial_local_BLS,l_up_mouth_bls,7960,-4e-06,-6e-06,1.1e-05
THAIZ_BODY_PLY_localMouth,L_facial_local_BLS,l_up_mouth_bls,7963,-0.000185,-0.000304,0.000614
THAIZ_BODY_PLY_localMouth,L_facial_local_BLS,l_up_mouth_bls,7964,-0.00054,-0.001143,0.003756
THAIZ_BODY_PLY_localMouth,L_facial_local_BLS,l_up_mouth_bls,7965,-5.5e-05,-0.000115,0.000357
THAIZ_BODY_PLY_localMouth,L_facial_local_BLS,l_up_mouth_bls,7966,-2e-05,2e-06,0.000187
THAIZ_BODY_PLY_localMouth,L_facial_local_BLS,l_up_mouth_bls,7967,-3e-06,0.0,2.7e-05
THAIZ_BODY_PLY_localMouth,L_facial_local_BLS,l_up_mouth_bls,7994,-0.0,0.0,2e-06
THAIZ_BODY_PLY_localMouth,L_facial_local_BLS,l_up_mouth_bls,7999,-0.001561,-0.003605,0.001287
THAIZ_BODY_PLY_localMouth,L_facial_local_BLS,l_up_mouth_bls,8000,-0.004897,-0.001522,-0.006396
THAIZ_BODY_PLY_localMouth,L_facial_local_BLS,l_up_mouth_bls,8005,-3.1e-05,1.6e-05,0.000292
THAIZ_BODY_PLY_localMouth,L_facial_local_BLS,l_up_mouth_bls,8006,-0.000233,-0.000513,0.001901
THAIZ_BODY_PLY_localMouth,L_facial_local_BLS,l_up_mouth_bls,8008,-1e-06,2e-06,8e-06
THAIZ_BODY_PLY_localMouth,L_facial_local_BLS,l_up_mouth_bls,8013,-1e-06,2e-06,5e-06
THAIZ_BODY_PLY_localMouth,L_facial_local_BLS,l_up_mouth_bls,8015,-1e-06,1e-06,5e-06
THAIZ_BODY_PLY_localMouth,L_facial_local_BLS,l_up_mouth_bls,8017,-0.0,0.0,1e-06
THAIZ_BODY_PLY_localMouth,L_facial_local_BLS,l_up_mouth_bls,8024,-4e-06,1.3e-05,2e-05
THAIZ_BODY_PLY_localMouth,L_facial_local_BLS,l_up_mouth_bls,8025,-5e-06,1.2e-05,2.9e-05
THAIZ_BODY_PLY_localMouth,L_facial_local_BLS,l_up_mouth_bls,8058,-0.000181,-0.000335,0.00028
THAIZ_BODY_PLY_localMouth,L_facial_local_BLS,l_up_mouth_bls,8059,-0.000859,-0.000996,0.000296
THAIZ_BODY_PLY_localMouth,L_facial_local_BLS,l_up_mouth_bls,8060,-0.000495,-0.00032,-7.9e-05
THAIZ_BODY_PLY_localMouth,L_facial_local_BLS,l_up_mouth_bls,8075,-0.0,0.0,1e-06
THAIZ_BODY_PLY_localMouth,L_facial_local_BLS,l_up_mouth_bls,8084,-0.0,1e-06,2e-06
THAIZ_BODY_PLY_localMouth,L_facial_local_BLS,l_up_mouth_bls,8085,-5e-06,1.1e-05,4.1e-05
THAIZ_BODY_PLY_localMouth,L_facial_local_BLS,l_up_mouth_bls,8086,-4e-06,5e-06,3.6e-05
THAIZ_BODY_PLY_localMouth,L_facial_local_BLS,l_up_mouth_bls,8087,-2e-06,1e-06,1.4e-05
THAIZ_BODY_PLY_localMouth,L_facial_local_BLS,l_up_mouth_bls,8158,-0.023213,0.000139,0.004801
THAIZ_BODY_PLY_localMouth,L_facial_local_BLS,l_up_mouth_bls,8159,-0.009793,-0.005292,0.035517
THAIZ_BODY_PLY_localMouth,L_facial_local_BLS,l_up_mouth_bls,8160,-0.006812,-0.003753,0.050398
THAIZ_BODY_PLY_localMouth,L_facial_local_BLS,l_up_mouth_bls,8169,-9.7e-05,-0.000213,0.000338
THAIZ_BODY_PLY_localMouth,L_facial_local_BLS,l_up_mouth_bls,8240,-0.000147,-0.000236,0.000391
THAIZ_BODY_PLY_localMouth,L_facial_local_BLS,l_up_mouth_bls,8241,-0.000686,-0.001262,0.002346
THAIZ_BODY_PLY_localMouth,L_facial_local_BLS,l_up_mouth_bls,8242,-5e-06,-1.1e-05,2.4e-05
THAIZ_BODY_PLY_localMouth,L_facial_local_BLS,l_up_mouth_bls,8247,-0.0,-0.0,1e-06
THAIZ_BODY_PLY_localMouth,L_facial_local_BLS,l_up_mouth_bls,8248,-1.5e-05,-1.7e-05,0.000141
THAIZ_BODY_PLY_localMouth,L_facial_local_BLS,l_up_mouth_bls,8249,-0.000103,-0.000112,0.001005
THAIZ_BODY_PLY_localMouth,L_facial_local_BLS,l_up_mouth_bls,8250,-8e-05,-5.7e-05,0.000825
THAIZ_BODY_PLY_localMouth,L_facial_local_BLS,l_up_mouth_bls,8255,-0.000114,-0.000158,0.001154
THAIZ_BODY_PLY_localMouth,L_facial_local_BLS,l_up_mouth_bls,8256,-0.000188,-0.000309,0.001743
THAIZ_BODY_PLY_localMouth,L_facial_local_BLS,l_up_mouth_bls,8257,-2.2e-05,-3.8e-05,0.000198
THAIZ_BODY_PLY_localMouth,L_facial_local_BLS,l_up_mouth_bls,8263,-6e-06,-1.9e-05,2.9e-05
THAIZ_BODY_PLY_localMouth,L_facial_local_BLS,l_up_mouth_bls,8264,-0.001075,-0.002796,0.003959
THAIZ_BODY_PLY_localMouth,L_facial_local_BLS,l_up_mouth_bls,8292,-0.013421,0.00047,0.019826
THAIZ_BODY_PLY_localMouth,L_facial_local_BLS,l_up_mouth_bls,8311,-0.000179,-0.000242,0.000115
THAIZ_BODY_PLY_localMouth,L_facial_local_BLS,l_up_mouth_bls,8312,-0.00082,-0.001267,0.000762
THAIZ_BODY_PLY_localMouth,L_facial_local_BLS,l_up_mouth_bls,8313,-0.000587,-0.001023,0.000719
THAIZ_BODY_PLY_localMouth,L_facial_local_BLS,l_up_mouth_bls,8314,-0.000136,-0.000269,0.000203
THAIZ_BODY_PLY_localMouth,L_facial_local_BLS,l_up_mouth_bls,8315,-2.5e-05,-0.000153,0.000221
THAIZ_BODY_PLY_localMouth,L_facial_local_BLS,l_up_mouth_bls,8316,2.6e-05,-3.4e-05,0.000168
THAIZ_BODY_PLY_localMouth,L_facial_local_BLS,l_up_mouth_bls,8341,-0.00016,-0.000307,0.00151
THAIZ_BODY_PLY_localMouth,L_facial_local_BLS,l_up_mouth_bls,8342,-0.000333,-0.000666,0.002756
THAIZ_BODY_PLY_localMouth,L_facial_local_BLS,l_up_mouth_bls,8343,-3.5e-05,-7.1e-05,0.000278
THAIZ_BODY_PLY_localMouth,L_facial_local_BLS,l_up_mouth_bls,8350,-7e-06,-4e-06,6.7e-05
THAIZ_BODY_PLY_localMouth,L_facial_local_BLS,l_up_mouth_bls,8351,-5e-05,-2.4e-05,0.000487
THAIZ_BODY_PLY_localMouth,L_facial_local_BLS,l_up_mouth_bls,8352,-6e-05,-2e-06,0.000603
THAIZ_BODY_PLY_localMouth,L_facial_local_BLS,l_up_mouth_bls,8353,-0.0,0.0,2e-06
THAIZ_BODY_PLY_localMouth,L_facial_local_BLS,l_up_mouth_bls,8404,-6e-06,-7e-06,2e-06
THAIZ_BODY_PLY_localMouth,L_facial_local_BLS,l_up_mouth_bls,8405,-5.6e-05,-5.4e-05,8e-06
THAIZ_BODY_PLY_localMouth,L_facial_local_BLS,l_up_mouth_bls,8406,-2.4e-05,-1.5e-05,-3e-06
THAIZ_BODY_PLY_localMouth,L_facial_local_BLS,l_up_mouth_bls,8473,-0.000301,-0.000672,0.001982
THAIZ_BODY_PLY_localMouth,L_facial_local_BLS,l_up_mouth_bls,8474,-0.000732,-0.001494,0.004011
THAIZ_BODY_PLY_localMouth,L_facial_local_BLS,l_up_mouth_bls,8475,-9.2e-05,-0.000176,0.000441
THAIZ_BODY_PLY_localMouth,L_facial_local_BLS,l_up_mouth_bls,8513,0.005483,0.00191,0.002071
THAIZ_BODY_PLY_localMouth,L_facial_local_BLS,l_up_mouth_bls,8514,0.001558,0.000326,0.002688
THAIZ_BODY_PLY_localMouth,L_facial_local_BLS,l_up_mouth_bls,8523,-3e-06,9e-06,8e-06
THAIZ_BODY_PLY_localMouth,L_facial_local_BLS,l_up_mouth_bls,8528,-0.000641,0.000707,0.002231
THAIZ_BODY_PLY_localMouth,L_facial_local_BLS,l_up_mouth_bls,8532,-0.004599,-0.002345,0.054577
THAIZ_BODY_PLY_localMouth,L_facial_local_BLS,l_up_mouth_bls,8583,-0.004633,-0.001208,-0.003714
THAIZ_BODY_PLY_localMouth,L_facial_local_BLS,l_up_mouth_bls,8584,-0.002187,-0.003044,0.000496
THAIZ_BODY_PLY_localMouth,L_facial_local_BLS,l_up_mouth_bls,8585,-6.6e-05,-0.000169,0.000152
THAIZ_BODY_PLY_localMouth,L_facial_local_BLS,l_up_mouth_bls,8586,-0.0,-2e-06,2e-06
THAIZ_BODY_PLY_localMouth,L_facial_local_BLS,l_up_mouth_bls,8592,-0.0,-1e-06,3e-06
THAIZ_BODY_PLY_localMouth,L_facial_local_BLS,l_up_mouth_bls,8593,-0.0,-0.0,2e-06
THAIZ_BODY_PLY_localMouth,L_facial_local_BLS,l_up_mouth_bls,8594,-0.0,-0.0,2e-06
THAIZ_BODY_PLY_localMouth,L_facial_local_BLS,l_up_mouth_bls,8595,-0.0,-0.0,5e-06
THAIZ_BODY_PLY_localMouth,L_facial_local_BLS,l_up_mouth_bls,8596,-2e-06,0.0,2.2e-05
THAIZ_BODY_PLY_localMouth,L_facial_local_BLS,l_up_mouth_bls,8597,-1e-05,7e-06,9.4e-05
THAIZ_BODY_PLY_localMouth,L_facial_local_BLS,l_up_mouth_bls,8598,-1.1e-05,1.3e-05,9.8e-05
THAIZ_BODY_PLY_localMouth,L_facial_local_BLS,l_up_mouth_bls,8599,-6e-06,8e-06,4.7e-05
THAIZ_BODY_PLY_localMouth,L_facial_local_BLS,l_up_mouth_bls,8600,-1e-06,1e-06,7e-06
THAIZ_BODY_PLY_localMouth,L_facial_local_BLS,l_up_mouth_bls,8620,-3e-06,-8e-06,1.1e-05
THAIZ_BODY_PLY_localMouth,L_facial_local_BLS,l_up_mouth_bls,8621,-0.001281,-0.003294,0.005311
THAIZ_BODY_PLY_localMouth,L_facial_local_BLS,l_up_mouth_bls,8622,-4e-06,-1.1e-05,2e-05
THAIZ_BODY_PLY_localMouth,L_facial_local_BLS,l_up_mouth_bls,8702,-1e-06,-0.0,-0.0
THAIZ_BODY_PLY_localMouth,L_facial_local_BLS,l_up_mouth_bls,8703,-6e-06,-1e-06,-3e-06
THAIZ_BODY_PLY_localMouth,L_facial_local_BLS,l_up_mouth_bls,8704,-6.5e-05,-6e-06,-3.9e-05
THAIZ_BODY_PLY_localMouth,L_facial_local_BLS,l_up_mouth_bls,8705,-0.000188,2.5e-05,-0.000144
THAIZ_BODY_PLY_localMouth,L_facial_local_BLS,l_up_mouth_bls,8706,-0.000284,0.000153,-0.000394
THAIZ_BODY_PLY_localMouth,L_facial_local_BLS,l_up_mouth_bls,8707,-0.000356,0.001165,-0.000784
THAIZ_BODY_PLY_localMouth,L_facial_local_BLS,l_up_mouth_bls,8708,-0.00095,0.010646,-0.002709
THAIZ_BODY_PLY_localMouth,L_facial_local_BLS,l_up_mouth_bls,8754,-0.039307,-0.003672,0.003305
THAIZ_BODY_PLY_localMouth,L_facial_local_BLS,l_up_mouth_bls,8755,-0.024025,0.003687,0.025939
THAIZ_BODY_PLY_localMouth,L_facial_local_BLS,l_up_mouth_bls,8756,-0.013859,0.006306,0.043287
THAIZ_BODY_PLY_localMouth,L_facial_local_BLS,l_up_mouth_bls,8757,-0.011611,0.010083,0.059825
THAIZ_BODY_PLY_localMouth,L_facial_local_BLS,l_up_mouth_bls,8758,-0.009076,0.011627,0.067256
THAIZ_BODY_PLY_localMouth,L_facial_local_BLS,l_up_mouth_bls,8759,-1e-06,0.0,7e-06
THAIZ_BODY_PLY_localMouth,L_facial_local_BLS,l_up_mouth_bls,8769,-2e-06,5e-06,1.4e-05
THAIZ_BODY_PLY_localMouth,L_facial_local_BLS,l_up_mouth_bls,8770,-7e-06,1.5e-05,5.7e-05
THAIZ_BODY_PLY_localMouth,L_facial_local_BLS,l_up_mouth_bls,8771,-1e-05,1.4e-05,9.1e-05
THAIZ_BODY_PLY_localMouth,L_facial_local_BLS,l_up_mouth_bls,8772,-1.4e-05,1.2e-05,0.000128
THAIZ_BODY_PLY_localMouth,L_facial_local_BLS,l_up_mouth_bls,8773,-7e-06,4e-06,6.4e-05
THAIZ_BODY_PLY_localMouth,L_facial_local_BLS,l_up_mouth_bls,8877,-1e-06,2e-06,3e-06
THAIZ_BODY_PLY_localMouth,L_facial_local_BLS,l_up_mouth_bls,8878,-6e-06,1.4e-05,3.8e-05
THAIZ_BODY_PLY_localMouth,L_facial_local_BLS,l_up_mouth_bls,8879,-5e-06,1.2e-05,3.7e-05
THAIZ_BODY_PLY_localMouth,L_facial_local_BLS,l_up_mouth_bls,8880,-2e-06,5e-06,1.5e-05
THAIZ_BODY_PLY_localMouth,L_facial_local_BLS,l_up_mouth_bls,8881,-0.0,1e-06,2e-06
THAIZ_BODY_PLY_localMouth,L_facial_local_BLS,l_up_mouth_bls,8893,-2e-06,-1e-06,-0.0
THAIZ_BODY_PLY_localMouth,L_facial_local_BLS,l_up_mouth_bls,8894,-3e-06,-2e-06,0.0
THAIZ_BODY_PLY_localMouth,L_facial_local_BLS,l_up_mouth_bls,14197,1.5e-05,1e-05,4.4e-05
THAIZ_BODY_PLY_localMouth,L_facial_local_BLS,l_up_mouth_bls,14240,0.000128,0.000166,1.6e-05
THAIZ_BODY_PLY_localMouth,L_facial_local_BLS,l_up_mouth_bls,14241,0.000909,0.001341,0.000202
THAIZ_BODY_PLY_localMouth,L_facial_local_BLS,l_up_mouth_bls,14258,2.2e-05,-1e-05,4e-06
THAIZ_BODY_PLY_localMouth,L_facial_local_BLS,l_up_mouth_bls,14259,0.000952,0.000475,7.7e-05
THAIZ_BODY_PLY_localMouth,L_facial_local_BLS,l_up_mouth_bls,14260,0.000815,0.000926,0.00033
THAIZ_BODY_PLY_localMouth,L_facial_local_BLS,l_up_mouth_bls,14278,0.000601,-0.0,-0.000358
THAIZ_BODY_PLY_localMouth,L_facial_local_BLS,l_up_mouth_bls,14279,0.000117,4.8e-05,3.2e-05
THAIZ_BODY_PLY_localMouth,L_facial_local_BLS,l_up_mouth_bls,14438,0.000173,-5e-06,4.5e-05
THAIZ_BODY_PLY_localMouth,L_facial_local_BLS,l_up_mouth_bls,14439,0.0001,2.5e-05,-3.5e-05
THAIZ_BODY_PLY_localMouth,L_facial_local_BLS,l_up_mouth_bls,14448,0.000857,-0.000768,-0.000137
THAIZ_BODY_PLY_localMouth,L_facial_local_BLS,l_up_mouth_bls,14449,0.000127,-0.000103,3.6e-05
THAIZ_BODY_PLY_localMouth,L_facial_local_BLS,l_up_mouth_bls,14461,1e-06,1e-06,-1e-06
THAIZ_BODY_PLY_localMouth,L_facial_local_BLS,l_up_mouth_bls,14604,2e-06,0.0,1e-06
THAIZ_BODY_PLY_localMouth,L_facial_local_BLS,l_up_mouth_bls,14605,1.2e-05,0.0,2e-06
THAIZ_BODY_PLY_localMouth,L_facial_local_BLS,l_up_mouth_bls,14623,3.3e-05,-5e-06,-2e-06
THAIZ_BODY_PLY_localMouth,L_facial_local_BLS,l_down_mouth_bls,0,-0.008597,-0.026375,-0.006578
THAIZ_BODY_PLY_localMouth,L_facial_local_BLS,l_down_mouth_bls,1,-0.014085,-0.035115,-0.00969
THAIZ_BODY_PLY_localMouth,L_facial_local_BLS,l_down_mouth_bls,2,-0.02039,-0.040102,-0.01268
THAIZ_BODY_PLY_localMouth,L_facial_local_BLS,l_down_mouth_bls,3,-0.022587,-0.023651,-0.012483
THAIZ_BODY_PLY_localMouth,L_facial_local_BLS,l_down_mouth_bls,4,-0.013468,0.033228,-0.015674
THAIZ_BODY_PLY_localMouth,L_facial_local_BLS,l_down_mouth_bls,5,0.040872,0.082561,-0.030638
THAIZ_BODY_PLY_localMouth,L_facial_local_BLS,l_down_mouth_bls,6,0.153011,0.14086,-0.035074
THAIZ_BODY_PLY_localMouth,L_facial_local_BLS,l_down_mouth_bls,7,0.261149,0.057917,-0.022398
THAIZ_BODY_PLY_localMouth,L_facial_local_BLS,l_down_mouth_bls,8,0.292184,-0.175768,-0.056004
THAIZ_BODY_PLY_localMouth,L_facial_local_BLS,l_down_mouth_bls,9,0.229942,-0.298378,-0.030942
THAIZ_BODY_PLY_localMouth,L_facial_local_BLS,l_down_mouth_bls,10,0.187386,-0.240786,-0.002281
THAIZ_BODY_PLY_localMouth,L_facial_local_BLS,l_down_mouth_bls,11,0.317678,-0.150797,-0.066001
THAIZ_BODY_PLY_localMouth,L_facial_local_BLS,l_down_mouth_bls,12,0.392761,-0.122251,-0.129151
THAIZ_BODY_PLY_localMouth,L_facial_local_BLS,l_down_mouth_bls,13,0.391417,-0.033627,-0.156861
THAIZ_BODY_PLY_localMouth,L_facial_local_BLS,l_down_mouth_bls,14,0.346801,0.158112,-0.122148
THAIZ_BODY_PLY_localMouth,L_facial_local_BLS,l_down_mouth_bls,15,0.116613,0.111462,-0.062521
THAIZ_BODY_PLY_localMouth,L_facial_local_BLS,l_down_mouth_bls,16,-0.007262,0.065381,-0.014467
THAIZ_BODY_PLY_localMouth,L_facial_local_BLS,l_down_mouth_bls,17,-0.066773,0.058587,0.016005
THAIZ_BODY_PLY_localMouth,L_facial_local_BLS,l_down_mouth_bls,18,-0.059575,0.051377,0.015594
THAIZ_BODY_PLY_localMouth,L_facial_local_BLS,l_down_mouth_bls,19,-0.045495,0.048576,0.013093
THAIZ_BODY_PLY_localMouth,L_facial_local_BLS,l_down_mouth_bls,20,-0.033703,0.042648,0.010172
THAIZ_BODY_PLY_localMouth,L_facial_local_BLS,l_down_mouth_bls,21,-0.000118,-0.000568,-0.000136
THAIZ_BODY_PLY_localMouth,L_facial_local_BLS,l_down_mouth_bls,22,-0.000561,-0.002925,-0.000751
THAIZ_BODY_PLY_localMouth,L_facial_local_BLS,l_down_mouth_bls,23,-0.001222,-0.005878,-0.001628
THAIZ_BODY_PLY_localMouth,L_facial_local_BLS,l_down_mouth_bls,24,-0.002356,-0.009198,-0.00282
THAIZ_BODY_PLY_localMouth,L_facial_local_BLS,l_down_mouth_bls,25,-0.002389,-0.010148,-0.005724
THAIZ_BODY_PLY_localMouth,L_facial_local_BLS,l_down_mouth_bls,26,0.010052,0.002083,-0.017061
THAIZ_BODY_PLY_localMouth,L_facial_local_BLS,l_down_mouth_bls,27,0.043288,0.041615,-0.014206
THAIZ_BODY_PLY_localMouth,L_facial_local_BLS,l_down_mouth_bls,28,0.098691,-0.045473,0.009214
THAIZ_BODY_PLY_localMouth,L_facial_local_BLS,l_down_mouth_bls,29,0.081453,-0.242877,0.023856
THAIZ_BODY_PLY_localMouth,L_facial_local_BLS,l_down_mouth_bls,30,-0.078244,-0.254581,0.146751
THAIZ_BODY_PLY_localMouth,L_facial_local_BLS,l_down_mouth_bls,31,-0.136376,-0.139015,0.20239
THAIZ_BODY_PLY_localMouth,L_facial_local_BLS,l_down_mouth_bls,32,0.104834,-0.003597,0.0848
THAIZ_BODY_PLY_localMouth,L_facial_local_BLS,l_down_mouth_bls,33,0.273413,-0.02771,-0.082679
THAIZ_BODY_PLY_localMouth,L_facial_local_BLS,l_down_mouth_bls,34,0.337664,0.044545,-0.150196
THAIZ_BODY_PLY_localMouth,L_facial_local_BLS,l_down_mouth_bls,35,0.343817,0.138045,-0.168645
THAIZ_BODY_PLY_localMouth,L_facial_local_BLS,l_down_mouth_bls,36,0.179363,0.234344,-0.113635
THAIZ_BODY_PLY_localMouth,L_facial_local_BLS,l_down_mouth_bls,37,-0.021315,0.203841,-0.003934
THAIZ_BODY_PLY_localMouth,L_facial_local_BLS,l_down_mouth_bls,38,-0.108665,0.132741,0.033248
THAIZ_BODY_PLY_localMouth,L_facial_local_BLS,l_down_mouth_bls,39,-0.111145,0.135083,0.040766
THAIZ_BODY_PLY_localMouth,L_facial_local_BLS,l_down_mouth_bls,40,-0.089525,0.137849,0.039227
THAIZ_BODY_PLY_localMouth,L_facial_local_BLS,l_down_mouth_bls,41,-0.065504,0.125267,0.032612
THAIZ_BODY_PLY_localMouth,L_facial_local_BLS,l_down_mouth_bls,47,-0.00104,-0.003869,-0.002053
THAIZ_BODY_PLY_localMouth,L_facial_local_BLS,l_down_mouth_bls,48,-0.005093,-0.013633,-0.004982
THAIZ_BODY_PLY_localMouth,L_facial_local_BLS,l_down_mouth_bls,49,-0.035274,-0.080021,0.000237
THAIZ_BODY_PLY_localMouth,L_facial_local_BLS,l_down_mouth_bls,50,-0.037098,-0.213838,0.010623
THAIZ_BODY_PLY_localMouth,L_facial_local_BLS,l_down_mouth_bls,51,-0.211627,-0.206023,0.161024
THAIZ_BODY_PLY_localMouth,L_facial_local_BLS,l_down_mouth_bls,52,-0.307185,-0.051372,0.250839
THAIZ_BODY_PLY_localMouth,L_facial_local_BLS,l_down_mouth_bls,53,-0.16857,0.096502,0.216015
THAIZ_BODY_PLY_localMouth,L_facial_local_BLS,l_down_mouth_bls,54,0.143152,0.048303,-0.051856
THAIZ_BODY_PLY_localMouth,L_facial_local_BLS,l_down_mouth_bls,55,0.277761,0.070354,-0.187179
THAIZ_BODY_PLY_localMouth,L_facial_local_BLS,l_down_mouth_bls,56,0.317561,0.140356,-0.214797
THAIZ_BODY_PLY_localMouth,L_facial_local_BLS,l_down_mouth_bls,57,0.309583,0.172691,-0.191525
THAIZ_BODY_PLY_localMouth,L_facial_local_BLS,l_down_mouth_bls,58,0.16299,0.27914,-0.136632
THAIZ_BODY_PLY_localMouth,L_facial_local_BLS,l_down_mouth_bls,59,-0.017654,0.225658,-0.034162
THAIZ_BODY_PLY_localMouth,L_facial_local_BLS,l_down_mouth_bls,60,-0.106403,0.172204,0.02967
THAIZ_BODY_PLY_localMouth,L_facial_local_BLS,l_down_mouth_bls,61,-0.117888,0.208242,0.05451
THAIZ_BODY_PLY_localMouth,L_facial_local_BLS,l_down_mouth_bls,62,-0.017436,0.242075,0.016564
THAIZ_BODY_PLY_localMouth,L_facial_local_BLS,l_down_mouth_bls,71,-0.001166,-0.000753,-0.000584
THAIZ_BODY_PLY_localMouth,L_facial_local_BLS,l_down_mouth_bls,72,-0.003588,-0.004212,-0.001057
THAIZ_BODY_PLY_localMouth,L_facial_local_BLS,l_down_mouth_bls,73,-0.018962,-0.01348,0.009259
THAIZ_BODY_PLY_localMouth,L_facial_local_BLS,l_down_mouth_bls,74,0.009499,-0.062465,-0.012097
THAIZ_BODY_PLY_localMouth,L_facial_local_BLS,l_down_mouth_bls,75,0.035014,-0.07742,-0.069918
THAIZ_BODY_PLY_localMouth,L_facial_local_BLS,l_down_mouth_bls,76,0.096948,-0.148017,-0.138201
THAIZ_BODY_PLY_localMouth,L_facial_local_BLS,l_down_mouth_bls,77,0.20034,-0.297896,-0.163076
THAIZ_BODY_PLY_localMouth,L_facial_local_BLS,l_down_mouth_bls,78,0.277624,-0.323773,-0.145852
THAIZ_BODY_PLY_localMouth,L_facial_local_BLS,l_down_mouth_bls,79,0.268489,-0.168344,-0.10196
THAIZ_BODY_PLY_localMouth,L_facial_local_BLS,l_down_mouth_bls,80,0.158205,-0.01655,-0.107093
THAIZ_BODY_PLY_localMouth,L_facial_local_BLS,l_down_mouth_bls,81,0.075761,0.069952,-0.036065
THAIZ_BODY_PLY_localMouth,L_facial_local_BLS,l_down_mouth_bls,82,0.010873,0.045939,-0.007607
THAIZ_BODY_PLY_localMouth,L_facial_local_BLS,l_down_mouth_bls,83,-0.007163,0.015098,-0.001942
THAIZ_BODY_PLY_localMouth,L_facial_local_BLS,l_down_mouth_bls,92,-3e-06,-4e-06,-1e-06
THAIZ_BODY_PLY_localMouth,L_facial_local_BLS,l_down_mouth_bls,93,-0.000182,-0.000213,5.9e-05
THAIZ_BODY_PLY_localMouth,L_facial_local_BLS,l_down_mouth_bls,94,0.002987,-0.00231,-0.001799
THAIZ_BODY_PLY_localMouth,L_facial_local_BLS,l_down_mouth_bls,95,0.007421,-0.014751,-0.007803
THAIZ_BODY_PLY_localMouth,L_facial_local_BLS,l_down_mouth_bls,96,0.029569,-0.094425,-0.028332
THAIZ_BODY_PLY_localMouth,L_facial_local_BLS,l_down_mouth_bls,97,0.038756,-0.217966,-0.049328
THAIZ_BODY_PLY_localMouth,L_facial_local_BLS,l_down_mouth_bls,98,0.051483,-0.354941,-0.06721
THAIZ_BODY_PLY_localMouth,L_facial_local_BLS,l_down_mouth_bls,99,0.061236,-0.258632,-0.059242
THAIZ_BODY_PLY_localMouth,L_facial_local_BLS,l_down_mouth_bls,100,0.05374,-0.099186,-0.031465
THAIZ_BODY_PLY_localMouth,L_facial_local_BLS,l_down_mouth_bls,101,0.034921,-0.001564,-0.01156
THAIZ_BODY_PLY_localMouth,L_facial_local_BLS,l_down_mouth_bls,116,7e-06,-3.6e-05,-4e-06
THAIZ_BODY_PLY_localMouth,L_facial_local_BLS,l_down_mouth_bls,117,0.000152,-0.000874,-9e-05
THAIZ_BODY_PLY_localMouth,L_facial_local_BLS,l_down_mouth_bls,118,0.000227,-0.001397,-0.000132
THAIZ_BODY_PLY_localMouth,L_facial_local_BLS,l_down_mouth_bls,119,8.4e-05,-0.000529,-4.8e-05
THAIZ_BODY_PLY_localMouth,L_facial_local_BLS,l_down_mouth_bls,160,0.013194,0.011769,-0.002789
THAIZ_BODY_PLY_localMouth,L_facial_local_BLS,l_down_mouth_bls,161,5e-06,-3e-05,-3e-06
THAIZ_BODY_PLY_localMouth,L_facial_local_BLS,l_down_mouth_bls,164,0.001957,0.001201,-0.000528
THAIZ_BODY_PLY_localMouth,L_facial_local_BLS,l_down_mouth_bls,179,9e-06,-9e-06,-6e-06
THAIZ_BODY_PLY_localMouth,L_facial_local_BLS,l_down_mouth_bls,180,1.5e-05,-0.000178,-6e-05
THAIZ_BODY_PLY_localMouth,L_facial_local_BLS,l_down_mouth_bls,181,0.001093,-0.002923,-0.000902
THAIZ_BODY_PLY_localMouth,L_facial_local_BLS,l_down_mouth_bls,182,0.004712,-0.016674,-0.003101
THAIZ_BODY_PLY_localMouth,L_facial_local_BLS,l_down_mouth_bls,183,0.012002,-0.060334,-0.008549
THAIZ_BODY_PLY_localMouth,L_facial_local_BLS,l_down_mouth_bls,184,0.010718,-0.069299,-0.009035
THAIZ_BODY_PLY_localMouth,L_facial_local_BLS,l_down_mouth_bls,185,0.006461,-0.043251,-0.005094
THAIZ_BODY_PLY_localMouth,L_facial_local_BLS,l_down_mouth_bls,186,0.002556,-0.013347,-0.001415
THAIZ_BODY_PLY_localMouth,L_facial_local_BLS,l_down_mouth_bls,187,-0.008803,0.952144,0.00437
THAIZ_BODY_PLY_localMouth,L_facial_local_BLS,l_down_mouth_bls,198,6e-06,-4e-05,2.6e-05
THAIZ_BODY_PLY_localMouth,L_facial_local_BLS,l_down_mouth_bls,199,0.000993,-0.003936,0.002267
THAIZ_BODY_PLY_localMouth,L_facial_local_BLS,l_down_mouth_bls,200,0.004432,-0.01706,0.01038
THAIZ_BODY_PLY_localMouth,L_facial_local_BLS,l_down_mouth_bls,201,0.004219,-0.024261,0.014459
THAIZ_BODY_PLY_localMouth,L_facial_local_BLS,l_down_mouth_bls,202,0.000681,-0.016408,0.007636
THAIZ_BODY_PLY_localMouth,L_facial_local_BLS,l_down_mouth_bls,223,1e-06,-2e-06,-1e-06
THAIZ_BODY_PLY_localMouth,L_facial_local_BLS,l_down_mouth_bls,224,1.1e-05,-4.2e-05,-7e-06
THAIZ_BODY_PLY_localMouth,L_facial_local_BLS,l_down_mouth_bls,225,0.000846,-0.00426,-0.000515
THAIZ_BODY_PLY_localMouth,L_facial_local_BLS,l_down_mouth_bls,226,0.00276,-0.015217,-0.001633
THAIZ_BODY_PLY_localMouth,L_facial_local_BLS,l_down_mouth_bls,227,0.002242,-0.013095,-0.001304
THAIZ_BODY_PLY_localMouth,L_facial_local_BLS,l_down_mouth_bls,228,0.000895,-0.005399,-0.000517
THAIZ_BODY_PLY_localMouth,L_facial_local_BLS,l_down_mouth_bls,229,0.000139,-0.000864,-8e-05
THAIZ_BODY_PLY_localMouth,L_facial_local_BLS,l_down_mouth_bls,230,4e-06,-2.4e-05,-2e-06
THAIZ_BODY_PLY_localMouth,L_facial_local_BLS,l_down_mouth_bls,273,5.4e-05,5.3e-05,-0.00057
THAIZ_BODY_PLY_localMouth,L_facial_local_BLS,l_down_mouth_bls,274,0.0,0.0,-1e-06
THAIZ_BODY_PLY_localMouth,L_facial_local_BLS,l_down_mouth_bls,315,-0.02313,0.034149,0.007178
THAIZ_BODY_PLY_localMouth,L_facial_local_BLS,l_down_mouth_bls,316,-0.058801,0.125399,0.029276
THAIZ_BODY_PLY_localMouth,L_facial_local_BLS,l_down_mouth_bls,317,-0.042021,0.240519,0.000969
THAIZ_BODY_PLY_localMouth,L_facial_local_BLS,l_down_mouth_bls,318,-0.007134,0.002507,-0.000173
THAIZ_BODY_PLY_localMouth,L_facial_local_BLS,l_down_mouth_bls,319,-0.004552,-0.017458,-0.003917
THAIZ_BODY_PLY_localMouth,L_facial_local_BLS,l_down_mouth_bls,320,-2.7e-05,-0.000114,-2.6e-05
THAIZ_BODY_PLY_localMouth,L_facial_local_BLS,l_down_mouth_bls,341,-2e-05,0.000372,-0.002548
THAIZ_BODY_PLY_localMouth,L_facial_local_BLS,l_down_mouth_bls,352,-0.000181,0.000158,-0.000111
THAIZ_BODY_PLY_localMouth,L_facial_local_BLS,l_down_mouth_bls,353,-0.009505,0.005505,0.0024
THAIZ_BODY_PLY_localMouth,L_facial_local_BLS,l_down_mouth_bls,354,-0.017063,-0.008927,0.00551
THAIZ_BODY_PLY_localMouth,L_facial_local_BLS,l_down_mouth_bls,355,-0.048365,-0.08123,0.034882
THAIZ_BODY_PLY_localMouth,L_facial_local_BLS,l_down_mouth_bls,356,-0.18895,0.090949,0.143552
THAIZ_BODY_PLY_localMouth,L_facial_local_BLS,l_down_mouth_bls,357,-0.113681,0.177392,0.107478
THAIZ_BODY_PLY_localMouth,L_facial_local_BLS,l_down_mouth_bls,358,0.092592,0.093444,-0.053507
THAIZ_BODY_PLY_localMouth,L_facial_local_BLS,l_down_mouth_bls,359,0.26062,-0.082285,-0.175489
THAIZ_BODY_PLY_localMouth,L_facial_local_BLS,l_down_mouth_bls,360,0.387457,-0.087274,-0.253551
THAIZ_BODY_PLY_localMouth,L_facial_local_BLS,l_down_mouth_bls,361,0.352262,-0.002008,-0.229268
THAIZ_BODY_PLY_localMouth,L_facial_local_BLS,l_down_mouth_bls,362,0.285231,0.056854,-0.184661
THAIZ_BODY_PLY_localMouth,L_facial_local_BLS,l_down_mouth_bls,363,0.13,0.096682,-0.144867
THAIZ_BODY_PLY_localMouth,L_facial_local_BLS,l_down_mouth_bls,364,0.000244,0.095069,-0.031375
THAIZ_BODY_PLY_localMouth,L_facial_local_BLS,l_down_mouth_bls,365,-0.041864,0.086652,0.00279
THAIZ_BODY_PLY_localMouth,L_facial_local_BLS,l_down_mouth_bls,366,-0.04809,0.05502,0.006904
THAIZ_BODY_PLY_localMouth,L_facial_local_BLS,l_down_mouth_bls,367,-0.031606,0.038448,0.005826
THAIZ_BODY_PLY_localMouth,L_facial_local_BLS,l_down_mouth_bls,377,0.001079,-0.00048,-0.000841
THAIZ_BODY_PLY_localMouth,L_facial_local_BLS,l_down_mouth_bls,378,0.009975,-0.006076,-0.009334
THAIZ_BODY_PLY_localMouth,L_facial_local_BLS,l_down_mouth_bls,379,0.017626,-0.011613,-0.017186
THAIZ_BODY_PLY_localMouth,L_facial_local_BLS,l_down_mouth_bls,380,0.01669,-0.011823,-0.015584
THAIZ_BODY_PLY_localMouth,L_facial_local_BLS,l_down_mouth_bls,381,0.006284,-0.007392,-0.005991
THAIZ_BODY_PLY_localMouth,L_facial_local_BLS,l_down_mouth_bls,474,-0.0,-9e-06,-7e-06
THAIZ_BODY_PLY_localMouth,L_facial_local_BLS,l_down_mouth_bls,475,-5.6e-05,-0.000176,-0.000327
THAIZ_BODY_PLY_localMouth,L_facial_local_BLS,l_down_mouth_bls,476,-0.000678,0.000954,-0.001978
THAIZ_BODY_PLY_localMouth,L_facial_local_BLS,l_down_mouth_bls,477,-0.002254,0.00076,-0.004385
THAIZ_BODY_PLY_localMouth,L_facial_local_BLS,l_down_mouth_bls,478,0.001232,-0.082485,-0.022119
THAIZ_BODY_PLY_localMouth,L_facial_local_BLS,l_down_mouth_bls,479,0.001826,-0.114771,-0.028474
THAIZ_BODY_PLY_localMouth,L_facial_local_BLS,l_down_mouth_bls,480,-0.015837,-0.309578,-0.14408
THAIZ_BODY_PLY_localMouth,L_facial_local_BLS,l_down_mouth_bls,481,-0.011423,-0.101069,-0.093196
THAIZ_BODY_PLY_localMouth,L_facial_local_BLS,l_down_mouth_bls,482,-0.027583,-0.492109,-0.187037
THAIZ_BODY_PLY_localMouth,L_facial_local_BLS,l_down_mouth_bls,483,-0.034534,-0.157314,-0.09934
THAIZ_BODY_PLY_localMouth,L_facial_local_BLS,l_down_mouth_bls,484,-0.002772,-0.029905,-0.008766
THAIZ_BODY_PLY_localMouth,L_facial_local_BLS,l_down_mouth_bls,485,-0.007648,-0.038228,-0.017004
THAIZ_BODY_PLY_localMouth,L_facial_local_BLS,l_down_mouth_bls,486,-0.002247,-0.012799,-0.008665
THAIZ_BODY_PLY_localMouth,L_facial_local_BLS,l_down_mouth_bls,491,-0.00013,-0.042945,-0.015401
THAIZ_BODY_PLY_localMouth,L_facial_local_BLS,l_down_mouth_bls,497,-0.034756,0.008419,-0.054666
THAIZ_BODY_PLY_localMouth,L_facial_local_BLS,l_down_mouth_bls,498,-0.049179,0.054368,-0.018413
THAIZ_BODY_PLY_localMouth,L_facial_local_BLS,l_down_mouth_bls,499,-0.034218,0.083975,-0.000594
THAIZ_BODY_PLY_localMouth,L_facial_local_BLS,l_down_mouth_bls,500,-0.006223,0.039356,-0.007315
THAIZ_BODY_PLY_localMouth,L_facial_local_BLS,l_down_mouth_bls,501,0.116516,-0.415541,-0.180061
THAIZ_BODY_PLY_localMouth,L_facial_local_BLS,l_down_mouth_bls,502,-0.002085,-0.237158,-0.116288
THAIZ_BODY_PLY_localMouth,L_facial_local_BLS,l_down_mouth_bls,503,0.136907,-0.266368,-0.142595
THAIZ_BODY_PLY_localMouth,L_facial_local_BLS,l_down_mouth_bls,504,0.027198,-0.138203,-0.047006
THAIZ_BODY_PLY_localMouth,L_facial_local_BLS,l_down_mouth_bls,505,0.108251,-0.204705,-0.127176
THAIZ_BODY_PLY_localMouth,L_facial_local_BLS,l_down_mouth_bls,506,0.021665,-0.016811,-0.026745
THAIZ_BODY_PLY_localMouth,L_facial_local_BLS,l_down_mouth_bls,507,-2.8e-05,-0.000147,-7.1e-05
THAIZ_BODY_PLY_localMouth,L_facial_local_BLS,l_down_mouth_bls,508,-3e-05,-9e-06,-6.1e-05
THAIZ_BODY_PLY_localMouth,L_facial_local_BLS,l_down_mouth_bls,510,0.000573,6.6e-05,-0.003379
THAIZ_BODY_PLY_localMouth,L_facial_local_BLS,l_down_mouth_bls,511,5.9e-05,-4.8e-05,-6e-05
THAIZ_BODY_PLY_localMouth,L_facial_local_BLS,l_down_mouth_bls,525,-0.277935,0.481049,0.138458
THAIZ_BODY_PLY_localMouth,L_facial_local_BLS,l_down_mouth_bls,526,-0.237808,0.392607,0.143723
THAIZ_BODY_PLY_localMouth,L_facial_local_BLS,l_down_mouth_bls,527,-0.212734,0.365176,0.075845
THAIZ_BODY_PLY_localMouth,L_facial_local_BLS,l_down_mouth_bls,528,-0.141343,0.213346,0.029385
THAIZ_BODY_PLY_localMouth,L_facial_local_BLS,l_down_mouth_bls,529,-0.08312,0.22408,0.034417
THAIZ_BODY_PLY_localMouth,L_facial_local_BLS,l_down_mouth_bls,541,0.02558,0.015505,-0.004522
THAIZ_BODY_PLY_localMouth,L_facial_local_BLS,l_down_mouth_bls,543,0.005008,-0.129733,-0.003754
THAIZ_BODY_PLY_localMouth,L_facial_local_BLS,l_down_mouth_bls,544,-0.119876,0.2028,0.027862
THAIZ_BODY_PLY_localMouth,L_facial_local_BLS,l_down_mouth_bls,545,4.6e-05,-0.0,1.6e-05
THAIZ_BODY_PLY_localMouth,L_facial_local_BLS,l_down_mouth_bls,546,0.029634,-0.097301,-0.012574
THAIZ_BODY_PLY_localMouth,L_facial_local_BLS,l_down_mouth_bls,547,0.035838,0.013362,-0.106218
THAIZ_BODY_PLY_localMouth,L_facial_local_BLS,l_down_mouth_bls,548,0.157278,-0.02263,-0.133091
THAIZ_BODY_PLY_localMouth,L_facial_local_BLS,l_down_mouth_bls,549,0.139181,-0.105086,-0.124194
THAIZ_BODY_PLY_localMouth,L_facial_local_BLS,l_down_mouth_bls,550,-0.238685,0.219773,0.085664
THAIZ_BODY_PLY_localMouth,L_facial_local_BLS,l_down_mouth_bls,551,0.096853,-0.181225,-0.084261
THAIZ_BODY_PLY_localMouth,L_facial_local_BLS,l_down_mouth_bls,553,-0.407019,0.273249,0.20818
THAIZ_BODY_PLY_localMouth,L_facial_local_BLS,l_down_mouth_bls,555,-0.329389,0.124629,0.211231
THAIZ_BODY_PLY_localMouth,L_facial_local_BLS,l_down_mouth_bls,562,0.001809,0.000128,-0.000201
THAIZ_BODY_PLY_localMouth,L_facial_local_BLS,l_down_mouth_bls,563,0.004622,-0.13351,-0.022339
THAIZ_BODY_PLY_localMouth,L_facial_local_BLS,l_down_mouth_bls,564,0.094123,-0.009271,-0.1427
THAIZ_BODY_PLY_localMouth,L_facial_local_BLS,l_down_mouth_bls,592,0.070283,-0.055932,-0.006001
THAIZ_BODY_PLY_localMouth,L_facial_local_BLS,l_down_mouth_bls,598,-0.018565,-0.018254,-0.030248
THAIZ_BODY_PLY_localMouth,L_facial_local_BLS,l_down_mouth_bls,599,-0.0179,-0.033714,-0.01028
THAIZ_BODY_PLY_localMouth,L_facial_local_BLS,l_down_mouth_bls,600,-0.011727,-0.027922,-0.007722
THAIZ_BODY_PLY_localMouth,L_facial_local_BLS,l_down_mouth_bls,601,0.112413,-0.275254,-0.116034
THAIZ_BODY_PLY_localMouth,L_facial_local_BLS,l_down_mouth_bls,602,0.131476,-0.38453,-0.17761
THAIZ_BODY_PLY_localMouth,L_facial_local_BLS,l_down_mouth_bls,603,0.130202,-0.461197,-0.18059
THAIZ_BODY_PLY_localMouth,L_facial_local_BLS,l_down_mouth_bls,604,-0.221859,-0.225701,0.130222
THAIZ_BODY_PLY_localMouth,L_facial_local_BLS,l_down_mouth_bls,606,-0.160478,-0.044616,0.053151
THAIZ_BODY_PLY_localMouth,L_facial_local_BLS,l_down_mouth_bls,607,-0.063604,-0.323562,-0.041502
THAIZ_BODY_PLY_localMouth,L_facial_local_BLS,l_down_mouth_bls,608,-0.08298,-0.477958,0.001196
THAIZ_BODY_PLY_localMouth,L_facial_local_BLS,l_down_mouth_bls,609,0.332979,-0.008364,-0.141953
THAIZ_BODY_PLY_localMouth,L_facial_local_BLS,l_down_mouth_bls,610,0.042945,-0.673258,-0.176474
THAIZ_BODY_PLY_localMouth,L_facial_local_BLS,l_down_mouth_bls,611,0.003886,-0.551367,-0.12627
THAIZ_BODY_PLY_localMouth,L_facial_local_BLS,l_down_mouth_bls,612,0.017965,-0.703066,-0.129256
THAIZ_BODY_PLY_localMouth,L_facial_local_BLS,l_down_mouth_bls,613,0.09342,-0.690804,-0.160884
THAIZ_BODY_PLY_localMouth,L_facial_local_BLS,l_down_mouth_bls,614,0.079732,-0.126705,-0.031045
THAIZ_BODY_PLY_localMouth,L_facial_local_BLS,l_down_mouth_bls,615,0.083948,-0.242252,-0.052538
THAIZ_BODY_PLY_localMouth,L_facial_local_BLS,l_down_mouth_bls,616,0.105098,-0.406814,-0.103368
THAIZ_BODY_PLY_localMouth,L_facial_local_BLS,l_down_mouth_bls,617,0.265956,0.197297,-0.102313
THAIZ_BODY_PLY_localMouth,L_facial_local_BLS,l_down_mouth_bls,618,-0.038225,0.045292,0.012072
THAIZ_BODY_PLY_localMouth,L_facial_local_BLS,l_down_mouth_bls,619,-0.047371,0.046065,0.012735
THAIZ_BODY_PLY_localMouth,L_facial_local_BLS,l_down_mouth_bls,620,-0.010987,0.03666,-0.021065
THAIZ_BODY_PLY_localMouth,L_facial_local_BLS,l_down_mouth_bls,621,0.114328,0.090687,-0.08411
THAIZ_BODY_PLY_localMouth,L_facial_local_BLS,l_down_mouth_bls,622,0.000276,0.000183,-5.5e-05
THAIZ_BODY_PLY_localMouth,L_facial_local_BLS,l_down_mouth_bls,623,0.000384,-0.017212,-0.001903
THAIZ_BODY_PLY_localMouth,L_facial_local_BLS,l_down_mouth_bls,624,-0.005746,-0.046845,-0.025627
THAIZ_BODY_PLY_localMouth,L_facial_local_BLS,l_down_mouth_bls,650,-2e-06,2.3e-05,5e-06
THAIZ_BODY_PLY_localMouth,L_facial_local_BLS,l_down_mouth_bls,659,-0.020261,0.078407,-0.003787
THAIZ_BODY_PLY_localMouth,L_facial_local_BLS,l_down_mouth_bls,660,0.009717,0.075225,-0.029396
THAIZ_BODY_PLY_localMouth,L_facial_local_BLS,l_down_mouth_bls,661,0.068724,0.048672,-0.09407
THAIZ_BODY_PLY_localMouth,L_facial_local_BLS,l_down_mouth_bls,662,0.275892,-0.004973,-0.160429
THAIZ_BODY_PLY_localMouth,L_facial_local_BLS,l_down_mouth_bls,663,0.38329,-0.000457,-0.188613
THAIZ_BODY_PLY_localMouth,L_facial_local_BLS,l_down_mouth_bls,664,0.34954,-0.009189,-0.158341
THAIZ_BODY_PLY_localMouth,L_facial_local_BLS,l_down_mouth_bls,668,-0.195861,-0.209347,-0.022299
THAIZ_BODY_PLY_localMouth,L_facial_local_BLS,l_down_mouth_bls,669,-0.026795,-0.192851,-0.108279
THAIZ_BODY_PLY_localMouth,L_facial_local_BLS,l_down_mouth_bls,670,0.089249,-0.185148,-0.186339
THAIZ_BODY_PLY_localMouth,L_facial_local_BLS,l_down_mouth_bls,671,0.036843,-0.115312,-0.146578
THAIZ_BODY_PLY_localMouth,L_facial_local_BLS,l_down_mouth_bls,672,-0.003011,-0.036918,-0.041803
THAIZ_BODY_PLY_localMouth,L_facial_local_BLS,l_down_mouth_bls,673,-0.006962,-0.014096,-0.006096
THAIZ_BODY_PLY_localMouth,L_facial_local_BLS,l_down_mouth_bls,674,-0.001781,-0.006993,-0.001977
THAIZ_BODY_PLY_localMouth,L_facial_local_BLS,l_down_mouth_bls,675,-0.000839,-0.004393,-0.001136
THAIZ_BODY_PLY_localMouth,L_facial_local_BLS,l_down_mouth_bls,677,2.9e-05,-1e-06,3e-06
THAIZ_BODY_PLY_localMouth,L_facial_local_BLS,l_down_mouth_bls,678,0.053098,-0.023469,6.7e-05
THAIZ_BODY_PLY_localMouth,L_facial_local_BLS,l_down_mouth_bls,679,0.047451,-0.041628,-0.006995
THAIZ_BODY_PLY_localMouth,L_facial_local_BLS,l_down_mouth_bls,681,-0.050785,-0.058103,-0.006339
THAIZ_BODY_PLY_localMouth,L_facial_local_BLS,l_down_mouth_bls,682,-0.21046,0.109778,0.055358
THAIZ_BODY_PLY_localMouth,L_facial_local_BLS,l_down_mouth_bls,683,-0.35389,0.096248,0.181061
THAIZ_BODY_PLY_localMouth,L_facial_local_BLS,l_down_mouth_bls,684,-0.444899,0.005171,0.25654
THAIZ_BODY_PLY_localMouth,L_facial_local_BLS,l_down_mouth_bls,685,-0.397178,-0.131878,0.30872
THAIZ_BODY_PLY_localMouth,L_facial_local_BLS,l_down_mouth_bls,686,-0.219003,-0.361965,0.175397
THAIZ_BODY_PLY_localMouth,L_facial_local_BLS,l_down_mouth_bls,687,0.002238,-0.58352,-0.033784
THAIZ_BODY_PLY_localMouth,L_facial_local_BLS,l_down_mouth_bls,688,0.133808,-0.6906,-0.14284
THAIZ_BODY_PLY_localMouth,L_facial_local_BLS,l_down_mouth_bls,689,0.189951,-0.618629,-0.152966
THAIZ_BODY_PLY_localMouth,L_facial_local_BLS,l_down_mouth_bls,690,0.149785,-0.30604,-0.123188
THAIZ_BODY_PLY_localMouth,L_facial_local_BLS,l_down_mouth_bls,691,0.104714,-0.139523,-0.07226
THAIZ_BODY_PLY_localMouth,L_facial_local_BLS,l_down_mouth_bls,692,0.063997,-0.015387,-0.015815
THAIZ_BODY_PLY_localMouth,L_facial_local_BLS,l_down_mouth_bls,693,-0.00075,-0.004278,-0.001934
THAIZ_BODY_PLY_localMouth,L_facial_local_BLS,l_down_mouth_bls,694,-0.001914,-0.001347,-0.003983
THAIZ_BODY_PLY_localMouth,L_facial_local_BLS,l_down_mouth_bls,695,-0.000308,-0.00555,-0.001321
THAIZ_BODY_PLY_localMouth,L_facial_local_BLS,l_down_mouth_bls,696,-1.1e-05,-0.000612,-5.7e-05
THAIZ_BODY_PLY_localMouth,L_facial_local_BLS,l_down_mouth_bls,725,0.03981,0.194947,-0.003348
THAIZ_BODY_PLY_localMouth,L_facial_local_BLS,l_down_mouth_bls,726,0.084152,-0.017294,-0.060823
THAIZ_BODY_PLY_localMouth,L_facial_local_BLS,l_down_mouth_bls,727,0.025857,-0.019052,-0.020293
THAIZ_BODY_PLY_localMouth,L_facial_local_BLS,l_down_mouth_bls,728,0.005156,-0.011813,-0.008315
THAIZ_BODY_PLY_localMouth,L_facial_local_BLS,l_down_mouth_bls,729,0.002814,-0.000153,-9e-06
THAIZ_BODY_PLY_localMouth,L_facial_local_BLS,l_down_mouth_bls,733,0.002472,0.034444,0.011305
THAIZ_BODY_PLY_localMouth,L_facial_local_BLS,l_down_mouth_bls,734,0.054771,-0.009542,-0.034333
THAIZ_BODY_PLY_localMouth,L_facial_local_BLS,l_down_mouth_bls,735,0.010575,-0.002113,-0.004138
THAIZ_BODY_PLY_localMouth,L_facial_local_BLS,l_down_mouth_bls,736,0.000589,-0.000513,-6.7e-05
THAIZ_BODY_PLY_localMouth,L_facial_local_BLS,l_down_mouth_bls,747,-6e-06,-0.000186,-3.9e-05
THAIZ_BODY_PLY_localMouth,L_facial_local_BLS,l_down_mouth_bls,748,-7.4e-05,-0.003916,-0.000751
THAIZ_BODY_PLY_localMouth,L_facial_local_BLS,l_down_mouth_bls,749,-0.0,-1.9e-05,-3e-06
THAIZ_BODY_PLY_localMouth,L_facial_local_BLS,l_down_mouth_bls,752,0.000193,-0.021426,-0.004148
THAIZ_BODY_PLY_localMouth,L_facial_local_BLS,l_down_mouth_bls,754,2.7e-05,-0.001355,-0.000225
THAIZ_BODY_PLY_localMouth,L_facial_local_BLS,l_down_mouth_bls,756,1e-06,-2.1e-05,-8e-06
THAIZ_BODY_PLY_localMouth,L_facial_local_BLS,l_down_mouth_bls,757,7e-06,-0.000243,-8.9e-05
THAIZ_BODY_PLY_localMouth,L_facial_local_BLS,l_down_mouth_bls,758,3.9e-05,-0.001551,-0.000491
THAIZ_BODY_PLY_localMouth,L_facial_local_BLS,l_down_mouth_bls,759,0.000146,-0.005384,-0.001483
THAIZ_BODY_PLY_localMouth,L_facial_local_BLS,l_down_mouth_bls,760,0.000413,-0.018932,-0.004108
THAIZ_BODY_PLY_localMouth,L_facial_local_BLS,l_down_mouth_bls,761,0.000339,-0.011898,-0.002912
THAIZ_BODY_PLY_localMouth,L_facial_local_BLS,l_down_mouth_bls,765,0.0,-1e-05,-3e-06
THAIZ_BODY_PLY_localMouth,L_facial_local_BLS,l_down_mouth_bls,766,4e-06,-0.000137,-3.2e-05
THAIZ_BODY_PLY_localMouth,L_facial_local_BLS,l_down_mouth_bls,767,3.6e-05,-0.001186,-0.000223
THAIZ_BODY_PLY_localMouth,L_facial_local_BLS,l_down_mouth_bls,768,1.8e-05,-0.000532,-0.000113
THAIZ_BODY_PLY_localMouth,L_facial_local_BLS,l_down_mouth_bls,787,0.004625,0.003338,-0.001999
THAIZ_BODY_PLY_localMouth,L_facial_local_BLS,l_down_mouth_bls,788,0.004393,-0.077882,-0.007864
THAIZ_BODY_PLY_localMouth,L_facial_local_BLS,l_down_mouth_bls,789,-0.017667,-0.115782,-0.066552
THAIZ_BODY_PLY_localMouth,L_facial_local_BLS,l_down_mouth_bls,790,-0.02493,-0.067153,-0.043646
THAIZ_BODY_PLY_localMouth,L_facial_local_BLS,l_down_mouth_bls,791,-0.001597,-0.073181,-0.014548
THAIZ_BODY_PLY_localMouth,L_facial_local_BLS,l_down_mouth_bls,792,-1e-06,-0.014192,-0.00258
THAIZ_BODY_PLY_localMouth,L_facial_local_BLS,l_down_mouth_bls,793,4e-06,-0.00041,-6.4e-05
THAIZ_BODY_PLY_localMouth,L_facial_local_BLS,l_down_mouth_bls,796,0.068694,-0.068007,-0.077952
THAIZ_BODY_PLY_localMouth,L_facial_local_BLS,l_down_mouth_bls,797,0.099311,-0.19577,-0.096363
THAIZ_BODY_PLY_localMouth,L_facial_local_BLS,l_down_mouth_bls,798,0.056264,-0.362905,-0.146672
THAIZ_BODY_PLY_localMouth,L_facial_local_BLS,l_down_mouth_bls,799,-0.104686,-0.36701,-0.098775
THAIZ_BODY_PLY_localMouth,L_facial_local_BLS,l_down_mouth_bls,800,-0.050002,-0.147567,-0.072383
THAIZ_BODY_PLY_localMouth,L_facial_local_BLS,l_down_mouth_bls,801,-0.01324,-0.090558,-0.034289
THAIZ_BODY_PLY_localMouth,L_facial_local_BLS,l_down_mouth_bls,802,-0.001638,-0.047161,-0.022147
THAIZ_BODY_PLY_localMouth,L_facial_local_BLS,l_down_mouth_bls,803,-0.008783,0.00593,-0.009243
THAIZ_BODY_PLY_localMouth,L_facial_local_BLS,l_down_mouth_bls,804,-0.008673,0.023693,-0.004121
THAIZ_BODY_PLY_localMouth,L_facial_local_BLS,l_down_mouth_bls,805,-0.002414,0.011408,-0.003377
THAIZ_BODY_PLY_localMouth,L_facial_local_BLS,l_down_mouth_bls,806,-0.000161,0.000408,-0.000566
THAIZ_BODY_PLY_localMouth,L_facial_local_BLS,l_down_mouth_bls,807,-1e-06,1e-06,-3e-06
THAIZ_BODY_PLY_localMouth,L_facial_local_BLS,l_down_mouth_bls,816,0.000127,0.000116,-3.5e-05
THAIZ_BODY_PLY_localMouth,L_facial_local_BLS,l_down_mouth_bls,864,0.008999,-0.004855,0.000112
THAIZ_BODY_PLY_localMouth,L_facial_local_BLS,l_down_mouth_bls,865,0.011465,-0.002747,-0.000489
THAIZ_BODY_PLY_localMouth,L_facial_local_BLS,l_down_mouth_bls,866,-0.003772,-0.009674,-0.003024
THAIZ_BODY_PLY_localMouth,L_facial_local_BLS,l_down_mouth_bls,867,-0.024358,-0.033235,-0.013108
THAIZ_BODY_PLY_localMouth,L_facial_local_BLS,l_down_mouth_bls,918,0.004763,0.002924,-0.00154
THAIZ_BODY_PLY_localMouth,L_facial_local_BLS,l_down_mouth_bls,942,-0.0001,8.2e-05,-0.000188
THAIZ_BODY_PLY_localMouth,L_facial_local_BLS,l_down_mouth_bls,943,-0.020899,0.014707,-0.018329
THAIZ_BODY_PLY_localMouth,L_facial_local_BLS,l_down_mouth_bls,946,0.036207,-0.125578,-0.027306
THAIZ_BODY_PLY_localMouth,L_facial_local_BLS,l_down_mouth_bls,947,-0.184772,0.013441,0.047173
THAIZ_BODY_PLY_localMouth,L_facial_local_BLS,l_down_mouth_bls,948,-0.391469,0.054049,0.202796
THAIZ_BODY_PLY_localMouth,L_facial_local_BLS,l_down_mouth_bls,949,-0.412194,0.009998,0.310844
THAIZ_BODY_PLY_localMouth,L_facial_local_BLS,l_down_mouth_bls,950,-0.218006,-0.279365,0.244545
THAIZ_BODY_PLY_localMouth,L_facial_local_BLS,l_down_mouth_bls,951,0.040591,-0.41272,0.046515
THAIZ_BODY_PLY_localMouth,L_facial_local_BLS,l_down_mouth_bls,952,0.196943,-0.490933,-0.087878
THAIZ_BODY_PLY_localMouth,L_facial_local_BLS,l_down_mouth_bls,953,0.29638,-0.51303,-0.209614
THAIZ_BODY_PLY_localMouth,L_facial_local_BLS,l_down_mouth_bls,954,0.307147,-0.486046,-0.209166
THAIZ_BODY_PLY_localMouth,L_facial_local_BLS,l_down_mouth_bls,955,0.180713,-0.233621,-0.12751
THAIZ_BODY_PLY_localMouth,L_facial_local_BLS,l_down_mouth_bls,956,0.11327,-0.083904,-0.074054
THAIZ_BODY_PLY_localMouth,L_facial_local_BLS,l_down_mouth_bls,957,0.063647,0.017072,-0.02523
THAIZ_BODY_PLY_localMouth,L_facial_local_BLS,l_down_mouth_bls,958,0.050483,0.028137,-0.08486
THAIZ_BODY_PLY_localMouth,L_facial_local_BLS,l_down_mouth_bls,959,0.161492,0.010522,-0.130829
THAIZ_BODY_PLY_localMouth,L_facial_local_BLS,l_down_mouth_bls,960,0.270658,-0.410391,-0.173271
THAIZ_BODY_PLY_localMouth,L_facial_local_BLS,l_down_mouth_bls,961,0.179305,-0.483219,-0.135949
THAIZ_BODY_PLY_localMouth,L_facial_local_BLS,l_down_mouth_bls,962,0.124621,-0.560455,-0.146543
THAIZ_BODY_PLY_localMouth,L_facial_local_BLS,l_down_mouth_bls,963,0.120641,-0.54862,-0.181563
THAIZ_BODY_PLY_localMouth,L_facial_local_BLS,l_down_mouth_bls,964,0.032104,-0.603094,-0.238203
THAIZ_BODY_PLY_localMouth,L_facial_local_BLS,l_down_mouth_bls,965,-0.056181,-0.527371,-0.199256
THAIZ_BODY_PLY_localMouth,L_facial_local_BLS,l_down_mouth_bls,966,-0.045392,-0.2675,-0.135285
THAIZ_BODY_PLY_localMouth,L_facial_local_BLS,l_down_mouth_bls,967,-0.033103,-0.11064,-0.081197
THAIZ_BODY_PLY_localMouth,L_facial_local_BLS,l_down_mouth_bls,968,-0.011075,-0.052408,-0.029408
THAIZ_BODY_PLY_localMouth,L_facial_local_BLS,l_down_mouth_bls,969,-0.001731,-0.00201,-0.005191
THAIZ_BODY_PLY_localMouth,L_facial_local_BLS,l_down_mouth_bls,994,0.008644,0.073043,-0.021229
THAIZ_BODY_PLY_localMouth,L_facial_local_BLS,l_down_mouth_bls,995,0.052319,0.049977,-0.054654
THAIZ_BODY_PLY_localMouth,L_facial_local_BLS,l_down_mouth_bls,996,0.128366,9.2e-05,-0.105272
THAIZ_BODY_PLY_localMouth,L_facial_local_BLS,l_down_mouth_bls,997,0.223551,-0.058348,-0.150527
THAIZ_BODY_PLY_localMouth,L_facial_local_BLS,l_down_mouth_bls,998,0.358979,-0.107539,-0.197177
THAIZ_BODY_PLY_localMouth,L_facial_local_BLS,l_down_mouth_bls,999,0.438732,-0.091645,-0.222543
THAIZ_BODY_PLY_localMouth,L_facial_local_BLS,l_down_mouth_bls,1000,0.382077,-0.056704,-0.182463
THAIZ_BODY_PLY_localMouth,L_facial_local_BLS,l_down_mouth_bls,1001,0.213529,-0.058903,-0.064923
THAIZ_BODY_PLY_localMouth,L_facial_local_BLS,l_down_mouth_bls,1003,-0.279963,-0.141399,0.18099
THAIZ_BODY_PLY_localMouth,L_facial_local_BLS,l_down_mouth_bls,1004,-0.284174,-0.248237,0.0173
THAIZ_BODY_PLY_localMouth,L_facial_local_BLS,l_down_mouth_bls,1005,-0.07168,-0.235271,-0.09188
THAIZ_BODY_PLY_localMouth,L_facial_local_BLS,l_down_mouth_bls,1006,0.038881,-0.227565,-0.166346
THAIZ_BODY_PLY_localMouth,L_facial_local_BLS,l_down_mouth_bls,1007,0.003393,-0.102489,-0.094516
THAIZ_BODY_PLY_localMouth,L_facial_local_BLS,l_down_mouth_bls,1009,-0.001797,-0.005153,-0.001964
THAIZ_BODY_PLY_localMouth,L_facial_local_BLS,l_down_mouth_bls,1010,-0.000719,-0.003263,-0.00093
THAIZ_BODY_PLY_localMouth,L_facial_local_BLS,l_down_mouth_bls,1011,-0.00025,-0.00128,-0.00034
THAIZ_BODY_PLY_localMouth,L_facial_local_BLS,l_down_mouth_bls,1012,-5.4e-05,-0.000252,-6.3e-05
THAIZ_BODY_PLY_localMouth,L_facial_local_BLS,l_down_mouth_bls,1013,0.053552,-0.151116,-0.134627
THAIZ_BODY_PLY_localMouth,L_facial_local_BLS,l_down_mouth_bls,1014,0.123933,-0.114363,-0.180024
THAIZ_BODY_PLY_localMouth,L_facial_local_BLS,l_down_mouth_bls,1015,0.064064,-0.084008,-0.163155
THAIZ_BODY_PLY_localMouth,L_facial_local_BLS,l_down_mouth_bls,1016,0.010684,-0.041928,-0.085708
THAIZ_BODY_PLY_localMouth,L_facial_local_BLS,l_down_mouth_bls,1017,-0.013729,-0.022796,-0.016998
THAIZ_BODY_PLY_localMouth,L_facial_local_BLS,l_down_mouth_bls,1018,-0.011618,-0.021747,-0.007099
THAIZ_BODY_PLY_localMouth,L_facial_local_BLS,l_down_mouth_bls,1019,-0.006954,-0.016895,-0.004969
THAIZ_BODY_PLY_localMouth,L_facial_local_BLS,l_down_mouth_bls,1020,-0.004004,-0.013247,-0.003538
THAIZ_BODY_PLY_localMouth,L_facial_local_BLS,l_down_mouth_bls,1021,-0.036371,0.064871,0.009339
THAIZ_BODY_PLY_localMouth,L_facial_local_BLS,l_down_mouth_bls,1022,-0.019969,0.069844,-0.003207
THAIZ_BODY_PLY_localMouth,L_facial_local_BLS,l_down_mouth_bls,1023,0.020663,0.053345,-0.078258
THAIZ_BODY_PLY_localMouth,L_facial_local_BLS,l_down_mouth_bls,1024,0.080167,0.049293,-0.122749
THAIZ_BODY_PLY_localMouth,L_facial_local_BLS,l_down_mouth_bls,1025,0.186179,0.04396,-0.120502
THAIZ_BODY_PLY_localMouth,L_facial_local_BLS,l_down_mouth_bls,1026,0.341679,0.072272,-0.151216
THAIZ_BODY_PLY_localMouth,L_facial_local_BLS,l_down_mouth_bls,1027,0.336098,-0.00374,-0.148764
THAIZ_BODY_PLY_localMouth,L_facial_local_BLS,l_down_mouth_bls,1031,-0.07142,-0.180503,-0.071475
THAIZ_BODY_PLY_localMouth,L_facial_local_BLS,l_down_mouth_bls,1032,-0.068363,0.22504,0.011289
THAIZ_BODY_PLY_localMouth,L_facial_local_BLS,l_down_mouth_bls,1035,0.034226,-0.221638,-0.131902
THAIZ_BODY_PLY_localMouth,L_facial_local_BLS,l_down_mouth_bls,1036,0.056499,-0.44891,-0.189768
THAIZ_BODY_PLY_localMouth,L_facial_local_BLS,l_down_mouth_bls,1037,0.061383,-0.598427,-0.219386
THAIZ_BODY_PLY_localMouth,L_facial_local_BLS,l_down_mouth_bls,1038,0.109313,-0.596415,-0.230646
THAIZ_BODY_PLY_localMouth,L_facial_local_BLS,l_down_mouth_bls,1039,0.143938,-0.467054,-0.207682
THAIZ_BODY_PLY_localMouth,L_facial_local_BLS,l_down_mouth_bls,1040,0.153335,-0.367191,-0.181814
THAIZ_BODY_PLY_localMouth,L_facial_local_BLS,l_down_mouth_bls,1041,0.133544,-0.311525,-0.144041
THAIZ_BODY_PLY_localMouth,L_facial_local_BLS,l_down_mouth_bls,1051,0.008739,0.004212,-0.000881
THAIZ_BODY_PLY_localMouth,L_facial_local_BLS,l_down_mouth_bls,1052,0.069667,0.005866,-0.033133
THAIZ_BODY_PLY_localMouth,L_facial_local_BLS,l_down_mouth_bls,1053,0.031487,0.01604,-0.055751
THAIZ_BODY_PLY_localMouth,L_facial_local_BLS,l_down_mouth_bls,1054,-0.02239,0.126905,-0.018262
THAIZ_BODY_PLY_localMouth,L_facial_local_BLS,l_down_mouth_bls,1062,0.054069,-0.153487,-0.106446
THAIZ_BODY_PLY_localMouth,L_facial_local_BLS,l_down_mouth_bls,1063,0.019618,-0.019922,-0.079143
THAIZ_BODY_PLY_localMouth,L_facial_local_BLS,l_down_mouth_bls,1064,0.001501,2.8e-05,-0.0391
THAIZ_BODY_PLY_localMouth,L_facial_local_BLS,l_down_mouth_bls,1065,0.059121,-0.185278,-0.062312
THAIZ_BODY_PLY_localMouth,L_facial_local_BLS,l_down_mouth_bls,1066,0.037111,-0.038048,0.010049
THAIZ_BODY_PLY_localMouth,L_facial_local_BLS,l_down_mouth_bls,1067,-0.027115,0.038726,0.009299
THAIZ_BODY_PLY_localMouth,L_facial_local_BLS,l_down_mouth_bls,1068,-0.024356,0.072986,0.004781
THAIZ_BODY_PLY_localMouth,L_facial_local_BLS,l_down_mouth_bls,1069,0.016175,0.078325,0.047313
THAIZ_BODY_PLY_localMouth,L_facial_local_BLS,l_down_mouth_bls,1073,0.000186,0.000249,-0.000123
THAIZ_BODY_PLY_localMouth,L_facial_local_BLS,l_down_mouth_bls,1100,-0.000355,-0.001744,-0.000417
THAIZ_BODY_PLY_localMouth,L_facial_local_BLS,l_down_mouth_bls,1101,-0.006955,-0.021411,-0.005338
THAIZ_BODY_PLY_localMouth,L_facial_local_BLS,l_down_mouth_bls,1106,0.028099,0.062455,0.011004
THAIZ_BODY_PLY_localMouth,L_facial_local_BLS,l_down_mouth_bls,1108,-0.00204,-0.008937,-0.002158
THAIZ_BODY_PLY_localMouth,L_facial_local_BLS,l_down_mouth_bls,1109,0.069002,-0.252857,-0.10367
THAIZ_BODY_PLY_localMouth,L_facial_local_BLS,l_down_mouth_bls,1112,-0.009504,0.06518,-0.003492
THAIZ_BODY_PLY_localMouth,L_facial_local_BLS,l_down_mouth_bls,1113,-0.034826,0.059275,0.011445
THAIZ_BODY_PLY_localMouth,L_facial_local_BLS,l_down_mouth_bls,1291,-3e-06,-4.4e-05,-1.2e-05
THAIZ_BODY_PLY_localMouth,L_facial_local_BLS,l_down_mouth_bls,1292,-0.000177,-0.002443,-0.000665
THAIZ_BODY_PLY_localMouth,L_facial_local_BLS,l_down_mouth_bls,1293,-0.000789,-0.016908,-0.003965
THAIZ_BODY_PLY_localMouth,L_facial_local_BLS,l_down_mouth_bls,1294,-0.00048,-0.038976,-0.00768
THAIZ_BODY_PLY_localMouth,L_facial_local_BLS,l_down_mouth_bls,1295,-3.9e-05,-0.056249,-0.011582
THAIZ_BODY_PLY_localMouth,L_facial_local_BLS,l_down_mouth_bls,1296,0.00066,-0.046337,-0.011317
THAIZ_BODY_PLY_localMouth,L_facial_local_BLS,l_down_mouth_bls,1297,0.000421,-0.02852,-0.008471
THAIZ_BODY_PLY_localMouth,L_facial_local_BLS,l_down_mouth_bls,1298,-9.7e-05,-0.013059,-0.005062
THAIZ_BODY_PLY_localMouth,L_facial_local_BLS,l_down_mouth_bls,1299,-0.00023,-0.004384,-0.002436
THAIZ_BODY_PLY_localMouth,L_facial_local_BLS,l_down_mouth_bls,1300,-3.3e-05,-0.001371,-0.000803
THAIZ_BODY_PLY_localMouth,L_facial_local_BLS,l_down_mouth_bls,1301,4e-06,-0.000257,-0.00012
THAIZ_BODY_PLY_localMouth,L_facial_local_BLS,l_down_mouth_bls,1302,0.0,-1.2e-05,-5e-06
THAIZ_BODY_PLY_localMouth,L_facial_local_BLS,l_down_mouth_bls,1320,0.060564,0.005371,-0.01801
THAIZ_BODY_PLY_localMouth,L_facial_local_BLS,l_down_mouth_bls,1321,0.049442,0.19984,-0.015497
THAIZ_BODY_PLY_localMouth,L_facial_local_BLS,l_down_mouth_bls,1322,0.105563,-0.083672,-0.086106
THAIZ_BODY_PLY_localMouth,L_facial_local_BLS,l_down_mouth_bls,1323,0.028893,-0.087958,-0.037981
THAIZ_BODY_PLY_localMouth,L_facial_local_BLS,l_down_mouth_bls,1324,0.022805,-0.067825,-0.023727
THAIZ_BODY_PLY_localMouth,L_facial_local_BLS,l_down_mouth_bls,1325,0.039537,-0.021039,-0.008671
THAIZ_BODY_PLY_localMouth,L_facial_local_BLS,l_down_mouth_bls,1326,0.0009,-0.00025,0.00013
THAIZ_BODY_PLY_localMouth,L_facial_local_BLS,l_down_mouth_bls,1333,-0.000293,-0.00017,6e-06
THAIZ_BODY_PLY_localMouth,L_facial_local_BLS,l_down_mouth_bls,1334,-0.000465,0.000496,0.000441
THAIZ_BODY_PLY_localMouth,L_facial_local_BLS,l_down_mouth_bls,1345,0.020611,0.080839,0.002713
THAIZ_BODY_PLY_localMouth,L_facial_local_BLS,l_down_mouth_bls,1346,0.048842,0.056029,-0.024254
THAIZ_BODY_PLY_localMouth,L_facial_local_BLS,l_down_mouth_bls,1347,0.102274,-0.032068,-0.067938
THAIZ_BODY_PLY_localMouth,L_facial_local_BLS,l_down_mouth_bls,1348,0.184936,-0.158888,-0.129612
THAIZ_BODY_PLY_localMouth,L_facial_local_BLS,l_down_mouth_bls,1349,0.271846,-0.298589,-0.193192
THAIZ_BODY_PLY_localMouth,L_facial_local_BLS,l_down_mouth_bls,1350,0.365493,-0.388449,-0.252814
THAIZ_BODY_PLY_localMouth,L_facial_local_BLS,l_down_mouth_bls,1351,0.402095,-0.384632,-0.259802
THAIZ_BODY_PLY_localMouth,L_facial_local_BLS,l_down_mouth_bls,1352,0.37578,-0.319075,-0.204429
THAIZ_BODY_PLY_localMouth,L_facial_local_BLS,l_down_mouth_bls,1353,0.16123,-0.288571,-0.034654
THAIZ_BODY_PLY_localMouth,L_facial_local_BLS,l_down_mouth_bls,1354,-0.109456,-0.220295,0.196429
THAIZ_BODY_PLY_localMouth,L_facial_local_BLS,l_down_mouth_bls,1355,-0.373118,-0.119055,0.2596
THAIZ_BODY_PLY_localMouth,L_facial_local_BLS,l_down_mouth_bls,1356,-0.385963,-0.132471,0.138663
THAIZ_BODY_PLY_localMouth,L_facial_local_BLS,l_down_mouth_bls,1357,-0.152298,-0.13747,0.008595
THAIZ_BODY_PLY_localMouth,L_facial_local_BLS,l_down_mouth_bls,1358,0.038377,-0.124339,-0.028957
THAIZ_BODY_PLY_localMouth,L_facial_local_BLS,l_down_mouth_bls,1361,0.00419,-0.009983,-0.007158
THAIZ_BODY_PLY_localMouth,L_facial_local_BLS,l_down_mouth_bls,1362,2.8e-05,-2.7e-05,-1.3e-05
THAIZ_BODY_PLY_localMouth,L_facial_local_BLS,l_down_mouth_bls,1426,-0.009623,0.068092,-0.000876
THAIZ_BODY_PLY_localMouth,L_facial_local_BLS,l_down_mouth_bls,1427,0.013587,0.073628,-0.020041
THAIZ_BODY_PLY_localMouth,L_facial_local_BLS,l_down_mouth_bls,1428,0.063604,0.022176,-0.056833
THAIZ_BODY_PLY_localMouth,L_facial_local_BLS,l_down_mouth_bls,1429,0.157488,-0.060409,-0.115671
THAIZ_BODY_PLY_localMouth,L_facial_local_BLS,l_down_mouth_bls,1430,0.252775,-0.168695,-0.16871
THAIZ_BODY_PLY_localMouth,L_facial_local_BLS,l_down_mouth_bls,1431,0.40199,-0.254055,-0.245017
THAIZ_BODY_PLY_localMouth,L_facial_local_BLS,l_down_mouth_bls,1432,0.452077,-0.224564,-0.25152
THAIZ_BODY_PLY_localMouth,L_facial_local_BLS,l_down_mouth_bls,1433,0.418154,-0.122243,-0.199579
THAIZ_BODY_PLY_localMouth,L_facial_local_BLS,l_down_mouth_bls,1434,0.207908,-0.166402,-0.06593
THAIZ_BODY_PLY_localMouth,L_facial_local_BLS,l_down_mouth_bls,1435,-0.112171,-0.172365,0.194271
THAIZ_BODY_PLY_localMouth,L_facial_local_BLS,l_down_mouth_bls,1436,-0.350807,-0.173521,0.237334
THAIZ_BODY_PLY_localMouth,L_facial_local_BLS,l_down_mouth_bls,1437,-0.369547,-0.240414,0.082091
THAIZ_BODY_PLY_localMouth,L_facial_local_BLS,l_down_mouth_bls,1438,-0.115657,-0.229419,-0.051055
THAIZ_BODY_PLY_localMouth,L_facial_local_BLS,l_down_mouth_bls,1439,0.003013,-0.2045,-0.103204
THAIZ_BODY_PLY_localMouth,L_facial_local_BLS,l_down_mouth_bls,1442,0.002676,-0.011823,-0.003243
THAIZ_BODY_PLY_localMouth,L_facial_local_BLS,l_down_mouth_bls,1443,1.9e-05,-0.000131,-3.5e-05
THAIZ_BODY_PLY_localMouth,L_facial_local_BLS,l_down_mouth_bls,1447,0.015906,-0.119282,-0.079335
THAIZ_BODY_PLY_localMouth,L_facial_local_BLS,l_down_mouth_bls,1448,0.004747,0.00708,-0.048856
THAIZ_BODY_PLY_localMouth,L_facial_local_BLS,l_down_mouth_bls,1449,1.7e-05,0.007634,-0.015197
THAIZ_BODY_PLY_localMouth,L_facial_local_BLS,l_down_mouth_bls,1450,0.014479,-0.211538,-0.076109
THAIZ_BODY_PLY_localMouth,L_facial_local_BLS,l_down_mouth_bls,1451,-0.004906,0.002213,0.04468
THAIZ_BODY_PLY_localMouth,L_facial_local_BLS,l_down_mouth_bls,1452,0.00972,-0.154149,-0.038086
THAIZ_BODY_PLY_localMouth,L_facial_local_BLS,l_down_mouth_bls,1455,0.009839,0.076881,0.027894
THAIZ_BODY_PLY_localMouth,L_facial_local_BLS,l_down_mouth_bls,1457,-0.0,5e-06,-2e-06
THAIZ_BODY_PLY_localMouth,L_facial_local_BLS,l_down_mouth_bls,1476,-0.000969,-0.004367,-0.000965
THAIZ_BODY_PLY_localMouth,L_facial_local_BLS,l_down_mouth_bls,1477,-0.003707,-0.014332,-0.003214
THAIZ_BODY_PLY_localMouth,L_facial_local_BLS,l_down_mouth_bls,1486,-6.6e-05,-0.0003,-6.6e-05
THAIZ_BODY_PLY_localMouth,L_facial_local_BLS,l_down_mouth_bls,1488,-0.015349,0.043616,0.004575
THAIZ_BODY_PLY_localMouth,L_facial_local_BLS,l_down_mouth_bls,1489,-0.025326,0.04719,0.009787
THAIZ_BODY_PLY_localMouth,L_facial_local_BLS,l_down_mouth_bls,1490,-0.021585,0.05673,0.007754
THAIZ_BODY_PLY_localMouth,L_facial_local_BLS,l_down_mouth_bls,1493,-0.016773,0.028994,0.006193
THAIZ_BODY_PLY_localMouth,L_facial_local_BLS,l_down_mouth_bls,1494,-0.025075,0.10912,0.083164
THAIZ_BODY_PLY_localMouth,L_facial_local_BLS,l_down_mouth_bls,1513,0.010994,0.075198,0.014064
THAIZ_BODY_PLY_localMouth,L_facial_local_BLS,l_down_mouth_bls,1514,-0.019264,0.055631,0.009928
THAIZ_BODY_PLY_localMouth,L_facial_local_BLS,l_down_mouth_bls,6929,-0.021288,-0.043643,-0.012341
THAIZ_BODY_PLY_localMouth,L_facial_local_BLS,l_down_mouth_bls,6930,-0.030219,-0.045904,-0.015021
THAIZ_BODY_PLY_localMouth,L_facial_local_BLS,l_down_mouth_bls,6931,-0.031762,-0.022447,-0.016619
THAIZ_BODY_PLY_localMouth,L_facial_local_BLS,l_down_mouth_bls,6932,-0.006294,0.073246,-0.039583
THAIZ_BODY_PLY_localMouth,L_facial_local_BLS,l_down_mouth_bls,6933,0.052117,0.136226,-0.071542
THAIZ_BODY_PLY_localMouth,L_facial_local_BLS,l_down_mouth_bls,6934,0.144631,0.1392,-0.081468
THAIZ_BODY_PLY_localMouth,L_facial_local_BLS,l_down_mouth_bls,6935,0.226093,0.088205,-0.059752
THAIZ_BODY_PLY_localMouth,L_facial_local_BLS,l_down_mouth_bls,6936,0.235287,-0.087155,-0.090101
THAIZ_BODY_PLY_localMouth,L_facial_local_BLS,l_down_mouth_bls,6941,0.351781,-0.051329,-0.145803
THAIZ_BODY_PLY_localMouth,L_facial_local_BLS,l_down_mouth_bls,6942,0.211273,0.187637,-0.056511
THAIZ_BODY_PLY_localMouth,L_facial_local_BLS,l_down_mouth_bls,6943,0.094355,0.055323,-0.081373
THAIZ_BODY_PLY_localMouth,L_facial_local_BLS,l_down_mouth_bls,6944,0.006287,0.013525,-0.045045
THAIZ_BODY_PLY_localMouth,L_facial_local_BLS,l_down_mouth_bls,6945,-0.043957,0.032905,0.00736
THAIZ_BODY_PLY_localMouth,L_facial_local_BLS,l_down_mouth_bls,6946,-0.038954,0.030913,0.009518
THAIZ_BODY_PLY_localMouth,L_facial_local_BLS,l_down_mouth_bls,6947,-0.028933,0.03062,0.008302
THAIZ_BODY_PLY_localMouth,L_facial_local_BLS,l_down_mouth_bls,6948,-0.020089,0.025849,0.006209
THAIZ_BODY_PLY_localMouth,L_facial_local_BLS,l_down_mouth_bls,6949,-0.013724,-0.035252,-0.008982
THAIZ_BODY_PLY_localMouth,L_facial_local_BLS,l_down_mouth_bls,6950,-0.012524,0.019906,0.004237
THAIZ_BODY_PLY_localMouth,L_facial_local_BLS,l_down_mouth_bls,6951,-0.007998,-0.02559,-0.005859
THAIZ_BODY_PLY_localMouth,L_facial_local_BLS,l_down_mouth_bls,7463,-0.002075,-0.008432,-0.001723
THAIZ_BODY_PLY_localMouth,L_facial_local_BLS,l_down_mouth_bls,7464,-0.000632,-0.002282,-0.000432
THAIZ_BODY_PLY_localMouth,L_facial_local_BLS,l_down_mouth_bls,7480,-0.000368,0.003026,0.000445
THAIZ_BODY_PLY_localMouth,L_facial_local_BLS,l_down_mouth_bls,7481,-0.003004,0.010567,0.001631
THAIZ_BODY_PLY_localMouth,L_facial_local_BLS,l_down_mouth_bls,7482,-0.008091,0.018298,0.003073
THAIZ_BODY_PLY_localMouth,L_facial_local_BLS,l_down_mouth_bls,7483,-0.014427,0.025543,0.004769
THAIZ_BODY_PLY_localMouth,L_facial_local_BLS,l_down_mouth_bls,7500,-9e-06,9.9e-05,1.3e-05
THAIZ_BODY_PLY_localMouth,L_facial_local_BLS,l_down_mouth_bls,7501,-0.001836,0.010353,0.00145
THAIZ_BODY_PLY_localMouth,L_facial_local_BLS,l_down_mouth_bls,7502,-0.011383,0.048562,0.007814
THAIZ_BODY_PLY_localMouth,L_facial_local_BLS,l_down_mouth_bls,7503,-0.02993,0.093741,0.017411
THAIZ_BODY_PLY_localMouth,L_facial_local_BLS,l_down_mouth_bls,7504,-0.051299,0.123565,0.025651
THAIZ_BODY_PLY_localMouth,L_facial_local_BLS,l_down_mouth_bls,7522,-0.000365,0.002991,0.000427
THAIZ_BODY_PLY_localMouth,L_facial_local_BLS,l_down_mouth_bls,7523,-0.008044,0.035829,0.00524
THAIZ_BODY_PLY_localMouth,L_facial_local_BLS,l_down_mouth_bls,7524,-0.028861,0.108859,0.01861
THAIZ_BODY_PLY_localMouth,L_facial_local_BLS,l_down_mouth_bls,7525,-0.093933,0.212511,-0.005457
THAIZ_BODY_PLY_localMouth,L_facial_local_BLS,l_down_mouth_bls,7545,-1e-06,8e-06,2e-06
THAIZ_BODY_PLY_localMouth,L_facial_local_BLS,l_down_mouth_bls,7546,-0.001726,0.000441,-3.5e-05
THAIZ_BODY_PLY_localMouth,L_facial_local_BLS,l_down_mouth_bls,7583,-8.5e-05,0.00064,-0.000548
THAIZ_BODY_PLY_localMouth,L_facial_local_BLS,l_down_mouth_bls,7584,-0.000476,0.00133,-0.001233
THAIZ_BODY_PLY_localMouth,L_facial_local_BLS,l_down_mouth_bls,7585,-0.001383,0.001581,-0.001744
THAIZ_BODY_PLY_localMouth,L_facial_local_BLS,l_down_mouth_bls,7586,-0.000756,0.001115,-0.001252
THAIZ_BODY_PLY_localMouth,L_facial_local_BLS,l_down_mouth_bls,7587,-8.4e-05,0.000101,-0.00012
THAIZ_BODY_PLY_localMouth,L_facial_local_BLS,l_down_mouth_bls,7621,-5e-06,8.8e-05,-7.2e-05
THAIZ_BODY_PLY_localMouth,L_facial_local_BLS,l_down_mouth_bls,7681,0.000584,-0.0008,0.000299
THAIZ_BODY_PLY_localMouth,L_facial_local_BLS,l_down_mouth_bls,7682,0.000349,-0.00033,0.000182
THAIZ_BODY_PLY_localMouth,L_facial_local_BLS,l_down_mouth_bls,7736,-0.00076,0.000549,-0.006532
THAIZ_BODY_PLY_localMouth,L_facial_local_BLS,l_down_mouth_bls,7737,-0.00321,0.000235,-0.012139
THAIZ_BODY_PLY_localMouth,L_facial_local_BLS,l_down_mouth_bls,7738,-0.009662,-0.00152,-0.016954
THAIZ_BODY_PLY_localMouth,L_facial_local_BLS,l_down_mouth_bls,7739,-0.017795,-0.005215,-0.018781
THAIZ_BODY_PLY_localMouth,L_facial_local_BLS,l_down_mouth_bls,7740,-0.0114,-0.004968,-0.015265
THAIZ_BODY_PLY_localMouth,L_facial_local_BLS,l_down_mouth_bls,7741,-0.005646,-0.002504,-0.009152
THAIZ_BODY_PLY_localMouth,L_facial_local_BLS,l_down_mouth_bls,7742,-0.000762,-0.000298,-0.00116
THAIZ_BODY_PLY_localMouth,L_facial_local_BLS,l_down_mouth_bls,7796,-0.000227,0.001541,0.000223
THAIZ_BODY_PLY_localMouth,L_facial_local_BLS,l_down_mouth_bls,7797,-0.00442,0.008041,0.001097
THAIZ_BODY_PLY_localMouth,L_facial_local_BLS,l_down_mouth_bls,7798,-0.014705,0.020844,0.003007
THAIZ_BODY_PLY_localMouth,L_facial_local_BLS,l_down_mouth_bls,7932,-0.0107,-0.012875,-0.013788
THAIZ_BODY_PLY_localMouth,L_facial_local_BLS,l_down_mouth_bls,7934,-0.028136,-0.059329,-0.035642
THAIZ_BODY_PLY_localMouth,L_facial_local_BLS,l_down_mouth_bls,8028,-7.3e-05,-0.000233,-4.2e-05
THAIZ_BODY_PLY_localMouth,L_facial_local_BLS,l_down_mouth_bls,8029,-0.000699,-0.002524,-0.000478
THAIZ_BODY_PLY_localMouth,L_facial_local_BLS,l_down_mouth_bls,8030,-0.057837,-0.130774,-0.050255
THAIZ_BODY_PLY_localMouth,L_facial_local_BLS,l_down_mouth_bls,8031,-0.022915,-0.0879,-0.050126
THAIZ_BODY_PLY_localMouth,L_facial_local_BLS,l_down_mouth_bls,8032,-0.000669,-0.001985,-0.001559
THAIZ_BODY_PLY_localMouth,L_facial_local_BLS,l_down_mouth_bls,8043,-0.064241,0.025274,0.061723
THAIZ_BODY_PLY_localMouth,L_facial_local_BLS,l_down_mouth_bls,8044,-0.017288,0.00526,0.022627
THAIZ_BODY_PLY_localMouth,L_facial_local_BLS,l_down_mouth_bls,8045,6e-05,0.000272,0.001351
THAIZ_BODY_PLY_localMouth,L_facial_local_BLS,l_down_mouth_bls,8047,-0.003324,0.011366,0.001989
THAIZ_BODY_PLY_localMouth,L_facial_local_BLS,l_down_mouth_bls,8048,-0.000605,0.0037,0.000597
THAIZ_BODY_PLY_localMouth,L_facial_local_BLS,l_down_mouth_bls,8049,-3e-06,2.3e-05,4e-06
THAIZ_BODY_PLY_localMouth,L_facial_local_BLS,l_down_mouth_bls,8088,-0.006823,0.023364,0.004292
THAIZ_BODY_PLY_localMouth,L_facial_local_BLS,l_down_mouth_bls,8089,-0.000866,0.005275,0.00085
THAIZ_BODY_PLY_localMouth,L_facial_local_BLS,l_down_mouth_bls,8119,-0.000243,7e-05,-0.000291
THAIZ_BODY_PLY_localMouth,L_facial_local_BLS,l_down_mouth_bls,8120,-0.01122,0.018604,0.005949
THAIZ_BODY_PLY_localMouth,L_facial_local_BLS,l_down_mouth_bls,8121,-0.063791,0.078133,0.060644
THAIZ_BODY_PLY_localMouth,L_facial_local_BLS,l_down_mouth_bls,8225,-0.000537,0.000489,-0.000952
THAIZ_BODY_PLY_localMouth,L_facial_local_BLS,l_down_mouth_bls,8385,-0.002423,0.01137,-0.000372
THAIZ_BODY_PLY_localMouth,L_facial_local_BLS,l_down_mouth_bls,8386,-0.010423,0.052346,0.000272
THAIZ_BODY_PLY_localMouth,L_facial_local_BLS,l_down_mouth_bls,8423,-0.009359,0.029258,0.005582
THAIZ_BODY_PLY_localMouth,L_facial_local_BLS,l_down_mouth_bls,8424,-0.001448,0.006991,0.00091
THAIZ_BODY_PLY_localMouth,L_facial_local_BLS,l_down_mouth_bls,8449,-2.2e-05,-8.1e-05,-1.5e-05
THAIZ_BODY_PLY_localMouth,L_facial_local_BLS,l_down_mouth_bls,8450,-0.004989,0.017205,0.003015
THAIZ_BODY_PLY_localMouth,L_facial_local_BLS,l_down_mouth_bls,8451,-0.000818,0.004999,0.000805
THAIZ_BODY_PLY_localMouth,L_facial_local_BLS,l_down_mouth_bls,8468,-0.001288,-0.001224,-0.00116
THAIZ_BODY_PLY_localMouth,L_facial_local_BLS,l_down_mouth_bls,8469,-0.039377,-0.0674,-0.038149
THAIZ_BODY_PLY_localMouth,L_facial_local_BLS,l_down_mouth_bls,8470,-0.061052,-0.127757,-0.051731
THAIZ_BODY_PLY_localMouth,L_facial_local_BLS,l_down_mouth_bls,8491,-0.009759,-0.089024,-0.053476
THAIZ_BODY_PLY_localMouth,L_facial_local_BLS,l_down_mouth_bls,8492,0.001804,0.005141,-0.009811
THAIZ_BODY_PLY_localMouth,L_facial_local_BLS,l_down_mouth_bls,8493,4e-06,1e-05,-2.7e-05
THAIZ_BODY_PLY_localMouth,L_facial_local_BLS,l_down_mouth_bls,8494,-0.027529,-0.154785,-0.038864
THAIZ_BODY_PLY_localMouth,L_facial_local_BLS,l_down_mouth_bls,8495,-0.04476,0.027286,0.094107
THAIZ_BODY_PLY_localMouth,L_facial_local_BLS,l_down_mouth_bls,8496,-0.008661,0.019646,0.003765
THAIZ_BODY_PLY_localMouth,L_facial_local_BLS,l_down_mouth_bls,8497,-0.014691,0.041299,0.006764
THAIZ_BODY_PLY_localMouth,L_facial_local_BLS,l_down_mouth_bls,8498,-0.051212,0.114989,0.11662
THAIZ_BODY_PLY_localMouth,L_facial_local_BLS,l_down_mouth_bls,8530,-0.00183,-0.007436,-0.00152
THAIZ_BODY_PLY_localMouth,L_facial_local_BLS,l_down_mouth_bls,8535,-0.024741,0.076792,0.030625
THAIZ_BODY_PLY_localMouth,L_facial_local_BLS,l_down_mouth_bls,8537,-0.000333,-0.001353,-0.000277
THAIZ_BODY_PLY_localMouth,L_facial_local_BLS,l_down_mouth_bls,8538,-0.027933,-0.169624,-0.057687
THAIZ_BODY_PLY_localMouth,L_facial_local_BLS,l_down_mouth_bls,8541,-0.015731,0.038493,0.007177
THAIZ_BODY_PLY_localMouth,L_facial_local_BLS,l_down_mouth_bls,8542,-0.01327,0.030979,0.006121
THAIZ_BODY_PLY_localMouth,L_facial_local_BLS,l_down_mouth_bls,8774,-0.020027,0.067419,0.013065
THAIZ_BODY_PLY_localMouth,L_facial_local_BLS,l_down_mouth_bls,8775,-0.010165,0.048951,0.00388
THAIZ_BODY_PLY_localMouth,L_facial_local_BLS,l_down_mouth_bls,8776,-0.002241,0.010797,-0.000254
THAIZ_BODY_PLY_localMouth,L_facial_local_BLS,l_down_mouth_bls,8855,-0.022057,0.054446,0.01236
THAIZ_BODY_PLY_localMouth,L_facial_local_BLS,l_down_mouth_bls,8856,-0.010527,0.040789,0.005704
THAIZ_BODY_PLY_localMouth,L_facial_local_BLS,l_down_mouth_bls,8857,-0.002204,0.00986,0.000324
THAIZ_BODY_PLY_localMouth,L_facial_local_BLS,l_down_mouth_bls,14176,-0.001928,-0.006966,-0.001318
THAIZ_BODY_PLY_localMouth,L_facial_local_BLS,l_down_mouth_bls,14177,-0.000422,-0.001362,-0.000239
THAIZ_BODY_PLY_localMouth,L_facial_local_BLS,l_down_mouth_bls,14192,-2e-05,0.000166,2.4e-05
THAIZ_BODY_PLY_localMouth,L_facial_local_BLS,l_down_mouth_bls,14193,-0.000605,0.00364,0.000587
THAIZ_BODY_PLY_localMouth,L_facial_local_BLS,l_down_mouth_bls,14194,-0.002824,0.009097,0.001584
THAIZ_BODY_PLY_localMouth,L_facial_local_BLS,l_down_mouth_bls,14195,-0.006756,0.014461,0.002758
THAIZ_BODY_PLY_localMouth,L_facial_local_BLS,l_down_mouth_bls,14196,-0.00419,-0.015668,-0.003234
THAIZ_BODY_PLY_localMouth,L_facial_local_BLS,l_down_mouth_bls,552,0.062748,-0.198078,-0.020671
THAIZ_BODY_PLY_localMouth,L_facial_local_BLS,l_down_mouth_bls,554,0.169252,-0.155585,-0.041318
THAIZ_BODY_PLY_localMouth,L_facial_local_BLS,l_down_mouth_bls,605,0.300489,-0.09023,-0.106374
THAIZ_BODY_PLY_localMouth,L_facial_local_BLS,l_down_mouth_bls,665,0.205628,-0.014262,-0.058522
THAIZ_BODY_PLY_localMouth,L_facial_local_BLS,l_down_mouth_bls,666,-0.094876,-0.094607,0.140927
THAIZ_BODY_PLY_localMouth,L_facial_local_BLS,l_down_mouth_bls,667,-0.214111,-0.128444,0.129654
THAIZ_BODY_PLY_localMouth,L_facial_local_BLS,l_down_mouth_bls,1002,-0.098632,-0.114051,0.167201
THAIZ_BODY_PLY_localMouth,L_facial_local_BLS,l_down_mouth_bls,1028,0.243765,-0.045759,-0.080629
THAIZ_BODY_PLY_localMouth,L_facial_local_BLS,l_down_mouth_bls,1029,0.004728,-0.119422,0.053437
THAIZ_BODY_PLY_localMouth,L_facial_local_BLS,l_down_mouth_bls,1030,-0.09307,-0.164909,0.049591
THAIZ_BODY_PLY_localMouth,L_facial_local_BLS,l_down_mouth_bls,1033,-0.055622,0.233156,-0.003715
THAIZ_BODY_PLY_localMouth,L_facial_local_BLS,l_down_mouth_bls,1034,-0.017201,0.009262,-0.061319
THAIZ_BODY_PLY_localMouth,L_facial_local_BLS,l_down_mouth_bls,6937,0.217885,-0.249984,-0.093864
THAIZ_BODY_PLY_localMouth,L_facial_local_BLS,l_down_mouth_bls,6938,0.182932,-0.231243,-0.055285
THAIZ_BODY_PLY_localMouth,L_facial_local_BLS,l_down_mouth_bls,6939,0.284142,-0.181685,-0.086228
THAIZ_BODY_PLY_localMouth,L_facial_local_BLS,l_down_mouth_bls,6940,0.367977,-0.123503,-0.125551
THAIZ_BODY_PLY_localMouth,L_facial_local_BLS,L_body_correctivess_bls,11,0.00585,-0.000889,-0.00561
THAIZ_BODY_PLY_localMouth,L_facial_local_BLS,L_body_correctivess_bls,12,0.040764,-0.031463,-0.026834
THAIZ_BODY_PLY_localMouth,L_facial_local_BLS,L_body_correctivess_bls,13,0.037312,-0.037127,-0.017049
THAIZ_BODY_PLY_localMouth,L_facial_local_BLS,L_body_correctivess_bls,14,0.015773,-0.012768,-0.013799
THAIZ_BODY_PLY_localMouth,L_facial_local_BLS,L_body_correctivess_bls,15,0.000257,-0.000262,-0.000182
THAIZ_BODY_PLY_localMouth,L_facial_local_BLS,L_body_correctivess_bls,406,-0.012083,0.000363,-0.027997
THAIZ_BODY_PLY_localMouth,L_facial_local_BLS,L_body_correctivess_bls,407,0.060519,0.257355,-0.10696
THAIZ_BODY_PLY_localMouth,L_facial_local_BLS,L_body_correctivess_bls,432,0.079439,0.055773,-0.049159
THAIZ_BODY_PLY_localMouth,L_facial_local_BLS,L_body_correctivess_bls,434,0.001183,0.001177,-0.002105
THAIZ_BODY_PLY_localMouth,L_facial_local_BLS,L_body_correctivess_bls,436,9.1e-05,5.2e-05,-0.000173
THAIZ_BODY_PLY_localMouth,L_facial_local_BLS,L_body_correctivess_bls,440,0.001909,0.00027,-0.000492
THAIZ_BODY_PLY_localMouth,L_facial_local_BLS,L_body_correctivess_bls,441,1e-05,5e-06,-5e-06
THAIZ_BODY_PLY_localMouth,L_facial_local_BLS,L_body_correctivess_bls,524,-2e-06,-9e-06,-2e-06
THAIZ_BODY_PLY_localMouth,L_facial_local_BLS,L_body_correctivess_bls,549,-0.000774,0.000961,0.000137
THAIZ_BODY_PLY_localMouth,L_facial_local_BLS,L_body_correctivess_bls,551,-0.058438,0.021252,0.016263
THAIZ_BODY_PLY_localMouth,L_facial_local_BLS,L_body_correctivess_bls,552,-0.032846,0.011119,0.021932
THAIZ_BODY_PLY_localMouth,L_facial_local_BLS,L_body_correctivess_bls,554,-0.047435,-0.000398,0.018291
THAIZ_BODY_PLY_localMouth,L_facial_local_BLS,L_body_correctivess_bls,570,7e-05,1.7e-05,-0.000171
THAIZ_BODY_PLY_localMouth,L_facial_local_BLS,L_body_correctivess_bls,571,0.001548,0.000906,-0.002326
THAIZ_BODY_PLY_localMouth,L_facial_local_BLS,L_body_correctivess_bls,572,0.035716,0.033154,-0.033361
THAIZ_BODY_PLY_localMouth,L_facial_local_BLS,L_body_correctivess_bls,573,0.017289,0.040602,-0.015007
THAIZ_BODY_PLY_localMouth,L_facial_local_BLS,L_body_correctivess_bls,605,-0.019089,-0.013576,0.000123
THAIZ_BODY_PLY_localMouth,L_facial_local_BLS,L_body_correctivess_bls,609,-0.013275,-0.006413,0.009772
THAIZ_BODY_PLY_localMouth,L_facial_local_BLS,L_body_correctivess_bls,617,0.003388,-0.017085,-0.005904
THAIZ_BODY_PLY_localMouth,L_facial_local_BLS,L_body_correctivess_bls,621,0.004523,-0.011011,-0.014687
THAIZ_BODY_PLY_localMouth,L_facial_local_BLS,L_body_correctivess_bls,662,-0.017023,-0.008391,-0.008547
THAIZ_BODY_PLY_localMouth,L_facial_local_BLS,L_body_correctivess_bls,663,0.00156,0.004897,0.036997
THAIZ_BODY_PLY_localMouth,L_facial_local_BLS,L_body_correctivess_bls,664,-0.006314,0.016029,0.055313
THAIZ_BODY_PLY_localMouth,L_facial_local_BLS,L_body_correctivess_bls,665,-0.014947,0.011278,0.011123
THAIZ_BODY_PLY_localMouth,L_facial_local_BLS,L_body_correctivess_bls,667,-0.000184,3.4e-05,0.000158
THAIZ_BODY_PLY_localMouth,L_facial_local_BLS,L_body_correctivess_bls,855,-0.028647,-0.006918,-0.028901
THAIZ_BODY_PLY_localMouth,L_facial_local_BLS,L_body_correctivess_bls,856,0.05634,0.080888,-0.083137
THAIZ_BODY_PLY_localMouth,L_facial_local_BLS,L_body_correctivess_bls,959,-0.003583,0.000159,-0.005652
THAIZ_BODY_PLY_localMouth,L_facial_local_BLS,L_body_correctivess_bls,997,-0.001694,-0.000556,-0.001523
THAIZ_BODY_PLY_localMouth,L_facial_local_BLS,L_body_correctivess_bls,998,-0.007757,-0.006842,-0.003341
THAIZ_BODY_PLY_localMouth,L_facial_local_BLS,L_body_correctivess_bls,999,0.010878,0.00644,0.019884
THAIZ_BODY_PLY_localMouth,L_facial_local_BLS,L_body_correctivess_bls,1000,0.000329,0.011307,0.043248
THAIZ_BODY_PLY_localMouth,L_facial_local_BLS,L_body_correctivess_bls,1001,-0.006659,0.008432,0.008386
THAIZ_BODY_PLY_localMouth,L_facial_local_BLS,L_body_correctivess_bls,1024,-6.3e-05,4.5e-05,-0.000386
THAIZ_BODY_PLY_localMouth,L_facial_local_BLS,L_body_correctivess_bls,1025,-0.046889,0.043217,-0.098212
THAIZ_BODY_PLY_localMouth,L_facial_local_BLS,L_body_correctivess_bls,1026,-0.066603,0.038034,-0.030903
THAIZ_BODY_PLY_localMouth,L_facial_local_BLS,L_body_correctivess_bls,1027,-0.018861,0.013004,0.046783
THAIZ_BODY_PLY_localMouth,L_facial_local_BLS,L_body_correctivess_bls,1028,-0.02505,0.006593,0.008575
THAIZ_BODY_PLY_localMouth,L_facial_local_BLS,L_body_correctivess_bls,1029,-0.010043,-0.00059,0.005847
THAIZ_BODY_PLY_localMouth,L_facial_local_BLS,L_body_correctivess_bls,1030,-0.008985,0.001557,0.006883
THAIZ_BODY_PLY_localMouth,L_facial_local_BLS,L_body_correctivess_bls,1031,-0.002614,-0.000798,-0.002614
THAIZ_BODY_PLY_localMouth,L_facial_local_BLS,L_body_correctivess_bls,1078,-0.007437,-0.00702,-0.100184
THAIZ_BODY_PLY_localMouth,L_facial_local_BLS,L_body_correctivess_bls,1079,0.039119,0.342771,-0.159258
THAIZ_BODY_PLY_localMouth,L_facial_local_BLS,L_body_correctivess_bls,1082,0.019747,0.15514,-0.104285
THAIZ_BODY_PLY_localMouth,L_facial_local_BLS,L_body_correctivess_bls,1083,0.019495,0.111975,-0.048431
THAIZ_BODY_PLY_localMouth,L_facial_local_BLS,L_body_correctivess_bls,1084,0.00146,0.006087,-0.0024
THAIZ_BODY_PLY_localMouth,L_facial_local_BLS,L_body_correctivess_bls,1085,-5e-06,0.000114,-0.000188
THAIZ_BODY_PLY_localMouth,L_facial_local_BLS,L_body_correctivess_bls,1089,-0.007141,-0.040548,-0.012688
THAIZ_BODY_PLY_localMouth,L_facial_local_BLS,L_body_correctivess_bls,1152,0.048259,0.043094,-0.013564
THAIZ_BODY_PLY_localMouth,L_facial_local_BLS,L_body_correctivess_bls,1153,0.022718,0.00289,-0.011427
THAIZ_BODY_PLY_localMouth,L_facial_local_BLS,L_body_correctivess_bls,1154,0.00094,0.000235,-0.000782
THAIZ_BODY_PLY_localMouth,L_facial_local_BLS,L_body_correctivess_bls,1198,0.03809,0.018794,-0.010816
THAIZ_BODY_PLY_localMouth,L_facial_local_BLS,L_body_correctivess_bls,1275,0.001839,0.000832,-0.000872
THAIZ_BODY_PLY_localMouth,L_facial_local_BLS,L_body_correctivess_bls,1276,0.011808,0.003195,-0.007722
THAIZ_BODY_PLY_localMouth,L_facial_local_BLS,L_body_correctivess_bls,1277,0.012794,0.00897,-0.014799
THAIZ_BODY_PLY_localMouth,L_facial_local_BLS,L_body_correctivess_bls,1278,0.016741,0.022517,-0.015825
THAIZ_BODY_PLY_localMouth,L_facial_local_BLS,L_body_correctivess_bls,1279,0.011818,0.052854,-0.016363
THAIZ_BODY_PLY_localMouth,L_facial_local_BLS,L_body_correctivess_bls,1432,0.00011,-6.5e-05,0.000183
THAIZ_BODY_PLY_localMouth,L_facial_local_BLS,L_body_correctivess_bls,1433,0.00326,0.001206,0.008291
THAIZ_BODY_PLY_localMouth,L_facial_local_BLS,L_body_correctivess_bls,1434,-5.6e-05,0.000362,0.000253
THAIZ_BODY_PLY_localMouth,L_facial_local_BLS,L_body_correctivess_bls,1465,0.0,0.356295,-0.214342
THAIZ_BODY_PLY_localMouth,L_facial_local_BLS,L_body_correctivess_bls,1466,0.0,0.175774,-0.13761
THAIZ_BODY_PLY_localMouth,L_facial_local_BLS,L_body_correctivess_bls,1467,0.0,0.133108,-0.052718
THAIZ_BODY_PLY_localMouth,L_facial_local_BLS,L_body_correctivess_bls,1468,0.0,-0.078309,-0.024536
THAIZ_BODY_PLY_localMouth,L_facial_local_BLS,L_body_correctivess_bls,1469,0.0,-0.009355,-0.140746
THAIZ_BODY_PLY_localMouth,L_facial_local_BLS,L_body_correctivess_bls,1508,0.0,0.055567,-0.012285
THAIZ_BODY_PLY_localMouth,L_facial_local_BLS,L_body_correctivess_bls,6936,-0.002438,0.016228,0.00231
THAIZ_BODY_PLY_localMouth,L_facial_local_BLS,L_body_correctivess_bls,6937,-0.026425,0.044656,0.011654
THAIZ_BODY_PLY_localMouth,L_facial_local_BLS,L_body_correctivess_bls,6938,-0.024183,0.012684,0.003391
THAIZ_BODY_PLY_localMouth,L_facial_local_BLS,L_body_correctivess_bls,6939,-0.022628,-0.019719,-0.013907
THAIZ_BODY_PLY_localMouth,L_facial_local_BLS,L_body_correctivess_bls,6940,0.009952,-0.052916,-0.026101
THAIZ_BODY_PLY_localMouth,L_facial_local_BLS,L_body_correctivess_bls,6941,0.01544,-0.050863,-0.015297
THAIZ_BODY_PLY_localMouth,L_facial_local_BLS,L_body_correctivess_bls,6942,0.016644,-0.034586,-0.027504
THAIZ_BODY_PLY_localMouth,L_facial_local_BLS,L_body_correctivess_bls,6943,6.2e-05,-0.000123,-0.000107
THAIZ_BODY_PLY_localMouth,L_facial_local_BLS,L_body_correctivess_bls,6952,0.0,0.000462,-8.9e-05
THAIZ_BODY_PLY_localMouth,L_facial_local_BLS,L_body_correctivess_bls,6958,0.0,0.00833,-0.001691
THAIZ_BODY_PLY_localMouth,L_facial_local_BLS,L_body_correctivess_bls,6959,0.0,-8e-06,-3e-06
THAIZ_BODY_PLY_localMouth,L_facial_local_BLS,L_body_correctivess_bls,6961,-3e-06,-7e-06,-3e-06
THAIZ_BODY_PLY_localMouth,L_facial_local_BLS,L_body_correctivess_bls,7474,-0.00585,-0.000889,-0.00561
THAIZ_BODY_PLY_localMouth,L_facial_local_BLS,L_body_correctivess_bls,7475,-0.040764,-0.031463,-0.026834
THAIZ_BODY_PLY_localMouth,L_facial_local_BLS,L_body_correctivess_bls,7476,-0.037312,-0.037127,-0.017049
THAIZ_BODY_PLY_localMouth,L_facial_local_BLS,L_body_correctivess_bls,7477,-0.015773,-0.012768,-0.013799
THAIZ_BODY_PLY_localMouth,L_facial_local_BLS,L_body_correctivess_bls,7478,-0.000257,-0.000262,-0.000182
THAIZ_BODY_PLY_localMouth,L_facial_local_BLS,L_body_correctivess_bls,7835,0.012083,0.000363,-0.027997
THAIZ_BODY_PLY_localMouth,L_facial_local_BLS,L_body_correctivess_bls,7836,-0.060519,0.257355,-0.10696
THAIZ_BODY_PLY_localMouth,L_facial_local_BLS,L_body_correctivess_bls,7861,-0.079439,0.055773,-0.049159
THAIZ_BODY_PLY_localMouth,L_facial_local_BLS,L_body_correctivess_bls,7863,-0.001183,0.001177,-0.002105
THAIZ_BODY_PLY_localMouth,L_facial_local_BLS,L_body_correctivess_bls,7865,-9.1e-05,5.2e-05,-0.000173
THAIZ_BODY_PLY_localMouth,L_facial_local_BLS,L_body_correctivess_bls,7869,-0.001909,0.00027,-0.000492
THAIZ_BODY_PLY_localMouth,L_facial_local_BLS,L_body_correctivess_bls,7870,-1e-05,5e-06,-5e-06
THAIZ_BODY_PLY_localMouth,L_facial_local_BLS,L_body_correctivess_bls,7953,2e-06,-9e-06,-2e-06
THAIZ_BODY_PLY_localMouth,L_facial_local_BLS,L_body_correctivess_bls,7978,0.000774,0.000961,0.000137
THAIZ_BODY_PLY_localMouth,L_facial_local_BLS,L_body_correctivess_bls,7980,0.058438,0.021252,0.016263
THAIZ_BODY_PLY_localMouth,L_facial_local_BLS,L_body_correctivess_bls,7981,0.032846,0.011119,0.021932
THAIZ_BODY_PLY_localMouth,L_facial_local_BLS,L_body_correctivess_bls,7983,0.047435,-0.000398,0.018291
THAIZ_BODY_PLY_localMouth,L_facial_local_BLS,L_body_correctivess_bls,7999,-7e-05,1.7e-05,-0.000171
THAIZ_BODY_PLY_localMouth,L_facial_local_BLS,L_body_correctivess_bls,8000,-0.001548,0.000906,-0.002326
THAIZ_BODY_PLY_localMouth,L_facial_local_BLS,L_body_correctivess_bls,8001,-0.035716,0.033154,-0.033361
THAIZ_BODY_PLY_localMouth,L_facial_local_BLS,L_body_correctivess_bls,8002,-0.017289,0.040602,-0.015007
THAIZ_BODY_PLY_localMouth,L_facial_local_BLS,L_body_correctivess_bls,8034,0.019089,-0.013576,0.000123
THAIZ_BODY_PLY_localMouth,L_facial_local_BLS,L_body_correctivess_bls,8038,0.013275,-0.006413,0.009772
THAIZ_BODY_PLY_localMouth,L_facial_local_BLS,L_body_correctivess_bls,8046,-0.003388,-0.017085,-0.005904
THAIZ_BODY_PLY_localMouth,L_facial_local_BLS,L_body_correctivess_bls,8050,-0.004523,-0.011011,-0.014687
THAIZ_BODY_PLY_localMouth,L_facial_local_BLS,L_body_correctivess_bls,8091,0.017023,-0.008391,-0.008547
THAIZ_BODY_PLY_localMouth,L_facial_local_BLS,L_body_correctivess_bls,8092,-0.00156,0.004897,0.036997
THAIZ_BODY_PLY_localMouth,L_facial_local_BLS,L_body_correctivess_bls,8093,0.006314,0.016029,0.055313
THAIZ_BODY_PLY_localMouth,L_facial_local_BLS,L_body_correctivess_bls,8094,0.014947,0.011278,0.011123
THAIZ_BODY_PLY_localMouth,L_facial_local_BLS,L_body_correctivess_bls,8096,0.000184,3.4e-05,0.000158
THAIZ_BODY_PLY_localMouth,L_facial_local_BLS,L_body_correctivess_bls,8284,0.028647,-0.006918,-0.028901
THAIZ_BODY_PLY_localMouth,L_facial_local_BLS,L_body_correctivess_bls,8285,-0.05634,0.080888,-0.083137
THAIZ_BODY_PLY_localMouth,L_facial_local_BLS,L_body_correctivess_bls,8388,0.003583,0.000159,-0.005652
THAIZ_BODY_PLY_localMouth,L_facial_local_BLS,L_body_correctivess_bls,8426,0.001694,-0.000556,-0.001523
THAIZ_BODY_PLY_localMouth,L_facial_local_BLS,L_body_correctivess_bls,8427,0.007757,-0.006842,-0.003341
THAIZ_BODY_PLY_localMouth,L_facial_local_BLS,L_body_correctivess_bls,8428,-0.010878,0.00644,0.019884
THAIZ_BODY_PLY_localMouth,L_facial_local_BLS,L_body_correctivess_bls,8429,-0.000329,0.011307,0.043248
THAIZ_BODY_PLY_localMouth,L_facial_local_BLS,L_body_correctivess_bls,8430,0.006659,0.008432,0.008386
THAIZ_BODY_PLY_localMouth,L_facial_local_BLS,L_body_correctivess_bls,8453,6.3e-05,4.5e-05,-0.000386
THAIZ_BODY_PLY_localMouth,L_facial_local_BLS,L_body_correctivess_bls,8454,0.046889,0.043217,-0.098212
THAIZ_BODY_PLY_localMouth,L_facial_local_BLS,L_body_correctivess_bls,8455,0.066603,0.038034,-0.030903
THAIZ_BODY_PLY_localMouth,L_facial_local_BLS,L_body_correctivess_bls,8456,0.018861,0.013004,0.046783
THAIZ_BODY_PLY_localMouth,L_facial_local_BLS,L_body_correctivess_bls,8457,0.02505,0.006593,0.008575
THAIZ_BODY_PLY_localMouth,L_facial_local_BLS,L_body_correctivess_bls,8458,0.010043,-0.00059,0.005847
THAIZ_BODY_PLY_localMouth,L_facial_local_BLS,L_body_correctivess_bls,8459,0.008985,0.001557,0.006883
THAIZ_BODY_PLY_localMouth,L_facial_local_BLS,L_body_correctivess_bls,8460,0.002614,-0.000798,-0.002614
THAIZ_BODY_PLY_localMouth,L_facial_local_BLS,L_body_correctivess_bls,8507,0.007437,-0.00702,-0.100184
THAIZ_BODY_PLY_localMouth,L_facial_local_BLS,L_body_correctivess_bls,8508,-0.039119,0.342771,-0.159258
THAIZ_BODY_PLY_localMouth,L_facial_local_BLS,L_body_correctivess_bls,8511,-0.019747,0.15514,-0.104285
THAIZ_BODY_PLY_localMouth,L_facial_local_BLS,L_body_correctivess_bls,8512,-0.019495,0.111975,-0.048431
THAIZ_BODY_PLY_localMouth,L_facial_local_BLS,L_body_correctivess_bls,8513,-0.00146,0.006087,-0.0024
THAIZ_BODY_PLY_localMouth,L_facial_local_BLS,L_body_correctivess_bls,8514,5e-06,0.000114,-0.000188
THAIZ_BODY_PLY_localMouth,L_facial_local_BLS,L_body_correctivess_bls,8518,0.007141,-0.040548,-0.012688
THAIZ_BODY_PLY_localMouth,L_facial_local_BLS,L_body_correctivess_bls,8581,-0.048259,0.043094,-0.013564
THAIZ_BODY_PLY_localMouth,L_facial_local_BLS,L_body_correctivess_bls,8582,-0.022718,0.00289,-0.011427
THAIZ_BODY_PLY_localMouth,L_facial_local_BLS,L_body_correctivess_bls,8583,-0.00094,0.000235,-0.000782
THAIZ_BODY_PLY_localMouth,L_facial_local_BLS,L_body_correctivess_bls,8627,-0.03809,0.018794,-0.010816
THAIZ_BODY_PLY_localMouth,L_facial_local_BLS,L_body_correctivess_bls,8704,-0.001839,0.000832,-0.000872
THAIZ_BODY_PLY_localMouth,L_facial_local_BLS,L_body_correctivess_bls,8705,-0.011808,0.003195,-0.007722
THAIZ_BODY_PLY_localMouth,L_facial_local_BLS,L_body_correctivess_bls,8706,-0.012794,0.00897,-0.014799
THAIZ_BODY_PLY_localMouth,L_facial_local_BLS,L_body_correctivess_bls,8707,-0.016741,0.022517,-0.015825
THAIZ_BODY_PLY_localMouth,L_facial_local_BLS,L_body_correctivess_bls,8708,-0.011818,0.052854,-0.016363
THAIZ_BODY_PLY_localMouth,L_facial_local_BLS,L_body_correctivess_bls,8861,-0.00011,-6.5e-05,0.000183
THAIZ_BODY_PLY_localMouth,L_facial_local_BLS,L_body_correctivess_bls,8862,-0.00326,0.001206,0.008291
THAIZ_BODY_PLY_localMouth,L_facial_local_BLS,L_body_correctivess_bls,8863,5.6e-05,0.000362,0.000253
THAIZ_BODY_PLY_localMouth,L_facial_local_BLS,L_body_correctivess_bls,14180,-6.2e-05,-0.000123,-0.000107
THAIZ_BODY_PLY_localMouth,L_facial_local_BLS,L_body_correctivess_bls,14183,0.002438,0.016228,0.00231
THAIZ_BODY_PLY_localMouth,L_facial_local_BLS,L_body_correctivess_bls,14184,0.026425,0.044656,0.011654
THAIZ_BODY_PLY_localMouth,L_facial_local_BLS,L_body_correctivess_bls,14185,0.024183,0.012684,0.003391
THAIZ_BODY_PLY_localMouth,L_facial_local_BLS,L_body_correctivess_bls,14186,0.022628,-0.019719,-0.013907
THAIZ_BODY_PLY_localMouth,L_facial_local_BLS,L_body_correctivess_bls,14187,-0.009952,-0.052916,-0.026101
THAIZ_BODY_PLY_localMouth,L_facial_local_BLS,L_body_correctivess_bls,14188,-0.01544,-0.050863,-0.015297
THAIZ_BODY_PLY_localMouth,L_facial_local_BLS,L_body_correctivess_bls,14189,-0.016644,-0.034586,-0.027504
THAIZ_BODY_PLY_localMouth,L_facial_local_BLS,L_body_correctivess_bls,14190,-6.2e-05,-0.000123,-0.000107
THAIZ_BODY_PLY_localMouth,L_facial_local_BLS,L_body_correctivess_bls,14197,3e-06,-7e-06,-3e-06
