mesh,bs_node,target,vtx_idx,dx,dy,dz
THAIZ_BODY_PLY_localMouth,C_facial_local_BLS,l_out_mouth_bls,0,-9.5e-05,0.00022,5.8e-05
THAIZ_BODY_PLY_localMouth,C_facial_local_BLS,l_out_mouth_bls,1,-0.000598,0.002185,0.000623
THAIZ_BODY_PLY_localMouth,C_facial_local_BLS,l_out_mouth_bls,14,0.013952,-0.014953,-0.027891
THAIZ_BODY_PLY_localMouth,C_facial_local_BLS,l_out_mouth_bls,15,0.000825,-0.001237,-0.002752
THAIZ_BODY_PLY_localMouth,C_facial_local_BLS,l_out_mouth_bls,17,-1e-06,-8e-06,3e-06
THAIZ_BODY_PLY_localMouth,C_facial_local_BLS,l_out_mouth_bls,18,-7.8e-05,-0.000405,0.000283
THAIZ_BODY_PLY_localMouth,C_facial_local_BLS,l_out_mouth_bls,19,-0.0,0.0,1e-06
THAIZ_BODY_PLY_localMouth,C_facial_local_BLS,l_out_mouth_bls,21,0.001364,-4.5e-05,-0.0006
THAIZ_BODY_PLY_localMouth,C_facial_local_BLS,l_out_mouth_bls,35,-0.010159,-0.002903,-0.001204
THAIZ_BODY_PLY_localMouth,C_facial_local_BLS,l_out_mouth_bls,36,-0.002162,-0.000383,-0.000699
THAIZ_BODY_PLY_localMouth,C_facial_local_BLS,l_out_mouth_bls,37,-0.000106,-0.000367,0.000266
THAIZ_BODY_PLY_localMouth,C_facial_local_BLS,l_out_mouth_bls,38,-0.002166,-0.011865,0.008253
THAIZ_BODY_PLY_localMouth,C_facial_local_BLS,l_out_mouth_bls,39,-0.006576,-0.033975,0.023521
THAIZ_BODY_PLY_localMouth,C_facial_local_BLS,l_out_mouth_bls,40,-0.004917,-0.02399,0.016509
THAIZ_BODY_PLY_localMouth,C_facial_local_BLS,l_out_mouth_bls,41,-0.001762,-0.008051,0.005498
THAIZ_BODY_PLY_localMouth,C_facial_local_BLS,l_out_mouth_bls,42,0.002819,-0.003127,-0.001476
THAIZ_BODY_PLY_localMouth,C_facial_local_BLS,l_out_mouth_bls,56,-0.026562,-0.013214,0.020221
THAIZ_BODY_PLY_localMouth,C_facial_local_BLS,l_out_mouth_bls,57,-0.009359,-0.000798,0.004881
THAIZ_BODY_PLY_localMouth,C_facial_local_BLS,l_out_mouth_bls,58,-0.002239,-0.002716,0.002934
THAIZ_BODY_PLY_localMouth,C_facial_local_BLS,l_out_mouth_bls,59,-0.002743,-0.014403,0.010035
THAIZ_BODY_PLY_localMouth,C_facial_local_BLS,l_out_mouth_bls,60,-0.013236,-0.065886,0.045282
THAIZ_BODY_PLY_localMouth,C_facial_local_BLS,l_out_mouth_bls,61,-0.014796,-0.070322,0.048101
THAIZ_BODY_PLY_localMouth,C_facial_local_BLS,l_out_mouth_bls,62,-0.009398,-0.042302,0.028744
THAIZ_BODY_PLY_localMouth,C_facial_local_BLS,l_out_mouth_bls,63,6e-05,-0.00125,-0.00178
THAIZ_BODY_PLY_localMouth,C_facial_local_BLS,l_out_mouth_bls,77,-0.008408,-0.005176,0.034685
THAIZ_BODY_PLY_localMouth,C_facial_local_BLS,l_out_mouth_bls,78,-0.005826,-0.002259,0.012796
THAIZ_BODY_PLY_localMouth,C_facial_local_BLS,l_out_mouth_bls,79,-0.002786,0.001152,0.002226
THAIZ_BODY_PLY_localMouth,C_facial_local_BLS,l_out_mouth_bls,80,-0.000938,-0.00155,0.001635
THAIZ_BODY_PLY_localMouth,C_facial_local_BLS,l_out_mouth_bls,81,-0.000932,-0.004111,0.002782
THAIZ_BODY_PLY_localMouth,C_facial_local_BLS,l_out_mouth_bls,82,-0.002579,-0.010527,0.006864
THAIZ_BODY_PLY_localMouth,C_facial_local_BLS,l_out_mouth_bls,83,-0.001618,-0.006467,0.004197
THAIZ_BODY_PLY_localMouth,C_facial_local_BLS,l_out_mouth_bls,84,0.000284,-0.00083,-0.000778
THAIZ_BODY_PLY_localMouth,C_facial_local_BLS,l_out_mouth_bls,97,-0.004913,0.003079,-0.002232
THAIZ_BODY_PLY_localMouth,C_facial_local_BLS,l_out_mouth_bls,98,-0.002907,-0.001501,0.003729
THAIZ_BODY_PLY_localMouth,C_facial_local_BLS,l_out_mouth_bls,99,-0.001339,0.000628,0.000547
THAIZ_BODY_PLY_localMouth,C_facial_local_BLS,l_out_mouth_bls,100,-0.00035,8e-06,0.000176
THAIZ_BODY_PLY_localMouth,C_facial_local_BLS,l_out_mouth_bls,101,-4.9e-05,-0.00016,0.000113
THAIZ_BODY_PLY_localMouth,C_facial_local_BLS,l_out_mouth_bls,156,3.1e-05,-9.6e-05,-9e-05
THAIZ_BODY_PLY_localMouth,C_facial_local_BLS,l_out_mouth_bls,160,-2e-06,-6e-06,4e-06
THAIZ_BODY_PLY_localMouth,C_facial_local_BLS,l_out_mouth_bls,170,3.6e-05,-8.2e-05,-4.4e-05
THAIZ_BODY_PLY_localMouth,C_facial_local_BLS,l_out_mouth_bls,181,0.003241,0.003321,-0.025572
THAIZ_BODY_PLY_localMouth,C_facial_local_BLS,l_out_mouth_bls,182,-0.003571,0.00181,-0.000126
THAIZ_BODY_PLY_localMouth,C_facial_local_BLS,l_out_mouth_bls,183,-0.000817,0.000602,1.4e-05
THAIZ_BODY_PLY_localMouth,C_facial_local_BLS,l_out_mouth_bls,184,-0.000182,0.000177,-2.4e-05
THAIZ_BODY_PLY_localMouth,C_facial_local_BLS,l_out_mouth_bls,185,-1.8e-05,8e-06,3e-06
THAIZ_BODY_PLY_localMouth,C_facial_local_BLS,l_out_mouth_bls,221,-0.009086,-0.004895,-0.005209
THAIZ_BODY_PLY_localMouth,C_facial_local_BLS,l_out_mouth_bls,222,-0.004293,-0.001739,-0.002374
THAIZ_BODY_PLY_localMouth,C_facial_local_BLS,l_out_mouth_bls,223,5.5e-05,-1.7e-05,-0.001089
THAIZ_BODY_PLY_localMouth,C_facial_local_BLS,l_out_mouth_bls,316,-0.000812,-0.003424,0.00231
THAIZ_BODY_PLY_localMouth,C_facial_local_BLS,l_out_mouth_bls,317,-0.005947,-0.024887,0.016725
THAIZ_BODY_PLY_localMouth,C_facial_local_BLS,l_out_mouth_bls,318,-5.9e-05,-0.000228,0.000148
THAIZ_BODY_PLY_localMouth,C_facial_local_BLS,l_out_mouth_bls,320,-7e-06,-1.4e-05,-0.000184
THAIZ_BODY_PLY_localMouth,C_facial_local_BLS,l_out_mouth_bls,321,-0.00024,-0.001391,-0.000772
THAIZ_BODY_PLY_localMouth,C_facial_local_BLS,l_out_mouth_bls,322,1.3e-05,-0.000155,-0.000221
THAIZ_BODY_PLY_localMouth,C_facial_local_BLS,l_out_mouth_bls,345,-0.00036,5.9e-05,-0.000236
THAIZ_BODY_PLY_localMouth,C_facial_local_BLS,l_out_mouth_bls,346,-0.004432,0.000212,-0.000757
THAIZ_BODY_PLY_localMouth,C_facial_local_BLS,l_out_mouth_bls,360,-0.006028,-0.019228,0.048295
THAIZ_BODY_PLY_localMouth,C_facial_local_BLS,l_out_mouth_bls,361,-0.007079,-0.001978,0.012844
THAIZ_BODY_PLY_localMouth,C_facial_local_BLS,l_out_mouth_bls,362,-0.002987,-0.000986,0.003684
THAIZ_BODY_PLY_localMouth,C_facial_local_BLS,l_out_mouth_bls,363,-0.001498,-0.007141,0.005485
THAIZ_BODY_PLY_localMouth,C_facial_local_BLS,l_out_mouth_bls,364,-0.006532,-0.030093,0.020332
THAIZ_BODY_PLY_localMouth,C_facial_local_BLS,l_out_mouth_bls,365,-0.012723,-0.056529,0.037969
THAIZ_BODY_PLY_localMouth,C_facial_local_BLS,l_out_mouth_bls,366,-0.010544,-0.045013,0.030039
THAIZ_BODY_PLY_localMouth,C_facial_local_BLS,l_out_mouth_bls,367,-0.003627,-0.014718,0.009734
THAIZ_BODY_PLY_localMouth,C_facial_local_BLS,l_out_mouth_bls,402,-0.106134,0.126137,-0.167901
THAIZ_BODY_PLY_localMouth,C_facial_local_BLS,l_out_mouth_bls,403,-0.095295,0.106472,-0.106411
THAIZ_BODY_PLY_localMouth,C_facial_local_BLS,l_out_mouth_bls,404,-0.066661,0.072093,-0.044094
THAIZ_BODY_PLY_localMouth,C_facial_local_BLS,l_out_mouth_bls,427,-0.024607,0.034138,-0.037035
THAIZ_BODY_PLY_localMouth,C_facial_local_BLS,l_out_mouth_bls,428,-0.004426,0.018591,-0.020815
THAIZ_BODY_PLY_localMouth,C_facial_local_BLS,l_out_mouth_bls,456,-0.056215,0.06518,-0.020098
THAIZ_BODY_PLY_localMouth,C_facial_local_BLS,l_out_mouth_bls,457,-0.075283,0.087501,-0.063347
THAIZ_BODY_PLY_localMouth,C_facial_local_BLS,l_out_mouth_bls,458,-0.076445,0.087779,-0.104034
THAIZ_BODY_PLY_localMouth,C_facial_local_BLS,l_out_mouth_bls,459,-0.027551,0.054357,-0.113652
THAIZ_BODY_PLY_localMouth,C_facial_local_BLS,l_out_mouth_bls,461,-7.9e-05,0.000207,-0.000217
THAIZ_BODY_PLY_localMouth,C_facial_local_BLS,l_out_mouth_bls,462,-0.000345,0.000385,-0.000369
THAIZ_BODY_PLY_localMouth,C_facial_local_BLS,l_out_mouth_bls,463,-0.013038,0.014198,0.004455
THAIZ_BODY_PLY_localMouth,C_facial_local_BLS,l_out_mouth_bls,464,-0.022173,0.024651,0.010195
THAIZ_BODY_PLY_localMouth,C_facial_local_BLS,l_out_mouth_bls,488,1.2e-05,5e-06,-6e-06
THAIZ_BODY_PLY_localMouth,C_facial_local_BLS,l_out_mouth_bls,489,0.003776,0.001458,-0.001729
THAIZ_BODY_PLY_localMouth,C_facial_local_BLS,l_out_mouth_bls,494,3.3e-05,6.8e-05,-7.2e-05
THAIZ_BODY_PLY_localMouth,C_facial_local_BLS,l_out_mouth_bls,503,0.029211,-0.036515,0.023103
THAIZ_BODY_PLY_localMouth,C_facial_local_BLS,l_out_mouth_bls,504,0.023698,-0.018036,0.018726
THAIZ_BODY_PLY_localMouth,C_facial_local_BLS,l_out_mouth_bls,505,0.016341,-0.034041,0.000418
THAIZ_BODY_PLY_localMouth,C_facial_local_BLS,l_out_mouth_bls,506,0.007512,-0.005711,0.003004
THAIZ_BODY_PLY_localMouth,C_facial_local_BLS,l_out_mouth_bls,507,0.006773,0.006396,-0.034944
THAIZ_BODY_PLY_localMouth,C_facial_local_BLS,l_out_mouth_bls,508,-0.001031,-0.005702,-0.004354
THAIZ_BODY_PLY_localMouth,C_facial_local_BLS,l_out_mouth_bls,509,0.005078,-0.015486,-0.002888
THAIZ_BODY_PLY_localMouth,C_facial_local_BLS,l_out_mouth_bls,599,0.000213,0.000326,-0.000492
THAIZ_BODY_PLY_localMouth,C_facial_local_BLS,l_out_mouth_bls,600,0.0,2.1e-05,-1.9e-05
THAIZ_BODY_PLY_localMouth,C_facial_local_BLS,l_out_mouth_bls,601,0.001727,-0.096633,0.02493
THAIZ_BODY_PLY_localMouth,C_facial_local_BLS,l_out_mouth_bls,602,0.014833,-0.066483,0.027192
THAIZ_BODY_PLY_localMouth,C_facial_local_BLS,l_out_mouth_bls,614,0.006484,-0.064433,0.054487
THAIZ_BODY_PLY_localMouth,C_facial_local_BLS,l_out_mouth_bls,615,0.010451,-0.049851,0.03324
THAIZ_BODY_PLY_localMouth,C_facial_local_BLS,l_out_mouth_bls,621,0.003387,0.001148,-0.004035
THAIZ_BODY_PLY_localMouth,C_facial_local_BLS,l_out_mouth_bls,622,0.000554,-0.000442,0.000131
THAIZ_BODY_PLY_localMouth,C_facial_local_BLS,l_out_mouth_bls,623,0.005889,-0.005244,0.002068
THAIZ_BODY_PLY_localMouth,C_facial_local_BLS,l_out_mouth_bls,626,3e-06,-4e-06,-0.0
THAIZ_BODY_PLY_localMouth,C_facial_local_BLS,l_out_mouth_bls,627,3.3e-05,-7.5e-05,-4.3e-05
THAIZ_BODY_PLY_localMouth,C_facial_local_BLS,l_out_mouth_bls,640,-0.017151,0.020472,0.007021
THAIZ_BODY_PLY_localMouth,C_facial_local_BLS,l_out_mouth_bls,641,-0.063767,0.071488,-0.032216
THAIZ_BODY_PLY_localMouth,C_facial_local_BLS,l_out_mouth_bls,642,-0.089271,0.100928,-0.08655
THAIZ_BODY_PLY_localMouth,C_facial_local_BLS,l_out_mouth_bls,643,-0.094821,0.111412,-0.138481
THAIZ_BODY_PLY_localMouth,C_facial_local_BLS,l_out_mouth_bls,659,-0.001394,-0.006911,0.004735
THAIZ_BODY_PLY_localMouth,C_facial_local_BLS,l_out_mouth_bls,660,-0.001425,-0.007465,0.005074
THAIZ_BODY_PLY_localMouth,C_facial_local_BLS,l_out_mouth_bls,661,-6.6e-05,-0.000382,0.000268
THAIZ_BODY_PLY_localMouth,C_facial_local_BLS,l_out_mouth_bls,662,0.007181,0.004782,0.002809
THAIZ_BODY_PLY_localMouth,C_facial_local_BLS,l_out_mouth_bls,690,0.009978,-0.016306,0.020094
THAIZ_BODY_PLY_localMouth,C_facial_local_BLS,l_out_mouth_bls,691,0.007219,-0.040397,0.020221
THAIZ_BODY_PLY_localMouth,C_facial_local_BLS,l_out_mouth_bls,692,0.015909,-0.053132,0.045243
THAIZ_BODY_PLY_localMouth,C_facial_local_BLS,l_out_mouth_bls,695,0.003945,-0.005742,-1.4e-05
THAIZ_BODY_PLY_localMouth,C_facial_local_BLS,l_out_mouth_bls,696,0.000541,-0.000619,5e-05
THAIZ_BODY_PLY_localMouth,C_facial_local_BLS,l_out_mouth_bls,697,2.1e-05,-2.1e-05,1e-06
THAIZ_BODY_PLY_localMouth,C_facial_local_BLS,l_out_mouth_bls,706,-0.001783,5.1e-05,0.002766
THAIZ_BODY_PLY_localMouth,C_facial_local_BLS,l_out_mouth_bls,707,-0.000598,1.2e-05,0.000891
THAIZ_BODY_PLY_localMouth,C_facial_local_BLS,l_out_mouth_bls,708,-8.1e-05,1.5e-05,0.00013
THAIZ_BODY_PLY_localMouth,C_facial_local_BLS,l_out_mouth_bls,745,0.004329,0.006809,-0.007701
THAIZ_BODY_PLY_localMouth,C_facial_local_BLS,l_out_mouth_bls,746,-0.004044,0.001304,-0.000725
THAIZ_BODY_PLY_localMouth,C_facial_local_BLS,l_out_mouth_bls,751,0.004168,-0.012699,-0.00141
THAIZ_BODY_PLY_localMouth,C_facial_local_BLS,l_out_mouth_bls,776,0.001775,-0.00489,-0.001759
THAIZ_BODY_PLY_localMouth,C_facial_local_BLS,l_out_mouth_bls,787,0.002694,-0.001722,0.000815
THAIZ_BODY_PLY_localMouth,C_facial_local_BLS,l_out_mouth_bls,788,0.01536,-0.011811,0.008689
THAIZ_BODY_PLY_localMouth,C_facial_local_BLS,l_out_mouth_bls,797,0.028155,-0.023638,0.022895
THAIZ_BODY_PLY_localMouth,C_facial_local_BLS,l_out_mouth_bls,840,-0.101844,0.127032,-0.177825
THAIZ_BODY_PLY_localMouth,C_facial_local_BLS,l_out_mouth_bls,841,-0.087637,0.100777,-0.113844
THAIZ_BODY_PLY_localMouth,C_facial_local_BLS,l_out_mouth_bls,842,-0.060139,0.064303,-0.051429
THAIZ_BODY_PLY_localMouth,C_facial_local_BLS,l_out_mouth_bls,843,-0.007879,0.007446,0.001206
THAIZ_BODY_PLY_localMouth,C_facial_local_BLS,l_out_mouth_bls,857,8e-06,-2.4e-05,-1e-05
THAIZ_BODY_PLY_localMouth,C_facial_local_BLS,l_out_mouth_bls,858,0.000104,-0.000636,-0.00019
THAIZ_BODY_PLY_localMouth,C_facial_local_BLS,l_out_mouth_bls,868,-7e-05,-5.2e-05,-3.6e-05
THAIZ_BODY_PLY_localMouth,C_facial_local_BLS,l_out_mouth_bls,869,-0.000525,0.0003,-0.000165
THAIZ_BODY_PLY_localMouth,C_facial_local_BLS,l_out_mouth_bls,870,-0.000816,0.00194,-0.006606
THAIZ_BODY_PLY_localMouth,C_facial_local_BLS,l_out_mouth_bls,871,-0.000432,0.000296,-0.000812
THAIZ_BODY_PLY_localMouth,C_facial_local_BLS,l_out_mouth_bls,888,0.001455,0.002226,-0.004834
THAIZ_BODY_PLY_localMouth,C_facial_local_BLS,l_out_mouth_bls,889,0.00024,0.000338,-0.000588
THAIZ_BODY_PLY_localMouth,C_facial_local_BLS,l_out_mouth_bls,890,9e-06,1.1e-05,-1.8e-05
THAIZ_BODY_PLY_localMouth,C_facial_local_BLS,l_out_mouth_bls,902,-0.000219,0.000249,0.000106
THAIZ_BODY_PLY_localMouth,C_facial_local_BLS,l_out_mouth_bls,903,-0.006607,0.000447,0.006415
THAIZ_BODY_PLY_localMouth,C_facial_local_BLS,l_out_mouth_bls,904,-0.018598,0.013959,0.011832
THAIZ_BODY_PLY_localMouth,C_facial_local_BLS,l_out_mouth_bls,905,-0.032213,0.0407,-0.002427
THAIZ_BODY_PLY_localMouth,C_facial_local_BLS,l_out_mouth_bls,906,-0.041674,0.05083,-0.026792
THAIZ_BODY_PLY_localMouth,C_facial_local_BLS,l_out_mouth_bls,907,-0.040017,0.036826,-0.048408
THAIZ_BODY_PLY_localMouth,C_facial_local_BLS,l_out_mouth_bls,908,-0.010292,0.015713,-0.051352
THAIZ_BODY_PLY_localMouth,C_facial_local_BLS,l_out_mouth_bls,909,0.002651,0.007863,-0.021508
THAIZ_BODY_PLY_localMouth,C_facial_local_BLS,l_out_mouth_bls,911,2e-06,0.0,1e-06
THAIZ_BODY_PLY_localMouth,C_facial_local_BLS,l_out_mouth_bls,955,0.001401,-0.013226,-0.001817
THAIZ_BODY_PLY_localMouth,C_facial_local_BLS,l_out_mouth_bls,956,-0.003859,-0.03875,-0.007484
THAIZ_BODY_PLY_localMouth,C_facial_local_BLS,l_out_mouth_bls,957,-0.01076,-0.056743,-0.006487
THAIZ_BODY_PLY_localMouth,C_facial_local_BLS,l_out_mouth_bls,958,1e-06,-1e-06,-2e-06
THAIZ_BODY_PLY_localMouth,C_facial_local_BLS,l_out_mouth_bls,959,0.000217,0.000133,5e-05
THAIZ_BODY_PLY_localMouth,C_facial_local_BLS,l_out_mouth_bls,970,0.001381,-0.003539,-0.001649
THAIZ_BODY_PLY_localMouth,C_facial_local_BLS,l_out_mouth_bls,971,4e-06,-1e-05,-4e-06
THAIZ_BODY_PLY_localMouth,C_facial_local_BLS,l_out_mouth_bls,974,1.9e-05,6.3e-05,-5.3e-05
THAIZ_BODY_PLY_localMouth,C_facial_local_BLS,l_out_mouth_bls,986,-2.3e-05,6e-06,3.4e-05
THAIZ_BODY_PLY_localMouth,C_facial_local_BLS,l_out_mouth_bls,987,-0.002839,0.000624,0.004769
THAIZ_BODY_PLY_localMouth,C_facial_local_BLS,l_out_mouth_bls,988,-0.020515,0.0257,0.008774
THAIZ_BODY_PLY_localMouth,C_facial_local_BLS,l_out_mouth_bls,989,-0.043878,0.05626,-0.012309
THAIZ_BODY_PLY_localMouth,C_facial_local_BLS,l_out_mouth_bls,990,-0.058544,0.072151,-0.044674
THAIZ_BODY_PLY_localMouth,C_facial_local_BLS,l_out_mouth_bls,991,-0.05707,0.062228,-0.075855
THAIZ_BODY_PLY_localMouth,C_facial_local_BLS,l_out_mouth_bls,992,-0.019383,0.027437,-0.082333
THAIZ_BODY_PLY_localMouth,C_facial_local_BLS,l_out_mouth_bls,993,-0.001532,0.016205,-0.038343
THAIZ_BODY_PLY_localMouth,C_facial_local_BLS,l_out_mouth_bls,994,-0.003268,-0.022249,0.013713
THAIZ_BODY_PLY_localMouth,C_facial_local_BLS,l_out_mouth_bls,995,-0.003973,-0.017341,0.009584
THAIZ_BODY_PLY_localMouth,C_facial_local_BLS,l_out_mouth_bls,996,-0.000359,-0.001653,0.001075
THAIZ_BODY_PLY_localMouth,C_facial_local_BLS,l_out_mouth_bls,997,0.000983,0.000438,0.000747
THAIZ_BODY_PLY_localMouth,C_facial_local_BLS,l_out_mouth_bls,1021,-9.6e-05,-0.000472,0.000323
THAIZ_BODY_PLY_localMouth,C_facial_local_BLS,l_out_mouth_bls,1022,-0.000232,-0.001207,0.000838
THAIZ_BODY_PLY_localMouth,C_facial_local_BLS,l_out_mouth_bls,1024,7e-06,5e-06,-4e-06
THAIZ_BODY_PLY_localMouth,C_facial_local_BLS,l_out_mouth_bls,1025,0.004616,0.003021,-0.002172
THAIZ_BODY_PLY_localMouth,C_facial_local_BLS,l_out_mouth_bls,1040,0.024594,-0.055014,0.024694
THAIZ_BODY_PLY_localMouth,C_facial_local_BLS,l_out_mouth_bls,1041,0.015879,-0.070824,0.005988
THAIZ_BODY_PLY_localMouth,C_facial_local_BLS,l_out_mouth_bls,1062,0.002995,-0.01925,0.000116
THAIZ_BODY_PLY_localMouth,C_facial_local_BLS,l_out_mouth_bls,1063,0.001521,-0.003123,-0.000228
THAIZ_BODY_PLY_localMouth,C_facial_local_BLS,l_out_mouth_bls,1064,0.000478,-0.000391,-8.7e-05
THAIZ_BODY_PLY_localMouth,C_facial_local_BLS,l_out_mouth_bls,1065,-0.016135,-0.093612,0.024955
THAIZ_BODY_PLY_localMouth,C_facial_local_BLS,l_out_mouth_bls,1066,-0.010485,-0.053772,0.053714
THAIZ_BODY_PLY_localMouth,C_facial_local_BLS,l_out_mouth_bls,1068,-0.000254,-0.001163,0.000795
THAIZ_BODY_PLY_localMouth,C_facial_local_BLS,l_out_mouth_bls,1069,-0.003939,-0.044445,0.051677
THAIZ_BODY_PLY_localMouth,C_facial_local_BLS,l_out_mouth_bls,1070,1.5e-05,-1.2e-05,3e-06
THAIZ_BODY_PLY_localMouth,C_facial_local_BLS,l_out_mouth_bls,1073,5.1e-05,-2e-05,-8e-06
THAIZ_BODY_PLY_localMouth,C_facial_local_BLS,l_out_mouth_bls,1105,1e-06,-1e-06,2e-06
THAIZ_BODY_PLY_localMouth,C_facial_local_BLS,l_out_mouth_bls,1106,-0.012491,-0.039591,0.00729
THAIZ_BODY_PLY_localMouth,C_facial_local_BLS,l_out_mouth_bls,1109,0.002665,-0.05987,0.007604
THAIZ_BODY_PLY_localMouth,C_facial_local_BLS,l_out_mouth_bls,1112,-0.001842,-0.008144,0.005424
THAIZ_BODY_PLY_localMouth,C_facial_local_BLS,l_out_mouth_bls,1184,-0.002315,0.002794,-0.001882
THAIZ_BODY_PLY_localMouth,C_facial_local_BLS,l_out_mouth_bls,1185,-0.045084,0.050471,-0.049231
THAIZ_BODY_PLY_localMouth,C_facial_local_BLS,l_out_mouth_bls,1186,-0.066651,0.085779,-0.104898
THAIZ_BODY_PLY_localMouth,C_facial_local_BLS,l_out_mouth_bls,1187,-0.081907,0.116401,-0.165471
THAIZ_BODY_PLY_localMouth,C_facial_local_BLS,l_out_mouth_bls,1290,-0.003962,0.001764,-0.002035
THAIZ_BODY_PLY_localMouth,C_facial_local_BLS,l_out_mouth_bls,1291,-0.01286,0.008974,-0.011815
THAIZ_BODY_PLY_localMouth,C_facial_local_BLS,l_out_mouth_bls,1307,-0.096024,0.131317,-0.215234
THAIZ_BODY_PLY_localMouth,C_facial_local_BLS,l_out_mouth_bls,1308,-0.076897,0.10412,-0.172261
THAIZ_BODY_PLY_localMouth,C_facial_local_BLS,l_out_mouth_bls,1309,-0.057925,0.072094,-0.129291
THAIZ_BODY_PLY_localMouth,C_facial_local_BLS,l_out_mouth_bls,1310,-0.04057,0.041371,-0.095531
THAIZ_BODY_PLY_localMouth,C_facial_local_BLS,l_out_mouth_bls,1311,-0.023122,0.024267,-0.060621
THAIZ_BODY_PLY_localMouth,C_facial_local_BLS,l_out_mouth_bls,1345,-0.008654,-0.027825,0.019841
THAIZ_BODY_PLY_localMouth,C_facial_local_BLS,l_out_mouth_bls,1346,-0.007079,-0.037882,0.026414
THAIZ_BODY_PLY_localMouth,C_facial_local_BLS,l_out_mouth_bls,1347,-0.004374,-0.024949,0.011785
THAIZ_BODY_PLY_localMouth,C_facial_local_BLS,l_out_mouth_bls,1348,-0.001427,-0.006699,0.001459
THAIZ_BODY_PLY_localMouth,C_facial_local_BLS,l_out_mouth_bls,1426,-0.006008,-0.019733,0.014767
THAIZ_BODY_PLY_localMouth,C_facial_local_BLS,l_out_mouth_bls,1427,-0.006306,-0.030201,0.026258
THAIZ_BODY_PLY_localMouth,C_facial_local_BLS,l_out_mouth_bls,1428,-0.00736,-0.017721,0.014724
THAIZ_BODY_PLY_localMouth,C_facial_local_BLS,l_out_mouth_bls,1429,-0.001553,-0.003141,0.002521
THAIZ_BODY_PLY_localMouth,C_facial_local_BLS,l_out_mouth_bls,1430,0.002437,0.001063,0.002717
THAIZ_BODY_PLY_localMouth,C_facial_local_BLS,l_out_mouth_bls,1447,8.3e-05,-0.00086,-5.1e-05
THAIZ_BODY_PLY_localMouth,C_facial_local_BLS,l_out_mouth_bls,1448,3.4e-05,-7.3e-05,-9e-06
THAIZ_BODY_PLY_localMouth,C_facial_local_BLS,l_out_mouth_bls,1449,6e-06,-5e-06,-1e-06
THAIZ_BODY_PLY_localMouth,C_facial_local_BLS,l_out_mouth_bls,1450,-0.001115,-0.010867,0.003256
THAIZ_BODY_PLY_localMouth,C_facial_local_BLS,l_out_mouth_bls,1451,-0.004036,-0.016183,0.014581
THAIZ_BODY_PLY_localMouth,C_facial_local_BLS,l_out_mouth_bls,1452,-0.005187,-0.024921,0.008197
THAIZ_BODY_PLY_localMouth,C_facial_local_BLS,l_out_mouth_bls,1455,-0.001161,-0.004589,0.002372
THAIZ_BODY_PLY_localMouth,C_facial_local_BLS,l_out_mouth_bls,1488,-1.8e-05,-7.5e-05,4.9e-05
THAIZ_BODY_PLY_localMouth,C_facial_local_BLS,l_out_mouth_bls,1494,-0.003607,-0.014027,0.013162
THAIZ_BODY_PLY_localMouth,C_facial_local_BLS,l_out_mouth_bls,1513,-0.000886,-0.003505,0.00233
THAIZ_BODY_PLY_localMouth,C_facial_local_BLS,l_out_mouth_bls,1514,-0.000462,-0.001885,0.001248
THAIZ_BODY_PLY_localMouth,C_facial_local_BLS,l_out_mouth_bls,1536,1.7e-05,3.7e-05,-4e-05
THAIZ_BODY_PLY_localMouth,C_facial_local_BLS,l_out_mouth_bls,1537,0.000361,0.000902,-0.000987
THAIZ_BODY_PLY_localMouth,C_facial_local_BLS,l_out_mouth_bls,1538,0.001391,0.004249,-0.006781
THAIZ_BODY_PLY_localMouth,C_facial_local_BLS,l_out_mouth_bls,1539,0.000532,0.011388,-0.027298
THAIZ_BODY_PLY_localMouth,C_facial_local_BLS,l_out_mouth_bls,1540,-0.015035,0.019835,-0.062363
THAIZ_BODY_PLY_localMouth,C_facial_local_BLS,l_out_mouth_bls,1541,-0.031342,0.029349,-0.072839
THAIZ_BODY_PLY_localMouth,C_facial_local_BLS,l_out_mouth_bls,1542,-0.046673,0.046778,-0.056655
THAIZ_BODY_PLY_localMouth,C_facial_local_BLS,l_out_mouth_bls,1543,-0.048934,0.061121,-0.031257
THAIZ_BODY_PLY_localMouth,C_facial_local_BLS,l_out_mouth_bls,1544,-0.038718,0.04918,-0.004739
THAIZ_BODY_PLY_localMouth,C_facial_local_BLS,l_out_mouth_bls,1545,-0.022408,0.021422,0.011643
THAIZ_BODY_PLY_localMouth,C_facial_local_BLS,l_out_mouth_bls,1546,-0.005271,0.000396,0.006495
THAIZ_BODY_PLY_localMouth,C_facial_local_BLS,l_out_mouth_bls,1547,-9.8e-05,5.8e-05,0.000146
THAIZ_BODY_PLY_localMouth,C_facial_local_BLS,l_out_mouth_bls,3137,0.000902,-2e-06,-4.8e-05
THAIZ_BODY_PLY_localMouth,C_facial_local_BLS,l_out_mouth_bls,3138,7e-06,0.0,-1e-06
THAIZ_BODY_PLY_localMouth,C_facial_local_BLS,l_out_mouth_bls,3151,0.000676,8.4e-05,-0.000117
THAIZ_BODY_PLY_localMouth,C_facial_local_BLS,l_out_mouth_bls,3152,0.009866,-3.3e-05,-0.000632
THAIZ_BODY_PLY_localMouth,C_facial_local_BLS,l_out_mouth_bls,3171,0.000502,-0.000126,2.6e-05
THAIZ_BODY_PLY_localMouth,C_facial_local_BLS,l_out_mouth_bls,3172,0.000496,-9.2e-05,4.3e-05
THAIZ_BODY_PLY_localMouth,C_facial_local_BLS,l_out_mouth_bls,3322,0.000174,-0.000326,-0.000158
THAIZ_BODY_PLY_localMouth,C_facial_local_BLS,l_out_mouth_bls,3325,0.01265,-0.003692,0.000375
THAIZ_BODY_PLY_localMouth,C_facial_local_BLS,l_out_mouth_bls,3327,7e-06,-2e-06,-1e-06
THAIZ_BODY_PLY_localMouth,C_facial_local_BLS,l_out_mouth_bls,3330,0.000239,-7.4e-05,-1.4e-05
THAIZ_BODY_PLY_localMouth,C_facial_local_BLS,l_out_mouth_bls,3332,0.002948,-0.000939,-5.9e-05
THAIZ_BODY_PLY_localMouth,C_facial_local_BLS,l_out_mouth_bls,3334,0.020508,-0.00547,0.001476
THAIZ_BODY_PLY_localMouth,C_facial_local_BLS,l_out_mouth_bls,3336,0.019241,-0.00452,0.001783
THAIZ_BODY_PLY_localMouth,C_facial_local_BLS,l_out_mouth_bls,3338,0.012903,-0.002488,0.00117
THAIZ_BODY_PLY_localMouth,C_facial_local_BLS,l_out_mouth_bls,3358,3e-06,0.0,-0.0
THAIZ_BODY_PLY_localMouth,C_facial_local_BLS,l_out_mouth_bls,3371,0.000915,-0.000206,7.9e-05
THAIZ_BODY_PLY_localMouth,C_facial_local_BLS,l_out_mouth_bls,3372,0.000154,-4.4e-05,2e-06
THAIZ_BODY_PLY_localMouth,C_facial_local_BLS,l_out_mouth_bls,3398,1.6e-05,-5e-06,-0.0
THAIZ_BODY_PLY_localMouth,C_facial_local_BLS,l_out_mouth_bls,6374,9.3e-05,-1.1e-05,5e-06
THAIZ_BODY_PLY_localMouth,C_facial_local_BLS,l_out_mouth_bls,6375,0.005239,-0.000636,0.000269
THAIZ_BODY_PLY_localMouth,C_facial_local_BLS,l_out_mouth_bls,6929,1.8e-05,0.000176,-1.4e-05
THAIZ_BODY_PLY_localMouth,C_facial_local_BLS,l_out_mouth_bls,6930,0.00023,0.002323,-0.000304
THAIZ_BODY_PLY_localMouth,C_facial_local_BLS,l_out_mouth_bls,6943,0.002516,-0.00242,-0.006849
THAIZ_BODY_PLY_localMouth,C_facial_local_BLS,l_out_mouth_bls,7007,-0.006331,0.004778,0.000621
THAIZ_BODY_PLY_localMouth,C_facial_local_BLS,l_out_mouth_bls,7008,-0.023837,0.030848,0.002528
THAIZ_BODY_PLY_localMouth,C_facial_local_BLS,l_out_mouth_bls,7009,-0.03935,0.052447,0.003755
THAIZ_BODY_PLY_localMouth,C_facial_local_BLS,l_out_mouth_bls,7010,-0.025427,0.057777,-0.002968
THAIZ_BODY_PLY_localMouth,C_facial_local_BLS,l_out_mouth_bls,7011,-0.002947,0.026792,-0.001823
THAIZ_BODY_PLY_localMouth,C_facial_local_BLS,l_out_mouth_bls,7012,2.9e-05,0.000221,-2.6e-05
THAIZ_BODY_PLY_localMouth,C_facial_local_BLS,l_out_mouth_bls,7027,-0.000774,0.000422,7.1e-05
THAIZ_BODY_PLY_localMouth,C_facial_local_BLS,l_out_mouth_bls,7028,-0.003222,0.003869,0.001312
THAIZ_BODY_PLY_localMouth,C_facial_local_BLS,l_out_mouth_bls,7029,-0.005208,0.006406,0.003059
THAIZ_BODY_PLY_localMouth,C_facial_local_BLS,l_out_mouth_bls,7030,-0.000834,0.003525,0.001392
THAIZ_BODY_PLY_localMouth,C_facial_local_BLS,l_out_mouth_bls,7031,-4e-06,4.8e-05,2e-06
THAIZ_BODY_PLY_localMouth,C_facial_local_BLS,l_out_mouth_bls,7048,-0.000152,0.000136,4.5e-05
THAIZ_BODY_PLY_localMouth,C_facial_local_BLS,l_out_mouth_bls,7049,-9.3e-05,8.1e-05,2.8e-05
THAIZ_BODY_PLY_localMouth,C_facial_local_BLS,l_out_mouth_bls,7050,-0.0,1e-06,1e-06
THAIZ_BODY_PLY_localMouth,C_facial_local_BLS,l_out_mouth_bls,7215,-0.00015,-9.4e-05,3.2e-05
THAIZ_BODY_PLY_localMouth,C_facial_local_BLS,l_out_mouth_bls,7226,0.000463,0.002489,-0.000771
THAIZ_BODY_PLY_localMouth,C_facial_local_BLS,l_out_mouth_bls,7227,-0.004096,0.077902,-0.024339
THAIZ_BODY_PLY_localMouth,C_facial_local_BLS,l_out_mouth_bls,7228,-0.04958,0.116242,-0.051631
THAIZ_BODY_PLY_localMouth,C_facial_local_BLS,l_out_mouth_bls,7229,-0.079481,0.06134,-0.061661
THAIZ_BODY_PLY_localMouth,C_facial_local_BLS,l_out_mouth_bls,7230,-0.033839,0.00548,-0.009891
THAIZ_BODY_PLY_localMouth,C_facial_local_BLS,l_out_mouth_bls,7231,-0.064235,0.008568,-0.025307
THAIZ_BODY_PLY_localMouth,C_facial_local_BLS,l_out_mouth_bls,7232,-0.010757,0.00494,0.000569
THAIZ_BODY_PLY_localMouth,C_facial_local_BLS,l_out_mouth_bls,7233,-0.000872,-0.000907,0.000233
THAIZ_BODY_PLY_localMouth,C_facial_local_BLS,l_out_mouth_bls,7234,-8.5e-05,3.7e-05,7.6e-05
THAIZ_BODY_PLY_localMouth,C_facial_local_BLS,l_out_mouth_bls,7248,0.000109,-0.000973,-0.002003
THAIZ_BODY_PLY_localMouth,C_facial_local_BLS,l_out_mouth_bls,7249,2e-06,-3e-05,-5.7e-05
THAIZ_BODY_PLY_localMouth,C_facial_local_BLS,l_out_mouth_bls,7263,2.6e-05,4.1e-05,-0.0001
THAIZ_BODY_PLY_localMouth,C_facial_local_BLS,l_out_mouth_bls,7264,-0.006421,0.002644,0.010325
THAIZ_BODY_PLY_localMouth,C_facial_local_BLS,l_out_mouth_bls,7265,-0.007261,0.012215,0.000375
THAIZ_BODY_PLY_localMouth,C_facial_local_BLS,l_out_mouth_bls,7266,-0.017938,0.018818,-0.027319
THAIZ_BODY_PLY_localMouth,C_facial_local_BLS,l_out_mouth_bls,7267,-0.02188,0.023274,-0.063156
THAIZ_BODY_PLY_localMouth,C_facial_local_BLS,l_out_mouth_bls,7268,-0.026194,0.021418,-0.080838
THAIZ_BODY_PLY_localMouth,C_facial_local_BLS,l_out_mouth_bls,7269,-0.005944,0.002738,-0.082412
THAIZ_BODY_PLY_localMouth,C_facial_local_BLS,l_out_mouth_bls,7270,7.9e-05,-0.013492,-0.057245
THAIZ_BODY_PLY_localMouth,C_facial_local_BLS,l_out_mouth_bls,7271,0.002307,-0.006706,-0.018408
THAIZ_BODY_PLY_localMouth,C_facial_local_BLS,l_out_mouth_bls,7272,0.001201,0.006204,-0.003677
THAIZ_BODY_PLY_localMouth,C_facial_local_BLS,l_out_mouth_bls,7273,2.4e-05,9.2e-05,-5.4e-05
THAIZ_BODY_PLY_localMouth,C_facial_local_BLS,l_out_mouth_bls,7274,1.1e-05,5.7e-05,-2.6e-05
THAIZ_BODY_PLY_localMouth,C_facial_local_BLS,l_out_mouth_bls,7275,0.001708,0.0102,-0.004628
THAIZ_BODY_PLY_localMouth,C_facial_local_BLS,l_out_mouth_bls,7304,-0.001219,0.000101,0.002053
THAIZ_BODY_PLY_localMouth,C_facial_local_BLS,l_out_mouth_bls,7305,-0.000308,3.4e-05,0.000398
THAIZ_BODY_PLY_localMouth,C_facial_local_BLS,l_out_mouth_bls,7306,-0.004439,0.003078,0.004375
THAIZ_BODY_PLY_localMouth,C_facial_local_BLS,l_out_mouth_bls,7307,-0.002916,-0.000155,0.001542
THAIZ_BODY_PLY_localMouth,C_facial_local_BLS,l_out_mouth_bls,7308,-0.013573,0.011199,-0.000864
THAIZ_BODY_PLY_localMouth,C_facial_local_BLS,l_out_mouth_bls,7309,-0.013166,0.007054,3.7e-05
THAIZ_BODY_PLY_localMouth,C_facial_local_BLS,l_out_mouth_bls,7310,-0.028204,0.017499,-0.020107
THAIZ_BODY_PLY_localMouth,C_facial_local_BLS,l_out_mouth_bls,7311,-0.03466,0.008128,-0.013636
THAIZ_BODY_PLY_localMouth,C_facial_local_BLS,l_out_mouth_bls,7312,-0.047572,0.009813,-0.032677
THAIZ_BODY_PLY_localMouth,C_facial_local_BLS,l_out_mouth_bls,7313,-0.062241,0.004334,-0.027658
THAIZ_BODY_PLY_localMouth,C_facial_local_BLS,l_out_mouth_bls,7314,-0.050018,0.006429,-0.047452
THAIZ_BODY_PLY_localMouth,C_facial_local_BLS,l_out_mouth_bls,7315,-0.032693,0.023074,-0.041492
THAIZ_BODY_PLY_localMouth,C_facial_local_BLS,l_out_mouth_bls,7316,-0.050761,0.075548,-0.05289
THAIZ_BODY_PLY_localMouth,C_facial_local_BLS,l_out_mouth_bls,7317,-0.07487,0.034716,-0.055789
THAIZ_BODY_PLY_localMouth,C_facial_local_BLS,l_out_mouth_bls,7318,-0.002521,0.046064,-0.028784
THAIZ_BODY_PLY_localMouth,C_facial_local_BLS,l_out_mouth_bls,7319,-0.006763,0.0839,-0.037811
THAIZ_BODY_PLY_localMouth,C_facial_local_BLS,l_out_mouth_bls,7320,1e-06,0.0,-2e-06
THAIZ_BODY_PLY_localMouth,C_facial_local_BLS,l_out_mouth_bls,7321,6.6e-05,1.3e-05,-0.000141
THAIZ_BODY_PLY_localMouth,C_facial_local_BLS,l_out_mouth_bls,7322,0.000923,0.000276,-0.002191
THAIZ_BODY_PLY_localMouth,C_facial_local_BLS,l_out_mouth_bls,7323,0.003993,0.003005,-0.013732
THAIZ_BODY_PLY_localMouth,C_facial_local_BLS,l_out_mouth_bls,7324,-0.003881,0.008394,-0.037826
THAIZ_BODY_PLY_localMouth,C_facial_local_BLS,l_out_mouth_bls,7325,-0.032928,0.016274,-0.053189
THAIZ_BODY_PLY_localMouth,C_facial_local_BLS,l_out_mouth_bls,7326,-0.033262,0.019746,-0.040866
THAIZ_BODY_PLY_localMouth,C_facial_local_BLS,l_out_mouth_bls,7327,-0.018406,0.012613,-0.011152
THAIZ_BODY_PLY_localMouth,C_facial_local_BLS,l_out_mouth_bls,7328,-0.00774,0.00064,0.010331
THAIZ_BODY_PLY_localMouth,C_facial_local_BLS,l_out_mouth_bls,7329,-0.001998,0.000723,0.009476
THAIZ_BODY_PLY_localMouth,C_facial_local_BLS,l_out_mouth_bls,7330,-0.000194,9.4e-05,7.2e-05
THAIZ_BODY_PLY_localMouth,C_facial_local_BLS,l_out_mouth_bls,7342,3e-06,1e-06,-7e-06
THAIZ_BODY_PLY_localMouth,C_facial_local_BLS,l_out_mouth_bls,7343,0.00012,6.3e-05,-0.000291
THAIZ_BODY_PLY_localMouth,C_facial_local_BLS,l_out_mouth_bls,7344,0.001166,0.000728,-0.003284
THAIZ_BODY_PLY_localMouth,C_facial_local_BLS,l_out_mouth_bls,7345,0.003872,0.004482,-0.017145
THAIZ_BODY_PLY_localMouth,C_facial_local_BLS,l_out_mouth_bls,7346,-0.005813,0.010835,-0.043445
THAIZ_BODY_PLY_localMouth,C_facial_local_BLS,l_out_mouth_bls,7347,-0.033593,0.024968,-0.048626
THAIZ_BODY_PLY_localMouth,C_facial_local_BLS,l_out_mouth_bls,7348,-0.034317,0.035192,-0.03161
THAIZ_BODY_PLY_localMouth,C_facial_local_BLS,l_out_mouth_bls,7349,-0.022535,0.027195,-0.00541
THAIZ_BODY_PLY_localMouth,C_facial_local_BLS,l_out_mouth_bls,7350,-0.009839,0.005208,0.011266
THAIZ_BODY_PLY_localMouth,C_facial_local_BLS,l_out_mouth_bls,7351,-0.006935,0.000974,0.005607
THAIZ_BODY_PLY_localMouth,C_facial_local_BLS,l_out_mouth_bls,7352,-0.00011,0.000308,-3.8e-05
THAIZ_BODY_PLY_localMouth,C_facial_local_BLS,l_out_mouth_bls,7366,-0.015274,0.017101,-0.055543
THAIZ_BODY_PLY_localMouth,C_facial_local_BLS,l_out_mouth_bls,7367,-0.013563,0.010337,-0.057159
THAIZ_BODY_PLY_localMouth,C_facial_local_BLS,l_out_mouth_bls,7368,-0.030459,0.012421,-0.009285
THAIZ_BODY_PLY_localMouth,C_facial_local_BLS,l_out_mouth_bls,7369,-0.00841,0.003599,-0.000926
THAIZ_BODY_PLY_localMouth,C_facial_local_BLS,l_out_mouth_bls,7370,-0.000249,-0.000516,-0.000158
THAIZ_BODY_PLY_localMouth,C_facial_local_BLS,l_out_mouth_bls,7387,0.0,2e-06,-0.0
THAIZ_BODY_PLY_localMouth,C_facial_local_BLS,l_out_mouth_bls,7388,0.000713,0.027789,-0.005912
THAIZ_BODY_PLY_localMouth,C_facial_local_BLS,l_out_mouth_bls,7389,-0.029765,0.126229,-0.040916
THAIZ_BODY_PLY_localMouth,C_facial_local_BLS,l_out_mouth_bls,7390,-0.066606,0.060392,-0.060478
THAIZ_BODY_PLY_localMouth,C_facial_local_BLS,l_out_mouth_bls,7391,-0.056508,0.021539,-0.022229
THAIZ_BODY_PLY_localMouth,C_facial_local_BLS,l_out_mouth_bls,7398,8e-06,-0.0,-4.4e-05
THAIZ_BODY_PLY_localMouth,C_facial_local_BLS,l_out_mouth_bls,7399,0.000338,0.000158,-0.002113
THAIZ_BODY_PLY_localMouth,C_facial_local_BLS,l_out_mouth_bls,7400,0.001681,0.004594,-0.019459
THAIZ_BODY_PLY_localMouth,C_facial_local_BLS,l_out_mouth_bls,7401,-0.009981,-0.015093,-0.043425
THAIZ_BODY_PLY_localMouth,C_facial_local_BLS,l_out_mouth_bls,7402,-0.020068,-0.006369,-0.057295
THAIZ_BODY_PLY_localMouth,C_facial_local_BLS,l_out_mouth_bls,7403,-0.031358,0.01836,-0.053596
THAIZ_BODY_PLY_localMouth,C_facial_local_BLS,l_out_mouth_bls,7404,-0.021245,0.025206,-0.039298
THAIZ_BODY_PLY_localMouth,C_facial_local_BLS,l_out_mouth_bls,7405,-0.014012,0.016709,-0.010013
THAIZ_BODY_PLY_localMouth,C_facial_local_BLS,l_out_mouth_bls,7406,-0.005285,0.009188,0.005493
THAIZ_BODY_PLY_localMouth,C_facial_local_BLS,l_out_mouth_bls,7407,-0.003591,0.001002,0.005807
THAIZ_BODY_PLY_localMouth,C_facial_local_BLS,l_out_mouth_bls,7408,-3e-06,5e-06,-1e-05
THAIZ_BODY_PLY_localMouth,C_facial_local_BLS,l_out_mouth_bls,7416,0.000635,0.000153,-0.001264
THAIZ_BODY_PLY_localMouth,C_facial_local_BLS,l_out_mouth_bls,7417,0.003301,0.001856,-0.010254
THAIZ_BODY_PLY_localMouth,C_facial_local_BLS,l_out_mouth_bls,7418,-0.00272,0.004732,-0.033081
THAIZ_BODY_PLY_localMouth,C_facial_local_BLS,l_out_mouth_bls,7419,-0.008881,0.002786,-0.053608
THAIZ_BODY_PLY_localMouth,C_facial_local_BLS,l_out_mouth_bls,7420,-0.027881,0.015912,-0.053708
THAIZ_BODY_PLY_localMouth,C_facial_local_BLS,l_out_mouth_bls,7421,-0.023357,0.015882,-0.039873
THAIZ_BODY_PLY_localMouth,C_facial_local_BLS,l_out_mouth_bls,7422,-0.016523,0.014038,-0.010768
THAIZ_BODY_PLY_localMouth,C_facial_local_BLS,l_out_mouth_bls,7423,-0.008873,0.006906,0.010476
THAIZ_BODY_PLY_localMouth,C_facial_local_BLS,l_out_mouth_bls,7424,-0.005031,-0.000304,0.009607
THAIZ_BODY_PLY_localMouth,C_facial_local_BLS,l_out_mouth_bls,7425,-0.0001,5e-05,1.7e-05
THAIZ_BODY_PLY_localMouth,C_facial_local_BLS,l_out_mouth_bls,7439,3.1e-05,6e-06,-5.3e-05
THAIZ_BODY_PLY_localMouth,C_facial_local_BLS,l_out_mouth_bls,7484,-1.7e-05,-1e-06,-7e-06
THAIZ_BODY_PLY_localMouth,C_facial_local_BLS,l_out_mouth_bls,7504,-0.000264,-0.001037,0.00069
THAIZ_BODY_PLY_localMouth,C_facial_local_BLS,l_out_mouth_bls,7505,-0.000533,-0.00043,-0.000233
THAIZ_BODY_PLY_localMouth,C_facial_local_BLS,l_out_mouth_bls,7524,-3.1e-05,-0.000113,7.5e-05
THAIZ_BODY_PLY_localMouth,C_facial_local_BLS,l_out_mouth_bls,7525,-0.002879,-0.011272,0.007476
THAIZ_BODY_PLY_localMouth,C_facial_local_BLS,l_out_mouth_bls,7778,6e-06,0.0,-4e-06
THAIZ_BODY_PLY_localMouth,C_facial_local_BLS,l_out_mouth_bls,7798,-0.000112,-0.00043,0.000283
THAIZ_BODY_PLY_localMouth,C_facial_local_BLS,l_out_mouth_bls,8495,-5e-06,-1.5e-05,1.1e-05
THAIZ_BODY_PLY_localMouth,C_facial_local_BLS,l_out_mouth_bls,8538,-0.0,-2e-06,0.0
THAIZ_BODY_PLY_localMouth,C_facial_local_BLS,l_out_mouth_bls,2,-0.001926,0.007232,0.001423
THAIZ_BODY_PLY_localMouth,C_facial_local_BLS,l_out_mouth_bls,3,-0.002851,0.017551,0.002118
THAIZ_BODY_PLY_localMouth,C_facial_local_BLS,l_out_mouth_bls,4,-0.012713,0.04276,0.005404
THAIZ_BODY_PLY_localMouth,C_facial_local_BLS,l_out_mouth_bls,5,-0.024363,0.076488,-0.002913
THAIZ_BODY_PLY_localMouth,C_facial_local_BLS,l_out_mouth_bls,6,-0.028226,0.088949,-0.002471
THAIZ_BODY_PLY_localMouth,C_facial_local_BLS,l_out_mouth_bls,7,-0.054008,0.056694,0.072858
THAIZ_BODY_PLY_localMouth,C_facial_local_BLS,l_out_mouth_bls,8,-0.058844,-0.028444,0.087931
THAIZ_BODY_PLY_localMouth,C_facial_local_BLS,l_out_mouth_bls,9,-0.09614,-0.114795,0.157646
THAIZ_BODY_PLY_localMouth,C_facial_local_BLS,l_out_mouth_bls,10,-0.151817,-0.142555,0.191266
THAIZ_BODY_PLY_localMouth,C_facial_local_BLS,l_out_mouth_bls,11,-0.175391,0.066962,0.236082
THAIZ_BODY_PLY_localMouth,C_facial_local_BLS,l_out_mouth_bls,12,-0.08889,0.026081,0.085714
THAIZ_BODY_PLY_localMouth,C_facial_local_BLS,l_out_mouth_bls,13,-0.012854,-0.013595,0.036912
THAIZ_BODY_PLY_localMouth,C_facial_local_BLS,l_out_mouth_bls,22,0.002423,-0.000125,-0.00232
THAIZ_BODY_PLY_localMouth,C_facial_local_BLS,l_out_mouth_bls,23,0.004506,-8.2e-05,-0.007148
THAIZ_BODY_PLY_localMouth,C_facial_local_BLS,l_out_mouth_bls,24,0.001168,0.001222,-0.011456
THAIZ_BODY_PLY_localMouth,C_facial_local_BLS,l_out_mouth_bls,25,-0.040502,0.026213,-0.005877
THAIZ_BODY_PLY_localMouth,C_facial_local_BLS,l_out_mouth_bls,26,-0.066303,0.021275,-0.027193
THAIZ_BODY_PLY_localMouth,C_facial_local_BLS,l_out_mouth_bls,27,-0.106577,0.016886,0.001954
THAIZ_BODY_PLY_localMouth,C_facial_local_BLS,l_out_mouth_bls,28,-0.176453,-0.019834,0.093886
THAIZ_BODY_PLY_localMouth,C_facial_local_BLS,l_out_mouth_bls,29,-0.216924,-0.075878,0.11313
THAIZ_BODY_PLY_localMouth,C_facial_local_BLS,l_out_mouth_bls,30,-0.214156,-0.082739,0.115522
THAIZ_BODY_PLY_localMouth,C_facial_local_BLS,l_out_mouth_bls,31,-0.1703,-0.000905,-0.052673
THAIZ_BODY_PLY_localMouth,C_facial_local_BLS,l_out_mouth_bls,32,-0.175968,-0.087276,0.119687
THAIZ_BODY_PLY_localMouth,C_facial_local_BLS,l_out_mouth_bls,33,-0.153865,-0.048703,0.092051
THAIZ_BODY_PLY_localMouth,C_facial_local_BLS,l_out_mouth_bls,34,-0.077304,-0.017589,0.061947
THAIZ_BODY_PLY_localMouth,C_facial_local_BLS,l_out_mouth_bls,43,0.002685,-0.010755,-0.004791
THAIZ_BODY_PLY_localMouth,C_facial_local_BLS,l_out_mouth_bls,44,0.000372,-0.02501,-0.011353
THAIZ_BODY_PLY_localMouth,C_facial_local_BLS,l_out_mouth_bls,45,-0.015047,-0.038782,-0.013413
THAIZ_BODY_PLY_localMouth,C_facial_local_BLS,l_out_mouth_bls,46,-0.074674,-0.048366,-0.021667
THAIZ_BODY_PLY_localMouth,C_facial_local_BLS,l_out_mouth_bls,47,-0.125119,-0.065158,-0.045843
THAIZ_BODY_PLY_localMouth,C_facial_local_BLS,l_out_mouth_bls,48,-0.184473,-0.099282,-0.035394
THAIZ_BODY_PLY_localMouth,C_facial_local_BLS,l_out_mouth_bls,49,-0.269303,-0.101363,0.073071
THAIZ_BODY_PLY_localMouth,C_facial_local_BLS,l_out_mouth_bls,50,-0.314086,-0.128697,0.11961
THAIZ_BODY_PLY_localMouth,C_facial_local_BLS,l_out_mouth_bls,51,-0.237101,-0.034827,0.173738
THAIZ_BODY_PLY_localMouth,C_facial_local_BLS,l_out_mouth_bls,52,-0.017413,0.039969,0.278539
THAIZ_BODY_PLY_localMouth,C_facial_local_BLS,l_out_mouth_bls,53,-0.125681,-0.016315,0.484877
THAIZ_BODY_PLY_localMouth,C_facial_local_BLS,l_out_mouth_bls,54,-0.10618,-0.053481,0.269486
THAIZ_BODY_PLY_localMouth,C_facial_local_BLS,l_out_mouth_bls,55,-0.111364,-0.039842,0.076505
THAIZ_BODY_PLY_localMouth,C_facial_local_BLS,l_out_mouth_bls,64,4.6e-05,-0.003994,-0.005683
THAIZ_BODY_PLY_localMouth,C_facial_local_BLS,l_out_mouth_bls,65,0.000554,-0.008894,-0.013669
THAIZ_BODY_PLY_localMouth,C_facial_local_BLS,l_out_mouth_bls,66,-0.006436,-0.016152,-0.027799
THAIZ_BODY_PLY_localMouth,C_facial_local_BLS,l_out_mouth_bls,67,-0.055325,-0.026961,-0.049754
THAIZ_BODY_PLY_localMouth,C_facial_local_BLS,l_out_mouth_bls,68,-0.104497,-0.041914,-0.100275
THAIZ_BODY_PLY_localMouth,C_facial_local_BLS,l_out_mouth_bls,69,-0.14534,-0.079372,-0.144843
THAIZ_BODY_PLY_localMouth,C_facial_local_BLS,l_out_mouth_bls,70,-0.199482,-0.094733,-0.110924
THAIZ_BODY_PLY_localMouth,C_facial_local_BLS,l_out_mouth_bls,71,-0.210047,-0.120762,-0.057903
THAIZ_BODY_PLY_localMouth,C_facial_local_BLS,l_out_mouth_bls,72,-0.163668,-0.096514,0.088167
THAIZ_BODY_PLY_localMouth,C_facial_local_BLS,l_out_mouth_bls,73,-0.111627,-0.040158,0.197672
THAIZ_BODY_PLY_localMouth,C_facial_local_BLS,l_out_mouth_bls,74,-0.105444,0.019245,0.225176
THAIZ_BODY_PLY_localMouth,C_facial_local_BLS,l_out_mouth_bls,75,-0.104048,0.04441,0.049854
THAIZ_BODY_PLY_localMouth,C_facial_local_BLS,l_out_mouth_bls,76,-0.106531,0.043461,0.042428
THAIZ_BODY_PLY_localMouth,C_facial_local_BLS,l_out_mouth_bls,85,0.001582,-0.002891,-0.002945
THAIZ_BODY_PLY_localMouth,C_facial_local_BLS,l_out_mouth_bls,86,0.004483,-0.008218,-0.009133
THAIZ_BODY_PLY_localMouth,C_facial_local_BLS,l_out_mouth_bls,87,-0.017992,-0.017372,-0.023248
THAIZ_BODY_PLY_localMouth,C_facial_local_BLS,l_out_mouth_bls,88,-0.049306,-0.024348,-0.059051
THAIZ_BODY_PLY_localMouth,C_facial_local_BLS,l_out_mouth_bls,89,-0.065976,-0.052223,-0.116677
THAIZ_BODY_PLY_localMouth,C_facial_local_BLS,l_out_mouth_bls,90,-0.087159,-0.071729,-0.152977
THAIZ_BODY_PLY_localMouth,C_facial_local_BLS,l_out_mouth_bls,91,-0.073556,-0.101968,-0.17158
THAIZ_BODY_PLY_localMouth,C_facial_local_BLS,l_out_mouth_bls,92,-0.038081,-0.096697,-0.129991
THAIZ_BODY_PLY_localMouth,C_facial_local_BLS,l_out_mouth_bls,93,-0.01178,-0.05928,-0.071207
THAIZ_BODY_PLY_localMouth,C_facial_local_BLS,l_out_mouth_bls,94,-0.018791,-0.006002,-0.035891
THAIZ_BODY_PLY_localMouth,C_facial_local_BLS,l_out_mouth_bls,95,-0.02903,0.018904,-0.088888
THAIZ_BODY_PLY_localMouth,C_facial_local_BLS,l_out_mouth_bls,96,0.002137,0.02004,-0.046526
THAIZ_BODY_PLY_localMouth,C_facial_local_BLS,l_out_mouth_bls,171,0.000635,-0.000819,-0.000472
THAIZ_BODY_PLY_localMouth,C_facial_local_BLS,l_out_mouth_bls,172,-0.001378,-0.00398,-0.002562
THAIZ_BODY_PLY_localMouth,C_facial_local_BLS,l_out_mouth_bls,173,-0.01077,-0.006769,-0.011193
THAIZ_BODY_PLY_localMouth,C_facial_local_BLS,l_out_mouth_bls,174,-0.018925,-0.01816,-0.033194
THAIZ_BODY_PLY_localMouth,C_facial_local_BLS,l_out_mouth_bls,175,-0.029292,-0.029007,-0.060618
THAIZ_BODY_PLY_localMouth,C_facial_local_BLS,l_out_mouth_bls,176,-0.024245,-0.053517,-0.086561
THAIZ_BODY_PLY_localMouth,C_facial_local_BLS,l_out_mouth_bls,177,-0.016418,-0.057718,-0.093981
THAIZ_BODY_PLY_localMouth,C_facial_local_BLS,l_out_mouth_bls,178,-0.012965,-0.044487,-0.08292
THAIZ_BODY_PLY_localMouth,C_facial_local_BLS,l_out_mouth_bls,179,-0.014141,-0.016865,-0.061884
THAIZ_BODY_PLY_localMouth,C_facial_local_BLS,l_out_mouth_bls,180,-0.01344,-0.002024,-0.039971
THAIZ_BODY_PLY_localMouth,C_facial_local_BLS,l_out_mouth_bls,215,-2.5e-05,-2.2e-05,-7e-06
THAIZ_BODY_PLY_localMouth,C_facial_local_BLS,l_out_mouth_bls,216,0.000918,-9.9e-05,-0.001516
THAIZ_BODY_PLY_localMouth,C_facial_local_BLS,l_out_mouth_bls,217,0.004708,-0.000651,-0.008485
THAIZ_BODY_PLY_localMouth,C_facial_local_BLS,l_out_mouth_bls,218,-0.003926,-0.004357,-0.000684
THAIZ_BODY_PLY_localMouth,C_facial_local_BLS,l_out_mouth_bls,219,-0.008227,-0.0077,-0.002766
THAIZ_BODY_PLY_localMouth,C_facial_local_BLS,l_out_mouth_bls,220,-0.011143,-0.008335,-0.004947
THAIZ_BODY_PLY_localMouth,C_facial_local_BLS,l_out_mouth_bls,347,-0.01127,0.000109,-0.00112
THAIZ_BODY_PLY_localMouth,C_facial_local_BLS,l_out_mouth_bls,348,-0.022395,0.001693,-0.001704
THAIZ_BODY_PLY_localMouth,C_facial_local_BLS,l_out_mouth_bls,349,-0.042379,0.004173,-0.001084
THAIZ_BODY_PLY_localMouth,C_facial_local_BLS,l_out_mouth_bls,350,-0.101005,6.2e-05,-0.013001
THAIZ_BODY_PLY_localMouth,C_facial_local_BLS,l_out_mouth_bls,351,-0.150378,-0.01286,-0.046178
THAIZ_BODY_PLY_localMouth,C_facial_local_BLS,l_out_mouth_bls,352,-0.202257,-0.074843,-0.073492
THAIZ_BODY_PLY_localMouth,C_facial_local_BLS,l_out_mouth_bls,353,-0.269496,-0.081447,0.040059
THAIZ_BODY_PLY_localMouth,C_facial_local_BLS,l_out_mouth_bls,354,-0.290491,-0.104886,0.147473
THAIZ_BODY_PLY_localMouth,C_facial_local_BLS,l_out_mouth_bls,355,-0.214209,-0.047693,0.352852
THAIZ_BODY_PLY_localMouth,C_facial_local_BLS,l_out_mouth_bls,356,-0.126189,0.001313,0.483564
THAIZ_BODY_PLY_localMouth,C_facial_local_BLS,l_out_mouth_bls,357,-0.163007,0.020767,0.593274
THAIZ_BODY_PLY_localMouth,C_facial_local_BLS,l_out_mouth_bls,358,-0.051143,0.013655,0.335105
THAIZ_BODY_PLY_localMouth,C_facial_local_BLS,l_out_mouth_bls,359,-0.086305,-0.00039,0.180104
THAIZ_BODY_PLY_localMouth,C_facial_local_BLS,l_out_mouth_bls,391,-0.002744,0.035393,-0.04904
THAIZ_BODY_PLY_localMouth,C_facial_local_BLS,l_out_mouth_bls,392,9e-06,8.1e-05,-8.9e-05
THAIZ_BODY_PLY_localMouth,C_facial_local_BLS,l_out_mouth_bls,400,-0.017246,0.070626,-0.116816
THAIZ_BODY_PLY_localMouth,C_facial_local_BLS,l_out_mouth_bls,401,-0.054398,0.111507,-0.198997
THAIZ_BODY_PLY_localMouth,C_facial_local_BLS,l_out_mouth_bls,419,-0.046993,0.095229,-0.131881
THAIZ_BODY_PLY_localMouth,C_facial_local_BLS,l_out_mouth_bls,420,-0.002956,0.065463,-0.083876
THAIZ_BODY_PLY_localMouth,C_facial_local_BLS,l_out_mouth_bls,421,-0.051406,0.141279,-0.211298
THAIZ_BODY_PLY_localMouth,C_facial_local_BLS,l_out_mouth_bls,422,-0.005082,0.072736,-0.067462
THAIZ_BODY_PLY_localMouth,C_facial_local_BLS,l_out_mouth_bls,423,-0.000508,0.005188,-0.002768
THAIZ_BODY_PLY_localMouth,C_facial_local_BLS,l_out_mouth_bls,425,0.009147,0.034168,-0.042598
THAIZ_BODY_PLY_localMouth,C_facial_local_BLS,l_out_mouth_bls,426,-0.03431,0.063706,-0.080362
THAIZ_BODY_PLY_localMouth,C_facial_local_BLS,l_out_mouth_bls,431,-0.013037,0.124463,-0.15013
THAIZ_BODY_PLY_localMouth,C_facial_local_BLS,l_out_mouth_bls,444,-1e-05,0.000144,-4.1e-05
THAIZ_BODY_PLY_localMouth,C_facial_local_BLS,l_out_mouth_bls,445,0.001761,0.014669,-0.018992
THAIZ_BODY_PLY_localMouth,C_facial_local_BLS,l_out_mouth_bls,446,3.9e-05,0.000116,-9e-05
THAIZ_BODY_PLY_localMouth,C_facial_local_BLS,l_out_mouth_bls,460,-0.003309,0.031806,-0.057426
THAIZ_BODY_PLY_localMouth,C_facial_local_BLS,l_out_mouth_bls,469,7.9e-05,0.008423,-0.002032
THAIZ_BODY_PLY_localMouth,C_facial_local_BLS,l_out_mouth_bls,470,3.1e-05,0.000493,7.3e-05
THAIZ_BODY_PLY_localMouth,C_facial_local_BLS,l_out_mouth_bls,472,0.008509,0.039218,-0.018783
THAIZ_BODY_PLY_localMouth,C_facial_local_BLS,l_out_mouth_bls,473,0.015069,0.078502,-0.03476
THAIZ_BODY_PLY_localMouth,C_facial_local_BLS,l_out_mouth_bls,474,0.080639,0.021647,0.315984
THAIZ_BODY_PLY_localMouth,C_facial_local_BLS,l_out_mouth_bls,475,0.15424,-0.070255,0.619873
THAIZ_BODY_PLY_localMouth,C_facial_local_BLS,l_out_mouth_bls,476,0.176016,-0.207993,0.916423
THAIZ_BODY_PLY_localMouth,C_facial_local_BLS,l_out_mouth_bls,477,0.095972,-0.372895,1.194314
THAIZ_BODY_PLY_localMouth,C_facial_local_BLS,l_out_mouth_bls,478,0.419976,-0.497843,0.740427
THAIZ_BODY_PLY_localMouth,C_facial_local_BLS,l_out_mouth_bls,479,0.30433,-0.363884,0.389252
THAIZ_BODY_PLY_localMouth,C_facial_local_BLS,l_out_mouth_bls,480,0.047981,-0.222036,0.668258
THAIZ_BODY_PLY_localMouth,C_facial_local_BLS,l_out_mouth_bls,481,-0.065982,-0.129602,0.897932
THAIZ_BODY_PLY_localMouth,C_facial_local_BLS,l_out_mouth_bls,482,0.06279,-0.136937,0.383658
THAIZ_BODY_PLY_localMouth,C_facial_local_BLS,l_out_mouth_bls,483,0.173224,-0.300523,0.31845
THAIZ_BODY_PLY_localMouth,C_facial_local_BLS,l_out_mouth_bls,484,0.11404,-0.069955,-0.06506
THAIZ_BODY_PLY_localMouth,C_facial_local_BLS,l_out_mouth_bls,485,0.055729,-0.11046,0.03928
THAIZ_BODY_PLY_localMouth,C_facial_local_BLS,l_out_mouth_bls,486,0.139645,-0.429071,1.211606
THAIZ_BODY_PLY_localMouth,C_facial_local_BLS,l_out_mouth_bls,490,0.020761,0.001953,-0.003675
THAIZ_BODY_PLY_localMouth,C_facial_local_BLS,l_out_mouth_bls,491,0.350887,-0.488212,1.061001
THAIZ_BODY_PLY_localMouth,C_facial_local_BLS,l_out_mouth_bls,495,-0.02366,0.122241,-0.145834
THAIZ_BODY_PLY_localMouth,C_facial_local_BLS,l_out_mouth_bls,496,0.064177,0.105866,-0.136427
THAIZ_BODY_PLY_localMouth,C_facial_local_BLS,l_out_mouth_bls,497,-0.35578,-0.016822,1.015451
THAIZ_BODY_PLY_localMouth,C_facial_local_BLS,l_out_mouth_bls,498,-0.584333,-0.12242,1.062694
THAIZ_BODY_PLY_localMouth,C_facial_local_BLS,l_out_mouth_bls,499,-0.677081,-0.238336,1.033534
THAIZ_BODY_PLY_localMouth,C_facial_local_BLS,l_out_mouth_bls,500,-0.520991,-0.243253,0.737702
THAIZ_BODY_PLY_localMouth,C_facial_local_BLS,l_out_mouth_bls,501,0.040613,-0.033715,0.077127
THAIZ_BODY_PLY_localMouth,C_facial_local_BLS,l_out_mouth_bls,502,0.050185,-0.042233,0.056147
THAIZ_BODY_PLY_localMouth,C_facial_local_BLS,l_out_mouth_bls,510,-0.203663,-0.124991,0.295885
THAIZ_BODY_PLY_localMouth,C_facial_local_BLS,l_out_mouth_bls,511,-0.031537,-0.029704,0.070251
THAIZ_BODY_PLY_localMouth,C_facial_local_BLS,l_out_mouth_bls,512,0.076307,0.033296,0.013578
THAIZ_BODY_PLY_localMouth,C_facial_local_BLS,l_out_mouth_bls,513,0.000386,0.000726,0.000508
THAIZ_BODY_PLY_localMouth,C_facial_local_BLS,l_out_mouth_bls,515,0.002974,0.006805,0.00426
THAIZ_BODY_PLY_localMouth,C_facial_local_BLS,l_out_mouth_bls,516,0.009136,0.024297,0.008405
THAIZ_BODY_PLY_localMouth,C_facial_local_BLS,l_out_mouth_bls,525,-1.492158,-0.153215,1.573295
THAIZ_BODY_PLY_localMouth,C_facial_local_BLS,l_out_mouth_bls,526,-1.450881,-0.038083,1.707353
THAIZ_BODY_PLY_localMouth,C_facial_local_BLS,l_out_mouth_bls,527,-1.071998,-0.163328,1.076332
THAIZ_BODY_PLY_localMouth,C_facial_local_BLS,l_out_mouth_bls,528,-0.705087,-0.048986,0.664133
THAIZ_BODY_PLY_localMouth,C_facial_local_BLS,l_out_mouth_bls,529,-0.45469,0.097795,0.464219
THAIZ_BODY_PLY_localMouth,C_facial_local_BLS,l_out_mouth_bls,530,0.05937,0.050097,0.060432
THAIZ_BODY_PLY_localMouth,C_facial_local_BLS,l_out_mouth_bls,531,0.011372,0.02106,0.013248
THAIZ_BODY_PLY_localMouth,C_facial_local_BLS,l_out_mouth_bls,532,0.005887,0.031332,0.024667
THAIZ_BODY_PLY_localMouth,C_facial_local_BLS,l_out_mouth_bls,533,0.00332,0.052554,0.070722
THAIZ_BODY_PLY_localMouth,C_facial_local_BLS,l_out_mouth_bls,534,0.006133,0.010528,0.009128
THAIZ_BODY_PLY_localMouth,C_facial_local_BLS,l_out_mouth_bls,535,0.003869,0.002178,0.004298
THAIZ_BODY_PLY_localMouth,C_facial_local_BLS,l_out_mouth_bls,536,0.009566,0.00618,0.015359
THAIZ_BODY_PLY_localMouth,C_facial_local_BLS,l_out_mouth_bls,537,0.010734,-0.016755,0.016159
THAIZ_BODY_PLY_localMouth,C_facial_local_BLS,l_out_mouth_bls,538,0.01129,-0.025764,0.027013
THAIZ_BODY_PLY_localMouth,C_facial_local_BLS,l_out_mouth_bls,539,0.006239,0.0119,0.035392
THAIZ_BODY_PLY_localMouth,C_facial_local_BLS,l_out_mouth_bls,540,0.00528,-0.004923,0.059662
THAIZ_BODY_PLY_localMouth,C_facial_local_BLS,l_out_mouth_bls,541,0.133682,0.058208,0.081999
THAIZ_BODY_PLY_localMouth,C_facial_local_BLS,l_out_mouth_bls,542,0.000694,-0.024152,0.048761
THAIZ_BODY_PLY_localMouth,C_facial_local_BLS,l_out_mouth_bls,543,-0.160339,0.114214,0.091681
THAIZ_BODY_PLY_localMouth,C_facial_local_BLS,l_out_mouth_bls,544,-0.759036,-0.084198,0.77147
THAIZ_BODY_PLY_localMouth,C_facial_local_BLS,l_out_mouth_bls,545,0.063258,-0.016383,0.06549
THAIZ_BODY_PLY_localMouth,C_facial_local_BLS,l_out_mouth_bls,546,0.034947,0.037066,0.020344
THAIZ_BODY_PLY_localMouth,C_facial_local_BLS,l_out_mouth_bls,547,0.005378,0.015139,-0.031243
THAIZ_BODY_PLY_localMouth,C_facial_local_BLS,l_out_mouth_bls,548,0.001435,0.024093,0.066019
THAIZ_BODY_PLY_localMouth,C_facial_local_BLS,l_out_mouth_bls,549,-0.052482,-0.02953,0.209359
THAIZ_BODY_PLY_localMouth,C_facial_local_BLS,l_out_mouth_bls,550,-1.083456,-0.146622,1.047295
THAIZ_BODY_PLY_localMouth,C_facial_local_BLS,l_out_mouth_bls,551,-0.162892,-0.162822,0.393352
THAIZ_BODY_PLY_localMouth,C_facial_local_BLS,l_out_mouth_bls,552,-0.236399,-0.10994,0.561332
THAIZ_BODY_PLY_localMouth,C_facial_local_BLS,l_out_mouth_bls,553,-1.44462,-0.115828,1.420115
THAIZ_BODY_PLY_localMouth,C_facial_local_BLS,l_out_mouth_bls,554,-0.309467,0.156113,0.559008
THAIZ_BODY_PLY_localMouth,C_facial_local_BLS,l_out_mouth_bls,555,-1.376823,-0.012885,1.537263
THAIZ_BODY_PLY_localMouth,C_facial_local_BLS,l_out_mouth_bls,556,-0.022783,-0.036798,0.008034
THAIZ_BODY_PLY_localMouth,C_facial_local_BLS,l_out_mouth_bls,557,-0.033003,-0.035959,0.020293
THAIZ_BODY_PLY_localMouth,C_facial_local_BLS,l_out_mouth_bls,558,-0.038772,-0.030964,0.035403
THAIZ_BODY_PLY_localMouth,C_facial_local_BLS,l_out_mouth_bls,559,-0.032899,-0.020481,0.053
THAIZ_BODY_PLY_localMouth,C_facial_local_BLS,l_out_mouth_bls,560,0.007171,-5.9e-05,0.065646
THAIZ_BODY_PLY_localMouth,C_facial_local_BLS,l_out_mouth_bls,561,-0.019919,-0.009487,0.069591
THAIZ_BODY_PLY_localMouth,C_facial_local_BLS,l_out_mouth_bls,562,0.077629,0.000432,0.063816
THAIZ_BODY_PLY_localMouth,C_facial_local_BLS,l_out_mouth_bls,563,-0.026957,0.077679,-0.024898
THAIZ_BODY_PLY_localMouth,C_facial_local_BLS,l_out_mouth_bls,564,0.001361,0.033536,-0.026078
THAIZ_BODY_PLY_localMouth,C_facial_local_BLS,l_out_mouth_bls,565,-0.013034,-0.032878,-0.00129
THAIZ_BODY_PLY_localMouth,C_facial_local_BLS,l_out_mouth_bls,576,0.006553,-0.008541,0.008803
THAIZ_BODY_PLY_localMouth,C_facial_local_BLS,l_out_mouth_bls,577,0.000737,0.000324,0.000492
THAIZ_BODY_PLY_localMouth,C_facial_local_BLS,l_out_mouth_bls,579,0.001113,-0.001443,0.001834
THAIZ_BODY_PLY_localMouth,C_facial_local_BLS,l_out_mouth_bls,580,0.0001,-0.000135,0.00018
THAIZ_BODY_PLY_localMouth,C_facial_local_BLS,l_out_mouth_bls,582,0.008519,-0.014297,0.010682
THAIZ_BODY_PLY_localMouth,C_facial_local_BLS,l_out_mouth_bls,583,0.020175,-0.020195,0.020622
THAIZ_BODY_PLY_localMouth,C_facial_local_BLS,l_out_mouth_bls,584,0.006376,-0.015723,-0.008946
THAIZ_BODY_PLY_localMouth,C_facial_local_BLS,l_out_mouth_bls,585,0.033013,0.00027,0.00488
THAIZ_BODY_PLY_localMouth,C_facial_local_BLS,l_out_mouth_bls,586,-0.004457,-0.027057,-0.005511
THAIZ_BODY_PLY_localMouth,C_facial_local_BLS,l_out_mouth_bls,587,0.003778,-0.006896,0.002964
THAIZ_BODY_PLY_localMouth,C_facial_local_BLS,l_out_mouth_bls,588,0.0101,-0.013067,0.005708
THAIZ_BODY_PLY_localMouth,C_facial_local_BLS,l_out_mouth_bls,589,0.024502,-0.002825,-0.003842
THAIZ_BODY_PLY_localMouth,C_facial_local_BLS,l_out_mouth_bls,590,0.029011,0.004432,0.0478
THAIZ_BODY_PLY_localMouth,C_facial_local_BLS,l_out_mouth_bls,591,0.050833,-0.025961,0.057126
THAIZ_BODY_PLY_localMouth,C_facial_local_BLS,l_out_mouth_bls,592,0.112633,0.011506,0.038462
THAIZ_BODY_PLY_localMouth,C_facial_local_BLS,l_out_mouth_bls,593,0.024701,0.014272,0.034518
THAIZ_BODY_PLY_localMouth,C_facial_local_BLS,l_out_mouth_bls,594,0.083587,0.011419,0.045363
THAIZ_BODY_PLY_localMouth,C_facial_local_BLS,l_out_mouth_bls,595,0.001115,-0.002266,0.001403
THAIZ_BODY_PLY_localMouth,C_facial_local_BLS,l_out_mouth_bls,596,0.004031,-0.006968,0.003281
THAIZ_BODY_PLY_localMouth,C_facial_local_BLS,l_out_mouth_bls,597,0.016362,-0.006973,-0.008557
THAIZ_BODY_PLY_localMouth,C_facial_local_BLS,l_out_mouth_bls,598,0.002822,0.004813,-0.010471
THAIZ_BODY_PLY_localMouth,C_facial_local_BLS,l_out_mouth_bls,603,0.021283,-0.031975,0.056695
THAIZ_BODY_PLY_localMouth,C_facial_local_BLS,l_out_mouth_bls,604,-0.757153,0.087947,0.96828
THAIZ_BODY_PLY_localMouth,C_facial_local_BLS,l_out_mouth_bls,605,-0.085503,0.147552,0.307255
THAIZ_BODY_PLY_localMouth,C_facial_local_BLS,l_out_mouth_bls,606,-0.744832,0.095056,1.031877
THAIZ_BODY_PLY_localMouth,C_facial_local_BLS,l_out_mouth_bls,607,-0.261126,0.130242,0.621901
THAIZ_BODY_PLY_localMouth,C_facial_local_BLS,l_out_mouth_bls,608,-0.311495,0.128735,0.572063
THAIZ_BODY_PLY_localMouth,C_facial_local_BLS,l_out_mouth_bls,609,0.007091,0.064021,0.149232
THAIZ_BODY_PLY_localMouth,C_facial_local_BLS,l_out_mouth_bls,610,0.000226,0.033881,0.220337
THAIZ_BODY_PLY_localMouth,C_facial_local_BLS,l_out_mouth_bls,611,-0.047573,0.05987,0.379748
THAIZ_BODY_PLY_localMouth,C_facial_local_BLS,l_out_mouth_bls,612,-0.031667,0.090857,0.263753
THAIZ_BODY_PLY_localMouth,C_facial_local_BLS,l_out_mouth_bls,613,0.00265,0.050679,0.151822
THAIZ_BODY_PLY_localMouth,C_facial_local_BLS,l_out_mouth_bls,616,0.014731,-0.022767,0.041514
THAIZ_BODY_PLY_localMouth,C_facial_local_BLS,l_out_mouth_bls,617,0.025782,0.014365,-0.011146
THAIZ_BODY_PLY_localMouth,C_facial_local_BLS,l_out_mouth_bls,624,0.021118,-0.022463,0.009414
THAIZ_BODY_PLY_localMouth,C_facial_local_BLS,l_out_mouth_bls,628,0.001278,0.024941,-0.032238
THAIZ_BODY_PLY_localMouth,C_facial_local_BLS,l_out_mouth_bls,629,3.8e-05,0.000134,-0.00012
THAIZ_BODY_PLY_localMouth,C_facial_local_BLS,l_out_mouth_bls,644,-0.03846,0.082942,-0.153927
THAIZ_BODY_PLY_localMouth,C_facial_local_BLS,l_out_mouth_bls,645,-0.007753,0.050152,-0.083941
THAIZ_BODY_PLY_localMouth,C_facial_local_BLS,l_out_mouth_bls,646,-0.009988,-0.037597,0.017819
THAIZ_BODY_PLY_localMouth,C_facial_local_BLS,l_out_mouth_bls,647,-0.01695,-0.037535,0.028747
THAIZ_BODY_PLY_localMouth,C_facial_local_BLS,l_out_mouth_bls,648,-0.015512,-0.030988,0.041281
THAIZ_BODY_PLY_localMouth,C_facial_local_BLS,l_out_mouth_bls,649,-0.010184,-0.02104,0.056114
THAIZ_BODY_PLY_localMouth,C_facial_local_BLS,l_out_mouth_bls,650,-0.009389,-0.014863,0.081555
THAIZ_BODY_PLY_localMouth,C_facial_local_BLS,l_out_mouth_bls,651,0.014983,-0.012054,0.073629
THAIZ_BODY_PLY_localMouth,C_facial_local_BLS,l_out_mouth_bls,652,0.032499,-0.010227,0.054761
THAIZ_BODY_PLY_localMouth,C_facial_local_BLS,l_out_mouth_bls,653,0.032074,-0.009119,0.009684
THAIZ_BODY_PLY_localMouth,C_facial_local_BLS,l_out_mouth_bls,654,0.022321,-0.008946,0.000277
THAIZ_BODY_PLY_localMouth,C_facial_local_BLS,l_out_mouth_bls,655,0.013541,-0.00993,-0.002195
THAIZ_BODY_PLY_localMouth,C_facial_local_BLS,l_out_mouth_bls,656,0.006696,-0.011709,0.00086
THAIZ_BODY_PLY_localMouth,C_facial_local_BLS,l_out_mouth_bls,657,0.003212,-0.022281,0.005232
THAIZ_BODY_PLY_localMouth,C_facial_local_BLS,l_out_mouth_bls,658,-0.001344,-0.030887,0.009858
THAIZ_BODY_PLY_localMouth,C_facial_local_BLS,l_out_mouth_bls,663,0.030704,0.025048,0.041497
THAIZ_BODY_PLY_localMouth,C_facial_local_BLS,l_out_mouth_bls,664,-0.034311,0.071861,0.351733
THAIZ_BODY_PLY_localMouth,C_facial_local_BLS,l_out_mouth_bls,665,-0.182951,0.101635,0.635059
THAIZ_BODY_PLY_localMouth,C_facial_local_BLS,l_out_mouth_bls,666,-0.507969,0.066525,0.920213
THAIZ_BODY_PLY_localMouth,C_facial_local_BLS,l_out_mouth_bls,667,-0.5737,0.15302,0.803665
THAIZ_BODY_PLY_localMouth,C_facial_local_BLS,l_out_mouth_bls,668,-0.307224,-0.001772,0.632056
THAIZ_BODY_PLY_localMouth,C_facial_local_BLS,l_out_mouth_bls,669,-0.103645,0.006902,0.349183
THAIZ_BODY_PLY_localMouth,C_facial_local_BLS,l_out_mouth_bls,670,0.012706,0.031588,0.126626
THAIZ_BODY_PLY_localMouth,C_facial_local_BLS,l_out_mouth_bls,671,0.012775,0.040149,-0.024134
THAIZ_BODY_PLY_localMouth,C_facial_local_BLS,l_out_mouth_bls,672,-0.000412,0.016069,-0.027126
THAIZ_BODY_PLY_localMouth,C_facial_local_BLS,l_out_mouth_bls,673,0.007244,0.001128,-0.011064
THAIZ_BODY_PLY_localMouth,C_facial_local_BLS,l_out_mouth_bls,674,0.000765,-0.000214,-0.000158
THAIZ_BODY_PLY_localMouth,C_facial_local_BLS,l_out_mouth_bls,675,1.7e-05,-3e-06,-6.6e-05
THAIZ_BODY_PLY_localMouth,C_facial_local_BLS,l_out_mouth_bls,676,0.009397,0.012211,0.015029
THAIZ_BODY_PLY_localMouth,C_facial_local_BLS,l_out_mouth_bls,677,0.056841,0.014807,0.022801
THAIZ_BODY_PLY_localMouth,C_facial_local_BLS,l_out_mouth_bls,678,0.065273,0.03231,0.034241
THAIZ_BODY_PLY_localMouth,C_facial_local_BLS,l_out_mouth_bls,679,-0.01627,0.067296,0.044832
THAIZ_BODY_PLY_localMouth,C_facial_local_BLS,l_out_mouth_bls,680,-0.188802,0.148567,0.123202
THAIZ_BODY_PLY_localMouth,C_facial_local_BLS,l_out_mouth_bls,681,-0.261938,0.090041,0.186047
THAIZ_BODY_PLY_localMouth,C_facial_local_BLS,l_out_mouth_bls,682,-0.595803,0.016073,0.516736
THAIZ_BODY_PLY_localMouth,C_facial_local_BLS,l_out_mouth_bls,683,-0.889426,-0.052124,0.779499
THAIZ_BODY_PLY_localMouth,C_facial_local_BLS,l_out_mouth_bls,684,-1.075173,-0.049912,0.923383
THAIZ_BODY_PLY_localMouth,C_facial_local_BLS,l_out_mouth_bls,685,-1.019999,0.086189,1.009243
THAIZ_BODY_PLY_localMouth,C_facial_local_BLS,l_out_mouth_bls,686,-0.665945,0.1271,0.818561
THAIZ_BODY_PLY_localMouth,C_facial_local_BLS,l_out_mouth_bls,687,-0.286194,0.141306,0.500668
THAIZ_BODY_PLY_localMouth,C_facial_local_BLS,l_out_mouth_bls,688,-0.011932,0.08728,0.189802
THAIZ_BODY_PLY_localMouth,C_facial_local_BLS,l_out_mouth_bls,689,0.00976,0.04595,0.099913
THAIZ_BODY_PLY_localMouth,C_facial_local_BLS,l_out_mouth_bls,693,0.041232,-0.013466,-0.061504
THAIZ_BODY_PLY_localMouth,C_facial_local_BLS,l_out_mouth_bls,694,0.019951,-0.050906,0.000426
THAIZ_BODY_PLY_localMouth,C_facial_local_BLS,l_out_mouth_bls,698,0.023885,-0.048203,-0.006232
THAIZ_BODY_PLY_localMouth,C_facial_local_BLS,l_out_mouth_bls,699,0.062331,-0.07445,-0.013165
THAIZ_BODY_PLY_localMouth,C_facial_local_BLS,l_out_mouth_bls,724,0.060924,0.0748,-0.01819
THAIZ_BODY_PLY_localMouth,C_facial_local_BLS,l_out_mouth_bls,725,-0.121822,0.133203,0.314062
THAIZ_BODY_PLY_localMouth,C_facial_local_BLS,l_out_mouth_bls,726,0.121086,0.056176,-0.037408
THAIZ_BODY_PLY_localMouth,C_facial_local_BLS,l_out_mouth_bls,727,0.085919,0.0404,0.017409
THAIZ_BODY_PLY_localMouth,C_facial_local_BLS,l_out_mouth_bls,728,0.09062,0.014256,0.041535
THAIZ_BODY_PLY_localMouth,C_facial_local_BLS,l_out_mouth_bls,729,0.107316,-0.002001,0.060791
THAIZ_BODY_PLY_localMouth,C_facial_local_BLS,l_out_mouth_bls,730,0.044348,-0.007389,0.053697
THAIZ_BODY_PLY_localMouth,C_facial_local_BLS,l_out_mouth_bls,731,0.013625,-0.006366,0.034492
THAIZ_BODY_PLY_localMouth,C_facial_local_BLS,l_out_mouth_bls,732,0.104695,0.110832,0.001791
THAIZ_BODY_PLY_localMouth,C_facial_local_BLS,l_out_mouth_bls,733,-0.046922,0.049136,0.218289
THAIZ_BODY_PLY_localMouth,C_facial_local_BLS,l_out_mouth_bls,734,0.130404,0.040383,-0.000477
THAIZ_BODY_PLY_localMouth,C_facial_local_BLS,l_out_mouth_bls,735,0.105607,0.018778,0.03412
THAIZ_BODY_PLY_localMouth,C_facial_local_BLS,l_out_mouth_bls,736,0.090072,-0.005056,0.051554
THAIZ_BODY_PLY_localMouth,C_facial_local_BLS,l_out_mouth_bls,737,0.07641,-0.017503,0.060086
THAIZ_BODY_PLY_localMouth,C_facial_local_BLS,l_out_mouth_bls,738,0.024288,-0.017901,0.036132
THAIZ_BODY_PLY_localMouth,C_facial_local_BLS,l_out_mouth_bls,739,0.010026,-0.014465,0.02006
THAIZ_BODY_PLY_localMouth,C_facial_local_BLS,l_out_mouth_bls,740,0.000456,0.03217,-0.024669
THAIZ_BODY_PLY_localMouth,C_facial_local_BLS,l_out_mouth_bls,741,0.000278,0.007935,-0.009174
THAIZ_BODY_PLY_localMouth,C_facial_local_BLS,l_out_mouth_bls,742,0.001016,0.005185,-0.005312
THAIZ_BODY_PLY_localMouth,C_facial_local_BLS,l_out_mouth_bls,743,0.000934,0.003384,-0.003126
THAIZ_BODY_PLY_localMouth,C_facial_local_BLS,l_out_mouth_bls,744,0.024515,0.010481,-0.013964
THAIZ_BODY_PLY_localMouth,C_facial_local_BLS,l_out_mouth_bls,747,0.008709,-0.010255,-0.009774
THAIZ_BODY_PLY_localMouth,C_facial_local_BLS,l_out_mouth_bls,748,0.07061,-0.059022,-0.033839
THAIZ_BODY_PLY_localMouth,C_facial_local_BLS,l_out_mouth_bls,749,0.065959,-0.082222,-0.015778
THAIZ_BODY_PLY_localMouth,C_facial_local_BLS,l_out_mouth_bls,750,0.021971,-0.043369,-0.003788
THAIZ_BODY_PLY_localMouth,C_facial_local_BLS,l_out_mouth_bls,752,0.386774,-0.401375,-0.046222
THAIZ_BODY_PLY_localMouth,C_facial_local_BLS,l_out_mouth_bls,753,0.226853,-0.197247,-0.036037
THAIZ_BODY_PLY_localMouth,C_facial_local_BLS,l_out_mouth_bls,754,0.286184,-0.274999,-0.051866
THAIZ_BODY_PLY_localMouth,C_facial_local_BLS,l_out_mouth_bls,755,0.118339,-0.02129,0.041416
THAIZ_BODY_PLY_localMouth,C_facial_local_BLS,l_out_mouth_bls,756,0.221215,-0.083735,0.115534
THAIZ_BODY_PLY_localMouth,C_facial_local_BLS,l_out_mouth_bls,757,0.388411,-0.168706,0.191242
THAIZ_BODY_PLY_localMouth,C_facial_local_BLS,l_out_mouth_bls,758,0.555691,-0.298713,0.245471
THAIZ_BODY_PLY_localMouth,C_facial_local_BLS,l_out_mouth_bls,759,0.544057,-0.362565,0.215458
THAIZ_BODY_PLY_localMouth,C_facial_local_BLS,l_out_mouth_bls,760,0.482672,-0.446893,0.091534
THAIZ_BODY_PLY_localMouth,C_facial_local_BLS,l_out_mouth_bls,761,0.561475,-0.416699,0.148172
THAIZ_BODY_PLY_localMouth,C_facial_local_BLS,l_out_mouth_bls,762,0.138935,-0.028211,0.029616
THAIZ_BODY_PLY_localMouth,C_facial_local_BLS,l_out_mouth_bls,763,0.241977,-0.076915,0.070795
THAIZ_BODY_PLY_localMouth,C_facial_local_BLS,l_out_mouth_bls,764,0.392016,-0.141471,0.101772
THAIZ_BODY_PLY_localMouth,C_facial_local_BLS,l_out_mouth_bls,765,0.578356,-0.230087,0.104755
THAIZ_BODY_PLY_localMouth,C_facial_local_BLS,l_out_mouth_bls,766,0.597944,-0.300579,0.083913
THAIZ_BODY_PLY_localMouth,C_facial_local_BLS,l_out_mouth_bls,767,0.434916,-0.341931,-0.006721
THAIZ_BODY_PLY_localMouth,C_facial_local_BLS,l_out_mouth_bls,768,0.542889,-0.348566,0.055105
THAIZ_BODY_PLY_localMouth,C_facial_local_BLS,l_out_mouth_bls,769,0.123972,-0.026266,0.018996
THAIZ_BODY_PLY_localMouth,C_facial_local_BLS,l_out_mouth_bls,770,0.200415,-0.058066,0.038425
THAIZ_BODY_PLY_localMouth,C_facial_local_BLS,l_out_mouth_bls,771,0.294024,-0.095873,0.047182
THAIZ_BODY_PLY_localMouth,C_facial_local_BLS,l_out_mouth_bls,772,0.387159,-0.134689,0.033128
THAIZ_BODY_PLY_localMouth,C_facial_local_BLS,l_out_mouth_bls,773,0.435584,-0.162261,-0.002476
THAIZ_BODY_PLY_localMouth,C_facial_local_BLS,l_out_mouth_bls,774,0.348278,-0.228128,-0.032664
THAIZ_BODY_PLY_localMouth,C_facial_local_BLS,l_out_mouth_bls,775,0.426229,-0.203767,-0.020091
THAIZ_BODY_PLY_localMouth,C_facial_local_BLS,l_out_mouth_bls,777,0.009272,-0.018636,-0.004744
THAIZ_BODY_PLY_localMouth,C_facial_local_BLS,l_out_mouth_bls,778,0.030142,-0.03555,-0.005988
THAIZ_BODY_PLY_localMouth,C_facial_local_BLS,l_out_mouth_bls,779,0.101771,-0.066061,-0.003779
THAIZ_BODY_PLY_localMouth,C_facial_local_BLS,l_out_mouth_bls,780,0.202165,-0.065981,0.010623
THAIZ_BODY_PLY_localMouth,C_facial_local_BLS,l_out_mouth_bls,781,0.131923,-0.065213,-0.004916
THAIZ_BODY_PLY_localMouth,C_facial_local_BLS,l_out_mouth_bls,782,0.147017,-0.060779,-0.004483
THAIZ_BODY_PLY_localMouth,C_facial_local_BLS,l_out_mouth_bls,783,0.182948,-0.065188,-0.00302
THAIZ_BODY_PLY_localMouth,C_facial_local_BLS,l_out_mouth_bls,784,0.178197,-0.054262,0.020062
THAIZ_BODY_PLY_localMouth,C_facial_local_BLS,l_out_mouth_bls,785,0.133815,-0.036389,0.018738
THAIZ_BODY_PLY_localMouth,C_facial_local_BLS,l_out_mouth_bls,786,0.088061,-0.018762,0.010705
THAIZ_BODY_PLY_localMouth,C_facial_local_BLS,l_out_mouth_bls,789,0.039663,-0.03646,0.030184
THAIZ_BODY_PLY_localMouth,C_facial_local_BLS,l_out_mouth_bls,790,0.113602,-0.215853,0.168121
THAIZ_BODY_PLY_localMouth,C_facial_local_BLS,l_out_mouth_bls,791,0.270558,-0.180402,-0.035385
THAIZ_BODY_PLY_localMouth,C_facial_local_BLS,l_out_mouth_bls,792,0.208119,-0.20451,-0.073389
THAIZ_BODY_PLY_localMouth,C_facial_local_BLS,l_out_mouth_bls,793,0.156622,-0.172334,-0.046538
THAIZ_BODY_PLY_localMouth,C_facial_local_BLS,l_out_mouth_bls,794,0.127376,-0.139228,-0.027137
THAIZ_BODY_PLY_localMouth,C_facial_local_BLS,l_out_mouth_bls,795,0.062477,-0.056762,-0.005118
THAIZ_BODY_PLY_localMouth,C_facial_local_BLS,l_out_mouth_bls,796,0.011736,-0.012582,0.001448
THAIZ_BODY_PLY_localMouth,C_facial_local_BLS,l_out_mouth_bls,798,0.048775,-0.038232,0.073261
THAIZ_BODY_PLY_localMouth,C_facial_local_BLS,l_out_mouth_bls,799,0.11234,-0.275665,0.433593
THAIZ_BODY_PLY_localMouth,C_facial_local_BLS,l_out_mouth_bls,800,0.146787,-0.328094,0.654522
THAIZ_BODY_PLY_localMouth,C_facial_local_BLS,l_out_mouth_bls,801,0.111702,-0.304581,0.94047
THAIZ_BODY_PLY_localMouth,C_facial_local_BLS,l_out_mouth_bls,802,-0.102807,-0.201083,1.11675
THAIZ_BODY_PLY_localMouth,C_facial_local_BLS,l_out_mouth_bls,803,-0.299171,-0.238129,1.195108
THAIZ_BODY_PLY_localMouth,C_facial_local_BLS,l_out_mouth_bls,804,-0.345566,-0.279059,1.185386
THAIZ_BODY_PLY_localMouth,C_facial_local_BLS,l_out_mouth_bls,805,-0.208043,-0.220863,0.973209
THAIZ_BODY_PLY_localMouth,C_facial_local_BLS,l_out_mouth_bls,806,-0.124713,-0.081939,0.554156
THAIZ_BODY_PLY_localMouth,C_facial_local_BLS,l_out_mouth_bls,807,-0.070645,0.01028,0.168788
THAIZ_BODY_PLY_localMouth,C_facial_local_BLS,l_out_mouth_bls,808,-0.037402,0.075147,-0.069367
THAIZ_BODY_PLY_localMouth,C_facial_local_BLS,l_out_mouth_bls,809,0.084281,0.123274,-0.070642
THAIZ_BODY_PLY_localMouth,C_facial_local_BLS,l_out_mouth_bls,810,0.05745,0.077881,0.010812
THAIZ_BODY_PLY_localMouth,C_facial_local_BLS,l_out_mouth_bls,811,0.008666,0.029466,-0.006773
THAIZ_BODY_PLY_localMouth,C_facial_local_BLS,l_out_mouth_bls,812,0.001457,0.009254,0.001419
THAIZ_BODY_PLY_localMouth,C_facial_local_BLS,l_out_mouth_bls,813,0.000122,0.000747,0.000451
THAIZ_BODY_PLY_localMouth,C_facial_local_BLS,l_out_mouth_bls,816,0.083425,0.049905,0.050673
THAIZ_BODY_PLY_localMouth,C_facial_local_BLS,l_out_mouth_bls,817,0.029363,0.034883,0.071521
THAIZ_BODY_PLY_localMouth,C_facial_local_BLS,l_out_mouth_bls,818,0.016053,0.002702,0.035753
THAIZ_BODY_PLY_localMouth,C_facial_local_BLS,l_out_mouth_bls,819,0.016925,-0.006263,0.020875
THAIZ_BODY_PLY_localMouth,C_facial_local_BLS,l_out_mouth_bls,820,0.010214,-0.004385,0.010911
THAIZ_BODY_PLY_localMouth,C_facial_local_BLS,l_out_mouth_bls,821,0.004239,-0.001255,0.00409
THAIZ_BODY_PLY_localMouth,C_facial_local_BLS,l_out_mouth_bls,822,7.2e-05,-8e-06,0.00011
THAIZ_BODY_PLY_localMouth,C_facial_local_BLS,l_out_mouth_bls,823,5e-06,-1e-06,9e-06
THAIZ_BODY_PLY_localMouth,C_facial_local_BLS,l_out_mouth_bls,825,1.1e-05,1e-06,1.2e-05
THAIZ_BODY_PLY_localMouth,C_facial_local_BLS,l_out_mouth_bls,826,0.002589,-0.000306,0.00227
THAIZ_BODY_PLY_localMouth,C_facial_local_BLS,l_out_mouth_bls,827,0.007945,-0.001507,0.008335
THAIZ_BODY_PLY_localMouth,C_facial_local_BLS,l_out_mouth_bls,828,0.014721,-0.003359,0.020764
THAIZ_BODY_PLY_localMouth,C_facial_local_BLS,l_out_mouth_bls,829,0.013728,-0.005495,0.039035
THAIZ_BODY_PLY_localMouth,C_facial_local_BLS,l_out_mouth_bls,830,0.008922,0.030685,0.083382
THAIZ_BODY_PLY_localMouth,C_facial_local_BLS,l_out_mouth_bls,831,0.012748,0.023856,0.095695
THAIZ_BODY_PLY_localMouth,C_facial_local_BLS,l_out_mouth_bls,835,-4.3e-05,0.000507,-0.000566
THAIZ_BODY_PLY_localMouth,C_facial_local_BLS,l_out_mouth_bls,836,-0.001308,0.01329,-0.016064
THAIZ_BODY_PLY_localMouth,C_facial_local_BLS,l_out_mouth_bls,837,-0.009138,0.046776,-0.065379
THAIZ_BODY_PLY_localMouth,C_facial_local_BLS,l_out_mouth_bls,838,-0.028578,0.089158,-0.146847
THAIZ_BODY_PLY_localMouth,C_facial_local_BLS,l_out_mouth_bls,839,-0.070751,0.13337,-0.235374
THAIZ_BODY_PLY_localMouth,C_facial_local_BLS,l_out_mouth_bls,859,0.037118,0.00246,0.024016
THAIZ_BODY_PLY_localMouth,C_facial_local_BLS,l_out_mouth_bls,860,0.036872,-0.009888,0.030416
THAIZ_BODY_PLY_localMouth,C_facial_local_BLS,l_out_mouth_bls,861,0.036055,-0.027002,0.038563
THAIZ_BODY_PLY_localMouth,C_facial_local_BLS,l_out_mouth_bls,862,0.050983,-0.019089,0.052208
THAIZ_BODY_PLY_localMouth,C_facial_local_BLS,l_out_mouth_bls,863,0.089062,-0.006764,0.063715
THAIZ_BODY_PLY_localMouth,C_facial_local_BLS,l_out_mouth_bls,864,0.128946,0.007304,0.044568
THAIZ_BODY_PLY_localMouth,C_facial_local_BLS,l_out_mouth_bls,865,0.095693,0.017972,0.021421
THAIZ_BODY_PLY_localMouth,C_facial_local_BLS,l_out_mouth_bls,866,0.004416,-0.000585,-0.002447
THAIZ_BODY_PLY_localMouth,C_facial_local_BLS,l_out_mouth_bls,867,0.001541,0.001652,-0.002681
THAIZ_BODY_PLY_localMouth,C_facial_local_BLS,l_out_mouth_bls,912,0.001403,0.000111,0.001108
THAIZ_BODY_PLY_localMouth,C_facial_local_BLS,l_out_mouth_bls,913,0.005725,0.000597,0.006186
THAIZ_BODY_PLY_localMouth,C_facial_local_BLS,l_out_mouth_bls,914,0.012394,0.002567,0.018166
THAIZ_BODY_PLY_localMouth,C_facial_local_BLS,l_out_mouth_bls,915,0.012154,0.006667,0.037982
THAIZ_BODY_PLY_localMouth,C_facial_local_BLS,l_out_mouth_bls,916,0.002332,0.039655,0.074704
THAIZ_BODY_PLY_localMouth,C_facial_local_BLS,l_out_mouth_bls,917,0.003585,0.035951,0.115752
THAIZ_BODY_PLY_localMouth,C_facial_local_BLS,l_out_mouth_bls,918,0.142367,0.075397,0.022327
THAIZ_BODY_PLY_localMouth,C_facial_local_BLS,l_out_mouth_bls,919,0.017784,0.011778,0.073628
THAIZ_BODY_PLY_localMouth,C_facial_local_BLS,l_out_mouth_bls,920,0.018161,-0.00974,0.044043
THAIZ_BODY_PLY_localMouth,C_facial_local_BLS,l_out_mouth_bls,921,0.017107,-0.014676,0.025408
THAIZ_BODY_PLY_localMouth,C_facial_local_BLS,l_out_mouth_bls,922,0.011208,-0.009631,0.014069
THAIZ_BODY_PLY_localMouth,C_facial_local_BLS,l_out_mouth_bls,923,0.005738,-0.003916,0.006582
THAIZ_BODY_PLY_localMouth,C_facial_local_BLS,l_out_mouth_bls,924,0.00035,-0.000195,0.000604
THAIZ_BODY_PLY_localMouth,C_facial_local_BLS,l_out_mouth_bls,925,2.6e-05,-1.5e-05,4.6e-05
THAIZ_BODY_PLY_localMouth,C_facial_local_BLS,l_out_mouth_bls,926,-0.034674,-0.040621,-0.000998
THAIZ_BODY_PLY_localMouth,C_facial_local_BLS,l_out_mouth_bls,927,-0.046454,-0.039409,0.010982
THAIZ_BODY_PLY_localMouth,C_facial_local_BLS,l_out_mouth_bls,928,-0.053023,-0.032981,0.026186
THAIZ_BODY_PLY_localMouth,C_facial_local_BLS,l_out_mouth_bls,929,-0.045734,-0.018378,0.047422
THAIZ_BODY_PLY_localMouth,C_facial_local_BLS,l_out_mouth_bls,930,-0.026382,-0.005198,0.063064
THAIZ_BODY_PLY_localMouth,C_facial_local_BLS,l_out_mouth_bls,931,0.003841,0.005718,0.061637
THAIZ_BODY_PLY_localMouth,C_facial_local_BLS,l_out_mouth_bls,932,-0.022748,-0.036969,-0.009722
THAIZ_BODY_PLY_localMouth,C_facial_local_BLS,l_out_mouth_bls,933,0.030266,0.001422,0.001075
THAIZ_BODY_PLY_localMouth,C_facial_local_BLS,l_out_mouth_bls,934,0.02243,-0.003149,-0.006336
THAIZ_BODY_PLY_localMouth,C_facial_local_BLS,l_out_mouth_bls,935,0.002275,-0.019021,-0.015568
THAIZ_BODY_PLY_localMouth,C_facial_local_BLS,l_out_mouth_bls,936,-0.012454,-0.03137,-0.014087
THAIZ_BODY_PLY_localMouth,C_facial_local_BLS,l_out_mouth_bls,937,0.014757,-0.0081,-0.011571
THAIZ_BODY_PLY_localMouth,C_facial_local_BLS,l_out_mouth_bls,938,0.027557,0.009847,0.043655
THAIZ_BODY_PLY_localMouth,C_facial_local_BLS,l_out_mouth_bls,939,0.035479,0.006737,0.018678
THAIZ_BODY_PLY_localMouth,C_facial_local_BLS,l_out_mouth_bls,940,0.003926,0.007334,0.006076
THAIZ_BODY_PLY_localMouth,C_facial_local_BLS,l_out_mouth_bls,941,0.017657,0.015694,0.00246
THAIZ_BODY_PLY_localMouth,C_facial_local_BLS,l_out_mouth_bls,942,0.046202,0.027013,-0.014102
THAIZ_BODY_PLY_localMouth,C_facial_local_BLS,l_out_mouth_bls,943,0.004362,0.056413,-1.2e-05
THAIZ_BODY_PLY_localMouth,C_facial_local_BLS,l_out_mouth_bls,944,-0.07162,0.084189,0.071261
THAIZ_BODY_PLY_localMouth,C_facial_local_BLS,l_out_mouth_bls,945,-0.200363,0.156098,0.157157
THAIZ_BODY_PLY_localMouth,C_facial_local_BLS,l_out_mouth_bls,946,-0.141251,0.107008,0.11806
THAIZ_BODY_PLY_localMouth,C_facial_local_BLS,l_out_mouth_bls,947,-0.421451,0.077589,0.46359
THAIZ_BODY_PLY_localMouth,C_facial_local_BLS,l_out_mouth_bls,948,-0.768283,0.001109,0.799686
THAIZ_BODY_PLY_localMouth,C_facial_local_BLS,l_out_mouth_bls,949,-0.928624,-0.020849,0.831291
THAIZ_BODY_PLY_localMouth,C_facial_local_BLS,l_out_mouth_bls,950,-0.837905,0.105042,0.769659
THAIZ_BODY_PLY_localMouth,C_facial_local_BLS,l_out_mouth_bls,951,-0.511104,0.107102,0.723789
THAIZ_BODY_PLY_localMouth,C_facial_local_BLS,l_out_mouth_bls,952,-0.211717,0.104113,0.468972
THAIZ_BODY_PLY_localMouth,C_facial_local_BLS,l_out_mouth_bls,953,0.006507,0.06225,0.147318
THAIZ_BODY_PLY_localMouth,C_facial_local_BLS,l_out_mouth_bls,954,0.013827,0.030377,0.061568
THAIZ_BODY_PLY_localMouth,C_facial_local_BLS,l_out_mouth_bls,960,0.00882,0.005517,0.019128
THAIZ_BODY_PLY_localMouth,C_facial_local_BLS,l_out_mouth_bls,961,0.012766,0.010992,0.047565
THAIZ_BODY_PLY_localMouth,C_facial_local_BLS,l_out_mouth_bls,962,0.014352,0.011439,0.08148
THAIZ_BODY_PLY_localMouth,C_facial_local_BLS,l_out_mouth_bls,963,0.018064,0.004183,0.116699
THAIZ_BODY_PLY_localMouth,C_facial_local_BLS,l_out_mouth_bls,964,0.050798,-0.038909,0.168699
THAIZ_BODY_PLY_localMouth,C_facial_local_BLS,l_out_mouth_bls,965,0.077153,-0.083722,0.17293
THAIZ_BODY_PLY_localMouth,C_facial_local_BLS,l_out_mouth_bls,966,0.093158,-0.116996,0.14392
THAIZ_BODY_PLY_localMouth,C_facial_local_BLS,l_out_mouth_bls,967,0.078934,-0.100591,0.080165
THAIZ_BODY_PLY_localMouth,C_facial_local_BLS,l_out_mouth_bls,968,0.047759,-0.063491,0.025649
THAIZ_BODY_PLY_localMouth,C_facial_local_BLS,l_out_mouth_bls,969,0.015518,-0.027554,-1.2e-05
THAIZ_BODY_PLY_localMouth,C_facial_local_BLS,l_out_mouth_bls,972,0.001098,0.00722,-0.010908
THAIZ_BODY_PLY_localMouth,C_facial_local_BLS,l_out_mouth_bls,973,0.000364,0.001824,-0.001696
THAIZ_BODY_PLY_localMouth,C_facial_local_BLS,l_out_mouth_bls,998,0.010477,0.006339,0.010083
THAIZ_BODY_PLY_localMouth,C_facial_local_BLS,l_out_mouth_bls,999,0.033592,0.026067,0.063476
THAIZ_BODY_PLY_localMouth,C_facial_local_BLS,l_out_mouth_bls,1000,-0.063998,0.05744,0.37637
THAIZ_BODY_PLY_localMouth,C_facial_local_BLS,l_out_mouth_bls,1001,-0.242576,0.047521,0.623826
THAIZ_BODY_PLY_localMouth,C_facial_local_BLS,l_out_mouth_bls,1002,-0.572696,-0.070697,0.74669
THAIZ_BODY_PLY_localMouth,C_facial_local_BLS,l_out_mouth_bls,1003,-0.722586,0.08157,0.62657
THAIZ_BODY_PLY_localMouth,C_facial_local_BLS,l_out_mouth_bls,1004,-0.46597,0.02372,0.565737
THAIZ_BODY_PLY_localMouth,C_facial_local_BLS,l_out_mouth_bls,1005,-0.175274,0.0219,0.302046
THAIZ_BODY_PLY_localMouth,C_facial_local_BLS,l_out_mouth_bls,1006,-0.027676,0.038832,0.104266
THAIZ_BODY_PLY_localMouth,C_facial_local_BLS,l_out_mouth_bls,1007,-0.042807,0.060928,0.028139
THAIZ_BODY_PLY_localMouth,C_facial_local_BLS,l_out_mouth_bls,1008,-0.028975,0.02421,0.028668
THAIZ_BODY_PLY_localMouth,C_facial_local_BLS,l_out_mouth_bls,1009,0.008403,0.001304,-0.002089
THAIZ_BODY_PLY_localMouth,C_facial_local_BLS,l_out_mouth_bls,1010,0.011302,-0.002039,0.00131
THAIZ_BODY_PLY_localMouth,C_facial_local_BLS,l_out_mouth_bls,1011,0.003617,-0.000644,0.003163
THAIZ_BODY_PLY_localMouth,C_facial_local_BLS,l_out_mouth_bls,1012,0.000819,-0.000135,0.001329
THAIZ_BODY_PLY_localMouth,C_facial_local_BLS,l_out_mouth_bls,1013,-0.051484,-0.027886,0.285615
THAIZ_BODY_PLY_localMouth,C_facial_local_BLS,l_out_mouth_bls,1014,0.01719,0.023891,0.0943
THAIZ_BODY_PLY_localMouth,C_facial_local_BLS,l_out_mouth_bls,1015,0.010988,0.034279,-0.03089
THAIZ_BODY_PLY_localMouth,C_facial_local_BLS,l_out_mouth_bls,1016,0.005953,0.013019,-0.039655
THAIZ_BODY_PLY_localMouth,C_facial_local_BLS,l_out_mouth_bls,1017,0.004094,0.002076,-0.011731
THAIZ_BODY_PLY_localMouth,C_facial_local_BLS,l_out_mouth_bls,1018,0.001888,0.00061,-0.003578
THAIZ_BODY_PLY_localMouth,C_facial_local_BLS,l_out_mouth_bls,1019,0.000199,0.000104,-0.000729
THAIZ_BODY_PLY_localMouth,C_facial_local_BLS,l_out_mouth_bls,1020,4e-06,8e-06,-4.1e-05
THAIZ_BODY_PLY_localMouth,C_facial_local_BLS,l_out_mouth_bls,1026,0.029399,0.022865,0.010689
THAIZ_BODY_PLY_localMouth,C_facial_local_BLS,l_out_mouth_bls,1027,-0.010104,0.082904,0.252363
THAIZ_BODY_PLY_localMouth,C_facial_local_BLS,l_out_mouth_bls,1028,-0.132201,0.154347,0.485079
THAIZ_BODY_PLY_localMouth,C_facial_local_BLS,l_out_mouth_bls,1029,-0.465582,0.184364,0.766289
THAIZ_BODY_PLY_localMouth,C_facial_local_BLS,l_out_mouth_bls,1030,-0.374727,-0.000503,0.781924
THAIZ_BODY_PLY_localMouth,C_facial_local_BLS,l_out_mouth_bls,1031,-0.204123,-0.114245,0.554175
THAIZ_BODY_PLY_localMouth,C_facial_local_BLS,l_out_mouth_bls,1032,-1.009329,-0.226234,1.116099
THAIZ_BODY_PLY_localMouth,C_facial_local_BLS,l_out_mouth_bls,1033,-0.985036,-0.087407,1.240714
THAIZ_BODY_PLY_localMouth,C_facial_local_BLS,l_out_mouth_bls,1034,-0.559816,0.100406,0.983968
THAIZ_BODY_PLY_localMouth,C_facial_local_BLS,l_out_mouth_bls,1035,-0.158175,0.065129,0.722064
THAIZ_BODY_PLY_localMouth,C_facial_local_BLS,l_out_mouth_bls,1036,-0.025761,-0.03453,0.513546
THAIZ_BODY_PLY_localMouth,C_facial_local_BLS,l_out_mouth_bls,1037,0.016146,-0.014416,0.292347
THAIZ_BODY_PLY_localMouth,C_facial_local_BLS,l_out_mouth_bls,1038,0.029442,-0.010661,0.148213
THAIZ_BODY_PLY_localMouth,C_facial_local_BLS,l_out_mouth_bls,1039,0.030509,-0.033274,0.070275
THAIZ_BODY_PLY_localMouth,C_facial_local_BLS,l_out_mouth_bls,1044,0.000471,0.000511,0.000288
THAIZ_BODY_PLY_localMouth,C_facial_local_BLS,l_out_mouth_bls,1045,0.002819,0.003549,0.003358
THAIZ_BODY_PLY_localMouth,C_facial_local_BLS,l_out_mouth_bls,1046,0.00635,0.010036,0.011483
THAIZ_BODY_PLY_localMouth,C_facial_local_BLS,l_out_mouth_bls,1047,0.003587,0.02098,0.03148
THAIZ_BODY_PLY_localMouth,C_facial_local_BLS,l_out_mouth_bls,1048,-0.007336,0.070677,0.081014
THAIZ_BODY_PLY_localMouth,C_facial_local_BLS,l_out_mouth_bls,1049,0.059227,0.107298,0.028017
THAIZ_BODY_PLY_localMouth,C_facial_local_BLS,l_out_mouth_bls,1050,0.188942,0.095043,-0.004657
THAIZ_BODY_PLY_localMouth,C_facial_local_BLS,l_out_mouth_bls,1051,0.194641,0.137453,-0.00998
THAIZ_BODY_PLY_localMouth,C_facial_local_BLS,l_out_mouth_bls,1052,0.002644,0.015298,0.087019
THAIZ_BODY_PLY_localMouth,C_facial_local_BLS,l_out_mouth_bls,1053,-0.295754,-0.102349,0.321607
THAIZ_BODY_PLY_localMouth,C_facial_local_BLS,l_out_mouth_bls,1054,-0.719689,-0.197759,0.75611
THAIZ_BODY_PLY_localMouth,C_facial_local_BLS,l_out_mouth_bls,1093,4e-06,-5e-06,7e-06
THAIZ_BODY_PLY_localMouth,C_facial_local_BLS,l_out_mouth_bls,1094,7.3e-05,-0.00019,0.00012
THAIZ_BODY_PLY_localMouth,C_facial_local_BLS,l_out_mouth_bls,1096,0.000721,-0.002107,0.000962
THAIZ_BODY_PLY_localMouth,C_facial_local_BLS,l_out_mouth_bls,1097,0.002641,-0.007632,0.003845
THAIZ_BODY_PLY_localMouth,C_facial_local_BLS,l_out_mouth_bls,1098,0.003574,-0.008889,0.008332
THAIZ_BODY_PLY_localMouth,C_facial_local_BLS,l_out_mouth_bls,1099,0.002725,0.006439,0.010787
THAIZ_BODY_PLY_localMouth,C_facial_local_BLS,l_out_mouth_bls,1102,0.000977,0.00532,0.003902
THAIZ_BODY_PLY_localMouth,C_facial_local_BLS,l_out_mouth_bls,1103,0.003516,-0.004312,0.012978
THAIZ_BODY_PLY_localMouth,C_facial_local_BLS,l_out_mouth_bls,1107,1.5e-05,-2e-06,3e-05
THAIZ_BODY_PLY_localMouth,C_facial_local_BLS,l_out_mouth_bls,1111,0.000994,0.002287,0.00253
THAIZ_BODY_PLY_localMouth,C_facial_local_BLS,l_out_mouth_bls,1160,1e-06,4e-06,2e-06
THAIZ_BODY_PLY_localMouth,C_facial_local_BLS,l_out_mouth_bls,1161,3e-06,1.7e-05,1.4e-05
THAIZ_BODY_PLY_localMouth,C_facial_local_BLS,l_out_mouth_bls,1162,2e-05,3.3e-05,2.2e-05
THAIZ_BODY_PLY_localMouth,C_facial_local_BLS,l_out_mouth_bls,1163,3.4e-05,3.6e-05,1.4e-05
THAIZ_BODY_PLY_localMouth,C_facial_local_BLS,l_out_mouth_bls,1164,6.2e-05,2.7e-05,3.5e-05
THAIZ_BODY_PLY_localMouth,C_facial_local_BLS,l_out_mouth_bls,1165,0.00016,1.8e-05,0.000119
THAIZ_BODY_PLY_localMouth,C_facial_local_BLS,l_out_mouth_bls,1166,0.000428,-2.4e-05,0.000398
THAIZ_BODY_PLY_localMouth,C_facial_local_BLS,l_out_mouth_bls,1167,0.00104,-0.000229,0.001176
THAIZ_BODY_PLY_localMouth,C_facial_local_BLS,l_out_mouth_bls,1168,0.002047,-0.001178,0.00269
THAIZ_BODY_PLY_localMouth,C_facial_local_BLS,l_out_mouth_bls,1169,0.003246,-0.00363,0.004447
THAIZ_BODY_PLY_localMouth,C_facial_local_BLS,l_out_mouth_bls,1170,0.00514,-0.015517,0.002506
THAIZ_BODY_PLY_localMouth,C_facial_local_BLS,l_out_mouth_bls,1171,0.001872,-0.021013,-0.007454
THAIZ_BODY_PLY_localMouth,C_facial_local_BLS,l_out_mouth_bls,1172,-0.004154,-0.025018,-0.015718
THAIZ_BODY_PLY_localMouth,C_facial_local_BLS,l_out_mouth_bls,1188,-0.075351,0.144808,-0.24486
THAIZ_BODY_PLY_localMouth,C_facial_local_BLS,l_out_mouth_bls,1189,-0.039338,0.099435,-0.155892
THAIZ_BODY_PLY_localMouth,C_facial_local_BLS,l_out_mouth_bls,1190,-0.015404,0.054754,-0.07292
THAIZ_BODY_PLY_localMouth,C_facial_local_BLS,l_out_mouth_bls,1191,-0.003599,0.020812,-0.022235
THAIZ_BODY_PLY_localMouth,C_facial_local_BLS,l_out_mouth_bls,1192,-0.00032,0.001827,-0.001575
THAIZ_BODY_PLY_localMouth,C_facial_local_BLS,l_out_mouth_bls,1193,-2e-06,1.5e-05,-1.1e-05
THAIZ_BODY_PLY_localMouth,C_facial_local_BLS,l_out_mouth_bls,1292,0.010038,-0.000533,-0.033034
THAIZ_BODY_PLY_localMouth,C_facial_local_BLS,l_out_mouth_bls,1293,0.086445,-0.056963,-0.05121
THAIZ_BODY_PLY_localMouth,C_facial_local_BLS,l_out_mouth_bls,1294,0.254368,-0.20202,-0.070138
THAIZ_BODY_PLY_localMouth,C_facial_local_BLS,l_out_mouth_bls,1295,0.427949,-0.415272,0.072164
THAIZ_BODY_PLY_localMouth,C_facial_local_BLS,l_out_mouth_bls,1296,0.605725,-0.655071,0.376057
THAIZ_BODY_PLY_localMouth,C_facial_local_BLS,l_out_mouth_bls,1297,0.698271,-0.593728,0.499361
THAIZ_BODY_PLY_localMouth,C_facial_local_BLS,l_out_mouth_bls,1298,0.617335,-0.504342,0.513383
THAIZ_BODY_PLY_localMouth,C_facial_local_BLS,l_out_mouth_bls,1299,0.487108,-0.396012,0.617043
THAIZ_BODY_PLY_localMouth,C_facial_local_BLS,l_out_mouth_bls,1300,0.381532,-0.196522,0.471025
THAIZ_BODY_PLY_localMouth,C_facial_local_BLS,l_out_mouth_bls,1301,0.257444,-0.075794,0.317805
THAIZ_BODY_PLY_localMouth,C_facial_local_BLS,l_out_mouth_bls,1302,0.161703,-0.003883,0.184195
THAIZ_BODY_PLY_localMouth,C_facial_local_BLS,l_out_mouth_bls,1303,-0.00721,0.101549,-0.104944
THAIZ_BODY_PLY_localMouth,C_facial_local_BLS,l_out_mouth_bls,1304,-0.059799,0.128605,-0.188353
THAIZ_BODY_PLY_localMouth,C_facial_local_BLS,l_out_mouth_bls,1305,-0.093712,0.144521,-0.229988
THAIZ_BODY_PLY_localMouth,C_facial_local_BLS,l_out_mouth_bls,1306,-0.104996,0.145567,-0.238667
THAIZ_BODY_PLY_localMouth,C_facial_local_BLS,l_out_mouth_bls,1312,0.049312,-0.005117,0.001515
THAIZ_BODY_PLY_localMouth,C_facial_local_BLS,l_out_mouth_bls,1313,0.066004,-0.002559,-0.001325
THAIZ_BODY_PLY_localMouth,C_facial_local_BLS,l_out_mouth_bls,1314,0.066265,0.008548,-0.010735
THAIZ_BODY_PLY_localMouth,C_facial_local_BLS,l_out_mouth_bls,1315,0.049573,0.027567,-0.026398
THAIZ_BODY_PLY_localMouth,C_facial_local_BLS,l_out_mouth_bls,1316,0.072511,0.05512,0.037386
THAIZ_BODY_PLY_localMouth,C_facial_local_BLS,l_out_mouth_bls,1317,0.018405,0.081053,0.024146
THAIZ_BODY_PLY_localMouth,C_facial_local_BLS,l_out_mouth_bls,1318,-0.042765,0.073507,-0.042727
THAIZ_BODY_PLY_localMouth,C_facial_local_BLS,l_out_mouth_bls,1319,0.039116,0.0512,-0.058459
THAIZ_BODY_PLY_localMouth,C_facial_local_BLS,l_out_mouth_bls,1320,0.193495,0.098057,-0.039395
THAIZ_BODY_PLY_localMouth,C_facial_local_BLS,l_out_mouth_bls,1321,-0.169402,0.135027,0.303079
THAIZ_BODY_PLY_localMouth,C_facial_local_BLS,l_out_mouth_bls,1322,0.115273,0.085662,-0.101107
THAIZ_BODY_PLY_localMouth,C_facial_local_BLS,l_out_mouth_bls,1323,0.048695,0.049766,-0.016909
THAIZ_BODY_PLY_localMouth,C_facial_local_BLS,l_out_mouth_bls,1324,0.074686,0.024653,0.022904
THAIZ_BODY_PLY_localMouth,C_facial_local_BLS,l_out_mouth_bls,1325,0.125073,0.006984,0.048558
THAIZ_BODY_PLY_localMouth,C_facial_local_BLS,l_out_mouth_bls,1326,0.123026,0.003147,0.059781
THAIZ_BODY_PLY_localMouth,C_facial_local_BLS,l_out_mouth_bls,1327,0.074193,0.006687,0.059799
THAIZ_BODY_PLY_localMouth,C_facial_local_BLS,l_out_mouth_bls,1328,0.022631,0.008932,0.044116
THAIZ_BODY_PLY_localMouth,C_facial_local_BLS,l_out_mouth_bls,1329,0.003824,0.003486,0.01722
THAIZ_BODY_PLY_localMouth,C_facial_local_BLS,l_out_mouth_bls,1330,0.003357,-0.032818,0.02489
THAIZ_BODY_PLY_localMouth,C_facial_local_BLS,l_out_mouth_bls,1331,0.000634,-0.030868,0.03793
THAIZ_BODY_PLY_localMouth,C_facial_local_BLS,l_out_mouth_bls,1332,0.011055,-0.015937,0.051558
THAIZ_BODY_PLY_localMouth,C_facial_local_BLS,l_out_mouth_bls,1333,0.024911,-0.012809,0.049136
THAIZ_BODY_PLY_localMouth,C_facial_local_BLS,l_out_mouth_bls,1334,0.011615,-0.01574,0.086257
THAIZ_BODY_PLY_localMouth,C_facial_local_BLS,l_out_mouth_bls,1335,0.030933,-0.020107,0.074984
THAIZ_BODY_PLY_localMouth,C_facial_local_BLS,l_out_mouth_bls,1336,0.037979,-0.023272,0.056891
THAIZ_BODY_PLY_localMouth,C_facial_local_BLS,l_out_mouth_bls,1337,0.034617,-0.02219,0.034446
THAIZ_BODY_PLY_localMouth,C_facial_local_BLS,l_out_mouth_bls,1338,0.027399,-0.017131,0.012646
THAIZ_BODY_PLY_localMouth,C_facial_local_BLS,l_out_mouth_bls,1339,0.01672,-0.012662,0.003733
THAIZ_BODY_PLY_localMouth,C_facial_local_BLS,l_out_mouth_bls,1340,0.008471,-0.009658,0.00224
THAIZ_BODY_PLY_localMouth,C_facial_local_BLS,l_out_mouth_bls,1341,0.003726,-0.005809,0.003626
THAIZ_BODY_PLY_localMouth,C_facial_local_BLS,l_out_mouth_bls,1342,0.004816,-0.008812,0.005473
THAIZ_BODY_PLY_localMouth,C_facial_local_BLS,l_out_mouth_bls,1343,0.006472,-0.014904,0.009377
THAIZ_BODY_PLY_localMouth,C_facial_local_BLS,l_out_mouth_bls,1344,0.007262,-0.024599,0.015666
THAIZ_BODY_PLY_localMouth,C_facial_local_BLS,l_out_mouth_bls,1349,0.00539,0.002512,0.007696
THAIZ_BODY_PLY_localMouth,C_facial_local_BLS,l_out_mouth_bls,1350,0.014455,0.01678,0.036509
THAIZ_BODY_PLY_localMouth,C_facial_local_BLS,l_out_mouth_bls,1351,0.022999,0.041211,0.111009
THAIZ_BODY_PLY_localMouth,C_facial_local_BLS,l_out_mouth_bls,1352,-0.153536,0.080491,0.420053
THAIZ_BODY_PLY_localMouth,C_facial_local_BLS,l_out_mouth_bls,1353,-0.407577,0.09599,0.639443
THAIZ_BODY_PLY_localMouth,C_facial_local_BLS,l_out_mouth_bls,1354,-0.723016,0.10074,0.687429
THAIZ_BODY_PLY_localMouth,C_facial_local_BLS,l_out_mouth_bls,1355,-0.846335,-0.066576,0.727198
THAIZ_BODY_PLY_localMouth,C_facial_local_BLS,l_out_mouth_bls,1356,-0.705404,-0.034952,0.686613
THAIZ_BODY_PLY_localMouth,C_facial_local_BLS,l_out_mouth_bls,1357,-0.353509,0.043402,0.369683
THAIZ_BODY_PLY_localMouth,C_facial_local_BLS,l_out_mouth_bls,1358,-0.138284,0.103485,0.12132
THAIZ_BODY_PLY_localMouth,C_facial_local_BLS,l_out_mouth_bls,1359,-0.199089,0.147519,0.161324
THAIZ_BODY_PLY_localMouth,C_facial_local_BLS,l_out_mouth_bls,1360,-0.062272,0.057397,0.066741
THAIZ_BODY_PLY_localMouth,C_facial_local_BLS,l_out_mouth_bls,1361,0.00591,0.013443,0.006385
THAIZ_BODY_PLY_localMouth,C_facial_local_BLS,l_out_mouth_bls,1362,0.033087,-0.002611,-6.2e-05
THAIZ_BODY_PLY_localMouth,C_facial_local_BLS,l_out_mouth_bls,1363,0.013093,0.000676,0.011032
THAIZ_BODY_PLY_localMouth,C_facial_local_BLS,l_out_mouth_bls,1364,0.004312,0.000706,0.008066
THAIZ_BODY_PLY_localMouth,C_facial_local_BLS,l_out_mouth_bls,1365,0.001088,0.000306,0.002687
THAIZ_BODY_PLY_localMouth,C_facial_local_BLS,l_out_mouth_bls,1366,0.004561,-0.049689,0.011515
THAIZ_BODY_PLY_localMouth,C_facial_local_BLS,l_out_mouth_bls,1367,0.001963,-0.051898,0.014115
THAIZ_BODY_PLY_localMouth,C_facial_local_BLS,l_out_mouth_bls,1368,0.000485,-0.052551,0.017439
THAIZ_BODY_PLY_localMouth,C_facial_local_BLS,l_out_mouth_bls,1369,0.001315,-0.051357,0.021256
THAIZ_BODY_PLY_localMouth,C_facial_local_BLS,l_out_mouth_bls,1370,0.004298,-0.048912,0.024145
THAIZ_BODY_PLY_localMouth,C_facial_local_BLS,l_out_mouth_bls,1371,0.009447,-0.045472,0.021901
THAIZ_BODY_PLY_localMouth,C_facial_local_BLS,l_out_mouth_bls,1372,0.013548,-0.041393,0.019608
THAIZ_BODY_PLY_localMouth,C_facial_local_BLS,l_out_mouth_bls,1373,0.014373,-0.041389,0.014365
THAIZ_BODY_PLY_localMouth,C_facial_local_BLS,l_out_mouth_bls,1374,0.013637,-0.040686,0.01068
THAIZ_BODY_PLY_localMouth,C_facial_local_BLS,l_out_mouth_bls,1375,0.012201,-0.040011,0.009069
THAIZ_BODY_PLY_localMouth,C_facial_local_BLS,l_out_mouth_bls,1376,0.010715,-0.039661,0.008184
THAIZ_BODY_PLY_localMouth,C_facial_local_BLS,l_out_mouth_bls,1377,0.009303,-0.039408,0.007831
THAIZ_BODY_PLY_localMouth,C_facial_local_BLS,l_out_mouth_bls,1378,0.009055,-0.04191,0.008626
THAIZ_BODY_PLY_localMouth,C_facial_local_BLS,l_out_mouth_bls,1379,0.008019,-0.044317,0.009528
THAIZ_BODY_PLY_localMouth,C_facial_local_BLS,l_out_mouth_bls,1380,0.006658,-0.046734,0.01018
THAIZ_BODY_PLY_localMouth,C_facial_local_BLS,l_out_mouth_bls,1381,-0.018976,-0.052046,0.005472
THAIZ_BODY_PLY_localMouth,C_facial_local_BLS,l_out_mouth_bls,1382,-0.027428,-0.052853,0.014359
THAIZ_BODY_PLY_localMouth,C_facial_local_BLS,l_out_mouth_bls,1383,-0.032522,-0.049359,0.025917
THAIZ_BODY_PLY_localMouth,C_facial_local_BLS,l_out_mouth_bls,1384,-0.029051,-0.040726,0.042526
THAIZ_BODY_PLY_localMouth,C_facial_local_BLS,l_out_mouth_bls,1385,-0.014304,-0.029437,0.051807
THAIZ_BODY_PLY_localMouth,C_facial_local_BLS,l_out_mouth_bls,1386,0.005763,-0.019392,0.050522
THAIZ_BODY_PLY_localMouth,C_facial_local_BLS,l_out_mouth_bls,1387,0.021939,-0.014793,0.037543
THAIZ_BODY_PLY_localMouth,C_facial_local_BLS,l_out_mouth_bls,1388,0.027457,-0.016328,0.020476
THAIZ_BODY_PLY_localMouth,C_facial_local_BLS,l_out_mouth_bls,1389,0.023904,-0.020009,0.008191
THAIZ_BODY_PLY_localMouth,C_facial_local_BLS,l_out_mouth_bls,1390,0.017787,-0.023091,0.002849
THAIZ_BODY_PLY_localMouth,C_facial_local_BLS,l_out_mouth_bls,1391,0.01203,-0.026057,-0.000102
THAIZ_BODY_PLY_localMouth,C_facial_local_BLS,l_out_mouth_bls,1392,0.004622,-0.032544,-0.003045
THAIZ_BODY_PLY_localMouth,C_facial_local_BLS,l_out_mouth_bls,1393,0.00084,-0.037286,-0.003753
THAIZ_BODY_PLY_localMouth,C_facial_local_BLS,l_out_mouth_bls,1394,-0.004265,-0.042787,-0.002945
THAIZ_BODY_PLY_localMouth,C_facial_local_BLS,l_out_mouth_bls,1395,-0.010886,-0.048137,-0.000294
THAIZ_BODY_PLY_localMouth,C_facial_local_BLS,l_out_mouth_bls,1396,-0.032968,-0.04714,-0.001029
THAIZ_BODY_PLY_localMouth,C_facial_local_BLS,l_out_mouth_bls,1397,-0.043769,-0.046558,0.010297
THAIZ_BODY_PLY_localMouth,C_facial_local_BLS,l_out_mouth_bls,1398,-0.049899,-0.04057,0.024689
THAIZ_BODY_PLY_localMouth,C_facial_local_BLS,l_out_mouth_bls,1399,-0.045243,-0.026483,0.047679
THAIZ_BODY_PLY_localMouth,C_facial_local_BLS,l_out_mouth_bls,1400,-0.024322,-0.011687,0.059978
THAIZ_BODY_PLY_localMouth,C_facial_local_BLS,l_out_mouth_bls,1401,0.003179,-0.000156,0.058842
THAIZ_BODY_PLY_localMouth,C_facial_local_BLS,l_out_mouth_bls,1402,0.025364,0.00421,0.041836
THAIZ_BODY_PLY_localMouth,C_facial_local_BLS,l_out_mouth_bls,1403,0.033068,7.3e-05,0.018819
THAIZ_BODY_PLY_localMouth,C_facial_local_BLS,l_out_mouth_bls,1404,0.027959,-0.006854,0.003304
THAIZ_BODY_PLY_localMouth,C_facial_local_BLS,l_out_mouth_bls,1405,0.020355,-0.0121,-0.002974
THAIZ_BODY_PLY_localMouth,C_facial_local_BLS,l_out_mouth_bls,1406,0.013044,-0.016712,-0.007406
THAIZ_BODY_PLY_localMouth,C_facial_local_BLS,l_out_mouth_bls,1407,0.001699,-0.025845,-0.01214
THAIZ_BODY_PLY_localMouth,C_facial_local_BLS,l_out_mouth_bls,1408,-0.004473,-0.031287,-0.013527
THAIZ_BODY_PLY_localMouth,C_facial_local_BLS,l_out_mouth_bls,1409,-0.012121,-0.037556,-0.012384
THAIZ_BODY_PLY_localMouth,C_facial_local_BLS,l_out_mouth_bls,1410,-0.021738,-0.043313,-0.00877
THAIZ_BODY_PLY_localMouth,C_facial_local_BLS,l_out_mouth_bls,1411,-0.004613,-0.05225,0.010036
THAIZ_BODY_PLY_localMouth,C_facial_local_BLS,l_out_mouth_bls,1412,-0.010114,-0.054387,0.015162
THAIZ_BODY_PLY_localMouth,C_facial_local_BLS,l_out_mouth_bls,1413,-0.013582,-0.05376,0.021865
THAIZ_BODY_PLY_localMouth,C_facial_local_BLS,l_out_mouth_bls,1414,-0.011276,-0.049448,0.030992
THAIZ_BODY_PLY_localMouth,C_facial_local_BLS,l_out_mouth_bls,1415,-0.002937,-0.043093,0.036644
THAIZ_BODY_PLY_localMouth,C_facial_local_BLS,l_out_mouth_bls,1416,0.008481,-0.036632,0.03538
THAIZ_BODY_PLY_localMouth,C_facial_local_BLS,l_out_mouth_bls,1417,0.017413,-0.032349,0.027897
THAIZ_BODY_PLY_localMouth,C_facial_local_BLS,l_out_mouth_bls,1418,0.020475,-0.031312,0.017635
THAIZ_BODY_PLY_localMouth,C_facial_local_BLS,l_out_mouth_bls,1419,0.018439,-0.031658,0.009851
THAIZ_BODY_PLY_localMouth,C_facial_local_BLS,l_out_mouth_bls,1420,0.014866,-0.032326,0.006473
THAIZ_BODY_PLY_localMouth,C_facial_local_BLS,l_out_mouth_bls,1421,0.011373,-0.033482,0.004889
THAIZ_BODY_PLY_localMouth,C_facial_local_BLS,l_out_mouth_bls,1422,0.007857,-0.036774,0.004641
THAIZ_BODY_PLY_localMouth,C_facial_local_BLS,l_out_mouth_bls,1423,0.006165,-0.04023,0.004527
THAIZ_BODY_PLY_localMouth,C_facial_local_BLS,l_out_mouth_bls,1424,0.003715,-0.044297,0.005384
THAIZ_BODY_PLY_localMouth,C_facial_local_BLS,l_out_mouth_bls,1425,0.000202,-0.0485,0.00686
THAIZ_BODY_PLY_localMouth,C_facial_local_BLS,l_out_mouth_bls,1431,0.013015,0.009338,0.021225
THAIZ_BODY_PLY_localMouth,C_facial_local_BLS,l_out_mouth_bls,1432,0.03002,0.029477,0.089152
THAIZ_BODY_PLY_localMouth,C_facial_local_BLS,l_out_mouth_bls,1433,-0.106495,0.064377,0.416804
THAIZ_BODY_PLY_localMouth,C_facial_local_BLS,l_out_mouth_bls,1434,-0.340586,0.068606,0.62383
THAIZ_BODY_PLY_localMouth,C_facial_local_BLS,l_out_mouth_bls,1435,-0.705623,0.017698,0.669962
THAIZ_BODY_PLY_localMouth,C_facial_local_BLS,l_out_mouth_bls,1436,-0.820478,-0.036471,0.628662
THAIZ_BODY_PLY_localMouth,C_facial_local_BLS,l_out_mouth_bls,1437,-0.641145,-0.036095,0.58708
THAIZ_BODY_PLY_localMouth,C_facial_local_BLS,l_out_mouth_bls,1438,-0.282582,0.007244,0.309393
THAIZ_BODY_PLY_localMouth,C_facial_local_BLS,l_out_mouth_bls,1439,-0.109987,0.037741,0.124759
THAIZ_BODY_PLY_localMouth,C_facial_local_BLS,l_out_mouth_bls,1440,-0.177056,0.128944,0.150553
THAIZ_BODY_PLY_localMouth,C_facial_local_BLS,l_out_mouth_bls,1441,-0.052736,0.039482,0.056283
THAIZ_BODY_PLY_localMouth,C_facial_local_BLS,l_out_mouth_bls,1442,0.005478,-0.009004,0.006996
THAIZ_BODY_PLY_localMouth,C_facial_local_BLS,l_out_mouth_bls,1443,0.021703,-0.013718,0.00614
THAIZ_BODY_PLY_localMouth,C_facial_local_BLS,l_out_mouth_bls,1444,0.00903,-0.004468,0.009862
THAIZ_BODY_PLY_localMouth,C_facial_local_BLS,l_out_mouth_bls,1445,0.003104,-0.001056,0.005771
THAIZ_BODY_PLY_localMouth,C_facial_local_BLS,l_out_mouth_bls,1446,0.000656,-2.1e-05,0.001548
THAIZ_BODY_PLY_localMouth,C_facial_local_BLS,l_out_mouth_bls,1472,0.0,-3e-06,2e-06
THAIZ_BODY_PLY_localMouth,C_facial_local_BLS,l_out_mouth_bls,1473,2.2e-05,-0.000179,7.5e-05
THAIZ_BODY_PLY_localMouth,C_facial_local_BLS,l_out_mouth_bls,1474,0.000182,-0.00279,0.001036
THAIZ_BODY_PLY_localMouth,C_facial_local_BLS,l_out_mouth_bls,1475,0.00055,-0.003991,0.002972
THAIZ_BODY_PLY_localMouth,C_facial_local_BLS,l_out_mouth_bls,1478,0.000833,-0.002004,0.004397
THAIZ_BODY_PLY_localMouth,C_facial_local_BLS,l_out_mouth_bls,1479,0.000422,0.001617,0.002014
THAIZ_BODY_PLY_localMouth,C_facial_local_BLS,l_out_mouth_bls,1487,6.9e-05,0.000202,0.000233
THAIZ_BODY_PLY_localMouth,C_facial_local_BLS,l_out_mouth_bls,1496,0.000168,0.001265,0.000728
THAIZ_BODY_PLY_localMouth,C_facial_local_BLS,l_out_mouth_bls,1509,0.000745,0.000524,0.003843
THAIZ_BODY_PLY_localMouth,C_facial_local_BLS,l_out_mouth_bls,1510,5.4e-05,1.9e-05,0.000165
THAIZ_BODY_PLY_localMouth,C_facial_local_BLS,l_out_mouth_bls,1511,4e-06,0.0,9e-06
THAIZ_BODY_PLY_localMouth,C_facial_local_BLS,l_out_mouth_bls,1516,8e-06,-1.6e-05,2e-05
THAIZ_BODY_PLY_localMouth,C_facial_local_BLS,l_out_mouth_bls,1517,0.000301,-0.000587,0.000615
THAIZ_BODY_PLY_localMouth,C_facial_local_BLS,l_out_mouth_bls,1518,0.001797,-0.003322,0.002732
THAIZ_BODY_PLY_localMouth,C_facial_local_BLS,l_out_mouth_bls,1519,0.004584,-0.006801,0.003026
THAIZ_BODY_PLY_localMouth,C_facial_local_BLS,l_out_mouth_bls,1520,0.008667,-0.010687,-0.000613
THAIZ_BODY_PLY_localMouth,C_facial_local_BLS,l_out_mouth_bls,1521,0.010568,-0.011457,-0.009487
THAIZ_BODY_PLY_localMouth,C_facial_local_BLS,l_out_mouth_bls,1522,0.008301,-0.01344,-0.014421
THAIZ_BODY_PLY_localMouth,C_facial_local_BLS,l_out_mouth_bls,1523,0.007241,-0.021109,-0.009963
THAIZ_BODY_PLY_localMouth,C_facial_local_BLS,l_out_mouth_bls,1524,0.008065,-0.028899,-0.001685
THAIZ_BODY_PLY_localMouth,C_facial_local_BLS,l_out_mouth_bls,1525,0.009328,-0.034733,0.004839
THAIZ_BODY_PLY_localMouth,C_facial_local_BLS,l_out_mouth_bls,1526,0.009889,-0.039383,0.008151
THAIZ_BODY_PLY_localMouth,C_facial_local_BLS,l_out_mouth_bls,1527,0.009312,-0.043437,0.009589
THAIZ_BODY_PLY_localMouth,C_facial_local_BLS,l_out_mouth_bls,1528,0.009039,-0.045168,0.010174
THAIZ_BODY_PLY_localMouth,C_facial_local_BLS,l_out_mouth_bls,1529,0.008605,-0.046661,0.011493
THAIZ_BODY_PLY_localMouth,C_facial_local_BLS,l_out_mouth_bls,1530,0.008433,-0.047662,0.013326
THAIZ_BODY_PLY_localMouth,C_facial_local_BLS,l_out_mouth_bls,1531,0.008801,-0.047649,0.016149
THAIZ_BODY_PLY_localMouth,C_facial_local_BLS,l_out_mouth_bls,3321,0.002637,-0.003017,-0.000931
THAIZ_BODY_PLY_localMouth,C_facial_local_BLS,l_out_mouth_bls,3324,0.010674,-0.005448,-0.000823
THAIZ_BODY_PLY_localMouth,C_facial_local_BLS,l_out_mouth_bls,3326,0.076608,-0.023507,0.002967
THAIZ_BODY_PLY_localMouth,C_facial_local_BLS,l_out_mouth_bls,3328,0.017607,-0.007073,-0.000949
THAIZ_BODY_PLY_localMouth,C_facial_local_BLS,l_out_mouth_bls,3329,0.024333,-0.008323,-0.000863
THAIZ_BODY_PLY_localMouth,C_facial_local_BLS,l_out_mouth_bls,3331,0.046297,-0.015268,-0.000862
THAIZ_BODY_PLY_localMouth,C_facial_local_BLS,l_out_mouth_bls,3333,0.08343,-0.023982,0.007418
THAIZ_BODY_PLY_localMouth,C_facial_local_BLS,l_out_mouth_bls,3335,0.068694,-0.017588,0.007647
THAIZ_BODY_PLY_localMouth,C_facial_local_BLS,l_out_mouth_bls,3337,0.046699,-0.009664,0.004793
THAIZ_BODY_PLY_localMouth,C_facial_local_BLS,l_out_mouth_bls,3440,0.005835,-0.004016,-0.000614
THAIZ_BODY_PLY_localMouth,C_facial_local_BLS,l_out_mouth_bls,6376,0.025461,-0.003192,0.00123
THAIZ_BODY_PLY_localMouth,C_facial_local_BLS,l_out_mouth_bls,6931,0.001013,0.008394,-0.001192
THAIZ_BODY_PLY_localMouth,C_facial_local_BLS,l_out_mouth_bls,6932,0.001581,0.022287,-0.006389
THAIZ_BODY_PLY_localMouth,C_facial_local_BLS,l_out_mouth_bls,6933,0.000555,0.045315,-0.017292
THAIZ_BODY_PLY_localMouth,C_facial_local_BLS,l_out_mouth_bls,6934,-0.008196,0.068878,-0.017217
THAIZ_BODY_PLY_localMouth,C_facial_local_BLS,l_out_mouth_bls,6935,-0.020193,0.064297,0.057974
THAIZ_BODY_PLY_localMouth,C_facial_local_BLS,l_out_mouth_bls,6936,-0.052199,-0.004912,0.132186
THAIZ_BODY_PLY_localMouth,C_facial_local_BLS,l_out_mouth_bls,6937,-0.125398,-0.135293,0.243432
THAIZ_BODY_PLY_localMouth,C_facial_local_BLS,l_out_mouth_bls,6938,-0.153802,-0.148431,0.351563
THAIZ_BODY_PLY_localMouth,C_facial_local_BLS,l_out_mouth_bls,6939,-0.203293,0.120379,0.395035
THAIZ_BODY_PLY_localMouth,C_facial_local_BLS,l_out_mouth_bls,6940,-0.070302,0.096834,0.17094
THAIZ_BODY_PLY_localMouth,C_facial_local_BLS,l_out_mouth_bls,6941,0.008642,0.015933,0.062091
THAIZ_BODY_PLY_localMouth,C_facial_local_BLS,l_out_mouth_bls,6942,0.017651,-0.005711,-0.033322
THAIZ_BODY_PLY_localMouth,C_facial_local_BLS,l_out_mouth_bls,8011,-1e-06,-4e-06,2e-06
THAIZ_BODY_PLY_localMouth,C_facial_local_BLS,l_out_mouth_bls,8160,-0.0,-4e-06,1e-05
THAIZ_BODY_PLY_localMouth,C_facial_local_BLS,l_out_mouth_bls,8168,-6e-06,-2.4e-05,2.1e-05
THAIZ_BODY_PLY_localMouth,C_facial_local_BLS,l_out_mouth_bls,8525,-1e-06,-8e-06,3e-06
THAIZ_BODY_PLY_localMouth,C_facial_local_BLS,l_out_mouth_bls,8526,-9.1e-05,-0.000454,0.000162
THAIZ_BODY_PLY_localMouth,C_facial_local_BLS,l_out_mouth_bls,8527,-0.000124,-0.000999,0.000758
THAIZ_BODY_PLY_localMouth,C_facial_local_BLS,l_out_mouth_bls,8528,3.4e-05,0.00013,0.000153
THAIZ_BODY_PLY_localMouth,C_facial_local_BLS,l_out_mouth_bls,8531,1e-06,4e-06,3e-06
THAIZ_BODY_PLY_localMouth,C_facial_local_BLS,l_out_mouth_bls,8532,5.5e-05,-0.000442,0.001072
THAIZ_BODY_PLY_localMouth,C_facial_local_BLS,l_out_mouth_bls,8757,0.0,0.0,2e-06
THAIZ_BODY_PLY_localMouth,C_facial_local_BLS,l_out_mouth_bls,8758,0.000103,0.000107,0.000632
THAIZ_BODY_PLY_localMouth,C_facial_local_BLS,l_up_mouth_bls,2,0.001968,0.000814,-0.000228
THAIZ_BODY_PLY_localMouth,C_facial_local_BLS,l_up_mouth_bls,3,0.0147,0.005592,-0.001924
THAIZ_BODY_PLY_localMouth,C_facial_local_BLS,l_up_mouth_bls,4,0.040045,0.013574,-0.00595
THAIZ_BODY_PLY_localMouth,C_facial_local_BLS,l_up_mouth_bls,5,0.07363,0.022107,-0.012638
THAIZ_BODY_PLY_localMouth,C_facial_local_BLS,l_up_mouth_bls,6,0.11545,0.036088,-0.0215
THAIZ_BODY_PLY_localMouth,C_facial_local_BLS,l_up_mouth_bls,7,0.212963,0.083775,-0.056421
THAIZ_BODY_PLY_localMouth,C_facial_local_BLS,l_up_mouth_bls,8,0.422257,-0.131366,-0.231834
THAIZ_BODY_PLY_localMouth,C_facial_local_BLS,l_up_mouth_bls,9,0.232591,-0.144068,-0.101187
THAIZ_BODY_PLY_localMouth,C_facial_local_BLS,l_up_mouth_bls,10,0.084632,-0.103017,-0.011766
THAIZ_BODY_PLY_localMouth,C_facial_local_BLS,l_up_mouth_bls,11,0.03174,-0.02872,0.000976
THAIZ_BODY_PLY_localMouth,C_facial_local_BLS,l_up_mouth_bls,12,0.29407,0.008655,-0.086709
THAIZ_BODY_PLY_localMouth,C_facial_local_BLS,l_up_mouth_bls,13,0.40912,0.120634,-0.089997
THAIZ_BODY_PLY_localMouth,C_facial_local_BLS,l_up_mouth_bls,14,0.123041,0.034889,-0.018625
THAIZ_BODY_PLY_localMouth,C_facial_local_BLS,l_up_mouth_bls,15,0.060209,0.015917,-0.009681
THAIZ_BODY_PLY_localMouth,C_facial_local_BLS,l_up_mouth_bls,16,0.022987,0.007306,-0.003123
THAIZ_BODY_PLY_localMouth,C_facial_local_BLS,l_up_mouth_bls,17,0.003614,0.001318,-0.000419
THAIZ_BODY_PLY_localMouth,C_facial_local_BLS,l_up_mouth_bls,24,0.007766,0.003009,-0.001003
THAIZ_BODY_PLY_localMouth,C_facial_local_BLS,l_up_mouth_bls,25,0.02973,0.010364,-0.004356
THAIZ_BODY_PLY_localMouth,C_facial_local_BLS,l_up_mouth_bls,26,0.063828,0.028665,-0.011507
THAIZ_BODY_PLY_localMouth,C_facial_local_BLS,l_up_mouth_bls,27,0.106034,0.060909,-0.026267
THAIZ_BODY_PLY_localMouth,C_facial_local_BLS,l_up_mouth_bls,28,0.132632,0.070483,-0.028549
THAIZ_BODY_PLY_localMouth,C_facial_local_BLS,l_up_mouth_bls,29,0.146047,0.059285,-0.010634
THAIZ_BODY_PLY_localMouth,C_facial_local_BLS,l_up_mouth_bls,30,0.133879,0.059586,0.054152
THAIZ_BODY_PLY_localMouth,C_facial_local_BLS,l_up_mouth_bls,31,0.056775,0.099995,0.144785
THAIZ_BODY_PLY_localMouth,C_facial_local_BLS,l_up_mouth_bls,32,-0.012952,0.165183,0.163484
THAIZ_BODY_PLY_localMouth,C_facial_local_BLS,l_up_mouth_bls,33,0.103451,0.160529,0.065754
THAIZ_BODY_PLY_localMouth,C_facial_local_BLS,l_up_mouth_bls,34,0.223291,0.138411,-0.019507
THAIZ_BODY_PLY_localMouth,C_facial_local_BLS,l_up_mouth_bls,35,0.112379,0.048642,-0.012651
THAIZ_BODY_PLY_localMouth,C_facial_local_BLS,l_up_mouth_bls,36,0.055762,0.016074,-0.008652
THAIZ_BODY_PLY_localMouth,C_facial_local_BLS,l_up_mouth_bls,37,0.016826,0.00554,-0.002256
THAIZ_BODY_PLY_localMouth,C_facial_local_BLS,l_up_mouth_bls,38,0.000466,0.000174,-5.3e-05
THAIZ_BODY_PLY_localMouth,C_facial_local_BLS,l_up_mouth_bls,39,1e-06,0.0,-0.0
THAIZ_BODY_PLY_localMouth,C_facial_local_BLS,l_up_mouth_bls,45,0.001418,0.000597,-0.000172
THAIZ_BODY_PLY_localMouth,C_facial_local_BLS,l_up_mouth_bls,46,0.016539,0.013617,-0.002391
THAIZ_BODY_PLY_localMouth,C_facial_local_BLS,l_up_mouth_bls,47,0.056876,0.071246,-0.01102
THAIZ_BODY_PLY_localMouth,C_facial_local_BLS,l_up_mouth_bls,48,0.101025,0.109407,-0.022442
THAIZ_BODY_PLY_localMouth,C_facial_local_BLS,l_up_mouth_bls,49,0.114851,0.094727,-0.021448
THAIZ_BODY_PLY_localMouth,C_facial_local_BLS,l_up_mouth_bls,50,0.111823,0.093416,0.004717
THAIZ_BODY_PLY_localMouth,C_facial_local_BLS,l_up_mouth_bls,51,0.118596,0.105312,0.064641
THAIZ_BODY_PLY_localMouth,C_facial_local_BLS,l_up_mouth_bls,52,0.079342,0.137595,0.149347
THAIZ_BODY_PLY_localMouth,C_facial_local_BLS,l_up_mouth_bls,53,0.012182,0.184938,0.177113
THAIZ_BODY_PLY_localMouth,C_facial_local_BLS,l_up_mouth_bls,54,0.038575,0.192826,0.100013
THAIZ_BODY_PLY_localMouth,C_facial_local_BLS,l_up_mouth_bls,55,0.090289,0.161084,0.03545
THAIZ_BODY_PLY_localMouth,C_facial_local_BLS,l_up_mouth_bls,56,0.08506,0.065291,-0.003613
THAIZ_BODY_PLY_localMouth,C_facial_local_BLS,l_up_mouth_bls,57,0.040864,0.016876,-0.005154
THAIZ_BODY_PLY_localMouth,C_facial_local_BLS,l_up_mouth_bls,58,0.009453,0.003678,-0.00115
THAIZ_BODY_PLY_localMouth,C_facial_local_BLS,l_up_mouth_bls,59,0.000337,0.000143,-3.5e-05
THAIZ_BODY_PLY_localMouth,C_facial_local_BLS,l_up_mouth_bls,60,6e-06,3e-06,-0.0
THAIZ_BODY_PLY_localMouth,C_facial_local_BLS,l_up_mouth_bls,65,3e-05,2e-05,-1e-06
THAIZ_BODY_PLY_localMouth,C_facial_local_BLS,l_up_mouth_bls,66,0.004705,0.003087,-0.000206
THAIZ_BODY_PLY_localMouth,C_facial_local_BLS,l_up_mouth_bls,67,0.022528,0.015422,0.000334
THAIZ_BODY_PLY_localMouth,C_facial_local_BLS,l_up_mouth_bls,68,0.048136,0.038364,0.005487
THAIZ_BODY_PLY_localMouth,C_facial_local_BLS,l_up_mouth_bls,69,0.074083,0.06003,0.002055
THAIZ_BODY_PLY_localMouth,C_facial_local_BLS,l_up_mouth_bls,70,0.085235,0.079851,-0.010319
THAIZ_BODY_PLY_localMouth,C_facial_local_BLS,l_up_mouth_bls,71,0.101065,0.086879,-0.011423
THAIZ_BODY_PLY_localMouth,C_facial_local_BLS,l_up_mouth_bls,72,0.11323,0.083931,-0.005177
THAIZ_BODY_PLY_localMouth,C_facial_local_BLS,l_up_mouth_bls,73,0.10853,0.076381,0.010532
THAIZ_BODY_PLY_localMouth,C_facial_local_BLS,l_up_mouth_bls,74,0.095512,0.076704,0.021115
THAIZ_BODY_PLY_localMouth,C_facial_local_BLS,l_up_mouth_bls,75,0.071075,0.075386,0.015563
THAIZ_BODY_PLY_localMouth,C_facial_local_BLS,l_up_mouth_bls,76,0.044611,0.055502,0.007979
THAIZ_BODY_PLY_localMouth,C_facial_local_BLS,l_up_mouth_bls,77,0.022095,0.024486,0.001841
THAIZ_BODY_PLY_localMouth,C_facial_local_BLS,l_up_mouth_bls,78,0.007901,0.007271,0.00024
THAIZ_BODY_PLY_localMouth,C_facial_local_BLS,l_up_mouth_bls,79,0.001476,0.001224,9e-06
THAIZ_BODY_PLY_localMouth,C_facial_local_BLS,l_up_mouth_bls,80,0.000174,0.000147,3e-06
THAIZ_BODY_PLY_localMouth,C_facial_local_BLS,l_up_mouth_bls,81,1.3e-05,1.1e-05,0.0
THAIZ_BODY_PLY_localMouth,C_facial_local_BLS,l_up_mouth_bls,85,6e-06,5e-06,-0.0
THAIZ_BODY_PLY_localMouth,C_facial_local_BLS,l_up_mouth_bls,86,0.000788,0.000605,-4e-06
THAIZ_BODY_PLY_localMouth,C_facial_local_BLS,l_up_mouth_bls,87,0.015026,0.006135,-0.001133
THAIZ_BODY_PLY_localMouth,C_facial_local_BLS,l_up_mouth_bls,88,0.020345,0.023906,0.010336
THAIZ_BODY_PLY_localMouth,C_facial_local_BLS,l_up_mouth_bls,89,0.042706,0.032918,-0.000596
THAIZ_BODY_PLY_localMouth,C_facial_local_BLS,l_up_mouth_bls,90,0.051211,0.040673,-0.002543
THAIZ_BODY_PLY_localMouth,C_facial_local_BLS,l_up_mouth_bls,91,0.049305,0.042771,-0.003142
THAIZ_BODY_PLY_localMouth,C_facial_local_BLS,l_up_mouth_bls,92,0.046003,0.044504,-0.001582
THAIZ_BODY_PLY_localMouth,C_facial_local_BLS,l_up_mouth_bls,93,0.03944,0.042825,0.002799
THAIZ_BODY_PLY_localMouth,C_facial_local_BLS,l_up_mouth_bls,94,0.032055,0.039125,0.007084
THAIZ_BODY_PLY_localMouth,C_facial_local_BLS,l_up_mouth_bls,95,0.023493,0.032633,0.007508
THAIZ_BODY_PLY_localMouth,C_facial_local_BLS,l_up_mouth_bls,96,0.015168,0.022526,0.004894
THAIZ_BODY_PLY_localMouth,C_facial_local_BLS,l_up_mouth_bls,97,0.007532,0.01039,0.001812
THAIZ_BODY_PLY_localMouth,C_facial_local_BLS,l_up_mouth_bls,98,0.002857,0.003553,0.000525
THAIZ_BODY_PLY_localMouth,C_facial_local_BLS,l_up_mouth_bls,99,0.000578,0.000661,8.1e-05
THAIZ_BODY_PLY_localMouth,C_facial_local_BLS,l_up_mouth_bls,100,9.2e-05,0.000105,1.3e-05
THAIZ_BODY_PLY_localMouth,C_facial_local_BLS,l_up_mouth_bls,101,1e-05,1.2e-05,1e-06
THAIZ_BODY_PLY_localMouth,C_facial_local_BLS,l_up_mouth_bls,109,3e-06,3e-06,0.0
THAIZ_BODY_PLY_localMouth,C_facial_local_BLS,l_up_mouth_bls,110,8e-06,1e-05,0.0
THAIZ_BODY_PLY_localMouth,C_facial_local_BLS,l_up_mouth_bls,111,3e-05,5.1e-05,6e-06
THAIZ_BODY_PLY_localMouth,C_facial_local_BLS,l_up_mouth_bls,112,5.5e-05,9.9e-05,2.7e-05
THAIZ_BODY_PLY_localMouth,C_facial_local_BLS,l_up_mouth_bls,113,9.3e-05,0.000156,5.5e-05
THAIZ_BODY_PLY_localMouth,C_facial_local_BLS,l_up_mouth_bls,114,7.6e-05,0.000123,4.4e-05
THAIZ_BODY_PLY_localMouth,C_facial_local_BLS,l_up_mouth_bls,115,4.9e-05,7.6e-05,2.3e-05
THAIZ_BODY_PLY_localMouth,C_facial_local_BLS,l_up_mouth_bls,116,1.9e-05,2.9e-05,7e-06
THAIZ_BODY_PLY_localMouth,C_facial_local_BLS,l_up_mouth_bls,117,3e-06,5e-06,1e-06
THAIZ_BODY_PLY_localMouth,C_facial_local_BLS,l_up_mouth_bls,169,0.000929,-0.000199,-0.001209
THAIZ_BODY_PLY_localMouth,C_facial_local_BLS,l_up_mouth_bls,170,0.001277,-0.001019,-0.006669
THAIZ_BODY_PLY_localMouth,C_facial_local_BLS,l_up_mouth_bls,171,-0.002698,0.0002,-0.001764
THAIZ_BODY_PLY_localMouth,C_facial_local_BLS,l_up_mouth_bls,172,0.001775,-0.001035,-0.001713
THAIZ_BODY_PLY_localMouth,C_facial_local_BLS,l_up_mouth_bls,173,0.000916,0.000735,9e-06
THAIZ_BODY_PLY_localMouth,C_facial_local_BLS,l_up_mouth_bls,174,0.003403,0.00272,1.5e-05
THAIZ_BODY_PLY_localMouth,C_facial_local_BLS,l_up_mouth_bls,175,0.005066,0.004119,-1e-06
THAIZ_BODY_PLY_localMouth,C_facial_local_BLS,l_up_mouth_bls,176,0.005701,0.005152,-1e-05
THAIZ_BODY_PLY_localMouth,C_facial_local_BLS,l_up_mouth_bls,177,0.006546,0.007434,0.000202
THAIZ_BODY_PLY_localMouth,C_facial_local_BLS,l_up_mouth_bls,178,0.006806,0.009496,0.000963
THAIZ_BODY_PLY_localMouth,C_facial_local_BLS,l_up_mouth_bls,179,0.006801,0.01042,0.00213
THAIZ_BODY_PLY_localMouth,C_facial_local_BLS,l_up_mouth_bls,180,0.00582,0.009307,0.002522
THAIZ_BODY_PLY_localMouth,C_facial_local_BLS,l_up_mouth_bls,181,0.004094,0.006596,0.00177
THAIZ_BODY_PLY_localMouth,C_facial_local_BLS,l_up_mouth_bls,182,0.002166,0.003303,0.000776
THAIZ_BODY_PLY_localMouth,C_facial_local_BLS,l_up_mouth_bls,183,0.000882,0.00125,0.000259
THAIZ_BODY_PLY_localMouth,C_facial_local_BLS,l_up_mouth_bls,184,0.000183,0.00024,4.4e-05
THAIZ_BODY_PLY_localMouth,C_facial_local_BLS,l_up_mouth_bls,185,3.3e-05,4.3e-05,8e-06
THAIZ_BODY_PLY_localMouth,C_facial_local_BLS,l_up_mouth_bls,186,5e-06,6e-06,1e-06
THAIZ_BODY_PLY_localMouth,C_facial_local_BLS,l_up_mouth_bls,200,1e-06,2e-06,1e-06
THAIZ_BODY_PLY_localMouth,C_facial_local_BLS,l_up_mouth_bls,201,3e-06,5e-06,2e-06
THAIZ_BODY_PLY_localMouth,C_facial_local_BLS,l_up_mouth_bls,202,2e-06,4e-06,2e-06
THAIZ_BODY_PLY_localMouth,C_facial_local_BLS,l_up_mouth_bls,203,2e-06,3e-06,1e-06
THAIZ_BODY_PLY_localMouth,C_facial_local_BLS,l_up_mouth_bls,210,0.001,0.000477,0.004523
THAIZ_BODY_PLY_localMouth,C_facial_local_BLS,l_up_mouth_bls,211,0.001077,-0.000278,0.002341
THAIZ_BODY_PLY_localMouth,C_facial_local_BLS,l_up_mouth_bls,212,0.003816,-0.000789,0.003027
THAIZ_BODY_PLY_localMouth,C_facial_local_BLS,l_up_mouth_bls,213,-0.000922,0.000442,0.002333
THAIZ_BODY_PLY_localMouth,C_facial_local_BLS,l_up_mouth_bls,216,4e-06,3e-06,0.0
THAIZ_BODY_PLY_localMouth,C_facial_local_BLS,l_up_mouth_bls,217,8.3e-05,6.9e-05,1e-06
THAIZ_BODY_PLY_localMouth,C_facial_local_BLS,l_up_mouth_bls,218,0.000229,0.000207,4e-06
THAIZ_BODY_PLY_localMouth,C_facial_local_BLS,l_up_mouth_bls,219,0.000415,0.000494,2.2e-05
THAIZ_BODY_PLY_localMouth,C_facial_local_BLS,l_up_mouth_bls,220,0.000624,0.000995,0.000119
THAIZ_BODY_PLY_localMouth,C_facial_local_BLS,l_up_mouth_bls,221,0.000878,0.0015,0.000358
THAIZ_BODY_PLY_localMouth,C_facial_local_BLS,l_up_mouth_bls,222,0.001012,0.001695,0.000532
THAIZ_BODY_PLY_localMouth,C_facial_local_BLS,l_up_mouth_bls,223,0.000786,0.001293,0.000407
THAIZ_BODY_PLY_localMouth,C_facial_local_BLS,l_up_mouth_bls,224,0.000446,0.000699,0.000193
THAIZ_BODY_PLY_localMouth,C_facial_local_BLS,l_up_mouth_bls,225,0.000189,0.000278,6.7e-05
THAIZ_BODY_PLY_localMouth,C_facial_local_BLS,l_up_mouth_bls,226,3.8e-05,5.2e-05,1.1e-05
THAIZ_BODY_PLY_localMouth,C_facial_local_BLS,l_up_mouth_bls,227,6e-06,9e-06,2e-06
THAIZ_BODY_PLY_localMouth,C_facial_local_BLS,l_up_mouth_bls,228,1e-06,1e-06,0.0
THAIZ_BODY_PLY_localMouth,C_facial_local_BLS,l_up_mouth_bls,335,0.001371,0.000132,0.001025
THAIZ_BODY_PLY_localMouth,C_facial_local_BLS,l_up_mouth_bls,349,0.002763,0.001391,-0.000274
THAIZ_BODY_PLY_localMouth,C_facial_local_BLS,l_up_mouth_bls,350,0.020771,0.015719,-0.002234
THAIZ_BODY_PLY_localMouth,C_facial_local_BLS,l_up_mouth_bls,351,0.053912,0.053649,-0.004186
THAIZ_BODY_PLY_localMouth,C_facial_local_BLS,l_up_mouth_bls,352,0.087351,0.082019,-0.005901
THAIZ_BODY_PLY_localMouth,C_facial_local_BLS,l_up_mouth_bls,353,0.111067,0.088237,-0.013595
THAIZ_BODY_PLY_localMouth,C_facial_local_BLS,l_up_mouth_bls,354,0.12635,0.088801,-0.009133
THAIZ_BODY_PLY_localMouth,C_facial_local_BLS,l_up_mouth_bls,355,0.147523,0.082185,0.020902
THAIZ_BODY_PLY_localMouth,C_facial_local_BLS,l_up_mouth_bls,356,0.137753,0.077881,0.071851
THAIZ_BODY_PLY_localMouth,C_facial_local_BLS,l_up_mouth_bls,357,0.101984,0.085022,0.088576
THAIZ_BODY_PLY_localMouth,C_facial_local_BLS,l_up_mouth_bls,358,0.098413,0.110928,0.049431
THAIZ_BODY_PLY_localMouth,C_facial_local_BLS,l_up_mouth_bls,359,0.088615,0.109548,0.018127
THAIZ_BODY_PLY_localMouth,C_facial_local_BLS,l_up_mouth_bls,360,0.054522,0.04703,-0.000929
THAIZ_BODY_PLY_localMouth,C_facial_local_BLS,l_up_mouth_bls,361,0.022359,0.013155,-0.001843
THAIZ_BODY_PLY_localMouth,C_facial_local_BLS,l_up_mouth_bls,362,0.004032,0.002198,-0.000332
THAIZ_BODY_PLY_localMouth,C_facial_local_BLS,l_up_mouth_bls,363,0.000293,0.000167,-2e-05
THAIZ_BODY_PLY_localMouth,C_facial_local_BLS,l_up_mouth_bls,364,1.2e-05,7e-06,-1e-06
THAIZ_BODY_PLY_localMouth,C_facial_local_BLS,l_up_mouth_bls,391,0.093622,0.601018,0.21481
THAIZ_BODY_PLY_localMouth,C_facial_local_BLS,l_up_mouth_bls,392,0.047391,0.254283,0.101304
THAIZ_BODY_PLY_localMouth,C_facial_local_BLS,l_up_mouth_bls,393,0.000392,0.000641,0.000249
THAIZ_BODY_PLY_localMouth,C_facial_local_BLS,l_up_mouth_bls,394,1.3e-05,2.3e-05,1e-05
THAIZ_BODY_PLY_localMouth,C_facial_local_BLS,l_up_mouth_bls,395,-1e-06,1e-06,1e-06
THAIZ_BODY_PLY_localMouth,C_facial_local_BLS,l_up_mouth_bls,396,-1.1e-05,2e-06,4e-06
THAIZ_BODY_PLY_localMouth,C_facial_local_BLS,l_up_mouth_bls,397,-5.4e-05,7e-06,2.3e-05
THAIZ_BODY_PLY_localMouth,C_facial_local_BLS,l_up_mouth_bls,398,0.000268,0.053627,0.012585
THAIZ_BODY_PLY_localMouth,C_facial_local_BLS,l_up_mouth_bls,399,-4e-06,1e-06,2e-06
THAIZ_BODY_PLY_localMouth,C_facial_local_BLS,l_up_mouth_bls,400,0.108748,0.778871,0.253118
THAIZ_BODY_PLY_localMouth,C_facial_local_BLS,l_up_mouth_bls,401,0.104607,0.921991,0.301421
THAIZ_BODY_PLY_localMouth,C_facial_local_BLS,l_up_mouth_bls,402,0.019114,0.838977,0.193208
THAIZ_BODY_PLY_localMouth,C_facial_local_BLS,l_up_mouth_bls,403,-0.026272,0.612611,0.157001
THAIZ_BODY_PLY_localMouth,C_facial_local_BLS,l_up_mouth_bls,404,-0.033696,0.411591,0.125769
THAIZ_BODY_PLY_localMouth,C_facial_local_BLS,l_up_mouth_bls,417,4.5e-05,0.000984,0.000336
THAIZ_BODY_PLY_localMouth,C_facial_local_BLS,l_up_mouth_bls,419,0.097995,0.876303,0.412695
THAIZ_BODY_PLY_localMouth,C_facial_local_BLS,l_up_mouth_bls,420,0.170194,0.684234,0.467881
THAIZ_BODY_PLY_localMouth,C_facial_local_BLS,l_up_mouth_bls,421,0.209513,1.373464,0.98177
THAIZ_BODY_PLY_localMouth,C_facial_local_BLS,l_up_mouth_bls,422,0.137929,0.743392,0.477226
THAIZ_BODY_PLY_localMouth,C_facial_local_BLS,l_up_mouth_bls,423,0.056962,0.296453,0.187298
THAIZ_BODY_PLY_localMouth,C_facial_local_BLS,l_up_mouth_bls,424,0.002667,0.013508,0.008434
THAIZ_BODY_PLY_localMouth,C_facial_local_BLS,l_up_mouth_bls,425,0.042795,0.303476,0.185753
THAIZ_BODY_PLY_localMouth,C_facial_local_BLS,l_up_mouth_bls,426,0.02955,0.545043,0.22044
THAIZ_BODY_PLY_localMouth,C_facial_local_BLS,l_up_mouth_bls,427,0.019102,0.245662,0.100929
THAIZ_BODY_PLY_localMouth,C_facial_local_BLS,l_up_mouth_bls,428,0.003377,0.049637,0.028543
THAIZ_BODY_PLY_localMouth,C_facial_local_BLS,l_up_mouth_bls,431,0.182326,1.084855,0.688429
THAIZ_BODY_PLY_localMouth,C_facial_local_BLS,l_up_mouth_bls,432,0.005602,0.002022,-0.002294
THAIZ_BODY_PLY_localMouth,C_facial_local_BLS,l_up_mouth_bls,433,0.028684,0.078934,0.029111
THAIZ_BODY_PLY_localMouth,C_facial_local_BLS,l_up_mouth_bls,434,0.015837,0.012411,0.006181
THAIZ_BODY_PLY_localMouth,C_facial_local_BLS,l_up_mouth_bls,435,0.031479,0.118983,0.04457
THAIZ_BODY_PLY_localMouth,C_facial_local_BLS,l_up_mouth_bls,436,0.00319,0.004229,0.002027
THAIZ_BODY_PLY_localMouth,C_facial_local_BLS,l_up_mouth_bls,437,0.002431,0.012366,0.006211
THAIZ_BODY_PLY_localMouth,C_facial_local_BLS,l_up_mouth_bls,440,0.005431,0.002565,-0.001039
THAIZ_BODY_PLY_localMouth,C_facial_local_BLS,l_up_mouth_bls,441,0.028354,0.058282,0.021276
THAIZ_BODY_PLY_localMouth,C_facial_local_BLS,l_up_mouth_bls,442,0.026154,0.08609,0.03372
THAIZ_BODY_PLY_localMouth,C_facial_local_BLS,l_up_mouth_bls,443,0.030307,0.156395,0.068242
THAIZ_BODY_PLY_localMouth,C_facial_local_BLS,l_up_mouth_bls,444,0.032862,0.170056,0.10682
THAIZ_BODY_PLY_localMouth,C_facial_local_BLS,l_up_mouth_bls,445,0.044542,0.216423,0.057752
THAIZ_BODY_PLY_localMouth,C_facial_local_BLS,l_up_mouth_bls,446,0.060325,0.281613,0.087018
THAIZ_BODY_PLY_localMouth,C_facial_local_BLS,l_up_mouth_bls,447,0.035918,0.154838,0.051668
THAIZ_BODY_PLY_localMouth,C_facial_local_BLS,l_up_mouth_bls,448,0.027456,0.10587,0.036341
THAIZ_BODY_PLY_localMouth,C_facial_local_BLS,l_up_mouth_bls,449,0.006765,0.017495,0.006033
THAIZ_BODY_PLY_localMouth,C_facial_local_BLS,l_up_mouth_bls,450,4e-06,8e-06,3e-06
THAIZ_BODY_PLY_localMouth,C_facial_local_BLS,l_up_mouth_bls,455,-0.015092,0.035057,0.026909
THAIZ_BODY_PLY_localMouth,C_facial_local_BLS,l_up_mouth_bls,456,-0.050955,0.224235,0.074521
THAIZ_BODY_PLY_localMouth,C_facial_local_BLS,l_up_mouth_bls,457,-0.054277,0.252918,0.057885
THAIZ_BODY_PLY_localMouth,C_facial_local_BLS,l_up_mouth_bls,458,-0.01502,0.125492,0.021712
THAIZ_BODY_PLY_localMouth,C_facial_local_BLS,l_up_mouth_bls,459,0.020108,0.162695,0.058246
THAIZ_BODY_PLY_localMouth,C_facial_local_BLS,l_up_mouth_bls,460,0.030372,0.174823,0.056256
THAIZ_BODY_PLY_localMouth,C_facial_local_BLS,l_up_mouth_bls,461,0.000203,0.00364,0.001754
THAIZ_BODY_PLY_localMouth,C_facial_local_BLS,l_up_mouth_bls,462,0.006617,0.076765,0.031248
THAIZ_BODY_PLY_localMouth,C_facial_local_BLS,l_up_mouth_bls,463,-0.041536,0.25895,0.107498
THAIZ_BODY_PLY_localMouth,C_facial_local_BLS,l_up_mouth_bls,464,-0.045489,0.165207,0.074114
THAIZ_BODY_PLY_localMouth,C_facial_local_BLS,l_up_mouth_bls,467,-0.000295,0.000676,0.000346
THAIZ_BODY_PLY_localMouth,C_facial_local_BLS,l_up_mouth_bls,469,0.056429,0.273054,0.193779
THAIZ_BODY_PLY_localMouth,C_facial_local_BLS,l_up_mouth_bls,470,0.030881,0.151908,0.104189
THAIZ_BODY_PLY_localMouth,C_facial_local_BLS,l_up_mouth_bls,471,0.001546,0.007468,0.004871
THAIZ_BODY_PLY_localMouth,C_facial_local_BLS,l_up_mouth_bls,472,0.095456,0.445893,0.332125
THAIZ_BODY_PLY_localMouth,C_facial_local_BLS,l_up_mouth_bls,473,0.155552,0.670769,0.53531
THAIZ_BODY_PLY_localMouth,C_facial_local_BLS,l_up_mouth_bls,474,0.358591,0.167897,0.908258
THAIZ_BODY_PLY_localMouth,C_facial_local_BLS,l_up_mouth_bls,475,0.136082,0.081254,0.580609
THAIZ_BODY_PLY_localMouth,C_facial_local_BLS,l_up_mouth_bls,476,-0.091687,0.023672,0.346377
THAIZ_BODY_PLY_localMouth,C_facial_local_BLS,l_up_mouth_bls,477,-0.205241,0.002122,0.221538
THAIZ_BODY_PLY_localMouth,C_facial_local_BLS,l_up_mouth_bls,478,-0.034447,0.038087,0.148864
THAIZ_BODY_PLY_localMouth,C_facial_local_BLS,l_up_mouth_bls,479,-0.023076,0.022151,0.090841
THAIZ_BODY_PLY_localMouth,C_facial_local_BLS,l_up_mouth_bls,480,-0.024353,0.00336,0.125502
THAIZ_BODY_PLY_localMouth,C_facial_local_BLS,l_up_mouth_bls,481,-0.049556,-0.008779,0.187146
THAIZ_BODY_PLY_localMouth,C_facial_local_BLS,l_up_mouth_bls,482,-0.011196,0.007813,0.075084
THAIZ_BODY_PLY_localMouth,C_facial_local_BLS,l_up_mouth_bls,483,-0.014872,0.016168,0.056294
THAIZ_BODY_PLY_localMouth,C_facial_local_BLS,l_up_mouth_bls,484,-0.00639,0.010489,0.02686
THAIZ_BODY_PLY_localMouth,C_facial_local_BLS,l_up_mouth_bls,485,-0.005651,0.009101,0.020524
THAIZ_BODY_PLY_localMouth,C_facial_local_BLS,l_up_mouth_bls,486,-0.19231,0.006365,0.182929
THAIZ_BODY_PLY_localMouth,C_facial_local_BLS,l_up_mouth_bls,490,0.0,5e-06,3e-06
THAIZ_BODY_PLY_localMouth,C_facial_local_BLS,l_up_mouth_bls,491,-0.115999,0.055328,0.188097
THAIZ_BODY_PLY_localMouth,C_facial_local_BLS,l_up_mouth_bls,494,0.0,1e-06,1e-06
THAIZ_BODY_PLY_localMouth,C_facial_local_BLS,l_up_mouth_bls,495,0.322973,1.097022,1.488456
THAIZ_BODY_PLY_localMouth,C_facial_local_BLS,l_up_mouth_bls,496,0.26533,0.963939,0.85255
THAIZ_BODY_PLY_localMouth,C_facial_local_BLS,l_up_mouth_bls,497,-0.121746,-0.033731,0.229823
THAIZ_BODY_PLY_localMouth,C_facial_local_BLS,l_up_mouth_bls,498,-0.193209,-0.108226,0.264466
THAIZ_BODY_PLY_localMouth,C_facial_local_BLS,l_up_mouth_bls,499,-0.192416,-0.215934,0.348816
THAIZ_BODY_PLY_localMouth,C_facial_local_BLS,l_up_mouth_bls,500,-0.085716,-0.217511,0.484441
THAIZ_BODY_PLY_localMouth,C_facial_local_BLS,l_up_mouth_bls,501,-0.000726,-0.000282,0.018835
THAIZ_BODY_PLY_localMouth,C_facial_local_BLS,l_up_mouth_bls,502,-0.004258,0.006257,0.015361
THAIZ_BODY_PLY_localMouth,C_facial_local_BLS,l_up_mouth_bls,503,0.000662,-0.004524,0.009119
THAIZ_BODY_PLY_localMouth,C_facial_local_BLS,l_up_mouth_bls,504,-0.001368,0.002145,0.005398
THAIZ_BODY_PLY_localMouth,C_facial_local_BLS,l_up_mouth_bls,505,0.001069,-0.001783,0.001471
THAIZ_BODY_PLY_localMouth,C_facial_local_BLS,l_up_mouth_bls,506,-0.000213,0.000387,0.000869
THAIZ_BODY_PLY_localMouth,C_facial_local_BLS,l_up_mouth_bls,507,-0.000735,0.001987,0.004559
THAIZ_BODY_PLY_localMouth,C_facial_local_BLS,l_up_mouth_bls,508,-0.000701,0.00181,0.003929
THAIZ_BODY_PLY_localMouth,C_facial_local_BLS,l_up_mouth_bls,509,1.8e-05,-2.4e-05,1e-05
THAIZ_BODY_PLY_localMouth,C_facial_local_BLS,l_up_mouth_bls,510,0.046929,-0.039855,0.635402
THAIZ_BODY_PLY_localMouth,C_facial_local_BLS,l_up_mouth_bls,511,0.153133,0.120515,0.81387
THAIZ_BODY_PLY_localMouth,C_facial_local_BLS,l_up_mouth_bls,512,0.083277,0.387549,0.343784
THAIZ_BODY_PLY_localMouth,C_facial_local_BLS,l_up_mouth_bls,513,0.010953,0.056676,0.039028
THAIZ_BODY_PLY_localMouth,C_facial_local_BLS,l_up_mouth_bls,515,0.025845,0.130838,0.097815
THAIZ_BODY_PLY_localMouth,C_facial_local_BLS,l_up_mouth_bls,516,0.053571,0.264822,0.220712
THAIZ_BODY_PLY_localMouth,C_facial_local_BLS,l_up_mouth_bls,525,-0.33629,-0.866242,0.357603
THAIZ_BODY_PLY_localMouth,C_facial_local_BLS,l_up_mouth_bls,526,-0.330535,-0.805544,0.353609
THAIZ_BODY_PLY_localMouth,C_facial_local_BLS,l_up_mouth_bls,527,-0.176557,-0.690933,0.335219
THAIZ_BODY_PLY_localMouth,C_facial_local_BLS,l_up_mouth_bls,528,0.030923,-0.206547,0.36816
THAIZ_BODY_PLY_localMouth,C_facial_local_BLS,l_up_mouth_bls,529,0.158121,0.076379,0.373191
THAIZ_BODY_PLY_localMouth,C_facial_local_BLS,l_up_mouth_bls,530,0.053246,0.151301,0.11437
THAIZ_BODY_PLY_localMouth,C_facial_local_BLS,l_up_mouth_bls,531,0.026448,0.182416,0.148112
THAIZ_BODY_PLY_localMouth,C_facial_local_BLS,l_up_mouth_bls,532,0.036127,0.247797,0.210419
THAIZ_BODY_PLY_localMouth,C_facial_local_BLS,l_up_mouth_bls,533,0.011434,0.093574,0.062624
THAIZ_BODY_PLY_localMouth,C_facial_local_BLS,l_up_mouth_bls,534,0.018407,0.118804,0.088004
THAIZ_BODY_PLY_localMouth,C_facial_local_BLS,l_up_mouth_bls,535,0.000193,0.007551,-0.00148
THAIZ_BODY_PLY_localMouth,C_facial_local_BLS,l_up_mouth_bls,536,-0.005236,0.02317,0.018995
THAIZ_BODY_PLY_localMouth,C_facial_local_BLS,l_up_mouth_bls,537,0.000969,0.048984,0.010357
THAIZ_BODY_PLY_localMouth,C_facial_local_BLS,l_up_mouth_bls,538,0.003678,0.090921,0.017047
THAIZ_BODY_PLY_localMouth,C_facial_local_BLS,l_up_mouth_bls,539,-0.019068,0.052537,0.049017
THAIZ_BODY_PLY_localMouth,C_facial_local_BLS,l_up_mouth_bls,540,-0.091418,0.078107,0.081165
THAIZ_BODY_PLY_localMouth,C_facial_local_BLS,l_up_mouth_bls,541,0.239749,0.119023,-0.007164
THAIZ_BODY_PLY_localMouth,C_facial_local_BLS,l_up_mouth_bls,542,-0.001845,0.009524,0.001675
THAIZ_BODY_PLY_localMouth,C_facial_local_BLS,l_up_mouth_bls,543,0.328054,-0.022892,0.002088
THAIZ_BODY_PLY_localMouth,C_facial_local_BLS,l_up_mouth_bls,544,0.169213,-0.281975,0.180241
THAIZ_BODY_PLY_localMouth,C_facial_local_BLS,l_up_mouth_bls,545,0.089609,0.051098,0.024203
THAIZ_BODY_PLY_localMouth,C_facial_local_BLS,l_up_mouth_bls,546,0.116198,0.014686,0.025011
THAIZ_BODY_PLY_localMouth,C_facial_local_BLS,l_up_mouth_bls,547,0.054062,0.01583,-0.009329
THAIZ_BODY_PLY_localMouth,C_facial_local_BLS,l_up_mouth_bls,548,0.142261,0.042656,-0.044912
THAIZ_BODY_PLY_localMouth,C_facial_local_BLS,l_up_mouth_bls,549,0.317466,0.024746,-0.165417
THAIZ_BODY_PLY_localMouth,C_facial_local_BLS,l_up_mouth_bls,550,-0.17084,-0.676362,0.293065
THAIZ_BODY_PLY_localMouth,C_facial_local_BLS,l_up_mouth_bls,551,0.254961,-0.170541,-0.032759
THAIZ_BODY_PLY_localMouth,C_facial_local_BLS,l_up_mouth_bls,552,-0.066358,-0.116806,0.103628
THAIZ_BODY_PLY_localMouth,C_facial_local_BLS,l_up_mouth_bls,553,-0.461247,-0.815477,0.439955
THAIZ_BODY_PLY_localMouth,C_facial_local_BLS,l_up_mouth_bls,554,-0.038241,-0.044323,0.162712
THAIZ_BODY_PLY_localMouth,C_facial_local_BLS,l_up_mouth_bls,555,-0.455585,-0.742581,0.489364
THAIZ_BODY_PLY_localMouth,C_facial_local_BLS,l_up_mouth_bls,556,0.001228,0.009749,0.001559
THAIZ_BODY_PLY_localMouth,C_facial_local_BLS,l_up_mouth_bls,557,0.003468,0.009045,0.000496
THAIZ_BODY_PLY_localMouth,C_facial_local_BLS,l_up_mouth_bls,558,3.7e-05,0.010588,3.8e-05
THAIZ_BODY_PLY_localMouth,C_facial_local_BLS,l_up_mouth_bls,559,0.000727,0.00683,0.001312
THAIZ_BODY_PLY_localMouth,C_facial_local_BLS,l_up_mouth_bls,560,0.002758,0.036415,0.004394
THAIZ_BODY_PLY_localMouth,C_facial_local_BLS,l_up_mouth_bls,561,0.000203,0.012037,0.002437
THAIZ_BODY_PLY_localMouth,C_facial_local_BLS,l_up_mouth_bls,562,0.153752,0.072929,0.009511
THAIZ_BODY_PLY_localMouth,C_facial_local_BLS,l_up_mouth_bls,563,0.164149,0.067728,0.008856
THAIZ_BODY_PLY_localMouth,C_facial_local_BLS,l_up_mouth_bls,564,0.100654,0.025315,-0.022751
THAIZ_BODY_PLY_localMouth,C_facial_local_BLS,l_up_mouth_bls,565,0.001083,0.04094,0.006812
THAIZ_BODY_PLY_localMouth,C_facial_local_BLS,l_up_mouth_bls,566,0.000172,0.000861,0.000549
THAIZ_BODY_PLY_localMouth,C_facial_local_BLS,l_up_mouth_bls,567,0.005841,0.028728,0.018934
THAIZ_BODY_PLY_localMouth,C_facial_local_BLS,l_up_mouth_bls,568,0.007758,0.039678,0.024757
THAIZ_BODY_PLY_localMouth,C_facial_local_BLS,l_up_mouth_bls,569,0.00831,0.041475,0.020062
THAIZ_BODY_PLY_localMouth,C_facial_local_BLS,l_up_mouth_bls,570,0.009746,0.021374,0.009314
THAIZ_BODY_PLY_localMouth,C_facial_local_BLS,l_up_mouth_bls,571,0.017573,0.016506,0.006041
THAIZ_BODY_PLY_localMouth,C_facial_local_BLS,l_up_mouth_bls,572,0.009476,0.005956,-0.006179
THAIZ_BODY_PLY_localMouth,C_facial_local_BLS,l_up_mouth_bls,576,2.1e-05,0.010375,0.002501
THAIZ_BODY_PLY_localMouth,C_facial_local_BLS,l_up_mouth_bls,577,0.0,0.003166,2e-06
THAIZ_BODY_PLY_localMouth,C_facial_local_BLS,l_up_mouth_bls,579,-1e-06,2.6e-05,8e-06
THAIZ_BODY_PLY_localMouth,C_facial_local_BLS,l_up_mouth_bls,582,1.6e-05,1.6e-05,9.5e-05
THAIZ_BODY_PLY_localMouth,C_facial_local_BLS,l_up_mouth_bls,583,0.000898,1e-05,0.001742
THAIZ_BODY_PLY_localMouth,C_facial_local_BLS,l_up_mouth_bls,584,-6.8e-05,0.005882,0.001064
THAIZ_BODY_PLY_localMouth,C_facial_local_BLS,l_up_mouth_bls,585,1.7e-05,0.000111,6.1e-05
THAIZ_BODY_PLY_localMouth,C_facial_local_BLS,l_up_mouth_bls,586,0.000436,0.024365,0.004129
THAIZ_BODY_PLY_localMouth,C_facial_local_BLS,l_up_mouth_bls,587,-5e-06,9.9e-05,4.1e-05
THAIZ_BODY_PLY_localMouth,C_facial_local_BLS,l_up_mouth_bls,588,7.5e-05,0.000244,0.000245
THAIZ_BODY_PLY_localMouth,C_facial_local_BLS,l_up_mouth_bls,589,1e-06,7e-05,2.4e-05
THAIZ_BODY_PLY_localMouth,C_facial_local_BLS,l_up_mouth_bls,590,0.000866,0.010982,0.001198
THAIZ_BODY_PLY_localMouth,C_facial_local_BLS,l_up_mouth_bls,591,0.033016,0.009433,0.013971
THAIZ_BODY_PLY_localMouth,C_facial_local_BLS,l_up_mouth_bls,592,0.123044,-0.025866,0.035723
THAIZ_BODY_PLY_localMouth,C_facial_local_BLS,l_up_mouth_bls,593,-0.001614,0.002215,0.015043
THAIZ_BODY_PLY_localMouth,C_facial_local_BLS,l_up_mouth_bls,594,0.006909,-0.001192,0.021028
THAIZ_BODY_PLY_localMouth,C_facial_local_BLS,l_up_mouth_bls,595,-0.000106,0.001265,0.000383
THAIZ_BODY_PLY_localMouth,C_facial_local_BLS,l_up_mouth_bls,596,-0.000152,0.002606,0.000758
THAIZ_BODY_PLY_localMouth,C_facial_local_BLS,l_up_mouth_bls,597,-2.3e-05,0.000568,0.000101
THAIZ_BODY_PLY_localMouth,C_facial_local_BLS,l_up_mouth_bls,598,0.021062,0.007114,-0.003135
THAIZ_BODY_PLY_localMouth,C_facial_local_BLS,l_up_mouth_bls,601,0.01725,-0.08892,0.008562
THAIZ_BODY_PLY_localMouth,C_facial_local_BLS,l_up_mouth_bls,602,-0.000739,-0.069864,0.009971
THAIZ_BODY_PLY_localMouth,C_facial_local_BLS,l_up_mouth_bls,603,0.001197,-0.016248,0.009183
THAIZ_BODY_PLY_localMouth,C_facial_local_BLS,l_up_mouth_bls,604,-0.309447,-0.271249,0.447748
THAIZ_BODY_PLY_localMouth,C_facial_local_BLS,l_up_mouth_bls,605,0.33292,0.126997,0.024246
THAIZ_BODY_PLY_localMouth,C_facial_local_BLS,l_up_mouth_bls,606,-0.225971,-0.310752,0.324866
THAIZ_BODY_PLY_localMouth,C_facial_local_BLS,l_up_mouth_bls,607,-0.117277,-0.048189,0.262135
THAIZ_BODY_PLY_localMouth,C_facial_local_BLS,l_up_mouth_bls,608,-0.147449,0.00675,0.342857
THAIZ_BODY_PLY_localMouth,C_facial_local_BLS,l_up_mouth_bls,609,0.277402,0.15639,0.038452
THAIZ_BODY_PLY_localMouth,C_facial_local_BLS,l_up_mouth_bls,610,-0.013444,0.053642,0.096595
THAIZ_BODY_PLY_localMouth,C_facial_local_BLS,l_up_mouth_bls,611,-0.048687,0.055165,0.180909
THAIZ_BODY_PLY_localMouth,C_facial_local_BLS,l_up_mouth_bls,612,-0.032088,0.112926,0.205325
THAIZ_BODY_PLY_localMouth,C_facial_local_BLS,l_up_mouth_bls,613,0.021429,0.085723,0.084017
THAIZ_BODY_PLY_localMouth,C_facial_local_BLS,l_up_mouth_bls,614,0.035759,0.005148,0.074913
THAIZ_BODY_PLY_localMouth,C_facial_local_BLS,l_up_mouth_bls,615,0.007046,0.003887,0.052883
THAIZ_BODY_PLY_localMouth,C_facial_local_BLS,l_up_mouth_bls,616,0.002035,0.003564,0.014958
THAIZ_BODY_PLY_localMouth,C_facial_local_BLS,l_up_mouth_bls,617,0.13888,0.134113,0.035587
THAIZ_BODY_PLY_localMouth,C_facial_local_BLS,l_up_mouth_bls,619,0.000174,7.1e-05,-1.7e-05
THAIZ_BODY_PLY_localMouth,C_facial_local_BLS,l_up_mouth_bls,620,0.010105,0.003675,-0.001173
THAIZ_BODY_PLY_localMouth,C_facial_local_BLS,l_up_mouth_bls,621,0.071727,0.039977,-0.007921
THAIZ_BODY_PLY_localMouth,C_facial_local_BLS,l_up_mouth_bls,622,-3.2e-05,8.7e-05,0.000174
THAIZ_BODY_PLY_localMouth,C_facial_local_BLS,l_up_mouth_bls,623,-0.000413,0.000904,0.001656
THAIZ_BODY_PLY_localMouth,C_facial_local_BLS,l_up_mouth_bls,624,-0.001701,0.003328,0.005642
THAIZ_BODY_PLY_localMouth,C_facial_local_BLS,l_up_mouth_bls,625,1e-06,3e-06,1.3e-05
THAIZ_BODY_PLY_localMouth,C_facial_local_BLS,l_up_mouth_bls,626,1.3e-05,4.2e-05,0.000191
THAIZ_BODY_PLY_localMouth,C_facial_local_BLS,l_up_mouth_bls,627,-4.8e-05,0.000386,0.001036
THAIZ_BODY_PLY_localMouth,C_facial_local_BLS,l_up_mouth_bls,628,0.099956,0.528261,0.152038
THAIZ_BODY_PLY_localMouth,C_facial_local_BLS,l_up_mouth_bls,629,0.054796,0.27482,0.094043
THAIZ_BODY_PLY_localMouth,C_facial_local_BLS,l_up_mouth_bls,630,0.034579,0.141364,0.049952
THAIZ_BODY_PLY_localMouth,C_facial_local_BLS,l_up_mouth_bls,631,0.028367,0.095164,0.034097
THAIZ_BODY_PLY_localMouth,C_facial_local_BLS,l_up_mouth_bls,632,0.00731,0.016189,0.005549
THAIZ_BODY_PLY_localMouth,C_facial_local_BLS,l_up_mouth_bls,635,-1e-06,1e-06,1e-06
THAIZ_BODY_PLY_localMouth,C_facial_local_BLS,l_up_mouth_bls,637,-1.7e-05,1e-05,9e-06
THAIZ_BODY_PLY_localMouth,C_facial_local_BLS,l_up_mouth_bls,638,-0.00034,0.000959,0.000413
THAIZ_BODY_PLY_localMouth,C_facial_local_BLS,l_up_mouth_bls,639,-0.002623,0.029797,0.011397
THAIZ_BODY_PLY_localMouth,C_facial_local_BLS,l_up_mouth_bls,640,-0.045991,0.221654,0.091745
THAIZ_BODY_PLY_localMouth,C_facial_local_BLS,l_up_mouth_bls,641,-0.049892,0.332369,0.100449
THAIZ_BODY_PLY_localMouth,C_facial_local_BLS,l_up_mouth_bls,642,-0.064814,0.467774,0.108355
THAIZ_BODY_PLY_localMouth,C_facial_local_BLS,l_up_mouth_bls,643,-0.006962,0.492788,0.103063
THAIZ_BODY_PLY_localMouth,C_facial_local_BLS,l_up_mouth_bls,644,0.043738,0.400253,0.122353
THAIZ_BODY_PLY_localMouth,C_facial_local_BLS,l_up_mouth_bls,645,0.061703,0.391464,0.123613
THAIZ_BODY_PLY_localMouth,C_facial_local_BLS,l_up_mouth_bls,646,0.000797,0.043717,0.007528
THAIZ_BODY_PLY_localMouth,C_facial_local_BLS,l_up_mouth_bls,647,-0.016018,0.018627,-0.008286
THAIZ_BODY_PLY_localMouth,C_facial_local_BLS,l_up_mouth_bls,648,-0.013944,0.037081,-0.005004
THAIZ_BODY_PLY_localMouth,C_facial_local_BLS,l_up_mouth_bls,649,-0.00541,0.04989,0.002256
THAIZ_BODY_PLY_localMouth,C_facial_local_BLS,l_up_mouth_bls,650,-0.003055,0.020196,0.009484
THAIZ_BODY_PLY_localMouth,C_facial_local_BLS,l_up_mouth_bls,651,0.005759,0.050058,0.020748
THAIZ_BODY_PLY_localMouth,C_facial_local_BLS,l_up_mouth_bls,652,0.00703,0.017927,0.008733
THAIZ_BODY_PLY_localMouth,C_facial_local_BLS,l_up_mouth_bls,653,0.000127,0.000716,0.000475
THAIZ_BODY_PLY_localMouth,C_facial_local_BLS,l_up_mouth_bls,654,1.4e-05,0.000216,0.000108
THAIZ_BODY_PLY_localMouth,C_facial_local_BLS,l_up_mouth_bls,655,-6.6e-05,0.00132,0.000297
THAIZ_BODY_PLY_localMouth,C_facial_local_BLS,l_up_mouth_bls,656,-0.000152,0.00872,0.00193
THAIZ_BODY_PLY_localMouth,C_facial_local_BLS,l_up_mouth_bls,657,0.000478,0.028897,0.005695
THAIZ_BODY_PLY_localMouth,C_facial_local_BLS,l_up_mouth_bls,658,0.001734,0.054263,0.010238
THAIZ_BODY_PLY_localMouth,C_facial_local_BLS,l_up_mouth_bls,660,0.000358,0.000145,-3.5e-05
THAIZ_BODY_PLY_localMouth,C_facial_local_BLS,l_up_mouth_bls,661,0.016426,0.005973,-0.001907
THAIZ_BODY_PLY_localMouth,C_facial_local_BLS,l_up_mouth_bls,662,0.10046,0.030779,-0.015192
THAIZ_BODY_PLY_localMouth,C_facial_local_BLS,l_up_mouth_bls,663,0.149934,0.111748,0.087444
THAIZ_BODY_PLY_localMouth,C_facial_local_BLS,l_up_mouth_bls,664,0.139294,0.145564,0.181548
THAIZ_BODY_PLY_localMouth,C_facial_local_BLS,l_up_mouth_bls,665,0.228467,0.171789,0.21988
THAIZ_BODY_PLY_localMouth,C_facial_local_BLS,l_up_mouth_bls,666,-0.26633,-0.021653,0.370976
THAIZ_BODY_PLY_localMouth,C_facial_local_BLS,l_up_mouth_bls,667,-0.230626,-0.202234,0.291558
THAIZ_BODY_PLY_localMouth,C_facial_local_BLS,l_up_mouth_bls,668,0.172164,-0.146221,-0.029806
THAIZ_BODY_PLY_localMouth,C_facial_local_BLS,l_up_mouth_bls,669,0.078171,-0.079279,-0.10147
THAIZ_BODY_PLY_localMouth,C_facial_local_BLS,l_up_mouth_bls,670,0.118226,0.016729,-0.043048
THAIZ_BODY_PLY_localMouth,C_facial_local_BLS,l_up_mouth_bls,671,0.069661,0.016411,-0.014915
THAIZ_BODY_PLY_localMouth,C_facial_local_BLS,l_up_mouth_bls,672,0.030175,0.008824,-0.005202
THAIZ_BODY_PLY_localMouth,C_facial_local_BLS,l_up_mouth_bls,673,0.007396,0.002498,-0.001101
THAIZ_BODY_PLY_localMouth,C_facial_local_BLS,l_up_mouth_bls,676,-0.000549,-0.000185,0.000944
THAIZ_BODY_PLY_localMouth,C_facial_local_BLS,l_up_mouth_bls,677,-0.002002,-0.00191,0.006937
THAIZ_BODY_PLY_localMouth,C_facial_local_BLS,l_up_mouth_bls,678,0.096819,-0.001261,0.003514
THAIZ_BODY_PLY_localMouth,C_facial_local_BLS,l_up_mouth_bls,679,0.134148,0.030712,-0.036708
THAIZ_BODY_PLY_localMouth,C_facial_local_BLS,l_up_mouth_bls,680,0.159772,0.074895,-0.085721
THAIZ_BODY_PLY_localMouth,C_facial_local_BLS,l_up_mouth_bls,681,0.220239,0.021403,-0.101221
THAIZ_BODY_PLY_localMouth,C_facial_local_BLS,l_up_mouth_bls,682,0.086593,-0.028091,0.064904
THAIZ_BODY_PLY_localMouth,C_facial_local_BLS,l_up_mouth_bls,683,-0.198441,-0.195722,0.352982
THAIZ_BODY_PLY_localMouth,C_facial_local_BLS,l_up_mouth_bls,684,-0.505126,-0.402269,0.571174
THAIZ_BODY_PLY_localMouth,C_facial_local_BLS,l_up_mouth_bls,685,-0.599792,-0.381174,0.686213
THAIZ_BODY_PLY_localMouth,C_facial_local_BLS,l_up_mouth_bls,686,-0.411808,-0.175623,0.597768
THAIZ_BODY_PLY_localMouth,C_facial_local_BLS,l_up_mouth_bls,687,-0.197046,0.034834,0.438228
THAIZ_BODY_PLY_localMouth,C_facial_local_BLS,l_up_mouth_bls,688,-0.030695,0.13357,0.240339
THAIZ_BODY_PLY_localMouth,C_facial_local_BLS,l_up_mouth_bls,689,0.052142,0.111062,0.075119
THAIZ_BODY_PLY_localMouth,C_facial_local_BLS,l_up_mouth_bls,690,0.000897,0.000688,0.000635
THAIZ_BODY_PLY_localMouth,C_facial_local_BLS,l_up_mouth_bls,691,0.001318,0.000828,0.015442
THAIZ_BODY_PLY_localMouth,C_facial_local_BLS,l_up_mouth_bls,692,0.035593,0.006589,0.051889
THAIZ_BODY_PLY_localMouth,C_facial_local_BLS,l_up_mouth_bls,693,-0.002566,0.00532,0.012603
THAIZ_BODY_PLY_localMouth,C_facial_local_BLS,l_up_mouth_bls,694,-0.002385,0.004726,0.0101
THAIZ_BODY_PLY_localMouth,C_facial_local_BLS,l_up_mouth_bls,695,-0.000508,0.0014,0.002729
THAIZ_BODY_PLY_localMouth,C_facial_local_BLS,l_up_mouth_bls,696,-8.9e-05,0.00031,0.000719
THAIZ_BODY_PLY_localMouth,C_facial_local_BLS,l_up_mouth_bls,697,-1e-06,1.5e-05,4.9e-05
THAIZ_BODY_PLY_localMouth,C_facial_local_BLS,l_up_mouth_bls,698,0.000818,-0.001013,0.000533
THAIZ_BODY_PLY_localMouth,C_facial_local_BLS,l_up_mouth_bls,699,0.00491,-0.003773,0.00655
THAIZ_BODY_PLY_localMouth,C_facial_local_BLS,l_up_mouth_bls,702,-0.0,1.2e-05,4e-06
THAIZ_BODY_PLY_localMouth,C_facial_local_BLS,l_up_mouth_bls,703,-0.000753,0.013732,0.003635
THAIZ_BODY_PLY_localMouth,C_facial_local_BLS,l_up_mouth_bls,704,-0.000821,0.016634,0.003951
THAIZ_BODY_PLY_localMouth,C_facial_local_BLS,l_up_mouth_bls,706,-0.033694,0.096977,0.058404
THAIZ_BODY_PLY_localMouth,C_facial_local_BLS,l_up_mouth_bls,707,-0.029993,0.116279,0.065104
THAIZ_BODY_PLY_localMouth,C_facial_local_BLS,l_up_mouth_bls,708,-0.029867,0.113218,0.087189
THAIZ_BODY_PLY_localMouth,C_facial_local_BLS,l_up_mouth_bls,709,0.000957,0.015132,0.005545
THAIZ_BODY_PLY_localMouth,C_facial_local_BLS,l_up_mouth_bls,710,7e-06,0.000113,4.4e-05
THAIZ_BODY_PLY_localMouth,C_facial_local_BLS,l_up_mouth_bls,724,0.093328,0.584906,0.836481
THAIZ_BODY_PLY_localMouth,C_facial_local_BLS,l_up_mouth_bls,725,0.151573,0.163599,0.219265
THAIZ_BODY_PLY_localMouth,C_facial_local_BLS,l_up_mouth_bls,726,0.193113,0.151847,0.077943
THAIZ_BODY_PLY_localMouth,C_facial_local_BLS,l_up_mouth_bls,727,0.158089,0.10644,0.04092
THAIZ_BODY_PLY_localMouth,C_facial_local_BLS,l_up_mouth_bls,728,0.124905,0.049473,0.024774
THAIZ_BODY_PLY_localMouth,C_facial_local_BLS,l_up_mouth_bls,729,0.123512,0.008385,0.028145
THAIZ_BODY_PLY_localMouth,C_facial_local_BLS,l_up_mouth_bls,730,0.024123,-0.004623,0.050507
THAIZ_BODY_PLY_localMouth,C_facial_local_BLS,l_up_mouth_bls,731,0.009616,-0.004702,0.062583
THAIZ_BODY_PLY_localMouth,C_facial_local_BLS,l_up_mouth_bls,732,0.144699,0.549353,0.578367
THAIZ_BODY_PLY_localMouth,C_facial_local_BLS,l_up_mouth_bls,733,0.100363,0.144244,0.170023
THAIZ_BODY_PLY_localMouth,C_facial_local_BLS,l_up_mouth_bls,734,0.216503,0.142951,0.029995
THAIZ_BODY_PLY_localMouth,C_facial_local_BLS,l_up_mouth_bls,735,0.193478,0.099648,0.012317
THAIZ_BODY_PLY_localMouth,C_facial_local_BLS,l_up_mouth_bls,736,0.127541,0.047898,0.017259
THAIZ_BODY_PLY_localMouth,C_facial_local_BLS,l_up_mouth_bls,737,0.073487,0.005925,0.019878
THAIZ_BODY_PLY_localMouth,C_facial_local_BLS,l_up_mouth_bls,738,0.000735,-0.00113,0.00247
THAIZ_BODY_PLY_localMouth,C_facial_local_BLS,l_up_mouth_bls,739,1.8e-05,-8e-05,0.000228
THAIZ_BODY_PLY_localMouth,C_facial_local_BLS,l_up_mouth_bls,740,0.092418,0.486474,0.309707
THAIZ_BODY_PLY_localMouth,C_facial_local_BLS,l_up_mouth_bls,741,0.06892,0.403441,0.1523
THAIZ_BODY_PLY_localMouth,C_facial_local_BLS,l_up_mouth_bls,742,0.072693,0.393358,0.128493
THAIZ_BODY_PLY_localMouth,C_facial_local_BLS,l_up_mouth_bls,743,0.055129,0.242699,0.060925
THAIZ_BODY_PLY_localMouth,C_facial_local_BLS,l_up_mouth_bls,744,0.000804,0.012223,0.007851
THAIZ_BODY_PLY_localMouth,C_facial_local_BLS,l_up_mouth_bls,745,6e-06,0.000274,0.000154
THAIZ_BODY_PLY_localMouth,C_facial_local_BLS,l_up_mouth_bls,746,0.000106,0.000493,0.001916
THAIZ_BODY_PLY_localMouth,C_facial_local_BLS,l_up_mouth_bls,747,8.1e-05,0.002285,0.008609
THAIZ_BODY_PLY_localMouth,C_facial_local_BLS,l_up_mouth_bls,748,-0.001419,0.006861,0.022266
THAIZ_BODY_PLY_localMouth,C_facial_local_BLS,l_up_mouth_bls,749,0.002604,0.0014,0.014324
THAIZ_BODY_PLY_localMouth,C_facial_local_BLS,l_up_mouth_bls,750,0.001548,-0.000972,0.003661
THAIZ_BODY_PLY_localMouth,C_facial_local_BLS,l_up_mouth_bls,751,0.000192,-0.000162,0.000347
THAIZ_BODY_PLY_localMouth,C_facial_local_BLS,l_up_mouth_bls,752,-0.010483,0.023961,0.070667
THAIZ_BODY_PLY_localMouth,C_facial_local_BLS,l_up_mouth_bls,753,0.006036,0.004783,0.033017
THAIZ_BODY_PLY_localMouth,C_facial_local_BLS,l_up_mouth_bls,754,-0.001186,0.015499,0.052266
THAIZ_BODY_PLY_localMouth,C_facial_local_BLS,l_up_mouth_bls,755,0.153415,0.37879,0.437475
THAIZ_BODY_PLY_localMouth,C_facial_local_BLS,l_up_mouth_bls,756,0.010163,0.323032,0.308611
THAIZ_BODY_PLY_localMouth,C_facial_local_BLS,l_up_mouth_bls,757,-0.078553,0.270505,0.218167
THAIZ_BODY_PLY_localMouth,C_facial_local_BLS,l_up_mouth_bls,758,-0.079636,0.172213,0.200312
THAIZ_BODY_PLY_localMouth,C_facial_local_BLS,l_up_mouth_bls,759,-0.049153,0.104886,0.177295
THAIZ_BODY_PLY_localMouth,C_facial_local_BLS,l_up_mouth_bls,760,-0.01658,0.037168,0.105057
THAIZ_BODY_PLY_localMouth,C_facial_local_BLS,l_up_mouth_bls,761,-0.024306,0.062245,0.144336
THAIZ_BODY_PLY_localMouth,C_facial_local_BLS,l_up_mouth_bls,762,0.051417,0.205549,0.23617
THAIZ_BODY_PLY_localMouth,C_facial_local_BLS,l_up_mouth_bls,763,0.023776,0.162902,0.204443
THAIZ_BODY_PLY_localMouth,C_facial_local_BLS,l_up_mouth_bls,764,0.010031,0.119222,0.181124
THAIZ_BODY_PLY_localMouth,C_facial_local_BLS,l_up_mouth_bls,765,0.000811,0.083691,0.156987
THAIZ_BODY_PLY_localMouth,C_facial_local_BLS,l_up_mouth_bls,766,-0.002796,0.058237,0.132748
THAIZ_BODY_PLY_localMouth,C_facial_local_BLS,l_up_mouth_bls,767,-0.00378,0.025766,0.077224
THAIZ_BODY_PLY_localMouth,C_facial_local_BLS,l_up_mouth_bls,768,-0.00467,0.039293,0.104589
THAIZ_BODY_PLY_localMouth,C_facial_local_BLS,l_up_mouth_bls,769,0.021721,0.049768,0.070187
THAIZ_BODY_PLY_localMouth,C_facial_local_BLS,l_up_mouth_bls,770,0.026122,0.047837,0.086617
THAIZ_BODY_PLY_localMouth,C_facial_local_BLS,l_up_mouth_bls,771,0.022378,0.043841,0.092854
THAIZ_BODY_PLY_localMouth,C_facial_local_BLS,l_up_mouth_bls,772,0.015539,0.036113,0.089133
THAIZ_BODY_PLY_localMouth,C_facial_local_BLS,l_up_mouth_bls,773,0.010135,0.026606,0.078776
THAIZ_BODY_PLY_localMouth,C_facial_local_BLS,l_up_mouth_bls,774,0.006065,0.010765,0.048958
THAIZ_BODY_PLY_localMouth,C_facial_local_BLS,l_up_mouth_bls,775,0.007032,0.018012,0.064772
THAIZ_BODY_PLY_localMouth,C_facial_local_BLS,l_up_mouth_bls,777,8.3e-05,-0.000103,2.3e-05
THAIZ_BODY_PLY_localMouth,C_facial_local_BLS,l_up_mouth_bls,778,0.002326,-0.002477,0.001228
THAIZ_BODY_PLY_localMouth,C_facial_local_BLS,l_up_mouth_bls,779,0.00779,-0.002913,0.015516
THAIZ_BODY_PLY_localMouth,C_facial_local_BLS,l_up_mouth_bls,780,0.011081,0.004219,0.025396
THAIZ_BODY_PLY_localMouth,C_facial_local_BLS,l_up_mouth_bls,781,0.008916,-0.000907,0.022902
THAIZ_BODY_PLY_localMouth,C_facial_local_BLS,l_up_mouth_bls,782,0.010256,0.00104,0.028166
THAIZ_BODY_PLY_localMouth,C_facial_local_BLS,l_up_mouth_bls,783,0.011537,0.002787,0.029637
THAIZ_BODY_PLY_localMouth,C_facial_local_BLS,l_up_mouth_bls,784,0.006958,0.004366,0.015046
THAIZ_BODY_PLY_localMouth,C_facial_local_BLS,l_up_mouth_bls,785,0.002428,0.00279,0.006094
THAIZ_BODY_PLY_localMouth,C_facial_local_BLS,l_up_mouth_bls,786,0.000597,0.001,0.001654
THAIZ_BODY_PLY_localMouth,C_facial_local_BLS,l_up_mouth_bls,787,-0.00013,0.000266,0.000476
THAIZ_BODY_PLY_localMouth,C_facial_local_BLS,l_up_mouth_bls,788,-0.00102,0.001825,0.003323
THAIZ_BODY_PLY_localMouth,C_facial_local_BLS,l_up_mouth_bls,789,-0.003381,0.005536,0.010182
THAIZ_BODY_PLY_localMouth,C_facial_local_BLS,l_up_mouth_bls,790,-0.010376,0.013942,0.036057
THAIZ_BODY_PLY_localMouth,C_facial_local_BLS,l_up_mouth_bls,791,-0.012891,0.016849,0.050226
THAIZ_BODY_PLY_localMouth,C_facial_local_BLS,l_up_mouth_bls,792,-0.005061,0.014137,0.042925
THAIZ_BODY_PLY_localMouth,C_facial_local_BLS,l_up_mouth_bls,793,0.001307,0.007434,0.031037
THAIZ_BODY_PLY_localMouth,C_facial_local_BLS,l_up_mouth_bls,794,0.006024,-0.000309,0.018455
THAIZ_BODY_PLY_localMouth,C_facial_local_BLS,l_up_mouth_bls,795,0.006297,-0.004444,0.007702
THAIZ_BODY_PLY_localMouth,C_facial_local_BLS,l_up_mouth_bls,796,-6.8e-05,7.9e-05,0.001163
THAIZ_BODY_PLY_localMouth,C_facial_local_BLS,l_up_mouth_bls,797,-0.000882,0.000733,0.007085
THAIZ_BODY_PLY_localMouth,C_facial_local_BLS,l_up_mouth_bls,798,-0.003348,0.004409,0.01865
THAIZ_BODY_PLY_localMouth,C_facial_local_BLS,l_up_mouth_bls,799,-0.015317,0.012422,0.070415
THAIZ_BODY_PLY_localMouth,C_facial_local_BLS,l_up_mouth_bls,800,-0.027144,0.01349,0.114536
THAIZ_BODY_PLY_localMouth,C_facial_local_BLS,l_up_mouth_bls,801,-0.053415,0.027004,0.177369
THAIZ_BODY_PLY_localMouth,C_facial_local_BLS,l_up_mouth_bls,802,-0.153315,0.042517,0.230465
THAIZ_BODY_PLY_localMouth,C_facial_local_BLS,l_up_mouth_bls,803,-0.237175,0.000587,0.24501
THAIZ_BODY_PLY_localMouth,C_facial_local_BLS,l_up_mouth_bls,804,-0.226782,-0.0837,0.334807
THAIZ_BODY_PLY_localMouth,C_facial_local_BLS,l_up_mouth_bls,805,-0.104048,-0.116902,0.49715
THAIZ_BODY_PLY_localMouth,C_facial_local_BLS,l_up_mouth_bls,806,0.063771,-0.031388,0.728869
THAIZ_BODY_PLY_localMouth,C_facial_local_BLS,l_up_mouth_bls,807,0.194878,0.107118,1.001072
THAIZ_BODY_PLY_localMouth,C_facial_local_BLS,l_up_mouth_bls,808,0.077302,0.769996,1.220027
THAIZ_BODY_PLY_localMouth,C_facial_local_BLS,l_up_mouth_bls,809,0.16952,0.730701,0.787797
THAIZ_BODY_PLY_localMouth,C_facial_local_BLS,l_up_mouth_bls,810,0.121763,0.5364,0.489237
THAIZ_BODY_PLY_localMouth,C_facial_local_BLS,l_up_mouth_bls,811,0.078864,0.364304,0.299863
THAIZ_BODY_PLY_localMouth,C_facial_local_BLS,l_up_mouth_bls,812,0.045364,0.215951,0.164174
THAIZ_BODY_PLY_localMouth,C_facial_local_BLS,l_up_mouth_bls,813,0.022945,0.11127,0.079771
THAIZ_BODY_PLY_localMouth,C_facial_local_BLS,l_up_mouth_bls,814,0.002767,0.013427,0.008948
THAIZ_BODY_PLY_localMouth,C_facial_local_BLS,l_up_mouth_bls,815,0.000325,0.00154,0.001004
THAIZ_BODY_PLY_localMouth,C_facial_local_BLS,l_up_mouth_bls,816,0.166304,0.233021,0.027583
THAIZ_BODY_PLY_localMouth,C_facial_local_BLS,l_up_mouth_bls,817,0.010241,0.076926,0.03487
THAIZ_BODY_PLY_localMouth,C_facial_local_BLS,l_up_mouth_bls,818,-0.004099,0.014235,0.000233
THAIZ_BODY_PLY_localMouth,C_facial_local_BLS,l_up_mouth_bls,819,-0.001446,0.010385,-0.001608
THAIZ_BODY_PLY_localMouth,C_facial_local_BLS,l_up_mouth_bls,820,-0.000304,0.034357,0.008147
THAIZ_BODY_PLY_localMouth,C_facial_local_BLS,l_up_mouth_bls,821,-1.5e-05,0.002157,0.000369
THAIZ_BODY_PLY_localMouth,C_facial_local_BLS,l_up_mouth_bls,826,-1e-06,0.002039,3.5e-05
THAIZ_BODY_PLY_localMouth,C_facial_local_BLS,l_up_mouth_bls,827,-0.00011,0.006921,-4.1e-05
THAIZ_BODY_PLY_localMouth,C_facial_local_BLS,l_up_mouth_bls,828,-0.006878,0.005051,0.001748
THAIZ_BODY_PLY_localMouth,C_facial_local_BLS,l_up_mouth_bls,829,-0.01562,0.010158,0.0108
THAIZ_BODY_PLY_localMouth,C_facial_local_BLS,l_up_mouth_bls,830,-0.03025,0.089997,0.086583
THAIZ_BODY_PLY_localMouth,C_facial_local_BLS,l_up_mouth_bls,831,0.007172,0.158382,0.130601
THAIZ_BODY_PLY_localMouth,C_facial_local_BLS,l_up_mouth_bls,832,0.002801,0.01492,0.008111
THAIZ_BODY_PLY_localMouth,C_facial_local_BLS,l_up_mouth_bls,833,0.008886,0.047332,0.024842
THAIZ_BODY_PLY_localMouth,C_facial_local_BLS,l_up_mouth_bls,834,0.031855,0.17498,0.085984
THAIZ_BODY_PLY_localMouth,C_facial_local_BLS,l_up_mouth_bls,835,0.049029,0.280346,0.131767
THAIZ_BODY_PLY_localMouth,C_facial_local_BLS,l_up_mouth_bls,836,0.07297,0.443545,0.198832
THAIZ_BODY_PLY_localMouth,C_facial_local_BLS,l_up_mouth_bls,837,0.100385,0.670943,0.286476
THAIZ_BODY_PLY_localMouth,C_facial_local_BLS,l_up_mouth_bls,838,0.116784,0.901404,0.353035
THAIZ_BODY_PLY_localMouth,C_facial_local_BLS,l_up_mouth_bls,839,0.117968,1.104662,0.431921
THAIZ_BODY_PLY_localMouth,C_facial_local_BLS,l_up_mouth_bls,840,0.083964,1.002652,0.310596
THAIZ_BODY_PLY_localMouth,C_facial_local_BLS,l_up_mouth_bls,841,0.016986,0.68136,0.205733
THAIZ_BODY_PLY_localMouth,C_facial_local_BLS,l_up_mouth_bls,842,-0.009103,0.434272,0.141081
THAIZ_BODY_PLY_localMouth,C_facial_local_BLS,l_up_mouth_bls,843,-0.021492,0.253721,0.10159
THAIZ_BODY_PLY_localMouth,C_facial_local_BLS,l_up_mouth_bls,844,0.000646,0.106125,0.037468
THAIZ_BODY_PLY_localMouth,C_facial_local_BLS,l_up_mouth_bls,845,0.00055,0.03498,0.009308
THAIZ_BODY_PLY_localMouth,C_facial_local_BLS,l_up_mouth_bls,846,-0.000154,0.006487,0.001853
THAIZ_BODY_PLY_localMouth,C_facial_local_BLS,l_up_mouth_bls,847,-6.4e-05,0.000123,7.7e-05
THAIZ_BODY_PLY_localMouth,C_facial_local_BLS,l_up_mouth_bls,848,-1.8e-05,8e-06,1.1e-05
THAIZ_BODY_PLY_localMouth,C_facial_local_BLS,l_up_mouth_bls,849,-2e-06,0.0,1e-06
THAIZ_BODY_PLY_localMouth,C_facial_local_BLS,l_up_mouth_bls,852,6e-06,1.1e-05,5e-06
THAIZ_BODY_PLY_localMouth,C_facial_local_BLS,l_up_mouth_bls,853,2.6e-05,4.9e-05,2.3e-05
THAIZ_BODY_PLY_localMouth,C_facial_local_BLS,l_up_mouth_bls,854,2e-06,4e-06,2e-06
THAIZ_BODY_PLY_localMouth,C_facial_local_BLS,l_up_mouth_bls,859,0.000136,0.000676,0.000219
THAIZ_BODY_PLY_localMouth,C_facial_local_BLS,l_up_mouth_bls,860,0.001641,0.002199,0.00104
THAIZ_BODY_PLY_localMouth,C_facial_local_BLS,l_up_mouth_bls,861,0.004376,-0.002748,0.00306
THAIZ_BODY_PLY_localMouth,C_facial_local_BLS,l_up_mouth_bls,862,0.009651,-0.001561,0.010225
THAIZ_BODY_PLY_localMouth,C_facial_local_BLS,l_up_mouth_bls,863,0.039964,0.004063,0.025153
THAIZ_BODY_PLY_localMouth,C_facial_local_BLS,l_up_mouth_bls,864,0.058875,-0.017182,0.036556
THAIZ_BODY_PLY_localMouth,C_facial_local_BLS,l_up_mouth_bls,865,0.034461,-0.011042,0.020352
THAIZ_BODY_PLY_localMouth,C_facial_local_BLS,l_up_mouth_bls,867,0.003448,0.001309,-0.000452
THAIZ_BODY_PLY_localMouth,C_facial_local_BLS,l_up_mouth_bls,868,6e-06,-5e-06,1e-05
THAIZ_BODY_PLY_localMouth,C_facial_local_BLS,l_up_mouth_bls,869,1.4e-05,4.7e-05,0.000182
THAIZ_BODY_PLY_localMouth,C_facial_local_BLS,l_up_mouth_bls,870,-0.000123,0.000436,0.001006
THAIZ_BODY_PLY_localMouth,C_facial_local_BLS,l_up_mouth_bls,871,-0.000115,0.000423,0.000991
THAIZ_BODY_PLY_localMouth,C_facial_local_BLS,l_up_mouth_bls,872,1.5e-05,6.2e-05,0.000256
THAIZ_BODY_PLY_localMouth,C_facial_local_BLS,l_up_mouth_bls,873,0.0,0.0,2e-06
THAIZ_BODY_PLY_localMouth,C_facial_local_BLS,l_up_mouth_bls,874,6e-06,3e-06,3.4e-05
THAIZ_BODY_PLY_localMouth,C_facial_local_BLS,l_up_mouth_bls,882,0.046436,0.211396,0.068307
THAIZ_BODY_PLY_localMouth,C_facial_local_BLS,l_up_mouth_bls,883,0.042974,0.198607,0.0693
THAIZ_BODY_PLY_localMouth,C_facial_local_BLS,l_up_mouth_bls,884,0.036986,0.171752,0.065791
THAIZ_BODY_PLY_localMouth,C_facial_local_BLS,l_up_mouth_bls,885,0.027192,0.119575,0.049093
THAIZ_BODY_PLY_localMouth,C_facial_local_BLS,l_up_mouth_bls,886,0.007975,0.03138,0.014315
THAIZ_BODY_PLY_localMouth,C_facial_local_BLS,l_up_mouth_bls,887,0.002026,0.007704,0.003658
THAIZ_BODY_PLY_localMouth,C_facial_local_BLS,l_up_mouth_bls,888,0.002884,0.010753,0.001461
THAIZ_BODY_PLY_localMouth,C_facial_local_BLS,l_up_mouth_bls,889,0.002575,0.008596,0.00063
THAIZ_BODY_PLY_localMouth,C_facial_local_BLS,l_up_mouth_bls,897,2e-05,0.000136,2e-05
THAIZ_BODY_PLY_localMouth,C_facial_local_BLS,l_up_mouth_bls,902,-0.000336,0.00034,0.000395
THAIZ_BODY_PLY_localMouth,C_facial_local_BLS,l_up_mouth_bls,903,-0.016815,0.020639,0.0205
THAIZ_BODY_PLY_localMouth,C_facial_local_BLS,l_up_mouth_bls,904,-0.02035,0.035287,0.02392
THAIZ_BODY_PLY_localMouth,C_facial_local_BLS,l_up_mouth_bls,905,-0.02104,0.040972,0.021482
THAIZ_BODY_PLY_localMouth,C_facial_local_BLS,l_up_mouth_bls,906,-0.008652,0.028356,0.007616
THAIZ_BODY_PLY_localMouth,C_facial_local_BLS,l_up_mouth_bls,907,-0.004235,0.029572,0.012141
THAIZ_BODY_PLY_localMouth,C_facial_local_BLS,l_up_mouth_bls,908,0.004212,0.031712,0.022128
THAIZ_BODY_PLY_localMouth,C_facial_local_BLS,l_up_mouth_bls,909,0.002765,0.015058,0.007786
THAIZ_BODY_PLY_localMouth,C_facial_local_BLS,l_up_mouth_bls,912,-0.0,0.002686,3e-06
THAIZ_BODY_PLY_localMouth,C_facial_local_BLS,l_up_mouth_bls,913,-0.000125,0.006575,-0.000778
THAIZ_BODY_PLY_localMouth,C_facial_local_BLS,l_up_mouth_bls,914,-0.007369,0.010794,0.004865
THAIZ_BODY_PLY_localMouth,C_facial_local_BLS,l_up_mouth_bls,915,-0.016528,0.023874,0.019886
THAIZ_BODY_PLY_localMouth,C_facial_local_BLS,l_up_mouth_bls,916,0.002776,0.06067,0.039169
THAIZ_BODY_PLY_localMouth,C_facial_local_BLS,l_up_mouth_bls,917,0.016855,0.162947,0.148092
THAIZ_BODY_PLY_localMouth,C_facial_local_BLS,l_up_mouth_bls,918,0.26504,0.29227,0.00047
THAIZ_BODY_PLY_localMouth,C_facial_local_BLS,l_up_mouth_bls,919,-0.026877,0.062044,0.055527
THAIZ_BODY_PLY_localMouth,C_facial_local_BLS,l_up_mouth_bls,920,-0.001289,0.009308,0.001223
THAIZ_BODY_PLY_localMouth,C_facial_local_BLS,l_up_mouth_bls,921,0.000243,0.026858,0.003896
THAIZ_BODY_PLY_localMouth,C_facial_local_BLS,l_up_mouth_bls,922,0.000167,0.047271,0.010646
THAIZ_BODY_PLY_localMouth,C_facial_local_BLS,l_up_mouth_bls,923,-4.1e-05,0.005962,0.001535
THAIZ_BODY_PLY_localMouth,C_facial_local_BLS,l_up_mouth_bls,926,0.000207,0.023261,0.003336
THAIZ_BODY_PLY_localMouth,C_facial_local_BLS,l_up_mouth_bls,927,0.00018,0.00322,0.000291
THAIZ_BODY_PLY_localMouth,C_facial_local_BLS,l_up_mouth_bls,928,-0.00124,-0.000649,-0.002435
THAIZ_BODY_PLY_localMouth,C_facial_local_BLS,l_up_mouth_bls,929,-0.001063,0.002478,0.000498
THAIZ_BODY_PLY_localMouth,C_facial_local_BLS,l_up_mouth_bls,930,0.000706,0.033627,0.004651
THAIZ_BODY_PLY_localMouth,C_facial_local_BLS,l_up_mouth_bls,931,0.001514,0.024557,0.003137
THAIZ_BODY_PLY_localMouth,C_facial_local_BLS,l_up_mouth_bls,932,0.00038,0.028107,0.004021
THAIZ_BODY_PLY_localMouth,C_facial_local_BLS,l_up_mouth_bls,933,3e-06,4.1e-05,1.1e-05
THAIZ_BODY_PLY_localMouth,C_facial_local_BLS,l_up_mouth_bls,934,-1e-06,5.3e-05,9e-06
THAIZ_BODY_PLY_localMouth,C_facial_local_BLS,l_up_mouth_bls,935,-1.2e-05,0.002431,0.000365
THAIZ_BODY_PLY_localMouth,C_facial_local_BLS,l_up_mouth_bls,936,0.00017,0.014254,0.002059
THAIZ_BODY_PLY_localMouth,C_facial_local_BLS,l_up_mouth_bls,937,-5e-06,0.000232,3.3e-05
THAIZ_BODY_PLY_localMouth,C_facial_local_BLS,l_up_mouth_bls,938,0.000236,0.004228,0.000567
THAIZ_BODY_PLY_localMouth,C_facial_local_BLS,l_up_mouth_bls,939,1.8e-05,0.000263,4.4e-05
THAIZ_BODY_PLY_localMouth,C_facial_local_BLS,l_up_mouth_bls,941,0.000202,0.000199,-0.000868
THAIZ_BODY_PLY_localMouth,C_facial_local_BLS,l_up_mouth_bls,942,0.007583,0.003565,-0.01496
THAIZ_BODY_PLY_localMouth,C_facial_local_BLS,l_up_mouth_bls,943,0.065144,0.039976,-0.10969
THAIZ_BODY_PLY_localMouth,C_facial_local_BLS,l_up_mouth_bls,944,0.132067,0.064683,-0.178481
THAIZ_BODY_PLY_localMouth,C_facial_local_BLS,l_up_mouth_bls,945,0.198805,0.095568,-0.229463
THAIZ_BODY_PLY_localMouth,C_facial_local_BLS,l_up_mouth_bls,946,0.317607,0.115515,-0.270274
THAIZ_BODY_PLY_localMouth,C_facial_local_BLS,l_up_mouth_bls,947,0.216133,0.079006,-0.113456
THAIZ_BODY_PLY_localMouth,C_facial_local_BLS,l_up_mouth_bls,948,0.001361,-0.109217,0.173326
THAIZ_BODY_PLY_localMouth,C_facial_local_BLS,l_up_mouth_bls,949,-0.484945,-0.16717,0.588782
THAIZ_BODY_PLY_localMouth,C_facial_local_BLS,l_up_mouth_bls,950,-0.694223,-0.290904,0.795467
THAIZ_BODY_PLY_localMouth,C_facial_local_BLS,l_up_mouth_bls,951,-0.449813,-0.192182,0.687319
THAIZ_BODY_PLY_localMouth,C_facial_local_BLS,l_up_mouth_bls,952,-0.209069,-0.040292,0.490031
THAIZ_BODY_PLY_localMouth,C_facial_local_BLS,l_up_mouth_bls,953,-0.039301,0.052566,0.255797
THAIZ_BODY_PLY_localMouth,C_facial_local_BLS,l_up_mouth_bls,954,0.068919,0.063369,0.056654
THAIZ_BODY_PLY_localMouth,C_facial_local_BLS,l_up_mouth_bls,955,-0.003261,-0.003425,-0.007916
THAIZ_BODY_PLY_localMouth,C_facial_local_BLS,l_up_mouth_bls,956,4.1e-05,3.5e-05,0.000147
THAIZ_BODY_PLY_localMouth,C_facial_local_BLS,l_up_mouth_bls,957,-0.000304,0.000141,0.000967
THAIZ_BODY_PLY_localMouth,C_facial_local_BLS,l_up_mouth_bls,958,0.036537,0.011555,-0.004973
THAIZ_BODY_PLY_localMouth,C_facial_local_BLS,l_up_mouth_bls,959,0.051875,0.016423,-0.007059
THAIZ_BODY_PLY_localMouth,C_facial_local_BLS,l_up_mouth_bls,960,0.030084,-0.031385,0.016727
THAIZ_BODY_PLY_localMouth,C_facial_local_BLS,l_up_mouth_bls,961,0.033136,0.058423,0.027778
THAIZ_BODY_PLY_localMouth,C_facial_local_BLS,l_up_mouth_bls,962,0.014863,0.015522,0.008776
THAIZ_BODY_PLY_localMouth,C_facial_local_BLS,l_up_mouth_bls,963,0.002819,0.002636,0.020929
THAIZ_BODY_PLY_localMouth,C_facial_local_BLS,l_up_mouth_bls,964,-0.004406,0.005023,0.040122
THAIZ_BODY_PLY_localMouth,C_facial_local_BLS,l_up_mouth_bls,965,-0.007925,0.008966,0.039117
THAIZ_BODY_PLY_localMouth,C_facial_local_BLS,l_up_mouth_bls,966,-0.008625,0.010936,0.032268
THAIZ_BODY_PLY_localMouth,C_facial_local_BLS,l_up_mouth_bls,967,-0.006711,0.009756,0.021833
THAIZ_BODY_PLY_localMouth,C_facial_local_BLS,l_up_mouth_bls,968,-0.003847,0.006531,0.012684
THAIZ_BODY_PLY_localMouth,C_facial_local_BLS,l_up_mouth_bls,969,-0.001585,0.003328,0.006358
THAIZ_BODY_PLY_localMouth,C_facial_local_BLS,l_up_mouth_bls,970,-0.000413,0.001225,0.002577
THAIZ_BODY_PLY_localMouth,C_facial_local_BLS,l_up_mouth_bls,971,-3.2e-05,0.000247,0.000657
THAIZ_BODY_PLY_localMouth,C_facial_local_BLS,l_up_mouth_bls,972,0.020939,0.094228,0.022352
THAIZ_BODY_PLY_localMouth,C_facial_local_BLS,l_up_mouth_bls,973,0.029494,0.125151,0.028998
THAIZ_BODY_PLY_localMouth,C_facial_local_BLS,l_up_mouth_bls,974,0.039106,0.170331,0.048674
THAIZ_BODY_PLY_localMouth,C_facial_local_BLS,l_up_mouth_bls,975,0.047123,0.216451,0.065573
THAIZ_BODY_PLY_localMouth,C_facial_local_BLS,l_up_mouth_bls,976,0.035232,0.16091,0.050385
THAIZ_BODY_PLY_localMouth,C_facial_local_BLS,l_up_mouth_bls,977,0.02607,0.112926,0.036467
THAIZ_BODY_PLY_localMouth,C_facial_local_BLS,l_up_mouth_bls,978,0.009297,0.029296,0.009276
THAIZ_BODY_PLY_localMouth,C_facial_local_BLS,l_up_mouth_bls,979,0.000392,0.000976,0.000287
THAIZ_BODY_PLY_localMouth,C_facial_local_BLS,l_up_mouth_bls,986,-0.015864,0.029009,0.024976
THAIZ_BODY_PLY_localMouth,C_facial_local_BLS,l_up_mouth_bls,987,-0.033808,0.070102,0.051408
THAIZ_BODY_PLY_localMouth,C_facial_local_BLS,l_up_mouth_bls,988,-0.038651,0.110185,0.055744
THAIZ_BODY_PLY_localMouth,C_facial_local_BLS,l_up_mouth_bls,989,-0.041552,0.136587,0.053551
THAIZ_BODY_PLY_localMouth,C_facial_local_BLS,l_up_mouth_bls,990,-0.030044,0.125058,0.029724
THAIZ_BODY_PLY_localMouth,C_facial_local_BLS,l_up_mouth_bls,991,-0.003566,0.049053,0.015774
THAIZ_BODY_PLY_localMouth,C_facial_local_BLS,l_up_mouth_bls,992,0.011326,0.080522,0.037231
THAIZ_BODY_PLY_localMouth,C_facial_local_BLS,l_up_mouth_bls,993,0.014603,0.078288,0.026997
THAIZ_BODY_PLY_localMouth,C_facial_local_BLS,l_up_mouth_bls,995,4.1e-05,1.8e-05,-4e-06
THAIZ_BODY_PLY_localMouth,C_facial_local_BLS,l_up_mouth_bls,996,0.014169,0.005717,-0.001551
THAIZ_BODY_PLY_localMouth,C_facial_local_BLS,l_up_mouth_bls,997,0.049455,0.009952,-0.016108
THAIZ_BODY_PLY_localMouth,C_facial_local_BLS,l_up_mouth_bls,998,0.094199,0.025618,0.009374
THAIZ_BODY_PLY_localMouth,C_facial_local_BLS,l_up_mouth_bls,999,0.0886,0.084103,0.158264
THAIZ_BODY_PLY_localMouth,C_facial_local_BLS,l_up_mouth_bls,1000,-0.008738,0.098967,0.30561
THAIZ_BODY_PLY_localMouth,C_facial_local_BLS,l_up_mouth_bls,1001,0.057811,0.146957,0.351227
THAIZ_BODY_PLY_localMouth,C_facial_local_BLS,l_up_mouth_bls,1002,-0.287996,0.024295,0.453009
THAIZ_BODY_PLY_localMouth,C_facial_local_BLS,l_up_mouth_bls,1003,-0.20187,-0.15722,0.362897
THAIZ_BODY_PLY_localMouth,C_facial_local_BLS,l_up_mouth_bls,1004,0.018925,-0.111929,0.024704
THAIZ_BODY_PLY_localMouth,C_facial_local_BLS,l_up_mouth_bls,1005,0.052048,-0.045884,-0.098897
THAIZ_BODY_PLY_localMouth,C_facial_local_BLS,l_up_mouth_bls,1006,0.118097,0.027741,-0.048183
THAIZ_BODY_PLY_localMouth,C_facial_local_BLS,l_up_mouth_bls,1007,0.063208,0.017453,-0.014968
THAIZ_BODY_PLY_localMouth,C_facial_local_BLS,l_up_mouth_bls,1008,0.025919,0.008316,-0.005343
THAIZ_BODY_PLY_localMouth,C_facial_local_BLS,l_up_mouth_bls,1009,0.005701,0.001962,-0.001074
THAIZ_BODY_PLY_localMouth,C_facial_local_BLS,l_up_mouth_bls,1013,0.155982,-0.07102,-0.13317
THAIZ_BODY_PLY_localMouth,C_facial_local_BLS,l_up_mouth_bls,1014,0.114094,-0.069881,-0.078264
THAIZ_BODY_PLY_localMouth,C_facial_local_BLS,l_up_mouth_bls,1015,0.084704,0.020265,-0.018464
THAIZ_BODY_PLY_localMouth,C_facial_local_BLS,l_up_mouth_bls,1016,0.040752,0.011921,-0.007028
THAIZ_BODY_PLY_localMouth,C_facial_local_BLS,l_up_mouth_bls,1017,0.012804,0.004324,-0.001906
THAIZ_BODY_PLY_localMouth,C_facial_local_BLS,l_up_mouth_bls,1018,0.000875,0.000332,-0.000115
THAIZ_BODY_PLY_localMouth,C_facial_local_BLS,l_up_mouth_bls,1022,0.000348,0.000141,-3.4e-05
THAIZ_BODY_PLY_localMouth,C_facial_local_BLS,l_up_mouth_bls,1023,0.013788,0.005014,-0.001601
THAIZ_BODY_PLY_localMouth,C_facial_local_BLS,l_up_mouth_bls,1024,0.045073,0.014257,-0.006135
THAIZ_BODY_PLY_localMouth,C_facial_local_BLS,l_up_mouth_bls,1025,0.088816,0.025003,-0.01539
THAIZ_BODY_PLY_localMouth,C_facial_local_BLS,l_up_mouth_bls,1026,0.127522,0.144139,0.060978
THAIZ_BODY_PLY_localMouth,C_facial_local_BLS,l_up_mouth_bls,1027,0.22593,0.176618,0.093253
THAIZ_BODY_PLY_localMouth,C_facial_local_BLS,l_up_mouth_bls,1028,0.293376,0.170351,0.114519
THAIZ_BODY_PLY_localMouth,C_facial_local_BLS,l_up_mouth_bls,1029,-0.163117,-0.041612,0.265386
THAIZ_BODY_PLY_localMouth,C_facial_local_BLS,l_up_mouth_bls,1030,-0.142494,-0.133419,0.184724
THAIZ_BODY_PLY_localMouth,C_facial_local_BLS,l_up_mouth_bls,1031,0.239402,-0.15236,-0.063037
THAIZ_BODY_PLY_localMouth,C_facial_local_BLS,l_up_mouth_bls,1032,-0.147005,-0.500057,0.312238
THAIZ_BODY_PLY_localMouth,C_facial_local_BLS,l_up_mouth_bls,1033,-0.149157,-0.457048,0.250982
THAIZ_BODY_PLY_localMouth,C_facial_local_BLS,l_up_mouth_bls,1034,-0.085924,-0.22961,0.219515
THAIZ_BODY_PLY_localMouth,C_facial_local_BLS,l_up_mouth_bls,1035,-0.032393,-0.046905,0.186476
THAIZ_BODY_PLY_localMouth,C_facial_local_BLS,l_up_mouth_bls,1036,-0.014822,0.003049,0.125496
THAIZ_BODY_PLY_localMouth,C_facial_local_BLS,l_up_mouth_bls,1037,0.004951,0.007503,0.064083
THAIZ_BODY_PLY_localMouth,C_facial_local_BLS,l_up_mouth_bls,1038,0.000332,0.001851,0.033666
THAIZ_BODY_PLY_localMouth,C_facial_local_BLS,l_up_mouth_bls,1039,0.002198,-0.008194,0.016341
THAIZ_BODY_PLY_localMouth,C_facial_local_BLS,l_up_mouth_bls,1040,0.003184,-0.021839,0.017724
THAIZ_BODY_PLY_localMouth,C_facial_local_BLS,l_up_mouth_bls,1041,0.008922,-0.014321,0.005597
THAIZ_BODY_PLY_localMouth,C_facial_local_BLS,l_up_mouth_bls,1044,6.7e-05,0.003803,0.00029
THAIZ_BODY_PLY_localMouth,C_facial_local_BLS,l_up_mouth_bls,1045,0.002204,0.027688,0.009979
THAIZ_BODY_PLY_localMouth,C_facial_local_BLS,l_up_mouth_bls,1046,-0.00014,0.065172,0.041644
THAIZ_BODY_PLY_localMouth,C_facial_local_BLS,l_up_mouth_bls,1047,-0.002706,0.117814,0.093446
THAIZ_BODY_PLY_localMouth,C_facial_local_BLS,l_up_mouth_bls,1048,0.003525,0.195289,0.157692
THAIZ_BODY_PLY_localMouth,C_facial_local_BLS,l_up_mouth_bls,1049,0.062724,0.361927,0.24105
THAIZ_BODY_PLY_localMouth,C_facial_local_BLS,l_up_mouth_bls,1050,0.193076,0.425533,0.336811
THAIZ_BODY_PLY_localMouth,C_facial_local_BLS,l_up_mouth_bls,1051,0.183877,0.467668,0.442544
THAIZ_BODY_PLY_localMouth,C_facial_local_BLS,l_up_mouth_bls,1052,0.259694,0.169878,0.535244
THAIZ_BODY_PLY_localMouth,C_facial_local_BLS,l_up_mouth_bls,1053,0.100947,-0.09724,0.444205
THAIZ_BODY_PLY_localMouth,C_facial_local_BLS,l_up_mouth_bls,1054,-0.032182,-0.396475,0.371463
THAIZ_BODY_PLY_localMouth,C_facial_local_BLS,l_up_mouth_bls,1058,0.0,1e-06,3e-06
THAIZ_BODY_PLY_localMouth,C_facial_local_BLS,l_up_mouth_bls,1059,-0.0,2e-06,5e-06
THAIZ_BODY_PLY_localMouth,C_facial_local_BLS,l_up_mouth_bls,1060,-0.0,1e-06,3e-06
THAIZ_BODY_PLY_localMouth,C_facial_local_BLS,l_up_mouth_bls,1062,2.1e-05,-4.1e-05,3.1e-05
THAIZ_BODY_PLY_localMouth,C_facial_local_BLS,l_up_mouth_bls,1063,-8e-06,1.3e-05,9e-05
THAIZ_BODY_PLY_localMouth,C_facial_local_BLS,l_up_mouth_bls,1064,-1.8e-05,3.5e-05,7.4e-05
THAIZ_BODY_PLY_localMouth,C_facial_local_BLS,l_up_mouth_bls,1065,0.002971,-0.052764,-0.000843
THAIZ_BODY_PLY_localMouth,C_facial_local_BLS,l_up_mouth_bls,1066,0.013765,0.018925,0.04971
THAIZ_BODY_PLY_localMouth,C_facial_local_BLS,l_up_mouth_bls,1069,0.012199,0.012117,0.036863
THAIZ_BODY_PLY_localMouth,C_facial_local_BLS,l_up_mouth_bls,1070,-1e-06,3e-06,6e-06
THAIZ_BODY_PLY_localMouth,C_facial_local_BLS,l_up_mouth_bls,1073,-8e-06,1.8e-05,3.2e-05
THAIZ_BODY_PLY_localMouth,C_facial_local_BLS,l_up_mouth_bls,1080,0.000514,0.002575,0.001612
THAIZ_BODY_PLY_localMouth,C_facial_local_BLS,l_up_mouth_bls,1081,0.000144,0.000677,0.00044
THAIZ_BODY_PLY_localMouth,C_facial_local_BLS,l_up_mouth_bls,1083,0.000347,0.003319,-0.000823
THAIZ_BODY_PLY_localMouth,C_facial_local_BLS,l_up_mouth_bls,1084,0.013641,0.009803,0.005614
THAIZ_BODY_PLY_localMouth,C_facial_local_BLS,l_up_mouth_bls,1085,0.000293,0.000237,0.000142
THAIZ_BODY_PLY_localMouth,C_facial_local_BLS,l_up_mouth_bls,1086,0.000191,0.001005,0.000523
THAIZ_BODY_PLY_localMouth,C_facial_local_BLS,l_up_mouth_bls,1087,0.000394,0.002084,0.001179
THAIZ_BODY_PLY_localMouth,C_facial_local_BLS,l_up_mouth_bls,1088,3e-06,1.6e-05,1e-05
THAIZ_BODY_PLY_localMouth,C_facial_local_BLS,l_up_mouth_bls,1094,-3.8e-05,0.000311,9.9e-05
THAIZ_BODY_PLY_localMouth,C_facial_local_BLS,l_up_mouth_bls,1096,-1e-06,1e-05,3e-06
THAIZ_BODY_PLY_localMouth,C_facial_local_BLS,l_up_mouth_bls,1099,-0.005795,0.007542,0.030358
THAIZ_BODY_PLY_localMouth,C_facial_local_BLS,l_up_mouth_bls,1103,0.002247,-0.003269,0.063318
THAIZ_BODY_PLY_localMouth,C_facial_local_BLS,l_up_mouth_bls,1106,-0.000121,0.000122,0.000715
THAIZ_BODY_PLY_localMouth,C_facial_local_BLS,l_up_mouth_bls,1109,0.00011,-0.000654,8.5e-05
THAIZ_BODY_PLY_localMouth,C_facial_local_BLS,l_up_mouth_bls,1143,1e-06,0.0,2e-06
THAIZ_BODY_PLY_localMouth,C_facial_local_BLS,l_up_mouth_bls,1144,4e-06,3e-06,2.5e-05
THAIZ_BODY_PLY_localMouth,C_facial_local_BLS,l_up_mouth_bls,1145,4e-06,1.9e-05,6.9e-05
THAIZ_BODY_PLY_localMouth,C_facial_local_BLS,l_up_mouth_bls,1146,-9e-06,4.6e-05,0.000115
THAIZ_BODY_PLY_localMouth,C_facial_local_BLS,l_up_mouth_bls,1147,-1e-05,4.1e-05,9.5e-05
THAIZ_BODY_PLY_localMouth,C_facial_local_BLS,l_up_mouth_bls,1148,0.0,1e-06,4e-06
THAIZ_BODY_PLY_localMouth,C_facial_local_BLS,l_up_mouth_bls,1153,0.014069,0.003705,-0.006026
THAIZ_BODY_PLY_localMouth,C_facial_local_BLS,l_up_mouth_bls,1154,0.025264,0.034988,0.011888
THAIZ_BODY_PLY_localMouth,C_facial_local_BLS,l_up_mouth_bls,1155,0.018501,0.050624,0.020635
THAIZ_BODY_PLY_localMouth,C_facial_local_BLS,l_up_mouth_bls,1156,0.016955,0.06992,0.030363
THAIZ_BODY_PLY_localMouth,C_facial_local_BLS,l_up_mouth_bls,1157,0.017672,0.088723,0.04108
THAIZ_BODY_PLY_localMouth,C_facial_local_BLS,l_up_mouth_bls,1158,0.018614,0.099922,0.050843
THAIZ_BODY_PLY_localMouth,C_facial_local_BLS,l_up_mouth_bls,1159,0.01736,0.089426,0.055872
THAIZ_BODY_PLY_localMouth,C_facial_local_BLS,l_up_mouth_bls,1160,0.01489,0.073652,0.049311
THAIZ_BODY_PLY_localMouth,C_facial_local_BLS,l_up_mouth_bls,1161,0.009301,0.045548,0.031277
THAIZ_BODY_PLY_localMouth,C_facial_local_BLS,l_up_mouth_bls,1162,0.00243,0.013286,0.008496
THAIZ_BODY_PLY_localMouth,C_facial_local_BLS,l_up_mouth_bls,1163,3e-06,0.000251,1.1e-05
THAIZ_BODY_PLY_localMouth,C_facial_local_BLS,l_up_mouth_bls,1164,-0.0,0.000101,0.0
THAIZ_BODY_PLY_localMouth,C_facial_local_BLS,l_up_mouth_bls,1167,-0.0,2e-06,1e-06
THAIZ_BODY_PLY_localMouth,C_facial_local_BLS,l_up_mouth_bls,1168,-2e-06,0.000104,3.3e-05
THAIZ_BODY_PLY_localMouth,C_facial_local_BLS,l_up_mouth_bls,1169,-1e-05,0.000834,0.000231
THAIZ_BODY_PLY_localMouth,C_facial_local_BLS,l_up_mouth_bls,1170,8e-06,0.014039,0.002952
THAIZ_BODY_PLY_localMouth,C_facial_local_BLS,l_up_mouth_bls,1171,5.8e-05,0.012748,0.002239
THAIZ_BODY_PLY_localMouth,C_facial_local_BLS,l_up_mouth_bls,1172,3e-05,0.006212,0.000909
THAIZ_BODY_PLY_localMouth,C_facial_local_BLS,l_up_mouth_bls,1179,-3e-06,2e-06,2e-06
THAIZ_BODY_PLY_localMouth,C_facial_local_BLS,l_up_mouth_bls,1180,-6e-06,2e-05,1.1e-05
THAIZ_BODY_PLY_localMouth,C_facial_local_BLS,l_up_mouth_bls,1181,2.5e-05,0.001593,0.000495
THAIZ_BODY_PLY_localMouth,C_facial_local_BLS,l_up_mouth_bls,1182,0.000749,0.018105,0.005449
THAIZ_BODY_PLY_localMouth,C_facial_local_BLS,l_up_mouth_bls,1183,0.004297,0.066121,0.020919
THAIZ_BODY_PLY_localMouth,C_facial_local_BLS,l_up_mouth_bls,1184,0.000433,0.194724,0.072042
THAIZ_BODY_PLY_localMouth,C_facial_local_BLS,l_up_mouth_bls,1185,0.012304,0.382298,0.134414
THAIZ_BODY_PLY_localMouth,C_facial_local_BLS,l_up_mouth_bls,1186,0.037836,0.655993,0.224371
THAIZ_BODY_PLY_localMouth,C_facial_local_BLS,l_up_mouth_bls,1187,0.138452,0.970283,0.3625
THAIZ_BODY_PLY_localMouth,C_facial_local_BLS,l_up_mouth_bls,1188,0.141751,1.2654,0.633904
THAIZ_BODY_PLY_localMouth,C_facial_local_BLS,l_up_mouth_bls,1189,0.131062,1.021219,0.501965
THAIZ_BODY_PLY_localMouth,C_facial_local_BLS,l_up_mouth_bls,1190,0.114194,0.730643,0.379981
THAIZ_BODY_PLY_localMouth,C_facial_local_BLS,l_up_mouth_bls,1191,0.08174,0.478953,0.256286
THAIZ_BODY_PLY_localMouth,C_facial_local_BLS,l_up_mouth_bls,1192,0.052049,0.291109,0.159768
THAIZ_BODY_PLY_localMouth,C_facial_local_BLS,l_up_mouth_bls,1193,0.0329,0.17915,0.099952
THAIZ_BODY_PLY_localMouth,C_facial_local_BLS,l_up_mouth_bls,1194,0.018683,0.100079,0.056574
THAIZ_BODY_PLY_localMouth,C_facial_local_BLS,l_up_mouth_bls,1195,0.008768,0.046469,0.026704
THAIZ_BODY_PLY_localMouth,C_facial_local_BLS,l_up_mouth_bls,1196,0.002923,0.015304,0.009001
THAIZ_BODY_PLY_localMouth,C_facial_local_BLS,l_up_mouth_bls,1197,0.000603,0.003122,0.00187
THAIZ_BODY_PLY_localMouth,C_facial_local_BLS,l_up_mouth_bls,1271,0.01787,0.066275,0.021822
THAIZ_BODY_PLY_localMouth,C_facial_local_BLS,l_up_mouth_bls,1272,0.019358,0.060018,0.021688
THAIZ_BODY_PLY_localMouth,C_facial_local_BLS,l_up_mouth_bls,1273,0.022395,0.054844,0.02064
THAIZ_BODY_PLY_localMouth,C_facial_local_BLS,l_up_mouth_bls,1274,0.025413,0.044095,0.01629
THAIZ_BODY_PLY_localMouth,C_facial_local_BLS,l_up_mouth_bls,1275,0.032028,0.035193,0.010628
THAIZ_BODY_PLY_localMouth,C_facial_local_BLS,l_up_mouth_bls,1276,0.042655,0.027754,0.002648
THAIZ_BODY_PLY_localMouth,C_facial_local_BLS,l_up_mouth_bls,1277,0.043242,0.021782,-0.004686
THAIZ_BODY_PLY_localMouth,C_facial_local_BLS,l_up_mouth_bls,1278,0.03374,0.017823,-0.007849
THAIZ_BODY_PLY_localMouth,C_facial_local_BLS,l_up_mouth_bls,1279,0.019408,0.019073,-0.006693
THAIZ_BODY_PLY_localMouth,C_facial_local_BLS,l_up_mouth_bls,1289,-2e-06,1.5e-05,3.7e-05
THAIZ_BODY_PLY_localMouth,C_facial_local_BLS,l_up_mouth_bls,1290,-5.5e-05,0.000272,0.000673
THAIZ_BODY_PLY_localMouth,C_facial_local_BLS,l_up_mouth_bls,1291,-0.000406,0.001528,0.003904
THAIZ_BODY_PLY_localMouth,C_facial_local_BLS,l_up_mouth_bls,1292,-0.001699,0.004599,0.012282
THAIZ_BODY_PLY_localMouth,C_facial_local_BLS,l_up_mouth_bls,1293,-0.004824,0.009879,0.027368
THAIZ_BODY_PLY_localMouth,C_facial_local_BLS,l_up_mouth_bls,1294,-0.010385,0.01724,0.050826
THAIZ_BODY_PLY_localMouth,C_facial_local_BLS,l_up_mouth_bls,1295,-0.018679,0.026673,0.085073
THAIZ_BODY_PLY_localMouth,C_facial_local_BLS,l_up_mouth_bls,1296,-0.030514,0.040928,0.129913
THAIZ_BODY_PLY_localMouth,C_facial_local_BLS,l_up_mouth_bls,1297,-0.064641,0.095282,0.177985
THAIZ_BODY_PLY_localMouth,C_facial_local_BLS,l_up_mouth_bls,1298,-0.137489,0.186559,0.19723
THAIZ_BODY_PLY_localMouth,C_facial_local_BLS,l_up_mouth_bls,1299,-0.182931,0.204245,0.19802
THAIZ_BODY_PLY_localMouth,C_facial_local_BLS,l_up_mouth_bls,1300,-0.118918,0.286514,0.274482
THAIZ_BODY_PLY_localMouth,C_facial_local_BLS,l_up_mouth_bls,1301,0.100901,0.27072,0.449389
THAIZ_BODY_PLY_localMouth,C_facial_local_BLS,l_up_mouth_bls,1302,0.360157,0.337012,0.701057
THAIZ_BODY_PLY_localMouth,C_facial_local_BLS,l_up_mouth_bls,1303,0.415283,0.952964,1.019787
THAIZ_BODY_PLY_localMouth,C_facial_local_BLS,l_up_mouth_bls,1304,0.22506,1.189333,0.750565
THAIZ_BODY_PLY_localMouth,C_facial_local_BLS,l_up_mouth_bls,1305,0.177024,1.151038,0.520886
THAIZ_BODY_PLY_localMouth,C_facial_local_BLS,l_up_mouth_bls,1306,0.113332,1.090018,0.372916
THAIZ_BODY_PLY_localMouth,C_facial_local_BLS,l_up_mouth_bls,1307,0.060545,0.889326,0.232663
THAIZ_BODY_PLY_localMouth,C_facial_local_BLS,l_up_mouth_bls,1308,0.027189,0.502078,0.117835
THAIZ_BODY_PLY_localMouth,C_facial_local_BLS,l_up_mouth_bls,1309,0.00939,0.212154,0.055556
THAIZ_BODY_PLY_localMouth,C_facial_local_BLS,l_up_mouth_bls,1310,0.005631,0.0845,0.03136
THAIZ_BODY_PLY_localMouth,C_facial_local_BLS,l_up_mouth_bls,1311,-0.0005,0.032004,0.018719
THAIZ_BODY_PLY_localMouth,C_facial_local_BLS,l_up_mouth_bls,1312,4.8e-05,0.000156,0.00017
THAIZ_BODY_PLY_localMouth,C_facial_local_BLS,l_up_mouth_bls,1313,0.008798,0.030631,0.031542
THAIZ_BODY_PLY_localMouth,C_facial_local_BLS,l_up_mouth_bls,1314,0.072984,0.246145,0.241246
THAIZ_BODY_PLY_localMouth,C_facial_local_BLS,l_up_mouth_bls,1315,0.257393,0.512173,0.55275
THAIZ_BODY_PLY_localMouth,C_facial_local_BLS,l_up_mouth_bls,1316,0.435459,0.598645,0.898166
THAIZ_BODY_PLY_localMouth,C_facial_local_BLS,l_up_mouth_bls,1317,0.402272,0.525459,1.250557
THAIZ_BODY_PLY_localMouth,C_facial_local_BLS,l_up_mouth_bls,1318,0.208129,0.428346,1.288337
THAIZ_BODY_PLY_localMouth,C_facial_local_BLS,l_up_mouth_bls,1319,0.138981,0.382423,0.977688
THAIZ_BODY_PLY_localMouth,C_facial_local_BLS,l_up_mouth_bls,1320,0.288435,0.388548,0.572586
THAIZ_BODY_PLY_localMouth,C_facial_local_BLS,l_up_mouth_bls,1321,0.207788,0.179874,0.278267
THAIZ_BODY_PLY_localMouth,C_facial_local_BLS,l_up_mouth_bls,1322,0.235733,0.143646,0.077958
THAIZ_BODY_PLY_localMouth,C_facial_local_BLS,l_up_mouth_bls,1323,0.128846,0.07893,0.054149
THAIZ_BODY_PLY_localMouth,C_facial_local_BLS,l_up_mouth_bls,1324,0.10473,0.030276,0.035617
THAIZ_BODY_PLY_localMouth,C_facial_local_BLS,l_up_mouth_bls,1325,0.1325,-0.006464,0.034201
THAIZ_BODY_PLY_localMouth,C_facial_local_BLS,l_up_mouth_bls,1326,0.065724,0.000644,0.038944
THAIZ_BODY_PLY_localMouth,C_facial_local_BLS,l_up_mouth_bls,1327,0.025819,0.006293,0.064515
THAIZ_BODY_PLY_localMouth,C_facial_local_BLS,l_up_mouth_bls,1328,0.00568,0.009817,0.076985
THAIZ_BODY_PLY_localMouth,C_facial_local_BLS,l_up_mouth_bls,1329,-0.003721,0.012406,0.083579
THAIZ_BODY_PLY_localMouth,C_facial_local_BLS,l_up_mouth_bls,1330,0.005354,0.102688,0.020155
THAIZ_BODY_PLY_localMouth,C_facial_local_BLS,l_up_mouth_bls,1331,-0.015819,0.03629,0.004225
THAIZ_BODY_PLY_localMouth,C_facial_local_BLS,l_up_mouth_bls,1332,-0.021674,0.057703,0.021782
THAIZ_BODY_PLY_localMouth,C_facial_local_BLS,l_up_mouth_bls,1333,0.015262,0.088762,0.015511
THAIZ_BODY_PLY_localMouth,C_facial_local_BLS,l_up_mouth_bls,1334,0.009317,0.036849,0.030462
THAIZ_BODY_PLY_localMouth,C_facial_local_BLS,l_up_mouth_bls,1335,0.020384,0.05077,0.036939
THAIZ_BODY_PLY_localMouth,C_facial_local_BLS,l_up_mouth_bls,1336,0.016922,0.01425,0.01259
THAIZ_BODY_PLY_localMouth,C_facial_local_BLS,l_up_mouth_bls,1337,0.004308,2.9e-05,0.002331
THAIZ_BODY_PLY_localMouth,C_facial_local_BLS,l_up_mouth_bls,1338,0.000922,0.002774,0.002312
THAIZ_BODY_PLY_localMouth,C_facial_local_BLS,l_up_mouth_bls,1339,9.4e-05,0.000504,0.000319
THAIZ_BODY_PLY_localMouth,C_facial_local_BLS,l_up_mouth_bls,1340,-0.000121,0.002281,0.000592
THAIZ_BODY_PLY_localMouth,C_facial_local_BLS,l_up_mouth_bls,1341,-6.3e-05,0.002982,0.000786
THAIZ_BODY_PLY_localMouth,C_facial_local_BLS,l_up_mouth_bls,1342,-2.4e-05,0.005776,0.001408
THAIZ_BODY_PLY_localMouth,C_facial_local_BLS,l_up_mouth_bls,1343,0.000233,0.02098,0.004646
THAIZ_BODY_PLY_localMouth,C_facial_local_BLS,l_up_mouth_bls,1344,0.001794,0.05915,0.012031
THAIZ_BODY_PLY_localMouth,C_facial_local_BLS,l_up_mouth_bls,1345,-3.7e-05,3.5e-05,0.000192
THAIZ_BODY_PLY_localMouth,C_facial_local_BLS,l_up_mouth_bls,1346,-6.8e-05,9.8e-05,0.000401
THAIZ_BODY_PLY_localMouth,C_facial_local_BLS,l_up_mouth_bls,1347,4.8e-05,2.8e-05,1e-06
THAIZ_BODY_PLY_localMouth,C_facial_local_BLS,l_up_mouth_bls,1348,0.002044,0.005839,-0.003004
THAIZ_BODY_PLY_localMouth,C_facial_local_BLS,l_up_mouth_bls,1349,0.047977,0.041571,-0.030309
THAIZ_BODY_PLY_localMouth,C_facial_local_BLS,l_up_mouth_bls,1350,0.061824,0.021198,0.02945
THAIZ_BODY_PLY_localMouth,C_facial_local_BLS,l_up_mouth_bls,1351,-0.03379,0.02784,0.25221
THAIZ_BODY_PLY_localMouth,C_facial_local_BLS,l_up_mouth_bls,1352,-0.203807,-0.007809,0.48683
THAIZ_BODY_PLY_localMouth,C_facial_local_BLS,l_up_mouth_bls,1353,-0.445714,-0.097664,0.664605
THAIZ_BODY_PLY_localMouth,C_facial_local_BLS,l_up_mouth_bls,1354,-0.549814,-0.036659,0.772836
THAIZ_BODY_PLY_localMouth,C_facial_local_BLS,l_up_mouth_bls,1355,-0.270301,0.024218,0.484923
THAIZ_BODY_PLY_localMouth,C_facial_local_BLS,l_up_mouth_bls,1356,-0.032955,-0.063317,0.160393
THAIZ_BODY_PLY_localMouth,C_facial_local_BLS,l_up_mouth_bls,1357,0.112045,0.072525,-0.058645
THAIZ_BODY_PLY_localMouth,C_facial_local_BLS,l_up_mouth_bls,1358,0.167338,0.053754,-0.132486
THAIZ_BODY_PLY_localMouth,C_facial_local_BLS,l_up_mouth_bls,1359,0.110166,0.023513,-0.12832
THAIZ_BODY_PLY_localMouth,C_facial_local_BLS,l_up_mouth_bls,1360,0.066312,-0.002725,-0.083048
THAIZ_BODY_PLY_localMouth,C_facial_local_BLS,l_up_mouth_bls,1361,0.02161,-0.007732,-0.029965
THAIZ_BODY_PLY_localMouth,C_facial_local_BLS,l_up_mouth_bls,1362,0.001974,-0.002647,-0.000952
THAIZ_BODY_PLY_localMouth,C_facial_local_BLS,l_up_mouth_bls,1363,-2e-06,-6.7e-05,-2.1e-05
THAIZ_BODY_PLY_localMouth,C_facial_local_BLS,l_up_mouth_bls,1366,-0.000383,0.010412,0.001155
THAIZ_BODY_PLY_localMouth,C_facial_local_BLS,l_up_mouth_bls,1367,-0.000433,0.014094,0.001518
THAIZ_BODY_PLY_localMouth,C_facial_local_BLS,l_up_mouth_bls,1368,-0.00041,0.016355,0.00175
THAIZ_BODY_PLY_localMouth,C_facial_local_BLS,l_up_mouth_bls,1369,-0.000316,0.015471,0.001707
THAIZ_BODY_PLY_localMouth,C_facial_local_BLS,l_up_mouth_bls,1370,-0.000254,0.012492,0.001441
THAIZ_BODY_PLY_localMouth,C_facial_local_BLS,l_up_mouth_bls,1371,-0.000301,0.006954,0.000834
THAIZ_BODY_PLY_localMouth,C_facial_local_BLS,l_up_mouth_bls,1372,-0.000213,0.003521,0.00043
THAIZ_BODY_PLY_localMouth,C_facial_local_BLS,l_up_mouth_bls,1373,-0.000152,0.002514,0.000306
THAIZ_BODY_PLY_localMouth,C_facial_local_BLS,l_up_mouth_bls,1374,-0.000124,0.002163,0.00026
THAIZ_BODY_PLY_localMouth,C_facial_local_BLS,l_up_mouth_bls,1375,-0.00012,0.002116,0.000253
THAIZ_BODY_PLY_localMouth,C_facial_local_BLS,l_up_mouth_bls,1376,-0.000119,0.002042,0.000246
THAIZ_BODY_PLY_localMouth,C_facial_local_BLS,l_up_mouth_bls,1377,-0.000115,0.001901,0.00023
THAIZ_BODY_PLY_localMouth,C_facial_local_BLS,l_up_mouth_bls,1378,-0.000178,0.003151,0.000377
THAIZ_BODY_PLY_localMouth,C_facial_local_BLS,l_up_mouth_bls,1379,-0.000252,0.005032,0.00059
THAIZ_BODY_PLY_localMouth,C_facial_local_BLS,l_up_mouth_bls,1380,-0.000316,0.007074,0.000812
THAIZ_BODY_PLY_localMouth,C_facial_local_BLS,l_up_mouth_bls,1381,-0.000455,0.026764,0.002857
THAIZ_BODY_PLY_localMouth,C_facial_local_BLS,l_up_mouth_bls,1382,-0.000772,0.039079,0.003966
THAIZ_BODY_PLY_localMouth,C_facial_local_BLS,l_up_mouth_bls,1383,-0.000926,0.046551,0.00457
THAIZ_BODY_PLY_localMouth,C_facial_local_BLS,l_up_mouth_bls,1384,-0.000523,0.050864,0.005078
THAIZ_BODY_PLY_localMouth,C_facial_local_BLS,l_up_mouth_bls,1385,0.000386,0.033041,0.003562
THAIZ_BODY_PLY_localMouth,C_facial_local_BLS,l_up_mouth_bls,1386,0.000176,0.012489,0.001421
THAIZ_BODY_PLY_localMouth,C_facial_local_BLS,l_up_mouth_bls,1387,-5.2e-05,0.00216,0.000257
THAIZ_BODY_PLY_localMouth,C_facial_local_BLS,l_up_mouth_bls,1388,-8e-06,0.000193,2.3e-05
THAIZ_BODY_PLY_localMouth,C_facial_local_BLS,l_up_mouth_bls,1389,-4e-06,6.3e-05,8e-06
THAIZ_BODY_PLY_localMouth,C_facial_local_BLS,l_up_mouth_bls,1390,-8e-06,0.000133,1.6e-05
THAIZ_BODY_PLY_localMouth,C_facial_local_BLS,l_up_mouth_bls,1391,-1.2e-05,0.00026,3.1e-05
THAIZ_BODY_PLY_localMouth,C_facial_local_BLS,l_up_mouth_bls,1392,-3.1e-05,0.001209,0.000146
THAIZ_BODY_PLY_localMouth,C_facial_local_BLS,l_up_mouth_bls,1393,-5.7e-05,0.002922,0.000347
THAIZ_BODY_PLY_localMouth,C_facial_local_BLS,l_up_mouth_bls,1394,-0.00011,0.006845,0.000795
THAIZ_BODY_PLY_localMouth,C_facial_local_BLS,l_up_mouth_bls,1395,-0.00022,0.014339,0.001613
THAIZ_BODY_PLY_localMouth,C_facial_local_BLS,l_up_mouth_bls,1396,-0.000215,0.033788,0.004088
THAIZ_BODY_PLY_localMouth,C_facial_local_BLS,l_up_mouth_bls,1397,-0.000401,0.028089,0.003302
THAIZ_BODY_PLY_localMouth,C_facial_local_BLS,l_up_mouth_bls,1398,-0.0005,0.016464,0.001797
THAIZ_BODY_PLY_localMouth,C_facial_local_BLS,l_up_mouth_bls,1399,-0.000507,0.030113,0.003552
THAIZ_BODY_PLY_localMouth,C_facial_local_BLS,l_up_mouth_bls,1400,0.000904,0.049007,0.005682
THAIZ_BODY_PLY_localMouth,C_facial_local_BLS,l_up_mouth_bls,1401,0.000713,0.018135,0.002101
THAIZ_BODY_PLY_localMouth,C_facial_local_BLS,l_up_mouth_bls,1402,-8e-06,0.002318,0.00028
THAIZ_BODY_PLY_localMouth,C_facial_local_BLS,l_up_mouth_bls,1403,-2e-06,0.000137,1.7e-05
THAIZ_BODY_PLY_localMouth,C_facial_local_BLS,l_up_mouth_bls,1404,-1e-06,2.9e-05,4e-06
THAIZ_BODY_PLY_localMouth,C_facial_local_BLS,l_up_mouth_bls,1405,-2e-06,5.6e-05,7e-06
THAIZ_BODY_PLY_localMouth,C_facial_local_BLS,l_up_mouth_bls,1406,-3e-06,0.000103,1.3e-05
THAIZ_BODY_PLY_localMouth,C_facial_local_BLS,l_up_mouth_bls,1407,-1e-05,0.001039,0.000135
THAIZ_BODY_PLY_localMouth,C_facial_local_BLS,l_up_mouth_bls,1408,-1.1e-05,0.003151,0.000406
THAIZ_BODY_PLY_localMouth,C_facial_local_BLS,l_up_mouth_bls,1409,-4e-06,0.008316,0.001055
THAIZ_BODY_PLY_localMouth,C_facial_local_BLS,l_up_mouth_bls,1410,-2.5e-05,0.018516,0.002307
THAIZ_BODY_PLY_localMouth,C_facial_local_BLS,l_up_mouth_bls,1411,-0.000468,0.017953,0.001882
THAIZ_BODY_PLY_localMouth,C_facial_local_BLS,l_up_mouth_bls,1412,-0.000605,0.025919,0.002583
THAIZ_BODY_PLY_localMouth,C_facial_local_BLS,l_up_mouth_bls,1413,-0.000606,0.031435,0.00306
THAIZ_BODY_PLY_localMouth,C_facial_local_BLS,l_up_mouth_bls,1414,-0.000324,0.029835,0.003013
THAIZ_BODY_PLY_localMouth,C_facial_local_BLS,l_up_mouth_bls,1415,-4.2e-05,0.019709,0.002173
THAIZ_BODY_PLY_localMouth,C_facial_local_BLS,l_up_mouth_bls,1416,-0.000129,0.008753,0.001022
THAIZ_BODY_PLY_localMouth,C_facial_local_BLS,l_up_mouth_bls,1417,-0.00012,0.002627,0.000317
THAIZ_BODY_PLY_localMouth,C_facial_local_BLS,l_up_mouth_bls,1418,-3.9e-05,0.000646,7.9e-05
THAIZ_BODY_PLY_localMouth,C_facial_local_BLS,l_up_mouth_bls,1419,-2.4e-05,0.000393,4.8e-05
THAIZ_BODY_PLY_localMouth,C_facial_local_BLS,l_up_mouth_bls,1420,-3.2e-05,0.00052,6.3e-05
THAIZ_BODY_PLY_localMouth,C_facial_local_BLS,l_up_mouth_bls,1421,-4.2e-05,0.000689,8.3e-05
THAIZ_BODY_PLY_localMouth,C_facial_local_BLS,l_up_mouth_bls,1422,-7.5e-05,0.00157,0.000187
THAIZ_BODY_PLY_localMouth,C_facial_local_BLS,l_up_mouth_bls,1423,-0.000127,0.00312,0.000365
THAIZ_BODY_PLY_localMouth,C_facial_local_BLS,l_up_mouth_bls,1424,-0.00021,0.006088,0.000694
THAIZ_BODY_PLY_localMouth,C_facial_local_BLS,l_up_mouth_bls,1425,-0.000322,0.010898,0.001197
THAIZ_BODY_PLY_localMouth,C_facial_local_BLS,l_up_mouth_bls,1427,-0.0,0.0,1e-06
THAIZ_BODY_PLY_localMouth,C_facial_local_BLS,l_up_mouth_bls,1428,6.2e-05,3.1e-05,-5e-06
THAIZ_BODY_PLY_localMouth,C_facial_local_BLS,l_up_mouth_bls,1429,0.007367,0.006344,-0.001286
THAIZ_BODY_PLY_localMouth,C_facial_local_BLS,l_up_mouth_bls,1430,0.041281,0.004587,-0.043836
THAIZ_BODY_PLY_localMouth,C_facial_local_BLS,l_up_mouth_bls,1431,0.06838,-0.036534,0.010257
THAIZ_BODY_PLY_localMouth,C_facial_local_BLS,l_up_mouth_bls,1432,0.006054,0.028114,0.223142
THAIZ_BODY_PLY_localMouth,C_facial_local_BLS,l_up_mouth_bls,1433,-0.131402,0.039856,0.42985
THAIZ_BODY_PLY_localMouth,C_facial_local_BLS,l_up_mouth_bls,1434,-0.289182,0.031609,0.563646
THAIZ_BODY_PLY_localMouth,C_facial_local_BLS,l_up_mouth_bls,1435,-0.363025,0.117518,0.651108
THAIZ_BODY_PLY_localMouth,C_facial_local_BLS,l_up_mouth_bls,1436,-0.249624,-0.004675,0.461777
THAIZ_BODY_PLY_localMouth,C_facial_local_BLS,l_up_mouth_bls,1437,-0.059547,-0.049667,0.156815
THAIZ_BODY_PLY_localMouth,C_facial_local_BLS,l_up_mouth_bls,1438,0.043778,0.001638,-0.043778
THAIZ_BODY_PLY_localMouth,C_facial_local_BLS,l_up_mouth_bls,1439,0.159626,-0.005048,-0.138457
THAIZ_BODY_PLY_localMouth,C_facial_local_BLS,l_up_mouth_bls,1440,0.077795,-0.029024,-0.083759
THAIZ_BODY_PLY_localMouth,C_facial_local_BLS,l_up_mouth_bls,1441,0.038232,-0.02948,-0.034569
THAIZ_BODY_PLY_localMouth,C_facial_local_BLS,l_up_mouth_bls,1442,0.011427,-0.015831,-0.0072
THAIZ_BODY_PLY_localMouth,C_facial_local_BLS,l_up_mouth_bls,1443,0.000681,-0.001238,-0.000348
THAIZ_BODY_PLY_localMouth,C_facial_local_BLS,l_up_mouth_bls,1450,0.0,-2e-06,0.0
THAIZ_BODY_PLY_localMouth,C_facial_local_BLS,l_up_mouth_bls,1451,1.2e-05,1.6e-05,4.3e-05
THAIZ_BODY_PLY_localMouth,C_facial_local_BLS,l_up_mouth_bls,1452,3e-06,-6e-05,-1e-06
THAIZ_BODY_PLY_localMouth,C_facial_local_BLS,l_up_mouth_bls,1467,6e-06,0.000734,-8.5e-05
THAIZ_BODY_PLY_localMouth,C_facial_local_BLS,l_up_mouth_bls,1472,-5e-06,2.5e-05,9e-06
THAIZ_BODY_PLY_localMouth,C_facial_local_BLS,l_up_mouth_bls,1478,-0.001898,-0.002411,0.057317
THAIZ_BODY_PLY_localMouth,C_facial_local_BLS,l_up_mouth_bls,1479,-0.001287,0.001544,0.00556
THAIZ_BODY_PLY_localMouth,C_facial_local_BLS,l_up_mouth_bls,1494,1.3e-05,1.4e-05,3.5e-05
THAIZ_BODY_PLY_localMouth,C_facial_local_BLS,l_up_mouth_bls,1508,0.006821,0.020058,-0.004344
THAIZ_BODY_PLY_localMouth,C_facial_local_BLS,l_up_mouth_bls,1509,-0.006865,0.011276,0.074142
THAIZ_BODY_PLY_localMouth,C_facial_local_BLS,l_up_mouth_bls,1516,-0.0,4e-06,1e-06
THAIZ_BODY_PLY_localMouth,C_facial_local_BLS,l_up_mouth_bls,1517,-4e-06,6.4e-05,2.2e-05
THAIZ_BODY_PLY_localMouth,C_facial_local_BLS,l_up_mouth_bls,1518,-6.1e-05,0.001452,0.00044
THAIZ_BODY_PLY_localMouth,C_facial_local_BLS,l_up_mouth_bls,1519,-0.000162,0.004066,0.00106
THAIZ_BODY_PLY_localMouth,C_facial_local_BLS,l_up_mouth_bls,1520,-0.000162,0.004347,0.000959
THAIZ_BODY_PLY_localMouth,C_facial_local_BLS,l_up_mouth_bls,1521,-6.4e-05,0.002213,0.000397
THAIZ_BODY_PLY_localMouth,C_facial_local_BLS,l_up_mouth_bls,1522,-1.3e-05,0.000811,0.000118
THAIZ_BODY_PLY_localMouth,C_facial_local_BLS,l_up_mouth_bls,1523,-5e-06,0.00031,4e-05
THAIZ_BODY_PLY_localMouth,C_facial_local_BLS,l_up_mouth_bls,1524,-1.9e-05,0.000532,6.4e-05
THAIZ_BODY_PLY_localMouth,C_facial_local_BLS,l_up_mouth_bls,1525,-5.3e-05,0.000941,0.000114
THAIZ_BODY_PLY_localMouth,C_facial_local_BLS,l_up_mouth_bls,1526,-0.000116,0.001892,0.000229
THAIZ_BODY_PLY_localMouth,C_facial_local_BLS,l_up_mouth_bls,1527,-0.000218,0.003923,0.000467
THAIZ_BODY_PLY_localMouth,C_facial_local_BLS,l_up_mouth_bls,1528,-0.000254,0.005121,0.000599
THAIZ_BODY_PLY_localMouth,C_facial_local_BLS,l_up_mouth_bls,1529,-0.000287,0.006301,0.000728
THAIZ_BODY_PLY_localMouth,C_facial_local_BLS,l_up_mouth_bls,1530,-0.000304,0.006995,0.00081
THAIZ_BODY_PLY_localMouth,C_facial_local_BLS,l_up_mouth_bls,1531,-0.000307,0.007039,0.000829
THAIZ_BODY_PLY_localMouth,C_facial_local_BLS,l_up_mouth_bls,1532,0.000151,0.000622,0.000183
THAIZ_BODY_PLY_localMouth,C_facial_local_BLS,l_up_mouth_bls,1533,0.000245,0.001171,0.000345
THAIZ_BODY_PLY_localMouth,C_facial_local_BLS,l_up_mouth_bls,1534,0.019935,0.097847,0.028432
THAIZ_BODY_PLY_localMouth,C_facial_local_BLS,l_up_mouth_bls,1535,0.0022,0.010597,0.002995
THAIZ_BODY_PLY_localMouth,C_facial_local_BLS,l_up_mouth_bls,1536,9.3e-05,0.000164,4.2e-05
THAIZ_BODY_PLY_localMouth,C_facial_local_BLS,l_up_mouth_bls,1537,0.009231,0.035581,0.006059
THAIZ_BODY_PLY_localMouth,C_facial_local_BLS,l_up_mouth_bls,1538,0.008361,0.034915,0.006999
THAIZ_BODY_PLY_localMouth,C_facial_local_BLS,l_up_mouth_bls,1539,0.00665,0.034891,0.01413
THAIZ_BODY_PLY_localMouth,C_facial_local_BLS,l_up_mouth_bls,1540,0.006629,0.04724,0.027694
THAIZ_BODY_PLY_localMouth,C_facial_local_BLS,l_up_mouth_bls,1541,0.001465,0.043818,0.022729
THAIZ_BODY_PLY_localMouth,C_facial_local_BLS,l_up_mouth_bls,1542,-0.004733,0.037841,0.014719
THAIZ_BODY_PLY_localMouth,C_facial_local_BLS,l_up_mouth_bls,1543,-0.015896,0.056161,0.015665
THAIZ_BODY_PLY_localMouth,C_facial_local_BLS,l_up_mouth_bls,1544,-0.032158,0.077674,0.037795
THAIZ_BODY_PLY_localMouth,C_facial_local_BLS,l_up_mouth_bls,1545,-0.029797,0.066736,0.038917
THAIZ_BODY_PLY_localMouth,C_facial_local_BLS,l_up_mouth_bls,1546,-0.026859,0.043414,0.036823
THAIZ_BODY_PLY_localMouth,C_facial_local_BLS,l_up_mouth_bls,1547,-0.011308,0.015828,0.016378
THAIZ_BODY_PLY_localMouth,C_facial_local_BLS,l_up_mouth_bls,1552,0.0,2e-06,0.0
THAIZ_BODY_PLY_localMouth,C_facial_local_BLS,l_up_mouth_bls,1554,3e-06,9e-06,2e-06
THAIZ_BODY_PLY_localMouth,C_facial_local_BLS,l_up_mouth_bls,1555,0.000131,0.00045,0.000127
THAIZ_BODY_PLY_localMouth,C_facial_local_BLS,l_up_mouth_bls,3169,1.2e-05,-1.1e-05,9e-06
THAIZ_BODY_PLY_localMouth,C_facial_local_BLS,l_up_mouth_bls,3321,0.000127,-0.000129,5.5e-05
THAIZ_BODY_PLY_localMouth,C_facial_local_BLS,l_up_mouth_bls,3322,4e-06,-4e-06,1e-06
THAIZ_BODY_PLY_localMouth,C_facial_local_BLS,l_up_mouth_bls,3324,0.002499,-0.00207,0.00191
THAIZ_BODY_PLY_localMouth,C_facial_local_BLS,l_up_mouth_bls,3326,0.000206,1e-05,0.000342
THAIZ_BODY_PLY_localMouth,C_facial_local_BLS,l_up_mouth_bls,3327,2e-06,-1e-06,2e-06
THAIZ_BODY_PLY_localMouth,C_facial_local_BLS,l_up_mouth_bls,3328,0.002712,-0.001899,0.002733
THAIZ_BODY_PLY_localMouth,C_facial_local_BLS,l_up_mouth_bls,3329,0.001864,-0.000973,0.002338
THAIZ_BODY_PLY_localMouth,C_facial_local_BLS,l_up_mouth_bls,3331,0.000829,-0.000209,0.001253
THAIZ_BODY_PLY_localMouth,C_facial_local_BLS,l_up_mouth_bls,3333,4.7e-05,1.5e-05,7.8e-05
THAIZ_BODY_PLY_localMouth,C_facial_local_BLS,l_up_mouth_bls,3335,4e-06,3e-06,7e-06
THAIZ_BODY_PLY_localMouth,C_facial_local_BLS,l_up_mouth_bls,3439,3e-06,-3e-06,1e-06
THAIZ_BODY_PLY_localMouth,C_facial_local_BLS,l_up_mouth_bls,3440,0.001376,-0.001295,0.000727
THAIZ_BODY_PLY_localMouth,C_facial_local_BLS,l_up_mouth_bls,3441,1.9e-05,-1.8e-05,1e-05
THAIZ_BODY_PLY_localMouth,C_facial_local_BLS,l_up_mouth_bls,6931,0.007775,0.002951,-0.001019
THAIZ_BODY_PLY_localMouth,C_facial_local_BLS,l_up_mouth_bls,6932,0.0299,0.010098,-0.004451
THAIZ_BODY_PLY_localMouth,C_facial_local_BLS,l_up_mouth_bls,6933,0.065321,0.019136,-0.011277
THAIZ_BODY_PLY_localMouth,C_facial_local_BLS,l_up_mouth_bls,6934,0.121352,0.035752,-0.024968
THAIZ_BODY_PLY_localMouth,C_facial_local_BLS,l_up_mouth_bls,6935,0.317655,0.10414,-0.062143
THAIZ_BODY_PLY_localMouth,C_facial_local_BLS,l_up_mouth_bls,6936,0.4775,-0.005835,-0.204797
THAIZ_BODY_PLY_localMouth,C_facial_local_BLS,l_up_mouth_bls,6937,0.259936,-0.208072,-0.042705
THAIZ_BODY_PLY_localMouth,C_facial_local_BLS,l_up_mouth_bls,6938,0.019924,-0.127546,0.045177
THAIZ_BODY_PLY_localMouth,C_facial_local_BLS,l_up_mouth_bls,6939,0.029866,-0.037537,0.064104
THAIZ_BODY_PLY_localMouth,C_facial_local_BLS,l_up_mouth_bls,6940,0.360648,0.032901,-0.043423
THAIZ_BODY_PLY_localMouth,C_facial_local_BLS,l_up_mouth_bls,6941,0.365723,0.106529,-0.040547
THAIZ_BODY_PLY_localMouth,C_facial_local_BLS,l_up_mouth_bls,6942,0.141523,0.046141,-0.024078
THAIZ_BODY_PLY_localMouth,C_facial_local_BLS,l_up_mouth_bls,6943,0.0659,0.017323,-0.010592
THAIZ_BODY_PLY_localMouth,C_facial_local_BLS,l_up_mouth_bls,6944,0.028268,0.008941,-0.003847
THAIZ_BODY_PLY_localMouth,C_facial_local_BLS,l_up_mouth_bls,6945,0.006386,0.002322,-0.000742
THAIZ_BODY_PLY_localMouth,C_facial_local_BLS,l_up_mouth_bls,6952,0.000702,0.000574,0.000907
THAIZ_BODY_PLY_localMouth,C_facial_local_BLS,l_up_mouth_bls,6953,1.5e-05,7.9e-05,4.5e-05
THAIZ_BODY_PLY_localMouth,C_facial_local_BLS,l_up_mouth_bls,6954,1e-06,4e-06,2e-06
THAIZ_BODY_PLY_localMouth,C_facial_local_BLS,l_up_mouth_bls,6956,4.6e-05,0.000238,0.000143
THAIZ_BODY_PLY_localMouth,C_facial_local_BLS,l_up_mouth_bls,6957,2.6e-05,0.000127,8e-05
THAIZ_BODY_PLY_localMouth,C_facial_local_BLS,l_up_mouth_bls,6958,0.010411,0.006918,0.004757
THAIZ_BODY_PLY_localMouth,C_facial_local_BLS,l_up_mouth_bls,6959,2e-06,2e-06,2e-06
THAIZ_BODY_PLY_localMouth,C_facial_local_BLS,l_up_mouth_bls,6960,1e-06,4e-06,2e-06
THAIZ_BODY_PLY_localMouth,C_facial_local_BLS,l_up_mouth_bls,6961,8.4e-05,0.000343,0.000166
THAIZ_BODY_PLY_localMouth,C_facial_local_BLS,l_up_mouth_bls,7007,-0.000973,0.003352,-0.0002
THAIZ_BODY_PLY_localMouth,C_facial_local_BLS,l_up_mouth_bls,7008,-0.000364,0.004524,-0.000391
THAIZ_BODY_PLY_localMouth,C_facial_local_BLS,l_up_mouth_bls,7009,0.000791,0.004309,-0.000408
THAIZ_BODY_PLY_localMouth,C_facial_local_BLS,l_up_mouth_bls,7010,0.001896,0.002618,-0.00072
THAIZ_BODY_PLY_localMouth,C_facial_local_BLS,l_up_mouth_bls,7011,0.000119,0.00012,-2e-05
THAIZ_BODY_PLY_localMouth,C_facial_local_BLS,l_up_mouth_bls,7012,0.000206,0.00055,-4e-05
THAIZ_BODY_PLY_localMouth,C_facial_local_BLS,l_up_mouth_bls,7013,0.000258,0.001174,-8.1e-05
THAIZ_BODY_PLY_localMouth,C_facial_local_BLS,l_up_mouth_bls,7014,0.000525,0.001593,-0.000137
THAIZ_BODY_PLY_localMouth,C_facial_local_BLS,l_up_mouth_bls,7015,0.000912,0.002235,-0.000141
THAIZ_BODY_PLY_localMouth,C_facial_local_BLS,l_up_mouth_bls,7016,0.000573,0.001063,3e-06
THAIZ_BODY_PLY_localMouth,C_facial_local_BLS,l_up_mouth_bls,7017,3e-06,4e-06,0.0
THAIZ_BODY_PLY_localMouth,C_facial_local_BLS,l_up_mouth_bls,7024,-1.3e-05,1e-06,3e-06
THAIZ_BODY_PLY_localMouth,C_facial_local_BLS,l_up_mouth_bls,7025,-0.000135,2.6e-05,4.4e-05
THAIZ_BODY_PLY_localMouth,C_facial_local_BLS,l_up_mouth_bls,7026,-0.000866,0.000661,0.000273
THAIZ_BODY_PLY_localMouth,C_facial_local_BLS,l_up_mouth_bls,7027,-0.000707,0.000684,4.7e-05
THAIZ_BODY_PLY_localMouth,C_facial_local_BLS,l_up_mouth_bls,7028,-0.000543,0.000909,8.5e-05
THAIZ_BODY_PLY_localMouth,C_facial_local_BLS,l_up_mouth_bls,7029,-0.000236,0.000699,7.6e-05
THAIZ_BODY_PLY_localMouth,C_facial_local_BLS,l_up_mouth_bls,7030,4.2e-05,0.000468,6e-06
THAIZ_BODY_PLY_localMouth,C_facial_local_BLS,l_up_mouth_bls,7031,8e-06,9.4e-05,5e-06
THAIZ_BODY_PLY_localMouth,C_facial_local_BLS,l_up_mouth_bls,7032,1e-06,5e-06,-0.0
THAIZ_BODY_PLY_localMouth,C_facial_local_BLS,l_up_mouth_bls,7033,2e-06,9e-06,-1e-06
THAIZ_BODY_PLY_localMouth,C_facial_local_BLS,l_up_mouth_bls,7034,2.1e-05,3.4e-05,-4e-06
THAIZ_BODY_PLY_localMouth,C_facial_local_BLS,l_up_mouth_bls,7035,6.3e-05,9.9e-05,-6e-06
THAIZ_BODY_PLY_localMouth,C_facial_local_BLS,l_up_mouth_bls,7036,1.6e-05,1.9e-05,1e-06
THAIZ_BODY_PLY_localMouth,C_facial_local_BLS,l_up_mouth_bls,7045,-1e-05,0.0,2e-06
THAIZ_BODY_PLY_localMouth,C_facial_local_BLS,l_up_mouth_bls,7046,-0.00027,3.2e-05,5.4e-05
THAIZ_BODY_PLY_localMouth,C_facial_local_BLS,l_up_mouth_bls,7047,-8.6e-05,5.7e-05,7e-06
THAIZ_BODY_PLY_localMouth,C_facial_local_BLS,l_up_mouth_bls,7048,-4.1e-05,5.2e-05,1.1e-05
THAIZ_BODY_PLY_localMouth,C_facial_local_BLS,l_up_mouth_bls,7049,-2.4e-05,4.8e-05,1.1e-05
THAIZ_BODY_PLY_localMouth,C_facial_local_BLS,l_up_mouth_bls,7050,-5e-06,0.00011,9e-06
THAIZ_BODY_PLY_localMouth,C_facial_local_BLS,l_up_mouth_bls,7051,-2e-06,3.9e-05,3e-06
THAIZ_BODY_PLY_localMouth,C_facial_local_BLS,l_up_mouth_bls,7066,-2.2e-05,-2e-06,3e-06
THAIZ_BODY_PLY_localMouth,C_facial_local_BLS,l_up_mouth_bls,7067,-6e-06,3e-06,1e-06
THAIZ_BODY_PLY_localMouth,C_facial_local_BLS,l_up_mouth_bls,7068,-1e-06,1e-06,0.0
THAIZ_BODY_PLY_localMouth,C_facial_local_BLS,l_up_mouth_bls,7070,-1e-06,1.6e-05,2e-06
THAIZ_BODY_PLY_localMouth,C_facial_local_BLS,l_up_mouth_bls,7071,-0.0,7e-06,1e-06
THAIZ_BODY_PLY_localMouth,C_facial_local_BLS,l_up_mouth_bls,7086,-1e-06,-0.0,0.0
THAIZ_BODY_PLY_localMouth,C_facial_local_BLS,l_up_mouth_bls,7188,0.000137,0.000206,6e-06
THAIZ_BODY_PLY_localMouth,C_facial_local_BLS,l_up_mouth_bls,7197,0.000952,0.002078,-6.7e-05
THAIZ_BODY_PLY_localMouth,C_facial_local_BLS,l_up_mouth_bls,7198,5.6e-05,8.3e-05,-1e-06
THAIZ_BODY_PLY_localMouth,C_facial_local_BLS,l_up_mouth_bls,7206,-0.000478,0.000171,0.000186
THAIZ_BODY_PLY_localMouth,C_facial_local_BLS,l_up_mouth_bls,7207,-8.6e-05,4e-06,2.4e-05
THAIZ_BODY_PLY_localMouth,C_facial_local_BLS,l_up_mouth_bls,7208,-3e-06,-0.0,1e-06
THAIZ_BODY_PLY_localMouth,C_facial_local_BLS,l_up_mouth_bls,7215,-0.001063,0.0018,0.000106
THAIZ_BODY_PLY_localMouth,C_facial_local_BLS,l_up_mouth_bls,7216,-0.000526,0.00021,5e-05
THAIZ_BODY_PLY_localMouth,C_facial_local_BLS,l_up_mouth_bls,7217,-6.5e-05,-0.0,3e-06
THAIZ_BODY_PLY_localMouth,C_facial_local_BLS,l_up_mouth_bls,7218,-5e-06,-1e-06,0.0
THAIZ_BODY_PLY_localMouth,C_facial_local_BLS,l_up_mouth_bls,7224,0.001324,0.004916,-0.000129
THAIZ_BODY_PLY_localMouth,C_facial_local_BLS,l_up_mouth_bls,7225,0.008792,0.033389,-0.000246
THAIZ_BODY_PLY_localMouth,C_facial_local_BLS,l_up_mouth_bls,7233,0.007874,0.022151,-0.002045
THAIZ_BODY_PLY_localMouth,C_facial_local_BLS,l_up_mouth_bls,7234,0.003531,0.01471,-0.000371
THAIZ_BODY_PLY_localMouth,C_facial_local_BLS,l_up_mouth_bls,7235,0.000596,0.007629,0.000526
THAIZ_BODY_PLY_localMouth,C_facial_local_BLS,l_up_mouth_bls,7236,-0.000859,0.002032,0.000633
THAIZ_BODY_PLY_localMouth,C_facial_local_BLS,l_up_mouth_bls,7237,-0.000513,0.000227,0.00016
THAIZ_BODY_PLY_localMouth,C_facial_local_BLS,l_up_mouth_bls,7238,-0.000137,2.7e-05,3.3e-05
THAIZ_BODY_PLY_localMouth,C_facial_local_BLS,l_up_mouth_bls,7239,-3.2e-05,7e-06,8e-06
THAIZ_BODY_PLY_localMouth,C_facial_local_BLS,l_up_mouth_bls,7240,-7e-06,2e-06,1e-06
THAIZ_BODY_PLY_localMouth,C_facial_local_BLS,l_up_mouth_bls,7241,-1e-06,0.0,0.0
THAIZ_BODY_PLY_localMouth,C_facial_local_BLS,l_up_mouth_bls,7242,6e-06,1e-05,1e-06
THAIZ_BODY_PLY_localMouth,C_facial_local_BLS,l_up_mouth_bls,7243,0.000156,0.000259,1.3e-05
THAIZ_BODY_PLY_localMouth,C_facial_local_BLS,l_up_mouth_bls,7244,0.001442,0.00295,0.000103
THAIZ_BODY_PLY_localMouth,C_facial_local_BLS,l_up_mouth_bls,7245,0.003626,0.011261,0.000217
THAIZ_BODY_PLY_localMouth,C_facial_local_BLS,l_up_mouth_bls,7246,0.005303,0.019597,0.000311
THAIZ_BODY_PLY_localMouth,C_facial_local_BLS,l_up_mouth_bls,7247,0.00694,0.0267,0.000196
THAIZ_BODY_PLY_localMouth,C_facial_local_BLS,l_up_mouth_bls,7252,0.00051,0.002524,0.000315
THAIZ_BODY_PLY_localMouth,C_facial_local_BLS,l_up_mouth_bls,7255,0.004159,0.015644,0.001607
THAIZ_BODY_PLY_localMouth,C_facial_local_BLS,l_up_mouth_bls,7256,0.002922,0.009824,0.000703
THAIZ_BODY_PLY_localMouth,C_facial_local_BLS,l_up_mouth_bls,7257,0.000888,0.00259,4e-06
THAIZ_BODY_PLY_localMouth,C_facial_local_BLS,l_up_mouth_bls,7258,0.000453,0.001508,-0.000207
THAIZ_BODY_PLY_localMouth,C_facial_local_BLS,l_up_mouth_bls,7259,1.3e-05,4.9e-05,-7e-06
THAIZ_BODY_PLY_localMouth,C_facial_local_BLS,l_up_mouth_bls,7260,0.0,2e-06,-0.0
THAIZ_BODY_PLY_localMouth,C_facial_local_BLS,l_up_mouth_bls,7262,2.8e-05,0.000112,-0.000129
THAIZ_BODY_PLY_localMouth,C_facial_local_BLS,l_up_mouth_bls,7263,4.4e-05,6.7e-05,-0.000161
THAIZ_BODY_PLY_localMouth,C_facial_local_BLS,l_up_mouth_bls,7264,-8e-06,4e-06,1.3e-05
THAIZ_BODY_PLY_localMouth,C_facial_local_BLS,l_up_mouth_bls,7265,-0.000384,0.000928,7.2e-05
THAIZ_BODY_PLY_localMouth,C_facial_local_BLS,l_up_mouth_bls,7266,-0.004405,0.003894,-0.006535
THAIZ_BODY_PLY_localMouth,C_facial_local_BLS,l_up_mouth_bls,7267,-0.004532,0.00718,-0.02517
THAIZ_BODY_PLY_localMouth,C_facial_local_BLS,l_up_mouth_bls,7268,-0.005236,0.015303,-0.013534
THAIZ_BODY_PLY_localMouth,C_facial_local_BLS,l_up_mouth_bls,7269,0.002372,0.017881,0.010506
THAIZ_BODY_PLY_localMouth,C_facial_local_BLS,l_up_mouth_bls,7270,0.000753,0.005905,0.005199
THAIZ_BODY_PLY_localMouth,C_facial_local_BLS,l_up_mouth_bls,7277,0.011814,0.044498,0.000688
THAIZ_BODY_PLY_localMouth,C_facial_local_BLS,l_up_mouth_bls,7278,0.011976,0.049218,0.002946
THAIZ_BODY_PLY_localMouth,C_facial_local_BLS,l_up_mouth_bls,7279,0.011955,0.046009,0.001639
THAIZ_BODY_PLY_localMouth,C_facial_local_BLS,l_up_mouth_bls,7280,0.012766,0.051504,0.003846
THAIZ_BODY_PLY_localMouth,C_facial_local_BLS,l_up_mouth_bls,7281,0.008941,0.034499,0.00165
THAIZ_BODY_PLY_localMouth,C_facial_local_BLS,l_up_mouth_bls,7282,0.00917,0.035808,0.002873
THAIZ_BODY_PLY_localMouth,C_facial_local_BLS,l_up_mouth_bls,7283,0.006248,0.022958,0.001157
THAIZ_BODY_PLY_localMouth,C_facial_local_BLS,l_up_mouth_bls,7284,0.005801,0.020557,0.001469
THAIZ_BODY_PLY_localMouth,C_facial_local_BLS,l_up_mouth_bls,7285,0.003715,0.010874,0.000449
THAIZ_BODY_PLY_localMouth,C_facial_local_BLS,l_up_mouth_bls,7286,0.002597,0.005857,0.000264
THAIZ_BODY_PLY_localMouth,C_facial_local_BLS,l_up_mouth_bls,7287,0.000488,0.000913,3e-05
THAIZ_BODY_PLY_localMouth,C_facial_local_BLS,l_up_mouth_bls,7288,0.00011,0.000195,9e-06
THAIZ_BODY_PLY_localMouth,C_facial_local_BLS,l_up_mouth_bls,7289,0.000937,0.001812,8.3e-05
THAIZ_BODY_PLY_localMouth,C_facial_local_BLS,l_up_mouth_bls,7290,0.000125,0.000283,-3e-06
THAIZ_BODY_PLY_localMouth,C_facial_local_BLS,l_up_mouth_bls,7291,4e-06,1.8e-05,1e-06
THAIZ_BODY_PLY_localMouth,C_facial_local_BLS,l_up_mouth_bls,7292,1.8e-05,9.1e-05,-2.7e-05
THAIZ_BODY_PLY_localMouth,C_facial_local_BLS,l_up_mouth_bls,7293,-1.7e-05,1.4e-05,1e-06
THAIZ_BODY_PLY_localMouth,C_facial_local_BLS,l_up_mouth_bls,7294,-1e-06,4e-05,-1.7e-05
THAIZ_BODY_PLY_localMouth,C_facial_local_BLS,l_up_mouth_bls,7295,-8e-05,4.4e-05,1.3e-05
THAIZ_BODY_PLY_localMouth,C_facial_local_BLS,l_up_mouth_bls,7297,-0.000307,0.000169,7.8e-05
THAIZ_BODY_PLY_localMouth,C_facial_local_BLS,l_up_mouth_bls,7299,-0.000213,0.000308,8.9e-05
THAIZ_BODY_PLY_localMouth,C_facial_local_BLS,l_up_mouth_bls,7301,3e-06,4.6e-05,4e-06
THAIZ_BODY_PLY_localMouth,C_facial_local_BLS,l_up_mouth_bls,7302,1e-06,2e-06,0.0
THAIZ_BODY_PLY_localMouth,C_facial_local_BLS,l_up_mouth_bls,7303,0.000135,0.000592,3e-06
THAIZ_BODY_PLY_localMouth,C_facial_local_BLS,l_up_mouth_bls,7304,0.003144,0.010145,-0.000252
THAIZ_BODY_PLY_localMouth,C_facial_local_BLS,l_up_mouth_bls,7305,0.005516,0.017814,-0.000729
THAIZ_BODY_PLY_localMouth,C_facial_local_BLS,l_up_mouth_bls,7307,0.006893,0.018018,-0.001503
THAIZ_BODY_PLY_localMouth,C_facial_local_BLS,l_up_mouth_bls,7308,-0.000303,0.000248,9.9e-05
THAIZ_BODY_PLY_localMouth,C_facial_local_BLS,l_up_mouth_bls,7310,-0.001061,0.001317,-0.000932
THAIZ_BODY_PLY_localMouth,C_facial_local_BLS,l_up_mouth_bls,7311,-0.000274,9.6e-05,-0.000133
THAIZ_BODY_PLY_localMouth,C_facial_local_BLS,l_up_mouth_bls,7312,-0.002057,0.000355,-0.000352
THAIZ_BODY_PLY_localMouth,C_facial_local_BLS,l_up_mouth_bls,7313,-0.000457,-0.000276,-1.1e-05
THAIZ_BODY_PLY_localMouth,C_facial_local_BLS,l_up_mouth_bls,7314,-0.000333,-0.000191,-0.000242
THAIZ_BODY_PLY_localMouth,C_facial_local_BLS,l_up_mouth_bls,7317,-7e-06,0.0,-5e-06
THAIZ_BODY_PLY_localMouth,C_facial_local_BLS,l_up_mouth_bls,7322,1.7e-05,1.9e-05,-2.2e-05
THAIZ_BODY_PLY_localMouth,C_facial_local_BLS,l_up_mouth_bls,7323,0.0001,0.000733,0.000616
THAIZ_BODY_PLY_localMouth,C_facial_local_BLS,l_up_mouth_bls,7324,0.001833,0.01482,0.012536
THAIZ_BODY_PLY_localMouth,C_facial_local_BLS,l_up_mouth_bls,7325,-0.006707,0.020856,0.005378
THAIZ_BODY_PLY_localMouth,C_facial_local_BLS,l_up_mouth_bls,7326,-0.014723,0.012082,-0.014155
THAIZ_BODY_PLY_localMouth,C_facial_local_BLS,l_up_mouth_bls,7327,-0.004822,0.002765,-0.003394
THAIZ_BODY_PLY_localMouth,C_facial_local_BLS,l_up_mouth_bls,7328,-0.001629,0.000353,0.002212
THAIZ_BODY_PLY_localMouth,C_facial_local_BLS,l_up_mouth_bls,7329,-0.000451,0.000184,0.002198
THAIZ_BODY_PLY_localMouth,C_facial_local_BLS,l_up_mouth_bls,7330,-0.000215,0.000104,7.8e-05
THAIZ_BODY_PLY_localMouth,C_facial_local_BLS,l_up_mouth_bls,7331,-5.1e-05,9e-05,-5.7e-05
THAIZ_BODY_PLY_localMouth,C_facial_local_BLS,l_up_mouth_bls,7335,0.000435,0.001695,-2.1e-05
THAIZ_BODY_PLY_localMouth,C_facial_local_BLS,l_up_mouth_bls,7336,0.001251,0.002911,0.000236
THAIZ_BODY_PLY_localMouth,C_facial_local_BLS,l_up_mouth_bls,7337,3.7e-05,0.000118,1.6e-05
THAIZ_BODY_PLY_localMouth,C_facial_local_BLS,l_up_mouth_bls,7343,0.000225,0.000639,-2.8e-05
THAIZ_BODY_PLY_localMouth,C_facial_local_BLS,l_up_mouth_bls,7344,0.000653,0.001593,-0.000282
THAIZ_BODY_PLY_localMouth,C_facial_local_BLS,l_up_mouth_bls,7345,0.000772,0.004665,0.003176
THAIZ_BODY_PLY_localMouth,C_facial_local_BLS,l_up_mouth_bls,7346,0.002791,0.021737,0.017217
THAIZ_BODY_PLY_localMouth,C_facial_local_BLS,l_up_mouth_bls,7347,-0.004075,0.023574,0.008948
THAIZ_BODY_PLY_localMouth,C_facial_local_BLS,l_up_mouth_bls,7348,-0.006888,0.017851,6.3e-05
THAIZ_BODY_PLY_localMouth,C_facial_local_BLS,l_up_mouth_bls,7349,-0.008185,0.013827,0.004908
THAIZ_BODY_PLY_localMouth,C_facial_local_BLS,l_up_mouth_bls,7350,-0.010953,0.01263,0.011488
THAIZ_BODY_PLY_localMouth,C_facial_local_BLS,l_up_mouth_bls,7351,-0.010867,0.00552,0.01092
THAIZ_BODY_PLY_localMouth,C_facial_local_BLS,l_up_mouth_bls,7352,-9.7e-05,0.000233,-1.7e-05
THAIZ_BODY_PLY_localMouth,C_facial_local_BLS,l_up_mouth_bls,7353,-1.4e-05,2.4e-05,-1.3e-05
THAIZ_BODY_PLY_localMouth,C_facial_local_BLS,l_up_mouth_bls,7357,0.000221,0.001073,6.9e-05
THAIZ_BODY_PLY_localMouth,C_facial_local_BLS,l_up_mouth_bls,7358,0.000308,0.00067,9e-05
THAIZ_BODY_PLY_localMouth,C_facial_local_BLS,l_up_mouth_bls,7366,-0.000109,0.026455,0.017035
THAIZ_BODY_PLY_localMouth,C_facial_local_BLS,l_up_mouth_bls,7367,0.000315,0.024367,0.016483
THAIZ_BODY_PLY_localMouth,C_facial_local_BLS,l_up_mouth_bls,7368,0.000404,0.000778,-0.000162
THAIZ_BODY_PLY_localMouth,C_facial_local_BLS,l_up_mouth_bls,7369,0.001567,0.005079,-0.00071
THAIZ_BODY_PLY_localMouth,C_facial_local_BLS,l_up_mouth_bls,7370,0.001383,0.008436,-0.000478
THAIZ_BODY_PLY_localMouth,C_facial_local_BLS,l_up_mouth_bls,7371,-0.000291,0.004631,0.000384
THAIZ_BODY_PLY_localMouth,C_facial_local_BLS,l_up_mouth_bls,7372,-0.00093,0.001615,0.000592
THAIZ_BODY_PLY_localMouth,C_facial_local_BLS,l_up_mouth_bls,7373,-0.000579,0.00029,0.000248
THAIZ_BODY_PLY_localMouth,C_facial_local_BLS,l_up_mouth_bls,7374,-0.000143,2.6e-05,3.6e-05
THAIZ_BODY_PLY_localMouth,C_facial_local_BLS,l_up_mouth_bls,7375,-1.7e-05,2e-06,3e-06
THAIZ_BODY_PLY_localMouth,C_facial_local_BLS,l_up_mouth_bls,7376,-2e-06,0.0,0.0
THAIZ_BODY_PLY_localMouth,C_facial_local_BLS,l_up_mouth_bls,7380,1.4e-05,2.1e-05,1e-06
THAIZ_BODY_PLY_localMouth,C_facial_local_BLS,l_up_mouth_bls,7381,0.000183,0.000298,1.2e-05
THAIZ_BODY_PLY_localMouth,C_facial_local_BLS,l_up_mouth_bls,7382,0.001437,0.003052,5.1e-05
THAIZ_BODY_PLY_localMouth,C_facial_local_BLS,l_up_mouth_bls,7383,0.002618,0.007107,-5.2e-05
THAIZ_BODY_PLY_localMouth,C_facial_local_BLS,l_up_mouth_bls,7384,0.003229,0.010565,-0.00026
THAIZ_BODY_PLY_localMouth,C_facial_local_BLS,l_up_mouth_bls,7385,0.003329,0.012614,-0.000501
THAIZ_BODY_PLY_localMouth,C_facial_local_BLS,l_up_mouth_bls,7386,0.003538,0.014836,-0.000697
THAIZ_BODY_PLY_localMouth,C_facial_local_BLS,l_up_mouth_bls,7387,0.003605,0.01396,-0.000757
THAIZ_BODY_PLY_localMouth,C_facial_local_BLS,l_up_mouth_bls,7391,0.009559,0.01237,-0.003216
THAIZ_BODY_PLY_localMouth,C_facial_local_BLS,l_up_mouth_bls,7392,0.003707,0.010711,0.000685
THAIZ_BODY_PLY_localMouth,C_facial_local_BLS,l_up_mouth_bls,7393,0.002138,0.008293,0.000812
THAIZ_BODY_PLY_localMouth,C_facial_local_BLS,l_up_mouth_bls,7394,0.009022,0.03825,0.003985
THAIZ_BODY_PLY_localMouth,C_facial_local_BLS,l_up_mouth_bls,7395,0.013574,0.059909,0.00595
THAIZ_BODY_PLY_localMouth,C_facial_local_BLS,l_up_mouth_bls,7401,8.2e-05,0.000641,0.000566
THAIZ_BODY_PLY_localMouth,C_facial_local_BLS,l_up_mouth_bls,7402,0.000471,0.003077,0.002449
THAIZ_BODY_PLY_localMouth,C_facial_local_BLS,l_up_mouth_bls,7403,-0.003599,0.005275,-0.003619
THAIZ_BODY_PLY_localMouth,C_facial_local_BLS,l_up_mouth_bls,7404,-0.001036,0.004694,-0.004668
THAIZ_BODY_PLY_localMouth,C_facial_local_BLS,l_up_mouth_bls,7405,-0.001273,0.001348,-0.000106
THAIZ_BODY_PLY_localMouth,C_facial_local_BLS,l_up_mouth_bls,7406,-6.2e-05,0.000141,0.000103
THAIZ_BODY_PLY_localMouth,C_facial_local_BLS,l_up_mouth_bls,7407,0.001552,0.005519,1.5e-05
THAIZ_BODY_PLY_localMouth,C_facial_local_BLS,l_up_mouth_bls,7412,0.0,1e-06,-0.0
THAIZ_BODY_PLY_localMouth,C_facial_local_BLS,l_up_mouth_bls,7413,0.000125,0.000327,-9.3e-05
THAIZ_BODY_PLY_localMouth,C_facial_local_BLS,l_up_mouth_bls,7414,0.000262,0.00068,-2.5e-05
THAIZ_BODY_PLY_localMouth,C_facial_local_BLS,l_up_mouth_bls,7415,0.001476,0.003423,0.00014
THAIZ_BODY_PLY_localMouth,C_facial_local_BLS,l_up_mouth_bls,7417,2e-06,1.2e-05,1.1e-05
THAIZ_BODY_PLY_localMouth,C_facial_local_BLS,l_up_mouth_bls,7418,0.001206,0.009466,0.008319
THAIZ_BODY_PLY_localMouth,C_facial_local_BLS,l_up_mouth_bls,7419,0.001779,0.022166,0.016877
THAIZ_BODY_PLY_localMouth,C_facial_local_BLS,l_up_mouth_bls,7420,-0.006355,0.018449,0.006009
THAIZ_BODY_PLY_localMouth,C_facial_local_BLS,l_up_mouth_bls,7421,-0.005319,0.004967,-0.008152
THAIZ_BODY_PLY_localMouth,C_facial_local_BLS,l_up_mouth_bls,7422,-0.004138,0.003939,-0.000466
THAIZ_BODY_PLY_localMouth,C_facial_local_BLS,l_up_mouth_bls,7423,-0.00087,0.000694,0.001385
THAIZ_BODY_PLY_localMouth,C_facial_local_BLS,l_up_mouth_bls,7424,-0.000286,-3e-05,0.000546
THAIZ_BODY_PLY_localMouth,C_facial_local_BLS,l_up_mouth_bls,7425,-0.000126,6.5e-05,1.8e-05
THAIZ_BODY_PLY_localMouth,C_facial_local_BLS,l_up_mouth_bls,7426,-4.8e-05,4.6e-05,2.5e-05
THAIZ_BODY_PLY_localMouth,C_facial_local_BLS,l_up_mouth_bls,7430,0.000535,0.001767,-0.000125
THAIZ_BODY_PLY_localMouth,C_facial_local_BLS,l_up_mouth_bls,7431,0.001207,0.003153,0.000119
THAIZ_BODY_PLY_localMouth,C_facial_local_BLS,l_up_mouth_bls,7432,0.001503,0.004939,0.000503
THAIZ_BODY_PLY_localMouth,C_facial_local_BLS,l_up_mouth_bls,7433,0.001805,0.006966,0.000961
THAIZ_BODY_PLY_localMouth,C_facial_local_BLS,l_up_mouth_bls,7821,-0.000995,-0.002227,0.002376
THAIZ_BODY_PLY_localMouth,C_facial_local_BLS,l_up_mouth_bls,7852,-0.001327,-0.003171,0.005594
THAIZ_BODY_PLY_localMouth,C_facial_local_BLS,l_up_mouth_bls,7862,-0.001255,-0.000708,-0.000353
THAIZ_BODY_PLY_localMouth,C_facial_local_BLS,l_up_mouth_bls,7863,-0.000932,-0.001876,-0.003435
THAIZ_BODY_PLY_localMouth,C_facial_local_BLS,l_up_mouth_bls,7864,-0.001271,-0.001538,0.00046
THAIZ_BODY_PLY_localMouth,C_facial_local_BLS,l_up_mouth_bls,7865,0.000546,-0.001957,0.002843
THAIZ_BODY_PLY_localMouth,C_facial_local_BLS,l_up_mouth_bls,7870,-0.002642,-0.001087,-0.00131
THAIZ_BODY_PLY_localMouth,C_facial_local_BLS,l_up_mouth_bls,7871,-0.001663,-0.002066,0.000472
THAIZ_BODY_PLY_localMouth,C_facial_local_BLS,l_up_mouth_bls,7872,-1.7e-05,-4.4e-05,5.2e-05
THAIZ_BODY_PLY_localMouth,C_facial_local_BLS,l_up_mouth_bls,7873,-3e-06,-7e-06,1.4e-05
THAIZ_BODY_PLY_localMouth,C_facial_local_BLS,l_up_mouth_bls,7875,-1e-06,-1e-06,1e-06
THAIZ_BODY_PLY_localMouth,C_facial_local_BLS,l_up_mouth_bls,7876,-0.000375,-0.000402,9.6e-05
THAIZ_BODY_PLY_localMouth,C_facial_local_BLS,l_up_mouth_bls,7877,-0.000141,-9.5e-05,-1.6e-05
THAIZ_BODY_PLY_localMouth,C_facial_local_BLS,l_up_mouth_bls,7898,-0.001145,-0.002428,0.004466
THAIZ_BODY_PLY_localMouth,C_facial_local_BLS,l_up_mouth_bls,7899,-3e-06,-8e-06,1.8e-05
THAIZ_BODY_PLY_localMouth,C_facial_local_BLS,l_up_mouth_bls,7901,-0.000163,-0.000305,0.000482
THAIZ_BODY_PLY_localMouth,C_facial_local_BLS,l_up_mouth_bls,7942,-2.3e-05,-4.8e-05,0.000111
THAIZ_BODY_PLY_localMouth,C_facial_local_BLS,l_up_mouth_bls,7944,-0.000243,-0.000436,0.000913
THAIZ_BODY_PLY_localMouth,C_facial_local_BLS,l_up_mouth_bls,7945,-6.7e-05,-0.000106,0.000207
THAIZ_BODY_PLY_localMouth,C_facial_local_BLS,l_up_mouth_bls,7960,-4e-06,-6e-06,1.1e-05
THAIZ_BODY_PLY_localMouth,C_facial_local_BLS,l_up_mouth_bls,7963,-0.000185,-0.000304,0.000614
THAIZ_BODY_PLY_localMouth,C_facial_local_BLS,l_up_mouth_bls,7964,-0.00054,-0.001143,0.003756
THAIZ_BODY_PLY_localMouth,C_facial_local_BLS,l_up_mouth_bls,7965,-5.5e-05,-0.000115,0.000357
THAIZ_BODY_PLY_localMouth,C_facial_local_BLS,l_up_mouth_bls,7966,-2e-05,2e-06,0.000187
THAIZ_BODY_PLY_localMouth,C_facial_local_BLS,l_up_mouth_bls,7967,-3e-06,0.0,2.7e-05
THAIZ_BODY_PLY_localMouth,C_facial_local_BLS,l_up_mouth_bls,7994,-0.0,0.0,2e-06
THAIZ_BODY_PLY_localMouth,C_facial_local_BLS,l_up_mouth_bls,7999,-0.001561,-0.003605,0.001287
THAIZ_BODY_PLY_localMouth,C_facial_local_BLS,l_up_mouth_bls,8000,-0.004897,-0.001522,-0.006396
THAIZ_BODY_PLY_localMouth,C_facial_local_BLS,l_up_mouth_bls,8005,-3.1e-05,1.6e-05,0.000292
THAIZ_BODY_PLY_localMouth,C_facial_local_BLS,l_up_mouth_bls,8006,-0.000233,-0.000513,0.001901
THAIZ_BODY_PLY_localMouth,C_facial_local_BLS,l_up_mouth_bls,8008,-1e-06,2e-06,8e-06
THAIZ_BODY_PLY_localMouth,C_facial_local_BLS,l_up_mouth_bls,8013,-1e-06,2e-06,5e-06
THAIZ_BODY_PLY_localMouth,C_facial_local_BLS,l_up_mouth_bls,8015,-1e-06,1e-06,5e-06
THAIZ_BODY_PLY_localMouth,C_facial_local_BLS,l_up_mouth_bls,8017,-0.0,0.0,1e-06
THAIZ_BODY_PLY_localMouth,C_facial_local_BLS,l_up_mouth_bls,8024,-4e-06,1.3e-05,2e-05
THAIZ_BODY_PLY_localMouth,C_facial_local_BLS,l_up_mouth_bls,8025,-5e-06,1.2e-05,2.9e-05
THAIZ_BODY_PLY_localMouth,C_facial_local_BLS,l_up_mouth_bls,8058,-0.000181,-0.000335,0.00028
THAIZ_BODY_PLY_localMouth,C_facial_local_BLS,l_up_mouth_bls,8059,-0.000859,-0.000996,0.000296
THAIZ_BODY_PLY_localMouth,C_facial_local_BLS,l_up_mouth_bls,8060,-0.000495,-0.00032,-7.9e-05
THAIZ_BODY_PLY_localMouth,C_facial_local_BLS,l_up_mouth_bls,8075,-0.0,0.0,1e-06
THAIZ_BODY_PLY_localMouth,C_facial_local_BLS,l_up_mouth_bls,8084,-0.0,1e-06,2e-06
THAIZ_BODY_PLY_localMouth,C_facial_local_BLS,l_up_mouth_bls,8085,-5e-06,1.1e-05,4.1e-05
THAIZ_BODY_PLY_localMouth,C_facial_local_BLS,l_up_mouth_bls,8086,-4e-06,5e-06,3.6e-05
THAIZ_BODY_PLY_localMouth,C_facial_local_BLS,l_up_mouth_bls,8087,-2e-06,1e-06,1.4e-05
THAIZ_BODY_PLY_localMouth,C_facial_local_BLS,l_up_mouth_bls,8158,-0.023213,0.000139,0.004801
THAIZ_BODY_PLY_localMouth,C_facial_local_BLS,l_up_mouth_bls,8159,-0.009793,-0.005292,0.035517
THAIZ_BODY_PLY_localMouth,C_facial_local_BLS,l_up_mouth_bls,8160,-0.006812,-0.003753,0.050398
THAIZ_BODY_PLY_localMouth,C_facial_local_BLS,l_up_mouth_bls,8169,-9.7e-05,-0.000213,0.000338
THAIZ_BODY_PLY_localMouth,C_facial_local_BLS,l_up_mouth_bls,8240,-0.000147,-0.000236,0.000391
THAIZ_BODY_PLY_localMouth,C_facial_local_BLS,l_up_mouth_bls,8241,-0.000686,-0.001262,0.002346
THAIZ_BODY_PLY_localMouth,C_facial_local_BLS,l_up_mouth_bls,8242,-5e-06,-1.1e-05,2.4e-05
THAIZ_BODY_PLY_localMouth,C_facial_local_BLS,l_up_mouth_bls,8247,-0.0,-0.0,1e-06
THAIZ_BODY_PLY_localMouth,C_facial_local_BLS,l_up_mouth_bls,8248,-1.5e-05,-1.7e-05,0.000141
THAIZ_BODY_PLY_localMouth,C_facial_local_BLS,l_up_mouth_bls,8249,-0.000103,-0.000112,0.001005
THAIZ_BODY_PLY_localMouth,C_facial_local_BLS,l_up_mouth_bls,8250,-8e-05,-5.7e-05,0.000825
THAIZ_BODY_PLY_localMouth,C_facial_local_BLS,l_up_mouth_bls,8255,-0.000114,-0.000158,0.001154
THAIZ_BODY_PLY_localMouth,C_facial_local_BLS,l_up_mouth_bls,8256,-0.000188,-0.000309,0.001743
THAIZ_BODY_PLY_localMouth,C_facial_local_BLS,l_up_mouth_bls,8257,-2.2e-05,-3.8e-05,0.000198
THAIZ_BODY_PLY_localMouth,C_facial_local_BLS,l_up_mouth_bls,8263,-6e-06,-1.9e-05,2.9e-05
THAIZ_BODY_PLY_localMouth,C_facial_local_BLS,l_up_mouth_bls,8264,-0.001075,-0.002796,0.003959
THAIZ_BODY_PLY_localMouth,C_facial_local_BLS,l_up_mouth_bls,8292,-0.013421,0.00047,0.019826
THAIZ_BODY_PLY_localMouth,C_facial_local_BLS,l_up_mouth_bls,8311,-0.000179,-0.000242,0.000115
THAIZ_BODY_PLY_localMouth,C_facial_local_BLS,l_up_mouth_bls,8312,-0.00082,-0.001267,0.000762
THAIZ_BODY_PLY_localMouth,C_facial_local_BLS,l_up_mouth_bls,8313,-0.000587,-0.001023,0.000719
THAIZ_BODY_PLY_localMouth,C_facial_local_BLS,l_up_mouth_bls,8314,-0.000136,-0.000269,0.000203
THAIZ_BODY_PLY_localMouth,C_facial_local_BLS,l_up_mouth_bls,8315,-2.5e-05,-0.000153,0.000221
THAIZ_BODY_PLY_localMouth,C_facial_local_BLS,l_up_mouth_bls,8316,2.6e-05,-3.4e-05,0.000168
THAIZ_BODY_PLY_localMouth,C_facial_local_BLS,l_up_mouth_bls,8341,-0.00016,-0.000307,0.00151
THAIZ_BODY_PLY_localMouth,C_facial_local_BLS,l_up_mouth_bls,8342,-0.000333,-0.000666,0.002756
THAIZ_BODY_PLY_localMouth,C_facial_local_BLS,l_up_mouth_bls,8343,-3.5e-05,-7.1e-05,0.000278
THAIZ_BODY_PLY_localMouth,C_facial_local_BLS,l_up_mouth_bls,8350,-7e-06,-4e-06,6.7e-05
THAIZ_BODY_PLY_localMouth,C_facial_local_BLS,l_up_mouth_bls,8351,-5e-05,-2.4e-05,0.000487
THAIZ_BODY_PLY_localMouth,C_facial_local_BLS,l_up_mouth_bls,8352,-6e-05,-2e-06,0.000603
THAIZ_BODY_PLY_localMouth,C_facial_local_BLS,l_up_mouth_bls,8353,-0.0,0.0,2e-06
THAIZ_BODY_PLY_localMouth,C_facial_local_BLS,l_up_mouth_bls,8404,-6e-06,-7e-06,2e-06
THAIZ_BODY_PLY_localMouth,C_facial_local_BLS,l_up_mouth_bls,8405,-5.6e-05,-5.4e-05,8e-06
THAIZ_BODY_PLY_localMouth,C_facial_local_BLS,l_up_mouth_bls,8406,-2.4e-05,-1.5e-05,-3e-06
THAIZ_BODY_PLY_localMouth,C_facial_local_BLS,l_up_mouth_bls,8473,-0.000301,-0.000672,0.001982
THAIZ_BODY_PLY_localMouth,C_facial_local_BLS,l_up_mouth_bls,8474,-0.000732,-0.001494,0.004011
THAIZ_BODY_PLY_localMouth,C_facial_local_BLS,l_up_mouth_bls,8475,-9.2e-05,-0.000176,0.000441
THAIZ_BODY_PLY_localMouth,C_facial_local_BLS,l_up_mouth_bls,8513,0.005483,0.00191,0.002071
THAIZ_BODY_PLY_localMouth,C_facial_local_BLS,l_up_mouth_bls,8514,0.001558,0.000326,0.002688
THAIZ_BODY_PLY_localMouth,C_facial_local_BLS,l_up_mouth_bls,8523,-3e-06,9e-06,8e-06
THAIZ_BODY_PLY_localMouth,C_facial_local_BLS,l_up_mouth_bls,8528,-0.000641,0.000707,0.002231
THAIZ_BODY_PLY_localMouth,C_facial_local_BLS,l_up_mouth_bls,8532,-0.004599,-0.002345,0.054577
THAIZ_BODY_PLY_localMouth,C_facial_local_BLS,l_up_mouth_bls,8583,-0.004633,-0.001208,-0.003714
THAIZ_BODY_PLY_localMouth,C_facial_local_BLS,l_up_mouth_bls,8584,-0.002187,-0.003044,0.000496
THAIZ_BODY_PLY_localMouth,C_facial_local_BLS,l_up_mouth_bls,8585,-6.6e-05,-0.000169,0.000152
THAIZ_BODY_PLY_localMouth,C_facial_local_BLS,l_up_mouth_bls,8586,-0.0,-2e-06,2e-06
THAIZ_BODY_PLY_localMouth,C_facial_local_BLS,l_up_mouth_bls,8592,-0.0,-1e-06,3e-06
THAIZ_BODY_PLY_localMouth,C_facial_local_BLS,l_up_mouth_bls,8593,-0.0,-0.0,2e-06
THAIZ_BODY_PLY_localMouth,C_facial_local_BLS,l_up_mouth_bls,8594,-0.0,-0.0,2e-06
THAIZ_BODY_PLY_localMouth,C_facial_local_BLS,l_up_mouth_bls,8595,-0.0,-0.0,5e-06
THAIZ_BODY_PLY_localMouth,C_facial_local_BLS,l_up_mouth_bls,8596,-2e-06,0.0,2.2e-05
THAIZ_BODY_PLY_localMouth,C_facial_local_BLS,l_up_mouth_bls,8597,-1e-05,7e-06,9.4e-05
THAIZ_BODY_PLY_localMouth,C_facial_local_BLS,l_up_mouth_bls,8598,-1.1e-05,1.3e-05,9.8e-05
THAIZ_BODY_PLY_localMouth,C_facial_local_BLS,l_up_mouth_bls,8599,-6e-06,8e-06,4.7e-05
THAIZ_BODY_PLY_localMouth,C_facial_local_BLS,l_up_mouth_bls,8600,-1e-06,1e-06,7e-06
THAIZ_BODY_PLY_localMouth,C_facial_local_BLS,l_up_mouth_bls,8620,-3e-06,-8e-06,1.1e-05
THAIZ_BODY_PLY_localMouth,C_facial_local_BLS,l_up_mouth_bls,8621,-0.001281,-0.003294,0.005311
THAIZ_BODY_PLY_localMouth,C_facial_local_BLS,l_up_mouth_bls,8622,-4e-06,-1.1e-05,2e-05
THAIZ_BODY_PLY_localMouth,C_facial_local_BLS,l_up_mouth_bls,8702,-1e-06,-0.0,-0.0
THAIZ_BODY_PLY_localMouth,C_facial_local_BLS,l_up_mouth_bls,8703,-6e-06,-1e-06,-3e-06
THAIZ_BODY_PLY_localMouth,C_facial_local_BLS,l_up_mouth_bls,8704,-6.5e-05,-6e-06,-3.9e-05
THAIZ_BODY_PLY_localMouth,C_facial_local_BLS,l_up_mouth_bls,8705,-0.000188,2.5e-05,-0.000144
THAIZ_BODY_PLY_localMouth,C_facial_local_BLS,l_up_mouth_bls,8706,-0.000284,0.000153,-0.000394
THAIZ_BODY_PLY_localMouth,C_facial_local_BLS,l_up_mouth_bls,8707,-0.000356,0.001165,-0.000784
THAIZ_BODY_PLY_localMouth,C_facial_local_BLS,l_up_mouth_bls,8708,-0.00095,0.010646,-0.002709
THAIZ_BODY_PLY_localMouth,C_facial_local_BLS,l_up_mouth_bls,8754,-0.039307,-0.003672,0.003305
THAIZ_BODY_PLY_localMouth,C_facial_local_BLS,l_up_mouth_bls,8755,-0.024025,0.003687,0.025939
THAIZ_BODY_PLY_localMouth,C_facial_local_BLS,l_up_mouth_bls,8756,-0.013859,0.006306,0.043287
THAIZ_BODY_PLY_localMouth,C_facial_local_BLS,l_up_mouth_bls,8757,-0.011611,0.010083,0.059825
THAIZ_BODY_PLY_localMouth,C_facial_local_BLS,l_up_mouth_bls,8758,-0.009076,0.011627,0.067256
THAIZ_BODY_PLY_localMouth,C_facial_local_BLS,l_up_mouth_bls,8759,-1e-06,0.0,7e-06
THAIZ_BODY_PLY_localMouth,C_facial_local_BLS,l_up_mouth_bls,8769,-2e-06,5e-06,1.4e-05
THAIZ_BODY_PLY_localMouth,C_facial_local_BLS,l_up_mouth_bls,8770,-7e-06,1.5e-05,5.7e-05
THAIZ_BODY_PLY_localMouth,C_facial_local_BLS,l_up_mouth_bls,8771,-1e-05,1.4e-05,9.1e-05
THAIZ_BODY_PLY_localMouth,C_facial_local_BLS,l_up_mouth_bls,8772,-1.4e-05,1.2e-05,0.000128
THAIZ_BODY_PLY_localMouth,C_facial_local_BLS,l_up_mouth_bls,8773,-7e-06,4e-06,6.4e-05
THAIZ_BODY_PLY_localMouth,C_facial_local_BLS,l_up_mouth_bls,8877,-1e-06,2e-06,3e-06
THAIZ_BODY_PLY_localMouth,C_facial_local_BLS,l_up_mouth_bls,8878,-6e-06,1.4e-05,3.8e-05
THAIZ_BODY_PLY_localMouth,C_facial_local_BLS,l_up_mouth_bls,8879,-5e-06,1.2e-05,3.7e-05
THAIZ_BODY_PLY_localMouth,C_facial_local_BLS,l_up_mouth_bls,8880,-2e-06,5e-06,1.5e-05
THAIZ_BODY_PLY_localMouth,C_facial_local_BLS,l_up_mouth_bls,8881,-0.0,1e-06,2e-06
THAIZ_BODY_PLY_localMouth,C_facial_local_BLS,l_up_mouth_bls,8893,-2e-06,-1e-06,-0.0
THAIZ_BODY_PLY_localMouth,C_facial_local_BLS,l_up_mouth_bls,8894,-3e-06,-2e-06,0.0
THAIZ_BODY_PLY_localMouth,C_facial_local_BLS,l_up_mouth_bls,14197,1.5e-05,1e-05,4.4e-05
THAIZ_BODY_PLY_localMouth,C_facial_local_BLS,l_up_mouth_bls,14240,0.000128,0.000166,1.6e-05
THAIZ_BODY_PLY_localMouth,C_facial_local_BLS,l_up_mouth_bls,14241,0.000909,0.001341,0.000202
THAIZ_BODY_PLY_localMouth,C_facial_local_BLS,l_up_mouth_bls,14258,2.2e-05,-1e-05,4e-06
THAIZ_BODY_PLY_localMouth,C_facial_local_BLS,l_up_mouth_bls,14259,0.000952,0.000475,7.7e-05
THAIZ_BODY_PLY_localMouth,C_facial_local_BLS,l_up_mouth_bls,14260,0.000815,0.000926,0.00033
THAIZ_BODY_PLY_localMouth,C_facial_local_BLS,l_up_mouth_bls,14278,0.000601,-0.0,-0.000358
THAIZ_BODY_PLY_localMouth,C_facial_local_BLS,l_up_mouth_bls,14279,0.000117,4.8e-05,3.2e-05
THAIZ_BODY_PLY_localMouth,C_facial_local_BLS,l_up_mouth_bls,14438,0.000173,-5e-06,4.5e-05
THAIZ_BODY_PLY_localMouth,C_facial_local_BLS,l_up_mouth_bls,14439,0.0001,2.5e-05,-3.5e-05
THAIZ_BODY_PLY_localMouth,C_facial_local_BLS,l_up_mouth_bls,14448,0.000857,-0.000768,-0.000137
THAIZ_BODY_PLY_localMouth,C_facial_local_BLS,l_up_mouth_bls,14449,0.000127,-0.000103,3.6e-05
THAIZ_BODY_PLY_localMouth,C_facial_local_BLS,l_up_mouth_bls,14461,1e-06,1e-06,-1e-06
THAIZ_BODY_PLY_localMouth,C_facial_local_BLS,l_up_mouth_bls,14604,2e-06,0.0,1e-06
THAIZ_BODY_PLY_localMouth,C_facial_local_BLS,l_up_mouth_bls,14605,1.2e-05,0.0,2e-06
THAIZ_BODY_PLY_localMouth,C_facial_local_BLS,l_up_mouth_bls,14623,3.3e-05,-5e-06,-2e-06
THAIZ_BODY_PLY_localMouth,C_facial_local_BLS,L_body_correctivess_bls,11,0.00585,-0.000889,-0.00561
THAIZ_BODY_PLY_localMouth,C_facial_local_BLS,L_body_correctivess_bls,12,0.040764,-0.031463,-0.026834
THAIZ_BODY_PLY_localMouth,C_facial_local_BLS,L_body_correctivess_bls,13,0.037312,-0.037127,-0.017049
THAIZ_BODY_PLY_localMouth,C_facial_local_BLS,L_body_correctivess_bls,14,0.015773,-0.012768,-0.013799
THAIZ_BODY_PLY_localMouth,C_facial_local_BLS,L_body_correctivess_bls,15,0.000257,-0.000262,-0.000182
THAIZ_BODY_PLY_localMouth,C_facial_local_BLS,L_body_correctivess_bls,406,-0.012083,0.000363,-0.027997
THAIZ_BODY_PLY_localMouth,C_facial_local_BLS,L_body_correctivess_bls,407,0.060519,0.257355,-0.10696
THAIZ_BODY_PLY_localMouth,C_facial_local_BLS,L_body_correctivess_bls,432,0.079439,0.055773,-0.049159
THAIZ_BODY_PLY_localMouth,C_facial_local_BLS,L_body_correctivess_bls,434,0.001183,0.001177,-0.002105
THAIZ_BODY_PLY_localMouth,C_facial_local_BLS,L_body_correctivess_bls,436,9.1e-05,5.2e-05,-0.000173
THAIZ_BODY_PLY_localMouth,C_facial_local_BLS,L_body_correctivess_bls,440,0.001909,0.00027,-0.000492
THAIZ_BODY_PLY_localMouth,C_facial_local_BLS,L_body_correctivess_bls,441,1e-05,5e-06,-5e-06
THAIZ_BODY_PLY_localMouth,C_facial_local_BLS,L_body_correctivess_bls,524,-2e-06,-9e-06,-2e-06
THAIZ_BODY_PLY_localMouth,C_facial_local_BLS,L_body_correctivess_bls,549,-0.000774,0.000961,0.000137
THAIZ_BODY_PLY_localMouth,C_facial_local_BLS,L_body_correctivess_bls,551,-0.058438,0.021252,0.016263
THAIZ_BODY_PLY_localMouth,C_facial_local_BLS,L_body_correctivess_bls,552,-0.032846,0.011119,0.021932
THAIZ_BODY_PLY_localMouth,C_facial_local_BLS,L_body_correctivess_bls,554,-0.047435,-0.000398,0.018291
THAIZ_BODY_PLY_localMouth,C_facial_local_BLS,L_body_correctivess_bls,570,7e-05,1.7e-05,-0.000171
THAIZ_BODY_PLY_localMouth,C_facial_local_BLS,L_body_correctivess_bls,571,0.001548,0.000906,-0.002326
THAIZ_BODY_PLY_localMouth,C_facial_local_BLS,L_body_correctivess_bls,572,0.035716,0.033154,-0.033361
THAIZ_BODY_PLY_localMouth,C_facial_local_BLS,L_body_correctivess_bls,573,0.017289,0.040602,-0.015007
THAIZ_BODY_PLY_localMouth,C_facial_local_BLS,L_body_correctivess_bls,605,-0.019089,-0.013576,0.000123
THAIZ_BODY_PLY_localMouth,C_facial_local_BLS,L_body_correctivess_bls,609,-0.013275,-0.006413,0.009772
THAIZ_BODY_PLY_localMouth,C_facial_local_BLS,L_body_correctivess_bls,617,0.003388,-0.017085,-0.005904
THAIZ_BODY_PLY_localMouth,C_facial_local_BLS,L_body_correctivess_bls,621,0.004523,-0.011011,-0.014687
THAIZ_BODY_PLY_localMouth,C_facial_local_BLS,L_body_correctivess_bls,662,-0.017023,-0.008391,-0.008547
THAIZ_BODY_PLY_localMouth,C_facial_local_BLS,L_body_correctivess_bls,663,0.00156,0.004897,0.036997
THAIZ_BODY_PLY_localMouth,C_facial_local_BLS,L_body_correctivess_bls,664,-0.006314,0.016029,0.055313
THAIZ_BODY_PLY_localMouth,C_facial_local_BLS,L_body_correctivess_bls,665,-0.014947,0.011278,0.011123
THAIZ_BODY_PLY_localMouth,C_facial_local_BLS,L_body_correctivess_bls,667,-0.000184,3.4e-05,0.000158
THAIZ_BODY_PLY_localMouth,C_facial_local_BLS,L_body_correctivess_bls,855,-0.028647,-0.006918,-0.028901
THAIZ_BODY_PLY_localMouth,C_facial_local_BLS,L_body_correctivess_bls,856,0.05634,0.080888,-0.083137
THAIZ_BODY_PLY_localMouth,C_facial_local_BLS,L_body_correctivess_bls,959,-0.003583,0.000159,-0.005652
THAIZ_BODY_PLY_localMouth,C_facial_local_BLS,L_body_correctivess_bls,997,-0.001694,-0.000556,-0.001523
THAIZ_BODY_PLY_localMouth,C_facial_local_BLS,L_body_correctivess_bls,998,-0.007757,-0.006842,-0.003341
THAIZ_BODY_PLY_localMouth,C_facial_local_BLS,L_body_correctivess_bls,999,0.010878,0.00644,0.019884
THAIZ_BODY_PLY_localMouth,C_facial_local_BLS,L_body_correctivess_bls,1000,0.000329,0.011307,0.043248
THAIZ_BODY_PLY_localMouth,C_facial_local_BLS,L_body_correctivess_bls,1001,-0.006659,0.008432,0.008386
THAIZ_BODY_PLY_localMouth,C_facial_local_BLS,L_body_correctivess_bls,1024,-6.3e-05,4.5e-05,-0.000386
THAIZ_BODY_PLY_localMouth,C_facial_local_BLS,L_body_correctivess_bls,1025,-0.046889,0.043217,-0.098212
THAIZ_BODY_PLY_localMouth,C_facial_local_BLS,L_body_correctivess_bls,1026,-0.066603,0.038034,-0.030903
THAIZ_BODY_PLY_localMouth,C_facial_local_BLS,L_body_correctivess_bls,1027,-0.018861,0.013004,0.046783
THAIZ_BODY_PLY_localMouth,C_facial_local_BLS,L_body_correctivess_bls,1028,-0.02505,0.006593,0.008575
THAIZ_BODY_PLY_localMouth,C_facial_local_BLS,L_body_correctivess_bls,1029,-0.010043,-0.00059,0.005847
THAIZ_BODY_PLY_localMouth,C_facial_local_BLS,L_body_correctivess_bls,1030,-0.008985,0.001557,0.006883
THAIZ_BODY_PLY_localMouth,C_facial_local_BLS,L_body_correctivess_bls,1031,-0.002614,-0.000798,-0.002614
THAIZ_BODY_PLY_localMouth,C_facial_local_BLS,L_body_correctivess_bls,1078,-0.007437,-0.00702,-0.100184
THAIZ_BODY_PLY_localMouth,C_facial_local_BLS,L_body_correctivess_bls,1079,0.039119,0.342771,-0.159258
THAIZ_BODY_PLY_localMouth,C_facial_local_BLS,L_body_correctivess_bls,1082,0.019747,0.15514,-0.104285
THAIZ_BODY_PLY_localMouth,C_facial_local_BLS,L_body_correctivess_bls,1083,0.019495,0.111975,-0.048431
THAIZ_BODY_PLY_localMouth,C_facial_local_BLS,L_body_correctivess_bls,1084,0.00146,0.006087,-0.0024
THAIZ_BODY_PLY_localMouth,C_facial_local_BLS,L_body_correctivess_bls,1085,-5e-06,0.000114,-0.000188
THAIZ_BODY_PLY_localMouth,C_facial_local_BLS,L_body_correctivess_bls,1089,-0.007141,-0.040548,-0.012688
THAIZ_BODY_PLY_localMouth,C_facial_local_BLS,L_body_correctivess_bls,1152,0.048259,0.043094,-0.013564
THAIZ_BODY_PLY_localMouth,C_facial_local_BLS,L_body_correctivess_bls,1153,0.022718,0.00289,-0.011427
THAIZ_BODY_PLY_localMouth,C_facial_local_BLS,L_body_correctivess_bls,1154,0.00094,0.000235,-0.000782
THAIZ_BODY_PLY_localMouth,C_facial_local_BLS,L_body_correctivess_bls,1198,0.03809,0.018794,-0.010816
THAIZ_BODY_PLY_localMouth,C_facial_local_BLS,L_body_correctivess_bls,1275,0.001839,0.000832,-0.000872
THAIZ_BODY_PLY_localMouth,C_facial_local_BLS,L_body_correctivess_bls,1276,0.011808,0.003195,-0.007722
THAIZ_BODY_PLY_localMouth,C_facial_local_BLS,L_body_correctivess_bls,1277,0.012794,0.00897,-0.014799
THAIZ_BODY_PLY_localMouth,C_facial_local_BLS,L_body_correctivess_bls,1278,0.016741,0.022517,-0.015825
THAIZ_BODY_PLY_localMouth,C_facial_local_BLS,L_body_correctivess_bls,1279,0.011818,0.052854,-0.016363
THAIZ_BODY_PLY_localMouth,C_facial_local_BLS,L_body_correctivess_bls,1432,0.00011,-6.5e-05,0.000183
THAIZ_BODY_PLY_localMouth,C_facial_local_BLS,L_body_correctivess_bls,1433,0.00326,0.001206,0.008291
THAIZ_BODY_PLY_localMouth,C_facial_local_BLS,L_body_correctivess_bls,1434,-5.6e-05,0.000362,0.000253
THAIZ_BODY_PLY_localMouth,C_facial_local_BLS,L_body_correctivess_bls,1465,0.0,0.356295,-0.214342
THAIZ_BODY_PLY_localMouth,C_facial_local_BLS,L_body_correctivess_bls,1466,0.0,0.175774,-0.13761
THAIZ_BODY_PLY_localMouth,C_facial_local_BLS,L_body_correctivess_bls,1467,0.0,0.133108,-0.052718
THAIZ_BODY_PLY_localMouth,C_facial_local_BLS,L_body_correctivess_bls,1468,0.0,-0.078309,-0.024536
THAIZ_BODY_PLY_localMouth,C_facial_local_BLS,L_body_correctivess_bls,1469,0.0,-0.009355,-0.140746
THAIZ_BODY_PLY_localMouth,C_facial_local_BLS,L_body_correctivess_bls,1508,0.0,0.055567,-0.012285
THAIZ_BODY_PLY_localMouth,C_facial_local_BLS,L_body_correctivess_bls,6936,-0.002438,0.016228,0.00231
THAIZ_BODY_PLY_localMouth,C_facial_local_BLS,L_body_correctivess_bls,6937,-0.026425,0.044656,0.011654
THAIZ_BODY_PLY_localMouth,C_facial_local_BLS,L_body_correctivess_bls,6938,-0.024183,0.012684,0.003391
THAIZ_BODY_PLY_localMouth,C_facial_local_BLS,L_body_correctivess_bls,6939,-0.022628,-0.019719,-0.013907
THAIZ_BODY_PLY_localMouth,C_facial_local_BLS,L_body_correctivess_bls,6940,0.009952,-0.052916,-0.026101
THAIZ_BODY_PLY_localMouth,C_facial_local_BLS,L_body_correctivess_bls,6941,0.01544,-0.050863,-0.015297
THAIZ_BODY_PLY_localMouth,C_facial_local_BLS,L_body_correctivess_bls,6942,0.016644,-0.034586,-0.027504
THAIZ_BODY_PLY_localMouth,C_facial_local_BLS,L_body_correctivess_bls,6943,6.2e-05,-0.000123,-0.000107
THAIZ_BODY_PLY_localMouth,C_facial_local_BLS,L_body_correctivess_bls,6952,0.0,0.000462,-8.9e-05
THAIZ_BODY_PLY_localMouth,C_facial_local_BLS,L_body_correctivess_bls,6958,0.0,0.00833,-0.001691
THAIZ_BODY_PLY_localMouth,C_facial_local_BLS,L_body_correctivess_bls,6959,0.0,-8e-06,-3e-06
THAIZ_BODY_PLY_localMouth,C_facial_local_BLS,L_body_correctivess_bls,6961,-3e-06,-7e-06,-3e-06
THAIZ_BODY_PLY_localMouth,C_facial_local_BLS,L_body_correctivess_bls,7474,-0.00585,-0.000889,-0.00561
THAIZ_BODY_PLY_localMouth,C_facial_local_BLS,L_body_correctivess_bls,7475,-0.040764,-0.031463,-0.026834
THAIZ_BODY_PLY_localMouth,C_facial_local_BLS,L_body_correctivess_bls,7476,-0.037312,-0.037127,-0.017049
THAIZ_BODY_PLY_localMouth,C_facial_local_BLS,L_body_correctivess_bls,7477,-0.015773,-0.012768,-0.013799
THAIZ_BODY_PLY_localMouth,C_facial_local_BLS,L_body_correctivess_bls,7478,-0.000257,-0.000262,-0.000182
THAIZ_BODY_PLY_localMouth,C_facial_local_BLS,L_body_correctivess_bls,7835,0.012083,0.000363,-0.027997
THAIZ_BODY_PLY_localMouth,C_facial_local_BLS,L_body_correctivess_bls,7836,-0.060519,0.257355,-0.10696
THAIZ_BODY_PLY_localMouth,C_facial_local_BLS,L_body_correctivess_bls,7861,-0.079439,0.055773,-0.049159
THAIZ_BODY_PLY_localMouth,C_facial_local_BLS,L_body_correctivess_bls,7863,-0.001183,0.001177,-0.002105
THAIZ_BODY_PLY_localMouth,C_facial_local_BLS,L_body_correctivess_bls,7865,-9.1e-05,5.2e-05,-0.000173
THAIZ_BODY_PLY_localMouth,C_facial_local_BLS,L_body_correctivess_bls,7869,-0.001909,0.00027,-0.000492
THAIZ_BODY_PLY_localMouth,C_facial_local_BLS,L_body_correctivess_bls,7870,-1e-05,5e-06,-5e-06
THAIZ_BODY_PLY_localMouth,C_facial_local_BLS,L_body_correctivess_bls,7953,2e-06,-9e-06,-2e-06
THAIZ_BODY_PLY_localMouth,C_facial_local_BLS,L_body_correctivess_bls,7978,0.000774,0.000961,0.000137
THAIZ_BODY_PLY_localMouth,C_facial_local_BLS,L_body_correctivess_bls,7980,0.058438,0.021252,0.016263
THAIZ_BODY_PLY_localMouth,C_facial_local_BLS,L_body_correctivess_bls,7981,0.032846,0.011119,0.021932
THAIZ_BODY_PLY_localMouth,C_facial_local_BLS,L_body_correctivess_bls,7983,0.047435,-0.000398,0.018291
THAIZ_BODY_PLY_localMouth,C_facial_local_BLS,L_body_correctivess_bls,7999,-7e-05,1.7e-05,-0.000171
THAIZ_BODY_PLY_localMouth,C_facial_local_BLS,L_body_correctivess_bls,8000,-0.001548,0.000906,-0.002326
THAIZ_BODY_PLY_localMouth,C_facial_local_BLS,L_body_correctivess_bls,8001,-0.035716,0.033154,-0.033361
THAIZ_BODY_PLY_localMouth,C_facial_local_BLS,L_body_correctivess_bls,8002,-0.017289,0.040602,-0.015007
THAIZ_BODY_PLY_localMouth,C_facial_local_BLS,L_body_correctivess_bls,8034,0.019089,-0.013576,0.000123
THAIZ_BODY_PLY_localMouth,C_facial_local_BLS,L_body_correctivess_bls,8038,0.013275,-0.006413,0.009772
THAIZ_BODY_PLY_localMouth,C_facial_local_BLS,L_body_correctivess_bls,8046,-0.003388,-0.017085,-0.005904
THAIZ_BODY_PLY_localMouth,C_facial_local_BLS,L_body_correctivess_bls,8050,-0.004523,-0.011011,-0.014687
THAIZ_BODY_PLY_localMouth,C_facial_local_BLS,L_body_correctivess_bls,8091,0.017023,-0.008391,-0.008547
THAIZ_BODY_PLY_localMouth,C_facial_local_BLS,L_body_correctivess_bls,8092,-0.00156,0.004897,0.036997
THAIZ_BODY_PLY_localMouth,C_facial_local_BLS,L_body_correctivess_bls,8093,0.006314,0.016029,0.055313
THAIZ_BODY_PLY_localMouth,C_facial_local_BLS,L_body_correctivess_bls,8094,0.014947,0.011278,0.011123
THAIZ_BODY_PLY_localMouth,C_facial_local_BLS,L_body_correctivess_bls,8096,0.000184,3.4e-05,0.000158
THAIZ_BODY_PLY_localMouth,C_facial_local_BLS,L_body_correctivess_bls,8284,0.028647,-0.006918,-0.028901
THAIZ_BODY_PLY_localMouth,C_facial_local_BLS,L_body_correctivess_bls,8285,-0.05634,0.080888,-0.083137
THAIZ_BODY_PLY_localMouth,C_facial_local_BLS,L_body_correctivess_bls,8388,0.003583,0.000159,-0.005652
THAIZ_BODY_PLY_localMouth,C_facial_local_BLS,L_body_correctivess_bls,8426,0.001694,-0.000556,-0.001523
THAIZ_BODY_PLY_localMouth,C_facial_local_BLS,L_body_correctivess_bls,8427,0.007757,-0.006842,-0.003341
THAIZ_BODY_PLY_localMouth,C_facial_local_BLS,L_body_correctivess_bls,8428,-0.010878,0.00644,0.019884
THAIZ_BODY_PLY_localMouth,C_facial_local_BLS,L_body_correctivess_bls,8429,-0.000329,0.011307,0.043248
THAIZ_BODY_PLY_localMouth,C_facial_local_BLS,L_body_correctivess_bls,8430,0.006659,0.008432,0.008386
THAIZ_BODY_PLY_localMouth,C_facial_local_BLS,L_body_correctivess_bls,8453,6.3e-05,4.5e-05,-0.000386
THAIZ_BODY_PLY_localMouth,C_facial_local_BLS,L_body_correctivess_bls,8454,0.046889,0.043217,-0.098212
THAIZ_BODY_PLY_localMouth,C_facial_local_BLS,L_body_correctivess_bls,8455,0.066603,0.038034,-0.030903
THAIZ_BODY_PLY_localMouth,C_facial_local_BLS,L_body_correctivess_bls,8456,0.018861,0.013004,0.046783
THAIZ_BODY_PLY_localMouth,C_facial_local_BLS,L_body_correctivess_bls,8457,0.02505,0.006593,0.008575
THAIZ_BODY_PLY_localMouth,C_facial_local_BLS,L_body_correctivess_bls,8458,0.010043,-0.00059,0.005847
THAIZ_BODY_PLY_localMouth,C_facial_local_BLS,L_body_correctivess_bls,8459,0.008985,0.001557,0.006883
THAIZ_BODY_PLY_localMouth,C_facial_local_BLS,L_body_correctivess_bls,8460,0.002614,-0.000798,-0.002614
THAIZ_BODY_PLY_localMouth,C_facial_local_BLS,L_body_correctivess_bls,8507,0.007437,-0.00702,-0.100184
THAIZ_BODY_PLY_localMouth,C_facial_local_BLS,L_body_correctivess_bls,8508,-0.039119,0.342771,-0.159258
THAIZ_BODY_PLY_localMouth,C_facial_local_BLS,L_body_correctivess_bls,8511,-0.019747,0.15514,-0.104285
THAIZ_BODY_PLY_localMouth,C_facial_local_BLS,L_body_correctivess_bls,8512,-0.019495,0.111975,-0.048431
THAIZ_BODY_PLY_localMouth,C_facial_local_BLS,L_body_correctivess_bls,8513,-0.00146,0.006087,-0.0024
THAIZ_BODY_PLY_localMouth,C_facial_local_BLS,L_body_correctivess_bls,8514,5e-06,0.000114,-0.000188
THAIZ_BODY_PLY_localMouth,C_facial_local_BLS,L_body_correctivess_bls,8518,0.007141,-0.040548,-0.012688
THAIZ_BODY_PLY_localMouth,C_facial_local_BLS,L_body_correctivess_bls,8581,-0.048259,0.043094,-0.013564
THAIZ_BODY_PLY_localMouth,C_facial_local_BLS,L_body_correctivess_bls,8582,-0.022718,0.00289,-0.011427
THAIZ_BODY_PLY_localMouth,C_facial_local_BLS,L_body_correctivess_bls,8583,-0.00094,0.000235,-0.000782
THAIZ_BODY_PLY_localMouth,C_facial_local_BLS,L_body_correctivess_bls,8627,-0.03809,0.018794,-0.010816
THAIZ_BODY_PLY_localMouth,C_facial_local_BLS,L_body_correctivess_bls,8704,-0.001839,0.000832,-0.000872
THAIZ_BODY_PLY_localMouth,C_facial_local_BLS,L_body_correctivess_bls,8705,-0.011808,0.003195,-0.007722
THAIZ_BODY_PLY_localMouth,C_facial_local_BLS,L_body_correctivess_bls,8706,-0.012794,0.00897,-0.014799
THAIZ_BODY_PLY_localMouth,C_facial_local_BLS,L_body_correctivess_bls,8707,-0.016741,0.022517,-0.015825
THAIZ_BODY_PLY_localMouth,C_facial_local_BLS,L_body_correctivess_bls,8708,-0.011818,0.052854,-0.016363
THAIZ_BODY_PLY_localMouth,C_facial_local_BLS,L_body_correctivess_bls,8861,-0.00011,-6.5e-05,0.000183
THAIZ_BODY_PLY_localMouth,C_facial_local_BLS,L_body_correctivess_bls,8862,-0.00326,0.001206,0.008291
THAIZ_BODY_PLY_localMouth,C_facial_local_BLS,L_body_correctivess_bls,8863,5.6e-05,0.000362,0.000253
THAIZ_BODY_PLY_localMouth,C_facial_local_BLS,L_body_correctivess_bls,14180,-6.2e-05,-0.000123,-0.000107
THAIZ_BODY_PLY_localMouth,C_facial_local_BLS,L_body_correctivess_bls,14183,0.002438,0.016228,0.00231
THAIZ_BODY_PLY_localMouth,C_facial_local_BLS,L_body_correctivess_bls,14184,0.026425,0.044656,0.011654
THAIZ_BODY_PLY_localMouth,C_facial_local_BLS,L_body_correctivess_bls,14185,0.024183,0.012684,0.003391
THAIZ_BODY_PLY_localMouth,C_facial_local_BLS,L_body_correctivess_bls,14186,0.022628,-0.019719,-0.013907
THAIZ_BODY_PLY_localMouth,C_facial_local_BLS,L_body_correctivess_bls,14187,-0.009952,-0.052916,-0.026101
THAIZ_BODY_PLY_localMouth,C_facial_local_BLS,L_body_correctivess_bls,14188,-0.01544,-0.050863,-0.015297
THAIZ_BODY_PLY_localMouth,C_facial_local_BLS,L_body_correctivess_bls,14189,-0.016644,-0.034586,-0.027504
THAIZ_BODY_PLY_localMouth,C_facial_local_BLS,L_body_correctivess_bls,14190,-6.2e-05,-0.000123,-0.000107
THAIZ_BODY_PLY_localMouth,C_facial_local_BLS,L_body_correctivess_bls,14197,3e-06,-7e-06,-3e-06
