mesh,bs_node,target,vtx_idx,dx,dy,dz
THAIZ_BODY_PLY,C_facial_local_BLS,l_out_mouth_bls,3,-0.000146,0.000937,0.00013
THAIZ_BODY_PLY,C_facial_local_BLS,l_out_mouth_bls,4,-0.004203,0.008915,0.002431
THAIZ_BODY_PLY,C_facial_local_BLS,l_out_mouth_bls,5,-0.044885,0.043621,0.023691
THAIZ_BODY_PLY,C_facial_local_BLS,l_out_mouth_bls,6,-0.060034,0.051336,0.001032
THAIZ_BODY_PLY,C_facial_local_BLS,l_out_mouth_bls,7,-0.02284,0.042912,-0.044704
THAIZ_BODY_PLY,C_facial_local_BLS,l_out_mouth_bls,8,0.017561,0.037672,-0.027416
THAIZ_BODY_PLY,C_facial_local_BLS,l_out_mouth_bls,9,-0.090443,0.011329,0.339058
THAIZ_BODY_PLY,C_facial_local_BLS,l_out_mouth_bls,10,-0.279167,0.018033,0.447118
THAIZ_BODY_PLY,C_facial_local_BLS,l_out_mouth_bls,11,-0.280301,0.040241,0.430765
THAIZ_BODY_PLY,C_facial_local_BLS,l_out_mouth_bls,12,-0.023601,0.027876,0.139511
THAIZ_BODY_PLY,C_facial_local_BLS,l_out_mouth_bls,13,0.030956,0.011253,0.041163
THAIZ_BODY_PLY,C_facial_local_BLS,l_out_mouth_bls,14,-0.004941,0.016023,-0.029048
THAIZ_BODY_PLY,C_facial_local_BLS,l_out_mouth_bls,15,0.002653,-0.001768,-0.011236
THAIZ_BODY_PLY,C_facial_local_BLS,l_out_mouth_bls,16,0.001184,-0.001596,-0.001468
THAIZ_BODY_PLY,C_facial_local_BLS,l_out_mouth_bls,24,-0.000477,0.000656,-1e-06
THAIZ_BODY_PLY,C_facial_local_BLS,l_out_mouth_bls,25,-0.058828,0.043231,0.045497
THAIZ_BODY_PLY,C_facial_local_BLS,l_out_mouth_bls,26,-0.126205,0.088041,0.092329
THAIZ_BODY_PLY,C_facial_local_BLS,l_out_mouth_bls,27,-0.114657,0.074898,0.045216
THAIZ_BODY_PLY,C_facial_local_BLS,l_out_mouth_bls,28,-0.034468,0.053889,-0.049825
THAIZ_BODY_PLY,C_facial_local_BLS,l_out_mouth_bls,29,0.019188,0.042879,-0.025991
THAIZ_BODY_PLY,C_facial_local_BLS,l_out_mouth_bls,30,-0.137907,-0.022164,0.253306
THAIZ_BODY_PLY,C_facial_local_BLS,l_out_mouth_bls,31,-0.108939,-0.016077,0.109448
THAIZ_BODY_PLY,C_facial_local_BLS,l_out_mouth_bls,32,-0.200992,0.013776,0.299907
THAIZ_BODY_PLY,C_facial_local_BLS,l_out_mouth_bls,33,-0.135973,0.080871,0.219341
THAIZ_BODY_PLY,C_facial_local_BLS,l_out_mouth_bls,34,-0.058002,0.081154,0.135047
THAIZ_BODY_PLY,C_facial_local_BLS,l_out_mouth_bls,35,-0.001225,0.015597,-0.022367
THAIZ_BODY_PLY,C_facial_local_BLS,l_out_mouth_bls,36,0.001089,0.00257,-0.005474
THAIZ_BODY_PLY,C_facial_local_BLS,l_out_mouth_bls,37,0.000218,4e-05,-0.000253
THAIZ_BODY_PLY,C_facial_local_BLS,l_out_mouth_bls,44,-4e-06,3e-06,3e-06
THAIZ_BODY_PLY,C_facial_local_BLS,l_out_mouth_bls,45,-0.010024,0.005097,0.007055
THAIZ_BODY_PLY,C_facial_local_BLS,l_out_mouth_bls,46,-0.118661,0.074766,0.092433
THAIZ_BODY_PLY,C_facial_local_BLS,l_out_mouth_bls,47,-0.183963,0.103206,0.142556
THAIZ_BODY_PLY,C_facial_local_BLS,l_out_mouth_bls,48,-0.146837,0.055701,0.084326
THAIZ_BODY_PLY,C_facial_local_BLS,l_out_mouth_bls,49,-0.050648,0.04153,-0.031073
THAIZ_BODY_PLY,C_facial_local_BLS,l_out_mouth_bls,50,0.017661,0.044379,-0.022865
THAIZ_BODY_PLY,C_facial_local_BLS,l_out_mouth_bls,51,-0.009733,0.002423,0.013137
THAIZ_BODY_PLY,C_facial_local_BLS,l_out_mouth_bls,52,-0.016132,-0.013461,0.158453
THAIZ_BODY_PLY,C_facial_local_BLS,l_out_mouth_bls,53,-0.217117,0.049205,0.410039
THAIZ_BODY_PLY,C_facial_local_BLS,l_out_mouth_bls,54,-0.174043,0.094646,0.222266
THAIZ_BODY_PLY,C_facial_local_BLS,l_out_mouth_bls,55,-0.135043,0.138328,0.128442
THAIZ_BODY_PLY,C_facial_local_BLS,l_out_mouth_bls,56,0.006511,0.017581,-0.021089
THAIZ_BODY_PLY,C_facial_local_BLS,l_out_mouth_bls,57,0.001682,0.004156,-0.003728
THAIZ_BODY_PLY,C_facial_local_BLS,l_out_mouth_bls,66,-0.000446,0.00029,0.000273
THAIZ_BODY_PLY,C_facial_local_BLS,l_out_mouth_bls,67,-0.049516,0.031482,0.030636
THAIZ_BODY_PLY,C_facial_local_BLS,l_out_mouth_bls,68,-0.155778,0.09687,0.101592
THAIZ_BODY_PLY,C_facial_local_BLS,l_out_mouth_bls,69,-0.143224,0.062421,0.093068
THAIZ_BODY_PLY,C_facial_local_BLS,l_out_mouth_bls,70,-0.083891,0.003706,0.057862
THAIZ_BODY_PLY,C_facial_local_BLS,l_out_mouth_bls,71,0.0396,-0.009755,0.026006
THAIZ_BODY_PLY,C_facial_local_BLS,l_out_mouth_bls,72,0.053354,0.03368,0.008068
THAIZ_BODY_PLY,C_facial_local_BLS,l_out_mouth_bls,73,0.03909,0.035572,-0.004666
THAIZ_BODY_PLY,C_facial_local_BLS,l_out_mouth_bls,74,0.036869,0.039544,-0.003848
THAIZ_BODY_PLY,C_facial_local_BLS,l_out_mouth_bls,75,-0.006997,0.069671,-0.033223
THAIZ_BODY_PLY,C_facial_local_BLS,l_out_mouth_bls,76,-0.020235,0.066043,-0.005067
THAIZ_BODY_PLY,C_facial_local_BLS,l_out_mouth_bls,77,0.01265,0.025243,-0.006438
THAIZ_BODY_PLY,C_facial_local_BLS,l_out_mouth_bls,78,0.003078,0.004158,-0.00183
THAIZ_BODY_PLY,C_facial_local_BLS,l_out_mouth_bls,87,-0.001548,0.001022,0.000929
THAIZ_BODY_PLY,C_facial_local_BLS,l_out_mouth_bls,88,-0.050384,0.032087,0.029671
THAIZ_BODY_PLY,C_facial_local_BLS,l_out_mouth_bls,89,-0.082503,0.046042,0.050313
THAIZ_BODY_PLY,C_facial_local_BLS,l_out_mouth_bls,90,-0.060195,0.018464,0.039948
THAIZ_BODY_PLY,C_facial_local_BLS,l_out_mouth_bls,91,-0.006076,-0.007467,0.022899
THAIZ_BODY_PLY,C_facial_local_BLS,l_out_mouth_bls,92,0.036089,0.010711,0.021764
THAIZ_BODY_PLY,C_facial_local_BLS,l_out_mouth_bls,93,0.050659,0.037024,0.018729
THAIZ_BODY_PLY,C_facial_local_BLS,l_out_mouth_bls,94,0.052217,0.049974,0.01395
THAIZ_BODY_PLY,C_facial_local_BLS,l_out_mouth_bls,95,0.043876,0.052986,0.010211
THAIZ_BODY_PLY,C_facial_local_BLS,l_out_mouth_bls,96,0.022177,0.033837,0.004032
THAIZ_BODY_PLY,C_facial_local_BLS,l_out_mouth_bls,97,0.008483,0.014532,-0.003422
THAIZ_BODY_PLY,C_facial_local_BLS,l_out_mouth_bls,98,0.002279,0.002553,-0.000989
THAIZ_BODY_PLY,C_facial_local_BLS,l_out_mouth_bls,112,3e-06,0.0,-1e-06
THAIZ_BODY_PLY,C_facial_local_BLS,l_out_mouth_bls,173,-0.000153,0.0001,8.8e-05
THAIZ_BODY_PLY,C_facial_local_BLS,l_out_mouth_bls,174,-0.002489,0.001515,0.001297
THAIZ_BODY_PLY,C_facial_local_BLS,l_out_mouth_bls,175,-0.003689,0.001919,0.001539
THAIZ_BODY_PLY,C_facial_local_BLS,l_out_mouth_bls,176,0.000463,-0.000352,0.000256
THAIZ_BODY_PLY,C_facial_local_BLS,l_out_mouth_bls,177,0.003324,0.004555,0.003173
THAIZ_BODY_PLY,C_facial_local_BLS,l_out_mouth_bls,178,0.007515,0.01504,0.006715
THAIZ_BODY_PLY,C_facial_local_BLS,l_out_mouth_bls,179,0.011031,0.024725,0.006163
THAIZ_BODY_PLY,C_facial_local_BLS,l_out_mouth_bls,180,0.010924,0.025508,0.001526
THAIZ_BODY_PLY,C_facial_local_BLS,l_out_mouth_bls,181,0.007883,0.014483,-0.002054
THAIZ_BODY_PLY,C_facial_local_BLS,l_out_mouth_bls,182,0.005102,0.005963,-0.00207
THAIZ_BODY_PLY,C_facial_local_BLS,l_out_mouth_bls,183,0.000819,0.000915,-0.00033
THAIZ_BODY_PLY,C_facial_local_BLS,l_out_mouth_bls,218,0.000476,0.000519,-0.00019
THAIZ_BODY_PLY,C_facial_local_BLS,l_out_mouth_bls,219,0.002058,0.002314,-0.000788
THAIZ_BODY_PLY,C_facial_local_BLS,l_out_mouth_bls,220,0.00369,0.004531,-0.001304
THAIZ_BODY_PLY,C_facial_local_BLS,l_out_mouth_bls,221,0.004741,0.006079,-0.001675
THAIZ_BODY_PLY,C_facial_local_BLS,l_out_mouth_bls,222,0.004553,0.005483,-0.001726
THAIZ_BODY_PLY,C_facial_local_BLS,l_out_mouth_bls,223,0.002684,0.002983,-0.00106
THAIZ_BODY_PLY,C_facial_local_BLS,l_out_mouth_bls,224,0.000558,0.000618,-0.00022
THAIZ_BODY_PLY,C_facial_local_BLS,l_out_mouth_bls,348,-2.4e-05,1.6e-05,1.7e-05
THAIZ_BODY_PLY,C_facial_local_BLS,l_out_mouth_bls,349,-0.011984,0.007902,0.008117
THAIZ_BODY_PLY,C_facial_local_BLS,l_out_mouth_bls,350,-0.117669,0.079233,0.086632
THAIZ_BODY_PLY,C_facial_local_BLS,l_out_mouth_bls,351,-0.208729,0.136965,0.161295
THAIZ_BODY_PLY,C_facial_local_BLS,l_out_mouth_bls,352,-0.164827,0.081665,0.121222
THAIZ_BODY_PLY,C_facial_local_BLS,l_out_mouth_bls,353,-0.076775,0.033253,0.017011
THAIZ_BODY_PLY,C_facial_local_BLS,l_out_mouth_bls,354,0.014004,0.019219,-0.0171
THAIZ_BODY_PLY,C_facial_local_BLS,l_out_mouth_bls,355,0.019012,0.021787,-0.004811
THAIZ_BODY_PLY,C_facial_local_BLS,l_out_mouth_bls,356,-0.003818,-0.011154,0.104725
THAIZ_BODY_PLY,C_facial_local_BLS,l_out_mouth_bls,357,-0.126323,0.031651,0.343558
THAIZ_BODY_PLY,C_facial_local_BLS,l_out_mouth_bls,358,-0.122644,0.068562,0.219504
THAIZ_BODY_PLY,C_facial_local_BLS,l_out_mouth_bls,359,-0.099907,0.073677,0.116511
THAIZ_BODY_PLY,C_facial_local_BLS,l_out_mouth_bls,360,0.009213,0.019867,-0.019461
THAIZ_BODY_PLY,C_facial_local_BLS,l_out_mouth_bls,361,0.002903,0.005082,-0.003581
THAIZ_BODY_PLY,C_facial_local_BLS,l_out_mouth_bls,391,0.009782,0.043732,0.070995
THAIZ_BODY_PLY,C_facial_local_BLS,l_out_mouth_bls,392,0.003506,0.007584,0.009209
THAIZ_BODY_PLY,C_facial_local_BLS,l_out_mouth_bls,397,0.0,3e-06,2e-06
THAIZ_BODY_PLY,C_facial_local_BLS,l_out_mouth_bls,398,7.6e-05,0.000988,0.000854
THAIZ_BODY_PLY,C_facial_local_BLS,l_out_mouth_bls,400,0.008593,0.051873,0.146194
THAIZ_BODY_PLY,C_facial_local_BLS,l_out_mouth_bls,401,0.01179,0.060454,0.160941
THAIZ_BODY_PLY,C_facial_local_BLS,l_out_mouth_bls,402,0.004502,0.054736,0.042436
THAIZ_BODY_PLY,C_facial_local_BLS,l_out_mouth_bls,403,0.002356,0.025804,0.020595
THAIZ_BODY_PLY,C_facial_local_BLS,l_out_mouth_bls,404,0.001182,0.012419,0.010066
THAIZ_BODY_PLY,C_facial_local_BLS,l_out_mouth_bls,419,0.028297,0.159075,0.115677
THAIZ_BODY_PLY,C_facial_local_BLS,l_out_mouth_bls,420,0.012563,0.17115,0.120358
THAIZ_BODY_PLY,C_facial_local_BLS,l_out_mouth_bls,421,0.084276,0.184018,0.484858
THAIZ_BODY_PLY,C_facial_local_BLS,l_out_mouth_bls,422,0.07158,0.144409,0.310221
THAIZ_BODY_PLY,C_facial_local_BLS,l_out_mouth_bls,423,0.035767,0.046074,0.056677
THAIZ_BODY_PLY,C_facial_local_BLS,l_out_mouth_bls,424,2e-06,6e-06,1.4e-05
THAIZ_BODY_PLY,C_facial_local_BLS,l_out_mouth_bls,425,0.004491,8.4e-05,0.002161
THAIZ_BODY_PLY,C_facial_local_BLS,l_out_mouth_bls,426,0.003133,0.013386,0.010281
THAIZ_BODY_PLY,C_facial_local_BLS,l_out_mouth_bls,431,0.091331,0.18349,0.477752
THAIZ_BODY_PLY,C_facial_local_BLS,l_out_mouth_bls,435,4e-06,9e-06,1.2e-05
THAIZ_BODY_PLY,C_facial_local_BLS,l_out_mouth_bls,443,0.000329,0.000613,0.000783
THAIZ_BODY_PLY,C_facial_local_BLS,l_out_mouth_bls,444,0.014853,0.015002,0.015552
THAIZ_BODY_PLY,C_facial_local_BLS,l_out_mouth_bls,445,-0.000329,0.016948,0.0378
THAIZ_BODY_PLY,C_facial_local_BLS,l_out_mouth_bls,446,0.001374,0.004799,0.006478
THAIZ_BODY_PLY,C_facial_local_BLS,l_out_mouth_bls,447,0.00012,0.00044,0.000627
THAIZ_BODY_PLY,C_facial_local_BLS,l_out_mouth_bls,452,0.0,3e-06,3e-06
THAIZ_BODY_PLY,C_facial_local_BLS,l_out_mouth_bls,453,0.0,1.4e-05,1.4e-05
THAIZ_BODY_PLY,C_facial_local_BLS,l_out_mouth_bls,454,1e-06,4.9e-05,4.8e-05
THAIZ_BODY_PLY,C_facial_local_BLS,l_out_mouth_bls,455,1e-05,0.000776,0.000786
THAIZ_BODY_PLY,C_facial_local_BLS,l_out_mouth_bls,456,-0.000199,0.007265,0.008016
THAIZ_BODY_PLY,C_facial_local_BLS,l_out_mouth_bls,457,-0.000283,0.015519,0.018106
THAIZ_BODY_PLY,C_facial_local_BLS,l_out_mouth_bls,458,0.000816,0.025914,0.033913
THAIZ_BODY_PLY,C_facial_local_BLS,l_out_mouth_bls,459,0.000113,0.020681,0.091273
THAIZ_BODY_PLY,C_facial_local_BLS,l_out_mouth_bls,460,-0.002427,0.018042,0.078669
THAIZ_BODY_PLY,C_facial_local_BLS,l_out_mouth_bls,463,0.00052,0.005645,0.004666
THAIZ_BODY_PLY,C_facial_local_BLS,l_out_mouth_bls,464,-3.7e-05,0.003538,0.00376
THAIZ_BODY_PLY,C_facial_local_BLS,l_out_mouth_bls,467,7e-06,0.000108,9.6e-05
THAIZ_BODY_PLY,C_facial_local_BLS,l_out_mouth_bls,468,4e-06,0.000134,0.000131
THAIZ_BODY_PLY,C_facial_local_BLS,l_out_mouth_bls,469,0.051456,0.056308,0.059408
THAIZ_BODY_PLY,C_facial_local_BLS,l_out_mouth_bls,470,0.024573,0.024235,0.019576
THAIZ_BODY_PLY,C_facial_local_BLS,l_out_mouth_bls,471,0.000147,0.000834,0.000973
THAIZ_BODY_PLY,C_facial_local_BLS,l_out_mouth_bls,472,0.079608,0.106522,0.1663
THAIZ_BODY_PLY,C_facial_local_BLS,l_out_mouth_bls,473,0.100694,0.158719,0.393984
THAIZ_BODY_PLY,C_facial_local_BLS,l_out_mouth_bls,474,0.18157,-0.042415,0.843068
THAIZ_BODY_PLY,C_facial_local_BLS,l_out_mouth_bls,475,0.184822,-0.171739,0.761994
THAIZ_BODY_PLY,C_facial_local_BLS,l_out_mouth_bls,476,0.101137,-0.273063,0.811605
THAIZ_BODY_PLY,C_facial_local_BLS,l_out_mouth_bls,477,0.050788,-0.287801,0.829737
THAIZ_BODY_PLY,C_facial_local_BLS,l_out_mouth_bls,478,0.165458,-0.070477,0.188314
THAIZ_BODY_PLY,C_facial_local_BLS,l_out_mouth_bls,479,0.114491,0.023485,0.03321
THAIZ_BODY_PLY,C_facial_local_BLS,l_out_mouth_bls,480,0.007949,0.141954,-0.067715
THAIZ_BODY_PLY,C_facial_local_BLS,l_out_mouth_bls,481,-0.006895,0.139028,0.08482
THAIZ_BODY_PLY,C_facial_local_BLS,l_out_mouth_bls,482,-0.018781,0.056029,-0.088533
THAIZ_BODY_PLY,C_facial_local_BLS,l_out_mouth_bls,483,-0.017712,0.081823,-0.084706
THAIZ_BODY_PLY,C_facial_local_BLS,l_out_mouth_bls,484,0.006666,-0.01111,0.003127
THAIZ_BODY_PLY,C_facial_local_BLS,l_out_mouth_bls,485,-0.000121,9.7e-05,-6.1e-05
THAIZ_BODY_PLY,C_facial_local_BLS,l_out_mouth_bls,486,0.086613,-0.262979,0.732361
THAIZ_BODY_PLY,C_facial_local_BLS,l_out_mouth_bls,491,0.147154,-0.199202,0.462344
THAIZ_BODY_PLY,C_facial_local_BLS,l_out_mouth_bls,495,0.09882,0.164628,0.717856
THAIZ_BODY_PLY,C_facial_local_BLS,l_out_mouth_bls,496,0.171917,0.162511,0.580234
THAIZ_BODY_PLY,C_facial_local_BLS,l_out_mouth_bls,497,-0.113723,0.102072,0.288302
THAIZ_BODY_PLY,C_facial_local_BLS,l_out_mouth_bls,498,-0.242672,-0.039691,0.437344
THAIZ_BODY_PLY,C_facial_local_BLS,l_out_mouth_bls,499,-0.307198,-0.24923,0.535586
THAIZ_BODY_PLY,C_facial_local_BLS,l_out_mouth_bls,500,-0.169248,-0.412803,0.531948
THAIZ_BODY_PLY,C_facial_local_BLS,l_out_mouth_bls,509,0.003666,-0.021806,4e-05
THAIZ_BODY_PLY,C_facial_local_BLS,l_out_mouth_bls,510,0.050073,-0.418596,0.522461
THAIZ_BODY_PLY,C_facial_local_BLS,l_out_mouth_bls,511,0.092756,-0.312817,0.736746
THAIZ_BODY_PLY,C_facial_local_BLS,l_out_mouth_bls,512,0.12416,0.052206,0.232118
THAIZ_BODY_PLY,C_facial_local_BLS,l_out_mouth_bls,513,0.027931,0.033162,0.00637
THAIZ_BODY_PLY,C_facial_local_BLS,l_out_mouth_bls,514,0.000246,0.004577,0.001812
THAIZ_BODY_PLY,C_facial_local_BLS,l_out_mouth_bls,515,0.049279,0.057618,0.004448
THAIZ_BODY_PLY,C_facial_local_BLS,l_out_mouth_bls,516,0.093541,0.070798,0.068221
THAIZ_BODY_PLY,C_facial_local_BLS,l_out_mouth_bls,525,-1.028864,-0.121896,1.091371
THAIZ_BODY_PLY,C_facial_local_BLS,l_out_mouth_bls,526,-0.937994,0.079655,1.026025
THAIZ_BODY_PLY,C_facial_local_BLS,l_out_mouth_bls,527,-0.81478,-0.306753,0.91854
THAIZ_BODY_PLY,C_facial_local_BLS,l_out_mouth_bls,528,-0.461567,-0.374489,0.661095
THAIZ_BODY_PLY,C_facial_local_BLS,l_out_mouth_bls,529,-0.307843,-0.19521,0.671222
THAIZ_BODY_PLY,C_facial_local_BLS,l_out_mouth_bls,530,0.06681,0.020837,0.12604
THAIZ_BODY_PLY,C_facial_local_BLS,l_out_mouth_bls,531,0.109964,0.075611,0.015301
THAIZ_BODY_PLY,C_facial_local_BLS,l_out_mouth_bls,532,0.078881,0.047891,0.104137
THAIZ_BODY_PLY,C_facial_local_BLS,l_out_mouth_bls,533,0.052752,0.052173,0.128522
THAIZ_BODY_PLY,C_facial_local_BLS,l_out_mouth_bls,534,0.076063,0.088562,-0.009101
THAIZ_BODY_PLY,C_facial_local_BLS,l_out_mouth_bls,535,0.034011,0.0309,0.010589
THAIZ_BODY_PLY,C_facial_local_BLS,l_out_mouth_bls,536,0.105346,0.057736,0.025555
THAIZ_BODY_PLY,C_facial_local_BLS,l_out_mouth_bls,537,0.015503,-0.016643,0.013971
THAIZ_BODY_PLY,C_facial_local_BLS,l_out_mouth_bls,538,0.015729,-0.051068,0.034464
THAIZ_BODY_PLY,C_facial_local_BLS,l_out_mouth_bls,539,0.102094,0.024628,0.050485
THAIZ_BODY_PLY,C_facial_local_BLS,l_out_mouth_bls,540,-0.004238,-0.047945,0.091678
THAIZ_BODY_PLY,C_facial_local_BLS,l_out_mouth_bls,541,0.178215,0.039004,0.109783
THAIZ_BODY_PLY,C_facial_local_BLS,l_out_mouth_bls,542,-0.01775,-0.068301,0.084253
THAIZ_BODY_PLY,C_facial_local_BLS,l_out_mouth_bls,543,0.106537,-0.169338,0.273982
THAIZ_BODY_PLY,C_facial_local_BLS,l_out_mouth_bls,544,-0.441491,-0.311574,0.707677
THAIZ_BODY_PLY,C_facial_local_BLS,l_out_mouth_bls,545,0.048765,-0.035092,0.076242
THAIZ_BODY_PLY,C_facial_local_BLS,l_out_mouth_bls,546,0.059187,0.033009,0.06744
THAIZ_BODY_PLY,C_facial_local_BLS,l_out_mouth_bls,547,0.002054,0.003404,-0.007708
THAIZ_BODY_PLY,C_facial_local_BLS,l_out_mouth_bls,548,0.067977,-0.010084,-0.007003
THAIZ_BODY_PLY,C_facial_local_BLS,l_out_mouth_bls,549,0.048226,0.025409,-0.025425
THAIZ_BODY_PLY,C_facial_local_BLS,l_out_mouth_bls,550,-0.69407,-0.255305,0.756708
THAIZ_BODY_PLY,C_facial_local_BLS,l_out_mouth_bls,551,-0.144647,0.04028,0.310742
THAIZ_BODY_PLY,C_facial_local_BLS,l_out_mouth_bls,552,-0.313233,0.029188,0.529039
THAIZ_BODY_PLY,C_facial_local_BLS,l_out_mouth_bls,553,-0.89021,-0.086467,0.850011
THAIZ_BODY_PLY,C_facial_local_BLS,l_out_mouth_bls,554,-0.335224,0.078244,0.537942
THAIZ_BODY_PLY,C_facial_local_BLS,l_out_mouth_bls,555,-0.774579,0.09945,0.796907
THAIZ_BODY_PLY,C_facial_local_BLS,l_out_mouth_bls,556,-0.022011,-0.041676,0.008841
THAIZ_BODY_PLY,C_facial_local_BLS,l_out_mouth_bls,557,-0.046005,-0.041502,0.022057
THAIZ_BODY_PLY,C_facial_local_BLS,l_out_mouth_bls,558,-0.062535,-0.036622,0.039498
THAIZ_BODY_PLY,C_facial_local_BLS,l_out_mouth_bls,559,-0.057391,-0.023738,0.05334
THAIZ_BODY_PLY,C_facial_local_BLS,l_out_mouth_bls,560,0.012658,0.006054,0.076783
THAIZ_BODY_PLY,C_facial_local_BLS,l_out_mouth_bls,561,-0.040986,-0.013856,0.089683
THAIZ_BODY_PLY,C_facial_local_BLS,l_out_mouth_bls,562,0.081069,-0.033833,0.073701
THAIZ_BODY_PLY,C_facial_local_BLS,l_out_mouth_bls,563,0.052671,0.015125,0.079777
THAIZ_BODY_PLY,C_facial_local_BLS,l_out_mouth_bls,564,0.014662,0.009283,0.003145
THAIZ_BODY_PLY,C_facial_local_BLS,l_out_mouth_bls,565,-0.010282,-0.035284,-0.005215
THAIZ_BODY_PLY,C_facial_local_BLS,l_out_mouth_bls,566,0.002654,0.011042,0.004243
THAIZ_BODY_PLY,C_facial_local_BLS,l_out_mouth_bls,567,0.00131,0.002897,0.002989
THAIZ_BODY_PLY,C_facial_local_BLS,l_out_mouth_bls,568,0.000235,0.000296,0.000545
THAIZ_BODY_PLY,C_facial_local_BLS,l_out_mouth_bls,576,0.006105,-0.005305,0.008189
THAIZ_BODY_PLY,C_facial_local_BLS,l_out_mouth_bls,577,0.007579,0.00887,0.005012
THAIZ_BODY_PLY,C_facial_local_BLS,l_out_mouth_bls,578,7.1e-05,0.000177,0.000168
THAIZ_BODY_PLY,C_facial_local_BLS,l_out_mouth_bls,579,0.000472,-0.000513,0.001036
THAIZ_BODY_PLY,C_facial_local_BLS,l_out_mouth_bls,582,0.008276,-0.01549,0.010023
THAIZ_BODY_PLY,C_facial_local_BLS,l_out_mouth_bls,583,0.020088,-0.022832,0.020227
THAIZ_BODY_PLY,C_facial_local_BLS,l_out_mouth_bls,584,0.00879,-0.016327,-0.010411
THAIZ_BODY_PLY,C_facial_local_BLS,l_out_mouth_bls,585,0.035314,0.003278,0.001154
THAIZ_BODY_PLY,C_facial_local_BLS,l_out_mouth_bls,586,-0.00199,-0.029868,-0.006708
THAIZ_BODY_PLY,C_facial_local_BLS,l_out_mouth_bls,587,0.003186,-0.006192,0.00225
THAIZ_BODY_PLY,C_facial_local_BLS,l_out_mouth_bls,588,0.009242,-0.014188,0.004157
THAIZ_BODY_PLY,C_facial_local_BLS,l_out_mouth_bls,589,0.026081,-0.000255,-0.004857
THAIZ_BODY_PLY,C_facial_local_BLS,l_out_mouth_bls,590,0.039022,0.014484,0.049827
THAIZ_BODY_PLY,C_facial_local_BLS,l_out_mouth_bls,591,0.037642,-0.034739,0.058235
THAIZ_BODY_PLY,C_facial_local_BLS,l_out_mouth_bls,592,0.207311,-0.009084,0.071698
THAIZ_BODY_PLY,C_facial_local_BLS,l_out_mouth_bls,593,0.02215,0.016037,0.036452
THAIZ_BODY_PLY,C_facial_local_BLS,l_out_mouth_bls,594,0.090824,0.012007,0.04789
THAIZ_BODY_PLY,C_facial_local_BLS,l_out_mouth_bls,595,0.000788,-0.001656,0.001291
THAIZ_BODY_PLY,C_facial_local_BLS,l_out_mouth_bls,596,0.003069,-0.00671,0.003647
THAIZ_BODY_PLY,C_facial_local_BLS,l_out_mouth_bls,597,0.017128,-0.006012,-0.010898
THAIZ_BODY_PLY,C_facial_local_BLS,l_out_mouth_bls,598,0.000348,0.000478,-0.001251
THAIZ_BODY_PLY,C_facial_local_BLS,l_out_mouth_bls,601,0.000721,-0.000651,0.002541
THAIZ_BODY_PLY,C_facial_local_BLS,l_out_mouth_bls,602,0.00554,-0.050439,-0.004461
THAIZ_BODY_PLY,C_facial_local_BLS,l_out_mouth_bls,604,-0.3146,0.163572,0.359029
THAIZ_BODY_PLY,C_facial_local_BLS,l_out_mouth_bls,605,-0.016469,0.073992,0.181908
THAIZ_BODY_PLY,C_facial_local_BLS,l_out_mouth_bls,606,-0.375789,0.160308,0.436252
THAIZ_BODY_PLY,C_facial_local_BLS,l_out_mouth_bls,607,-0.022178,0.149714,0.053776
THAIZ_BODY_PLY,C_facial_local_BLS,l_out_mouth_bls,608,0.022796,0.151721,0.020534
THAIZ_BODY_PLY,C_facial_local_BLS,l_out_mouth_bls,609,0.059485,0.096184,0.050886
THAIZ_BODY_PLY,C_facial_local_BLS,l_out_mouth_bls,610,0.036913,0.017131,-0.045919
THAIZ_BODY_PLY,C_facial_local_BLS,l_out_mouth_bls,611,0.08643,0.06146,-0.075513
THAIZ_BODY_PLY,C_facial_local_BLS,l_out_mouth_bls,612,0.096539,0.053238,-0.059335
THAIZ_BODY_PLY,C_facial_local_BLS,l_out_mouth_bls,613,0.02591,0.007996,-0.01673
THAIZ_BODY_PLY,C_facial_local_BLS,l_out_mouth_bls,614,0.000929,-0.003767,0.002866
THAIZ_BODY_PLY,C_facial_local_BLS,l_out_mouth_bls,615,0.026975,-0.033947,0.040245
THAIZ_BODY_PLY,C_facial_local_BLS,l_out_mouth_bls,617,0.051582,0.058118,-0.009324
THAIZ_BODY_PLY,C_facial_local_BLS,l_out_mouth_bls,620,6.8e-05,-0.000112,-0.000128
THAIZ_BODY_PLY,C_facial_local_BLS,l_out_mouth_bls,621,0.016591,0.008174,-0.009288
THAIZ_BODY_PLY,C_facial_local_BLS,l_out_mouth_bls,628,0.003407,0.02773,0.049607
THAIZ_BODY_PLY,C_facial_local_BLS,l_out_mouth_bls,629,0.002324,0.006503,0.008101
THAIZ_BODY_PLY,C_facial_local_BLS,l_out_mouth_bls,630,6.7e-05,0.000201,0.000264
THAIZ_BODY_PLY,C_facial_local_BLS,l_out_mouth_bls,636,0.0,4e-06,3e-06
THAIZ_BODY_PLY,C_facial_local_BLS,l_out_mouth_bls,637,2e-06,4.2e-05,4e-05
THAIZ_BODY_PLY,C_facial_local_BLS,l_out_mouth_bls,638,7e-06,0.000164,0.000153
THAIZ_BODY_PLY,C_facial_local_BLS,l_out_mouth_bls,639,4.4e-05,0.001022,0.000954
THAIZ_BODY_PLY,C_facial_local_BLS,l_out_mouth_bls,640,0.000174,0.0048,0.004481
THAIZ_BODY_PLY,C_facial_local_BLS,l_out_mouth_bls,641,0.000272,0.010006,0.009403
THAIZ_BODY_PLY,C_facial_local_BLS,l_out_mouth_bls,642,0.000356,0.020766,0.01979
THAIZ_BODY_PLY,C_facial_local_BLS,l_out_mouth_bls,643,0.001409,0.039378,0.039267
THAIZ_BODY_PLY,C_facial_local_BLS,l_out_mouth_bls,644,0.004169,0.036366,0.120838
THAIZ_BODY_PLY,C_facial_local_BLS,l_out_mouth_bls,645,0.000998,0.03084,0.10527
THAIZ_BODY_PLY,C_facial_local_BLS,l_out_mouth_bls,646,-0.005879,-0.055037,0.021882
THAIZ_BODY_PLY,C_facial_local_BLS,l_out_mouth_bls,647,-0.017705,-0.065109,0.033637
THAIZ_BODY_PLY,C_facial_local_BLS,l_out_mouth_bls,648,-0.0185,-0.058015,0.041056
THAIZ_BODY_PLY,C_facial_local_BLS,l_out_mouth_bls,649,-0.025941,-0.048455,0.047411
THAIZ_BODY_PLY,C_facial_local_BLS,l_out_mouth_bls,650,-0.038497,-0.036921,0.103359
THAIZ_BODY_PLY,C_facial_local_BLS,l_out_mouth_bls,651,0.013958,-0.021143,0.087177
THAIZ_BODY_PLY,C_facial_local_BLS,l_out_mouth_bls,652,0.040622,-0.013144,0.059298
THAIZ_BODY_PLY,C_facial_local_BLS,l_out_mouth_bls,653,0.034193,-0.009866,0.006893
THAIZ_BODY_PLY,C_facial_local_BLS,l_out_mouth_bls,654,0.022888,-0.009846,-0.001452
THAIZ_BODY_PLY,C_facial_local_BLS,l_out_mouth_bls,655,0.012854,-0.01124,-0.002428
THAIZ_BODY_PLY,C_facial_local_BLS,l_out_mouth_bls,656,0.00777,-0.011212,0.004213
THAIZ_BODY_PLY,C_facial_local_BLS,l_out_mouth_bls,657,0.008832,-0.02348,0.009873
THAIZ_BODY_PLY,C_facial_local_BLS,l_out_mouth_bls,658,0.008078,-0.03767,0.015175
THAIZ_BODY_PLY,C_facial_local_BLS,l_out_mouth_bls,661,-5.6e-05,3e-05,-0.000156
THAIZ_BODY_PLY,C_facial_local_BLS,l_out_mouth_bls,662,0.026498,0.011415,-0.000883
THAIZ_BODY_PLY,C_facial_local_BLS,l_out_mouth_bls,663,0.103864,0.063652,0.025234
THAIZ_BODY_PLY,C_facial_local_BLS,l_out_mouth_bls,664,0.063434,0.108334,0.169407
THAIZ_BODY_PLY,C_facial_local_BLS,l_out_mouth_bls,665,-0.100997,0.100889,0.358122
THAIZ_BODY_PLY,C_facial_local_BLS,l_out_mouth_bls,666,-0.440512,0.075986,0.677288
THAIZ_BODY_PLY,C_facial_local_BLS,l_out_mouth_bls,667,-0.379666,-0.01236,0.582895
THAIZ_BODY_PLY,C_facial_local_BLS,l_out_mouth_bls,668,-0.269006,0.011956,0.426873
THAIZ_BODY_PLY,C_facial_local_BLS,l_out_mouth_bls,669,0.083276,0.037883,0.026174
THAIZ_BODY_PLY,C_facial_local_BLS,l_out_mouth_bls,670,0.08486,0.036457,0.065217
THAIZ_BODY_PLY,C_facial_local_BLS,l_out_mouth_bls,671,-0.012691,0.045397,0.042585
THAIZ_BODY_PLY,C_facial_local_BLS,l_out_mouth_bls,672,-0.007695,0.010896,0.001683
THAIZ_BODY_PLY,C_facial_local_BLS,l_out_mouth_bls,673,0.002692,-0.000588,0.000495
THAIZ_BODY_PLY,C_facial_local_BLS,l_out_mouth_bls,674,0.000448,-0.000177,0.000627
THAIZ_BODY_PLY,C_facial_local_BLS,l_out_mouth_bls,675,1e-06,-0.0,2e-06
THAIZ_BODY_PLY,C_facial_local_BLS,l_out_mouth_bls,676,0.005062,0.012695,0.013907
THAIZ_BODY_PLY,C_facial_local_BLS,l_out_mouth_bls,677,0.058115,0.015551,0.022965
THAIZ_BODY_PLY,C_facial_local_BLS,l_out_mouth_bls,678,0.126856,0.01647,0.056887
THAIZ_BODY_PLY,C_facial_local_BLS,l_out_mouth_bls,679,0.01142,0.058706,0.077555
THAIZ_BODY_PLY,C_facial_local_BLS,l_out_mouth_bls,680,-0.01789,0.055533,0.117953
THAIZ_BODY_PLY,C_facial_local_BLS,l_out_mouth_bls,681,0.023984,-0.020903,0.213205
THAIZ_BODY_PLY,C_facial_local_BLS,l_out_mouth_bls,682,-0.229461,-0.083176,0.37626
THAIZ_BODY_PLY,C_facial_local_BLS,l_out_mouth_bls,683,-0.408137,-0.06055,0.36163
THAIZ_BODY_PLY,C_facial_local_BLS,l_out_mouth_bls,684,-0.441086,-0.035427,0.289471
THAIZ_BODY_PLY,C_facial_local_BLS,l_out_mouth_bls,685,-0.467173,0.145485,0.442447
THAIZ_BODY_PLY,C_facial_local_BLS,l_out_mouth_bls,686,-0.230367,0.178693,0.292417
THAIZ_BODY_PLY,C_facial_local_BLS,l_out_mouth_bls,687,0.044581,0.157432,0.011161
THAIZ_BODY_PLY,C_facial_local_BLS,l_out_mouth_bls,688,0.081522,0.053106,-0.039236
THAIZ_BODY_PLY,C_facial_local_BLS,l_out_mouth_bls,689,0.026417,0.008869,-0.015283
THAIZ_BODY_PLY,C_facial_local_BLS,l_out_mouth_bls,690,0.004677,-0.007992,-0.023461
THAIZ_BODY_PLY,C_facial_local_BLS,l_out_mouth_bls,691,0.032548,-0.047089,0.023478
THAIZ_BODY_PLY,C_facial_local_BLS,l_out_mouth_bls,692,0.000417,-0.002143,0.000899
THAIZ_BODY_PLY,C_facial_local_BLS,l_out_mouth_bls,693,0.000675,-0.001612,0.000155
THAIZ_BODY_PLY,C_facial_local_BLS,l_out_mouth_bls,698,0.004552,0.003982,0.008973
THAIZ_BODY_PLY,C_facial_local_BLS,l_out_mouth_bls,699,-0.007532,0.052275,-0.017985
THAIZ_BODY_PLY,C_facial_local_BLS,l_out_mouth_bls,703,2.6e-05,0.000375,0.00033
THAIZ_BODY_PLY,C_facial_local_BLS,l_out_mouth_bls,704,1.9e-05,0.000435,0.000406
THAIZ_BODY_PLY,C_facial_local_BLS,l_out_mouth_bls,705,7e-06,0.000323,0.00032
THAIZ_BODY_PLY,C_facial_local_BLS,l_out_mouth_bls,706,5e-06,0.001721,0.001781
THAIZ_BODY_PLY,C_facial_local_BLS,l_out_mouth_bls,707,9.3e-05,0.002269,0.002117
THAIZ_BODY_PLY,C_facial_local_BLS,l_out_mouth_bls,708,0.000206,0.002417,0.002043
THAIZ_BODY_PLY,C_facial_local_BLS,l_out_mouth_bls,724,0.063725,-0.044587,0.783646
THAIZ_BODY_PLY,C_facial_local_BLS,l_out_mouth_bls,725,-0.215573,0.041247,0.672661
THAIZ_BODY_PLY,C_facial_local_BLS,l_out_mouth_bls,726,0.034899,0.070048,0.140698
THAIZ_BODY_PLY,C_facial_local_BLS,l_out_mouth_bls,727,0.049603,0.05932,0.082449
THAIZ_BODY_PLY,C_facial_local_BLS,l_out_mouth_bls,728,0.118946,0.003541,0.0709
THAIZ_BODY_PLY,C_facial_local_BLS,l_out_mouth_bls,729,0.147345,-0.006295,0.096617
THAIZ_BODY_PLY,C_facial_local_BLS,l_out_mouth_bls,730,0.034291,-0.008461,0.056857
THAIZ_BODY_PLY,C_facial_local_BLS,l_out_mouth_bls,731,0.010466,-0.007571,0.034771
THAIZ_BODY_PLY,C_facial_local_BLS,l_out_mouth_bls,732,0.155789,0.101833,0.53233
THAIZ_BODY_PLY,C_facial_local_BLS,l_out_mouth_bls,733,-0.135863,0.050444,0.418782
THAIZ_BODY_PLY,C_facial_local_BLS,l_out_mouth_bls,734,0.082513,0.059001,0.083874
THAIZ_BODY_PLY,C_facial_local_BLS,l_out_mouth_bls,735,0.103524,-0.001695,0.054646
THAIZ_BODY_PLY,C_facial_local_BLS,l_out_mouth_bls,736,0.09776,-0.027413,0.065037
THAIZ_BODY_PLY,C_facial_local_BLS,l_out_mouth_bls,737,0.061136,-0.023708,0.07055
THAIZ_BODY_PLY,C_facial_local_BLS,l_out_mouth_bls,738,0.01801,-0.020016,0.033138
THAIZ_BODY_PLY,C_facial_local_BLS,l_out_mouth_bls,739,0.009072,-0.015816,0.017866
THAIZ_BODY_PLY,C_facial_local_BLS,l_out_mouth_bls,740,0.058135,0.092568,0.140197
THAIZ_BODY_PLY,C_facial_local_BLS,l_out_mouth_bls,741,0.010598,0.026896,0.032099
THAIZ_BODY_PLY,C_facial_local_BLS,l_out_mouth_bls,742,0.0051,0.016331,0.020305
THAIZ_BODY_PLY,C_facial_local_BLS,l_out_mouth_bls,743,0.002193,0.010259,0.014683
THAIZ_BODY_PLY,C_facial_local_BLS,l_out_mouth_bls,744,-0.000251,6.3e-05,5.5e-05
THAIZ_BODY_PLY,C_facial_local_BLS,l_out_mouth_bls,746,0.005994,-0.015954,-0.001133
THAIZ_BODY_PLY,C_facial_local_BLS,l_out_mouth_bls,747,0.020367,-0.047756,-0.000662
THAIZ_BODY_PLY,C_facial_local_BLS,l_out_mouth_bls,748,0.056646,-0.11161,0.004376
THAIZ_BODY_PLY,C_facial_local_BLS,l_out_mouth_bls,749,0.038078,-0.026048,-0.016777
THAIZ_BODY_PLY,C_facial_local_BLS,l_out_mouth_bls,750,0.019123,-0.030052,-0.001437
THAIZ_BODY_PLY,C_facial_local_BLS,l_out_mouth_bls,751,0.009026,-0.026007,-0.00279
THAIZ_BODY_PLY,C_facial_local_BLS,l_out_mouth_bls,752,0.293011,-0.365947,0.028829
THAIZ_BODY_PLY,C_facial_local_BLS,l_out_mouth_bls,753,0.021915,-0.06999,-0.041584
THAIZ_BODY_PLY,C_facial_local_BLS,l_out_mouth_bls,754,0.158234,-0.184162,-0.032451
THAIZ_BODY_PLY,C_facial_local_BLS,l_out_mouth_bls,755,0.318469,0.074098,0.354249
THAIZ_BODY_PLY,C_facial_local_BLS,l_out_mouth_bls,756,0.490632,-0.032581,0.398453
THAIZ_BODY_PLY,C_facial_local_BLS,l_out_mouth_bls,757,0.603701,-0.154185,0.386979
THAIZ_BODY_PLY,C_facial_local_BLS,l_out_mouth_bls,758,0.625942,-0.261959,0.394158
THAIZ_BODY_PLY,C_facial_local_BLS,l_out_mouth_bls,759,0.622963,-0.363347,0.336945
THAIZ_BODY_PLY,C_facial_local_BLS,l_out_mouth_bls,760,0.425678,-0.438743,0.130001
THAIZ_BODY_PLY,C_facial_local_BLS,l_out_mouth_bls,761,0.581949,-0.44391,0.231746
THAIZ_BODY_PLY,C_facial_local_BLS,l_out_mouth_bls,762,0.190744,0.001195,0.081474
THAIZ_BODY_PLY,C_facial_local_BLS,l_out_mouth_bls,763,0.287399,-0.040987,0.111683
THAIZ_BODY_PLY,C_facial_local_BLS,l_out_mouth_bls,764,0.357022,-0.096738,0.134294
THAIZ_BODY_PLY,C_facial_local_BLS,l_out_mouth_bls,765,0.379303,-0.158474,0.140229
THAIZ_BODY_PLY,C_facial_local_BLS,l_out_mouth_bls,766,0.365447,-0.213777,0.121565
THAIZ_BODY_PLY,C_facial_local_BLS,l_out_mouth_bls,767,0.250985,-0.235981,0.009219
THAIZ_BODY_PLY,C_facial_local_BLS,l_out_mouth_bls,768,0.322084,-0.254214,0.08165
THAIZ_BODY_PLY,C_facial_local_BLS,l_out_mouth_bls,769,0.038405,-0.005555,0.020056
THAIZ_BODY_PLY,C_facial_local_BLS,l_out_mouth_bls,770,0.087527,-0.026997,0.043727
THAIZ_BODY_PLY,C_facial_local_BLS,l_out_mouth_bls,771,0.130112,-0.058389,0.06359
THAIZ_BODY_PLY,C_facial_local_BLS,l_out_mouth_bls,772,0.15121,-0.092888,0.068429
THAIZ_BODY_PLY,C_facial_local_BLS,l_out_mouth_bls,773,0.147384,-0.123954,0.05173
THAIZ_BODY_PLY,C_facial_local_BLS,l_out_mouth_bls,774,0.070974,-0.108095,-0.013913
THAIZ_BODY_PLY,C_facial_local_BLS,l_out_mouth_bls,775,0.115805,-0.138362,0.024011
THAIZ_BODY_PLY,C_facial_local_BLS,l_out_mouth_bls,776,0.001315,-0.011952,-0.002016
THAIZ_BODY_PLY,C_facial_local_BLS,l_out_mouth_bls,777,0.000106,0.003149,0.012919
THAIZ_BODY_PLY,C_facial_local_BLS,l_out_mouth_bls,778,-0.037073,0.070675,0.000956
THAIZ_BODY_PLY,C_facial_local_BLS,l_out_mouth_bls,779,-0.043683,-0.025068,-0.013677
THAIZ_BODY_PLY,C_facial_local_BLS,l_out_mouth_bls,780,0.038312,-0.05409,0.017927
THAIZ_BODY_PLY,C_facial_local_BLS,l_out_mouth_bls,781,-0.00941,-0.050468,-0.008735
THAIZ_BODY_PLY,C_facial_local_BLS,l_out_mouth_bls,782,0.019468,-0.075953,-0.003341
THAIZ_BODY_PLY,C_facial_local_BLS,l_out_mouth_bls,783,0.034974,-0.067965,0.00453
THAIZ_BODY_PLY,C_facial_local_BLS,l_out_mouth_bls,784,0.023647,-0.037445,0.018988
THAIZ_BODY_PLY,C_facial_local_BLS,l_out_mouth_bls,785,0.002124,-0.019202,0.008304
THAIZ_BODY_PLY,C_facial_local_BLS,l_out_mouth_bls,786,-0.007932,-0.005654,-0.003774
THAIZ_BODY_PLY,C_facial_local_BLS,l_out_mouth_bls,790,-0.031891,0.036072,-0.020357
THAIZ_BODY_PLY,C_facial_local_BLS,l_out_mouth_bls,791,0.140174,-0.013227,-0.09098
THAIZ_BODY_PLY,C_facial_local_BLS,l_out_mouth_bls,792,0.154667,-0.238659,0.007675
THAIZ_BODY_PLY,C_facial_local_BLS,l_out_mouth_bls,793,0.086567,-0.100253,-0.040575
THAIZ_BODY_PLY,C_facial_local_BLS,l_out_mouth_bls,794,-0.012416,-0.006603,-0.048887
THAIZ_BODY_PLY,C_facial_local_BLS,l_out_mouth_bls,795,-0.066409,0.016002,-0.020966
THAIZ_BODY_PLY,C_facial_local_BLS,l_out_mouth_bls,799,-0.076369,0.076564,-0.067021
THAIZ_BODY_PLY,C_facial_local_BLS,l_out_mouth_bls,800,0.020614,0.133068,0.00881
THAIZ_BODY_PLY,C_facial_local_BLS,l_out_mouth_bls,801,0.033075,0.091177,0.13373
THAIZ_BODY_PLY,C_facial_local_BLS,l_out_mouth_bls,802,-0.036077,-0.001952,0.3727
THAIZ_BODY_PLY,C_facial_local_BLS,l_out_mouth_bls,803,-0.119866,-0.135432,0.58333
THAIZ_BODY_PLY,C_facial_local_BLS,l_out_mouth_bls,804,-0.172275,-0.264704,0.680443
THAIZ_BODY_PLY,C_facial_local_BLS,l_out_mouth_bls,805,-0.082105,-0.329092,0.690691
THAIZ_BODY_PLY,C_facial_local_BLS,l_out_mouth_bls,806,0.06264,-0.284255,0.697556
THAIZ_BODY_PLY,C_facial_local_BLS,l_out_mouth_bls,807,0.09907,-0.189664,0.912593
THAIZ_BODY_PLY,C_facial_local_BLS,l_out_mouth_bls,808,-0.00668,0.011198,0.841412
THAIZ_BODY_PLY,C_facial_local_BLS,l_out_mouth_bls,809,0.1583,0.142195,0.592802
THAIZ_BODY_PLY,C_facial_local_BLS,l_out_mouth_bls,810,0.128397,0.135512,0.385394
THAIZ_BODY_PLY,C_facial_local_BLS,l_out_mouth_bls,811,0.08786,0.090812,0.130908
THAIZ_BODY_PLY,C_facial_local_BLS,l_out_mouth_bls,812,0.064392,0.060585,0.03476
THAIZ_BODY_PLY,C_facial_local_BLS,l_out_mouth_bls,813,0.029714,0.030422,0.015136
THAIZ_BODY_PLY,C_facial_local_BLS,l_out_mouth_bls,814,0.002495,0.008006,0.005023
THAIZ_BODY_PLY,C_facial_local_BLS,l_out_mouth_bls,815,0.00031,0.00325,0.002215
THAIZ_BODY_PLY,C_facial_local_BLS,l_out_mouth_bls,816,0.133822,-0.022827,0.030396
THAIZ_BODY_PLY,C_facial_local_BLS,l_out_mouth_bls,817,0.072191,-0.006215,0.096816
THAIZ_BODY_PLY,C_facial_local_BLS,l_out_mouth_bls,818,0.045428,-0.016472,0.059249
THAIZ_BODY_PLY,C_facial_local_BLS,l_out_mouth_bls,819,0.043908,-0.002711,0.025441
THAIZ_BODY_PLY,C_facial_local_BLS,l_out_mouth_bls,820,0.017542,0.000377,0.013094
THAIZ_BODY_PLY,C_facial_local_BLS,l_out_mouth_bls,821,0.00333,0.000346,0.004014
THAIZ_BODY_PLY,C_facial_local_BLS,l_out_mouth_bls,826,0.003784,0.001297,0.004339
THAIZ_BODY_PLY,C_facial_local_BLS,l_out_mouth_bls,827,0.023115,0.004649,0.016951
THAIZ_BODY_PLY,C_facial_local_BLS,l_out_mouth_bls,828,0.071053,0.002373,0.044979
THAIZ_BODY_PLY,C_facial_local_BLS,l_out_mouth_bls,829,0.072109,-0.032652,0.073488
THAIZ_BODY_PLY,C_facial_local_BLS,l_out_mouth_bls,830,0.05019,-0.009915,0.127225
THAIZ_BODY_PLY,C_facial_local_BLS,l_out_mouth_bls,831,0.048432,-0.062128,0.096902
THAIZ_BODY_PLY,C_facial_local_BLS,l_out_mouth_bls,834,0.001876,0.002317,0.003057
THAIZ_BODY_PLY,C_facial_local_BLS,l_out_mouth_bls,835,0.010284,0.018029,0.021919
THAIZ_BODY_PLY,C_facial_local_BLS,l_out_mouth_bls,836,0.020833,0.044526,0.055963
THAIZ_BODY_PLY,C_facial_local_BLS,l_out_mouth_bls,837,0.021437,0.069019,0.116445
THAIZ_BODY_PLY,C_facial_local_BLS,l_out_mouth_bls,838,0.024455,0.084169,0.21401
THAIZ_BODY_PLY,C_facial_local_BLS,l_out_mouth_bls,839,0.025692,0.095902,0.224029
THAIZ_BODY_PLY,C_facial_local_BLS,l_out_mouth_bls,840,0.013088,0.072929,0.049286
THAIZ_BODY_PLY,C_facial_local_BLS,l_out_mouth_bls,841,0.005617,0.031758,0.022432
THAIZ_BODY_PLY,C_facial_local_BLS,l_out_mouth_bls,842,0.002234,0.013604,0.009922
THAIZ_BODY_PLY,C_facial_local_BLS,l_out_mouth_bls,843,0.000733,0.005034,0.003803
THAIZ_BODY_PLY,C_facial_local_BLS,l_out_mouth_bls,844,0.000216,0.001706,0.001336
THAIZ_BODY_PLY,C_facial_local_BLS,l_out_mouth_bls,845,5.8e-05,0.000531,0.000431
THAIZ_BODY_PLY,C_facial_local_BLS,l_out_mouth_bls,846,1.2e-05,0.00013,0.000109
THAIZ_BODY_PLY,C_facial_local_BLS,l_out_mouth_bls,847,0.0,3e-06,3e-06
THAIZ_BODY_PLY,C_facial_local_BLS,l_out_mouth_bls,857,0.00192,-0.006658,-0.002766
THAIZ_BODY_PLY,C_facial_local_BLS,l_out_mouth_bls,858,0.003481,-0.012531,-0.003687
THAIZ_BODY_PLY,C_facial_local_BLS,l_out_mouth_bls,859,0.044153,0.006751,0.02115
THAIZ_BODY_PLY,C_facial_local_BLS,l_out_mouth_bls,860,0.042442,-0.010977,0.029926
THAIZ_BODY_PLY,C_facial_local_BLS,l_out_mouth_bls,861,0.031232,-0.033578,0.033197
THAIZ_BODY_PLY,C_facial_local_BLS,l_out_mouth_bls,862,0.033248,-0.01961,0.051381
THAIZ_BODY_PLY,C_facial_local_BLS,l_out_mouth_bls,863,0.100318,-0.005856,0.075048
THAIZ_BODY_PLY,C_facial_local_BLS,l_out_mouth_bls,864,0.184013,0.00278,0.060763
THAIZ_BODY_PLY,C_facial_local_BLS,l_out_mouth_bls,865,0.130029,0.017036,0.024122
THAIZ_BODY_PLY,C_facial_local_BLS,l_out_mouth_bls,866,0.001703,-0.000549,0.001556
THAIZ_BODY_PLY,C_facial_local_BLS,l_out_mouth_bls,868,0.003569,-0.010592,-0.002111
THAIZ_BODY_PLY,C_facial_local_BLS,l_out_mouth_bls,869,0.001361,-0.004,-0.000473
THAIZ_BODY_PLY,C_facial_local_BLS,l_out_mouth_bls,882,0.000546,0.001915,0.002645
THAIZ_BODY_PLY,C_facial_local_BLS,l_out_mouth_bls,883,0.000669,0.001929,0.002479
THAIZ_BODY_PLY,C_facial_local_BLS,l_out_mouth_bls,884,0.000589,0.001322,0.00165
THAIZ_BODY_PLY,C_facial_local_BLS,l_out_mouth_bls,885,4e-06,9e-06,1.1e-05
THAIZ_BODY_PLY,C_facial_local_BLS,l_out_mouth_bls,888,-0.003011,0.003981,0.016707
THAIZ_BODY_PLY,C_facial_local_BLS,l_out_mouth_bls,889,-0.000625,0.00284,0.00709
THAIZ_BODY_PLY,C_facial_local_BLS,l_out_mouth_bls,890,8.4e-05,0.001639,0.003189
THAIZ_BODY_PLY,C_facial_local_BLS,l_out_mouth_bls,891,4e-05,0.000701,0.001372
THAIZ_BODY_PLY,C_facial_local_BLS,l_out_mouth_bls,892,7e-06,0.000172,0.000355
THAIZ_BODY_PLY,C_facial_local_BLS,l_out_mouth_bls,893,-1e-06,3e-06,1.2e-05
THAIZ_BODY_PLY,C_facial_local_BLS,l_out_mouth_bls,897,0.0,1e-06,1e-06
THAIZ_BODY_PLY,C_facial_local_BLS,l_out_mouth_bls,898,0.0,2e-06,2e-06
THAIZ_BODY_PLY,C_facial_local_BLS,l_out_mouth_bls,899,0.0,3e-06,3e-06
THAIZ_BODY_PLY,C_facial_local_BLS,l_out_mouth_bls,900,0.0,2e-06,2e-06
THAIZ_BODY_PLY,C_facial_local_BLS,l_out_mouth_bls,902,-0.0,3e-06,4e-06
THAIZ_BODY_PLY,C_facial_local_BLS,l_out_mouth_bls,903,-1e-06,7.5e-05,0.000104
THAIZ_BODY_PLY,C_facial_local_BLS,l_out_mouth_bls,904,4e-06,0.000248,0.000369
THAIZ_BODY_PLY,C_facial_local_BLS,l_out_mouth_bls,905,5.8e-05,0.001863,0.003216
THAIZ_BODY_PLY,C_facial_local_BLS,l_out_mouth_bls,906,0.000162,0.004145,0.008745
THAIZ_BODY_PLY,C_facial_local_BLS,l_out_mouth_bls,907,-1.6e-05,0.00624,0.015048
THAIZ_BODY_PLY,C_facial_local_BLS,l_out_mouth_bls,908,-0.003222,0.002976,0.037301
THAIZ_BODY_PLY,C_facial_local_BLS,l_out_mouth_bls,909,-0.004522,0.00298,0.032956
THAIZ_BODY_PLY,C_facial_local_BLS,l_out_mouth_bls,912,0.005483,0.003402,0.005266
THAIZ_BODY_PLY,C_facial_local_BLS,l_out_mouth_bls,913,0.030752,0.014761,0.017236
THAIZ_BODY_PLY,C_facial_local_BLS,l_out_mouth_bls,914,0.095514,0.033655,0.038896
THAIZ_BODY_PLY,C_facial_local_BLS,l_out_mouth_bls,915,0.098439,0.000645,0.061837
THAIZ_BODY_PLY,C_facial_local_BLS,l_out_mouth_bls,916,0.0394,0.013359,0.122564
THAIZ_BODY_PLY,C_facial_local_BLS,l_out_mouth_bls,917,0.023201,-0.037151,0.128907
THAIZ_BODY_PLY,C_facial_local_BLS,l_out_mouth_bls,918,0.212475,0.033645,-0.013275
THAIZ_BODY_PLY,C_facial_local_BLS,l_out_mouth_bls,919,0.042317,-0.028125,0.101924
THAIZ_BODY_PLY,C_facial_local_BLS,l_out_mouth_bls,920,0.026313,-0.04595,0.078799
THAIZ_BODY_PLY,C_facial_local_BLS,l_out_mouth_bls,921,0.03599,-0.02609,0.035011
THAIZ_BODY_PLY,C_facial_local_BLS,l_out_mouth_bls,922,0.016544,-0.006883,0.013939
THAIZ_BODY_PLY,C_facial_local_BLS,l_out_mouth_bls,923,0.004766,-0.001209,0.006209
THAIZ_BODY_PLY,C_facial_local_BLS,l_out_mouth_bls,924,0.0001,-3.2e-05,0.000234
THAIZ_BODY_PLY,C_facial_local_BLS,l_out_mouth_bls,926,-0.052401,-0.036284,-0.016435
THAIZ_BODY_PLY,C_facial_local_BLS,l_out_mouth_bls,927,-0.073596,-0.033335,-0.007469
THAIZ_BODY_PLY,C_facial_local_BLS,l_out_mouth_bls,928,-0.090131,-0.023963,0.008719
THAIZ_BODY_PLY,C_facial_local_BLS,l_out_mouth_bls,929,-0.079728,0.002982,0.048214
THAIZ_BODY_PLY,C_facial_local_BLS,l_out_mouth_bls,930,-0.0429,0.012917,0.080217
THAIZ_BODY_PLY,C_facial_local_BLS,l_out_mouth_bls,931,0.011792,0.021446,0.07106
THAIZ_BODY_PLY,C_facial_local_BLS,l_out_mouth_bls,932,-0.031854,-0.033408,-0.022748
THAIZ_BODY_PLY,C_facial_local_BLS,l_out_mouth_bls,933,0.029325,0.003663,-0.004611
THAIZ_BODY_PLY,C_facial_local_BLS,l_out_mouth_bls,934,0.022203,0.000104,-0.008275
THAIZ_BODY_PLY,C_facial_local_BLS,l_out_mouth_bls,935,0.000609,-0.016936,-0.020864
THAIZ_BODY_PLY,C_facial_local_BLS,l_out_mouth_bls,936,-0.018127,-0.028969,-0.023145
THAIZ_BODY_PLY,C_facial_local_BLS,l_out_mouth_bls,937,0.014381,-0.00487,-0.01514
THAIZ_BODY_PLY,C_facial_local_BLS,l_out_mouth_bls,938,0.036957,0.020441,0.04241
THAIZ_BODY_PLY,C_facial_local_BLS,l_out_mouth_bls,939,0.040409,0.012063,0.011869
THAIZ_BODY_PLY,C_facial_local_BLS,l_out_mouth_bls,940,0.003461,0.0069,0.006721
THAIZ_BODY_PLY,C_facial_local_BLS,l_out_mouth_bls,941,0.010874,0.015637,0.006285
THAIZ_BODY_PLY,C_facial_local_BLS,l_out_mouth_bls,942,0.046279,0.029755,-0.024449
THAIZ_BODY_PLY,C_facial_local_BLS,l_out_mouth_bls,943,0.024239,0.035615,0.013667
THAIZ_BODY_PLY,C_facial_local_BLS,l_out_mouth_bls,944,-0.052708,0.093613,0.06455
THAIZ_BODY_PLY,C_facial_local_BLS,l_out_mouth_bls,945,-0.038106,0.11801,0.119016
THAIZ_BODY_PLY,C_facial_local_BLS,l_out_mouth_bls,946,0.06194,0.071565,0.198559
THAIZ_BODY_PLY,C_facial_local_BLS,l_out_mouth_bls,947,-0.053113,0.071244,0.294045
THAIZ_BODY_PLY,C_facial_local_BLS,l_out_mouth_bls,948,-0.3027,0.02654,0.462128
THAIZ_BODY_PLY,C_facial_local_BLS,l_out_mouth_bls,949,-0.348232,0.029022,0.366509
THAIZ_BODY_PLY,C_facial_local_BLS,l_out_mouth_bls,950,-0.42195,0.109527,0.50431
THAIZ_BODY_PLY,C_facial_local_BLS,l_out_mouth_bls,951,-0.147183,0.130036,0.3155
THAIZ_BODY_PLY,C_facial_local_BLS,l_out_mouth_bls,952,0.060841,0.115744,0.045031
THAIZ_BODY_PLY,C_facial_local_BLS,l_out_mouth_bls,953,0.09249,0.047933,-0.059304
THAIZ_BODY_PLY,C_facial_local_BLS,l_out_mouth_bls,954,0.045144,-0.009606,-0.07416
THAIZ_BODY_PLY,C_facial_local_BLS,l_out_mouth_bls,955,-0.062006,-0.039247,-0.139866
THAIZ_BODY_PLY,C_facial_local_BLS,l_out_mouth_bls,956,0.000252,-0.000427,0.00032
THAIZ_BODY_PLY,C_facial_local_BLS,l_out_mouth_bls,958,0.001429,-0.00141,-0.00338
THAIZ_BODY_PLY,C_facial_local_BLS,l_out_mouth_bls,959,0.00029,0.000375,-0.003606
THAIZ_BODY_PLY,C_facial_local_BLS,l_out_mouth_bls,960,-0.013185,-0.07451,-0.077087
THAIZ_BODY_PLY,C_facial_local_BLS,l_out_mouth_bls,961,0.003846,-0.001663,-0.012366
THAIZ_BODY_PLY,C_facial_local_BLS,l_out_mouth_bls,962,0.000148,0.00013,-7e-05
THAIZ_BODY_PLY,C_facial_local_BLS,l_out_mouth_bls,963,0.00013,0.000309,0.000321
THAIZ_BODY_PLY,C_facial_local_BLS,l_out_mouth_bls,964,0.008202,0.005571,-0.019301
THAIZ_BODY_PLY,C_facial_local_BLS,l_out_mouth_bls,965,0.001908,0.015459,-0.028105
THAIZ_BODY_PLY,C_facial_local_BLS,l_out_mouth_bls,966,-0.001541,0.007431,-0.011017
THAIZ_BODY_PLY,C_facial_local_BLS,l_out_mouth_bls,967,-2.6e-05,7.5e-05,-9e-05
THAIZ_BODY_PLY,C_facial_local_BLS,l_out_mouth_bls,972,-0.002272,0.010286,0.029484
THAIZ_BODY_PLY,C_facial_local_BLS,l_out_mouth_bls,973,0.000535,0.006763,0.01179
THAIZ_BODY_PLY,C_facial_local_BLS,l_out_mouth_bls,974,0.000754,0.003447,0.005231
THAIZ_BODY_PLY,C_facial_local_BLS,l_out_mouth_bls,975,0.000327,0.001484,0.002286
THAIZ_BODY_PLY,C_facial_local_BLS,l_out_mouth_bls,976,8.5e-05,0.000403,0.000643
THAIZ_BODY_PLY,C_facial_local_BLS,l_out_mouth_bls,977,0.0,2e-06,7e-06
THAIZ_BODY_PLY,C_facial_local_BLS,l_out_mouth_bls,981,0.0,4e-06,4e-06
THAIZ_BODY_PLY,C_facial_local_BLS,l_out_mouth_bls,982,0.0,1.2e-05,1.2e-05
THAIZ_BODY_PLY,C_facial_local_BLS,l_out_mouth_bls,983,1e-06,2.9e-05,2.9e-05
THAIZ_BODY_PLY,C_facial_local_BLS,l_out_mouth_bls,984,1e-06,6e-05,6.1e-05
THAIZ_BODY_PLY,C_facial_local_BLS,l_out_mouth_bls,985,-0.0,0.000112,0.000119
THAIZ_BODY_PLY,C_facial_local_BLS,l_out_mouth_bls,986,-5e-06,0.000392,0.000433
THAIZ_BODY_PLY,C_facial_local_BLS,l_out_mouth_bls,987,-2.5e-05,0.000981,0.001124
THAIZ_BODY_PLY,C_facial_local_BLS,l_out_mouth_bls,988,-8.6e-05,0.002023,0.002436
THAIZ_BODY_PLY,C_facial_local_BLS,l_out_mouth_bls,989,-0.00027,0.004956,0.006326
THAIZ_BODY_PLY,C_facial_local_BLS,l_out_mouth_bls,990,-0.000129,0.010559,0.015322
THAIZ_BODY_PLY,C_facial_local_BLS,l_out_mouth_bls,991,0.000619,0.016126,0.02725
THAIZ_BODY_PLY,C_facial_local_BLS,l_out_mouth_bls,992,-0.001796,0.011296,0.066415
THAIZ_BODY_PLY,C_facial_local_BLS,l_out_mouth_bls,993,-0.004012,0.009997,0.058534
THAIZ_BODY_PLY,C_facial_local_BLS,l_out_mouth_bls,996,-0.003014,0.002503,-0.005427
THAIZ_BODY_PLY,C_facial_local_BLS,l_out_mouth_bls,997,-0.008646,-0.00571,-0.044653
THAIZ_BODY_PLY,C_facial_local_BLS,l_out_mouth_bls,998,0.026507,0.004125,-0.037961
THAIZ_BODY_PLY,C_facial_local_BLS,l_out_mouth_bls,999,0.100777,0.05686,-0.005365
THAIZ_BODY_PLY,C_facial_local_BLS,l_out_mouth_bls,1000,0.060372,0.100631,0.150948
THAIZ_BODY_PLY,C_facial_local_BLS,l_out_mouth_bls,1001,-0.106812,0.09623,0.345464
THAIZ_BODY_PLY,C_facial_local_BLS,l_out_mouth_bls,1002,-0.503882,0.059783,0.728649
THAIZ_BODY_PLY,C_facial_local_BLS,l_out_mouth_bls,1003,-0.430284,-0.012771,0.60179
THAIZ_BODY_PLY,C_facial_local_BLS,l_out_mouth_bls,1004,-0.307085,0.004178,0.412824
THAIZ_BODY_PLY,C_facial_local_BLS,l_out_mouth_bls,1005,0.045495,0.047366,0.076595
THAIZ_BODY_PLY,C_facial_local_BLS,l_out_mouth_bls,1006,0.062961,0.037073,0.085972
THAIZ_BODY_PLY,C_facial_local_BLS,l_out_mouth_bls,1007,-0.046318,0.060541,0.075183
THAIZ_BODY_PLY,C_facial_local_BLS,l_out_mouth_bls,1008,-0.020666,0.022995,0.019861
THAIZ_BODY_PLY,C_facial_local_BLS,l_out_mouth_bls,1009,0.009333,-0.001308,0.006269
THAIZ_BODY_PLY,C_facial_local_BLS,l_out_mouth_bls,1010,0.007502,-0.00131,0.006439
THAIZ_BODY_PLY,C_facial_local_BLS,l_out_mouth_bls,1011,0.003076,-0.000507,0.004039
THAIZ_BODY_PLY,C_facial_local_BLS,l_out_mouth_bls,1012,0.00076,-0.000122,0.001378
THAIZ_BODY_PLY,C_facial_local_BLS,l_out_mouth_bls,1013,0.076112,0.030755,-0.015682
THAIZ_BODY_PLY,C_facial_local_BLS,l_out_mouth_bls,1014,0.096811,0.019648,0.017796
THAIZ_BODY_PLY,C_facial_local_BLS,l_out_mouth_bls,1015,0.008036,0.02826,0.01728
THAIZ_BODY_PLY,C_facial_local_BLS,l_out_mouth_bls,1016,-0.000649,0.005461,-0.006536
THAIZ_BODY_PLY,C_facial_local_BLS,l_out_mouth_bls,1017,0.000438,0.000181,-0.001162
THAIZ_BODY_PLY,C_facial_local_BLS,l_out_mouth_bls,1018,1.1e-05,-8e-06,1.4e-05
THAIZ_BODY_PLY,C_facial_local_BLS,l_out_mouth_bls,1023,1.7e-05,-2e-06,-0.000178
THAIZ_BODY_PLY,C_facial_local_BLS,l_out_mouth_bls,1024,0.001327,-0.000174,-0.002446
THAIZ_BODY_PLY,C_facial_local_BLS,l_out_mouth_bls,1025,0.013282,0.023871,-0.022618
THAIZ_BODY_PLY,C_facial_local_BLS,l_out_mouth_bls,1026,0.043494,0.093871,-0.052761
THAIZ_BODY_PLY,C_facial_local_BLS,l_out_mouth_bls,1027,0.072634,0.099247,0.090515
THAIZ_BODY_PLY,C_facial_local_BLS,l_out_mouth_bls,1028,-0.060677,0.094189,0.271283
THAIZ_BODY_PLY,C_facial_local_BLS,l_out_mouth_bls,1029,-0.368976,0.083137,0.592207
THAIZ_BODY_PLY,C_facial_local_BLS,l_out_mouth_bls,1030,-0.318203,0.001501,0.541962
THAIZ_BODY_PLY,C_facial_local_BLS,l_out_mouth_bls,1031,-0.191477,0.015685,0.33853
THAIZ_BODY_PLY,C_facial_local_BLS,l_out_mouth_bls,1032,-0.557092,-0.218893,0.68702
THAIZ_BODY_PLY,C_facial_local_BLS,l_out_mouth_bls,1033,-0.533249,0.017976,0.662015
THAIZ_BODY_PLY,C_facial_local_BLS,l_out_mouth_bls,1034,-0.230679,0.132578,0.365416
THAIZ_BODY_PLY,C_facial_local_BLS,l_out_mouth_bls,1035,-0.001584,0.128413,0.071328
THAIZ_BODY_PLY,C_facial_local_BLS,l_out_mouth_bls,1036,0.089443,0.052739,-0.104232
THAIZ_BODY_PLY,C_facial_local_BLS,l_out_mouth_bls,1037,0.051389,0.00836,-0.086428
THAIZ_BODY_PLY,C_facial_local_BLS,l_out_mouth_bls,1038,0.003228,-0.000742,-0.003148
THAIZ_BODY_PLY,C_facial_local_BLS,l_out_mouth_bls,1042,9e-06,9.7e-05,3.6e-05
THAIZ_BODY_PLY,C_facial_local_BLS,l_out_mouth_bls,1043,0.00024,0.000985,0.000377
THAIZ_BODY_PLY,C_facial_local_BLS,l_out_mouth_bls,1044,0.012053,0.018935,0.003695
THAIZ_BODY_PLY,C_facial_local_BLS,l_out_mouth_bls,1045,0.038272,0.051174,0.00225
THAIZ_BODY_PLY,C_facial_local_BLS,l_out_mouth_bls,1046,0.088734,0.096116,-0.00249
THAIZ_BODY_PLY,C_facial_local_BLS,l_out_mouth_bls,1047,0.101002,0.066268,0.036145
THAIZ_BODY_PLY,C_facial_local_BLS,l_out_mouth_bls,1048,0.052014,0.094345,0.159529
THAIZ_BODY_PLY,C_facial_local_BLS,l_out_mouth_bls,1049,0.078545,0.12917,0.199452
THAIZ_BODY_PLY,C_facial_local_BLS,l_out_mouth_bls,1050,0.134079,0.082146,0.387159
THAIZ_BODY_PLY,C_facial_local_BLS,l_out_mouth_bls,1051,0.134546,-0.001775,0.593847
THAIZ_BODY_PLY,C_facial_local_BLS,l_out_mouth_bls,1052,0.094095,-0.357822,0.507917
THAIZ_BODY_PLY,C_facial_local_BLS,l_out_mouth_bls,1053,-0.040692,-0.531605,0.42642
THAIZ_BODY_PLY,C_facial_local_BLS,l_out_mouth_bls,1054,-0.359569,-0.462124,0.573821
THAIZ_BODY_PLY,C_facial_local_BLS,l_out_mouth_bls,1081,4e-06,9.7e-05,0.000117
THAIZ_BODY_PLY,C_facial_local_BLS,l_out_mouth_bls,1088,4.1e-05,0.000708,0.000483
THAIZ_BODY_PLY,C_facial_local_BLS,l_out_mouth_bls,1094,7e-06,-2.4e-05,2.2e-05
THAIZ_BODY_PLY,C_facial_local_BLS,l_out_mouth_bls,1095,6.6e-05,0.00093,0.000355
THAIZ_BODY_PLY,C_facial_local_BLS,l_out_mouth_bls,1096,0.000509,-0.001707,0.000795
THAIZ_BODY_PLY,C_facial_local_BLS,l_out_mouth_bls,1097,0.002452,-0.007797,0.003425
THAIZ_BODY_PLY,C_facial_local_BLS,l_out_mouth_bls,1098,0.003432,-0.009284,0.007801
THAIZ_BODY_PLY,C_facial_local_BLS,l_out_mouth_bls,1099,0.001896,0.006359,0.009905
THAIZ_BODY_PLY,C_facial_local_BLS,l_out_mouth_bls,1102,0.00076,0.005263,0.003387
THAIZ_BODY_PLY,C_facial_local_BLS,l_out_mouth_bls,1103,0.003079,-0.004495,0.01189
THAIZ_BODY_PLY,C_facial_local_BLS,l_out_mouth_bls,1107,1e-05,-2e-06,2.3e-05
THAIZ_BODY_PLY,C_facial_local_BLS,l_out_mouth_bls,1111,0.00096,0.002191,0.002518
THAIZ_BODY_PLY,C_facial_local_BLS,l_out_mouth_bls,1148,8.6e-05,-0.000302,-5e-05
THAIZ_BODY_PLY,C_facial_local_BLS,l_out_mouth_bls,1149,0.000401,-0.001307,-0.000315
THAIZ_BODY_PLY,C_facial_local_BLS,l_out_mouth_bls,1150,0.00063,-0.001961,-0.000667
THAIZ_BODY_PLY,C_facial_local_BLS,l_out_mouth_bls,1151,0.000356,-0.0011,-0.000499
THAIZ_BODY_PLY,C_facial_local_BLS,l_out_mouth_bls,1159,0.002454,0.002163,0.002809
THAIZ_BODY_PLY,C_facial_local_BLS,l_out_mouth_bls,1160,0.006199,0.006883,0.005886
THAIZ_BODY_PLY,C_facial_local_BLS,l_out_mouth_bls,1161,0.009958,0.013139,0.007141
THAIZ_BODY_PLY,C_facial_local_BLS,l_out_mouth_bls,1162,0.010943,0.017143,0.005295
THAIZ_BODY_PLY,C_facial_local_BLS,l_out_mouth_bls,1163,0.00207,0.004122,0.001355
THAIZ_BODY_PLY,C_facial_local_BLS,l_out_mouth_bls,1164,0.000988,0.001388,0.001108
THAIZ_BODY_PLY,C_facial_local_BLS,l_out_mouth_bls,1165,0.000409,0.000297,0.000594
THAIZ_BODY_PLY,C_facial_local_BLS,l_out_mouth_bls,1166,0.000118,4.9e-05,0.0002
THAIZ_BODY_PLY,C_facial_local_BLS,l_out_mouth_bls,1167,0.000201,3.5e-05,0.000345
THAIZ_BODY_PLY,C_facial_local_BLS,l_out_mouth_bls,1168,0.001257,-0.000292,0.002041
THAIZ_BODY_PLY,C_facial_local_BLS,l_out_mouth_bls,1169,0.002404,-0.001875,0.003757
THAIZ_BODY_PLY,C_facial_local_BLS,l_out_mouth_bls,1170,0.006905,-0.01527,0.005609
THAIZ_BODY_PLY,C_facial_local_BLS,l_out_mouth_bls,1171,0.004826,-0.021871,-0.008617
THAIZ_BODY_PLY,C_facial_local_BLS,l_out_mouth_bls,1172,-0.007299,-0.022815,-0.022458
THAIZ_BODY_PLY,C_facial_local_BLS,l_out_mouth_bls,1182,0.0,2e-06,1e-06
THAIZ_BODY_PLY,C_facial_local_BLS,l_out_mouth_bls,1183,1.3e-05,8.1e-05,6.1e-05
THAIZ_BODY_PLY,C_facial_local_BLS,l_out_mouth_bls,1184,0.000302,0.001573,0.001128
THAIZ_BODY_PLY,C_facial_local_BLS,l_out_mouth_bls,1185,0.00232,0.010997,0.007714
THAIZ_BODY_PLY,C_facial_local_BLS,l_out_mouth_bls,1186,0.007762,0.03444,0.02366
THAIZ_BODY_PLY,C_facial_local_BLS,l_out_mouth_bls,1187,0.025176,0.102894,0.070475
THAIZ_BODY_PLY,C_facial_local_BLS,l_out_mouth_bls,1188,0.047836,0.135582,0.332185
THAIZ_BODY_PLY,C_facial_local_BLS,l_out_mouth_bls,1189,0.038301,0.120227,0.337215
THAIZ_BODY_PLY,C_facial_local_BLS,l_out_mouth_bls,1190,0.039222,0.101141,0.198324
THAIZ_BODY_PLY,C_facial_local_BLS,l_out_mouth_bls,1191,0.036592,0.067641,0.093775
THAIZ_BODY_PLY,C_facial_local_BLS,l_out_mouth_bls,1192,0.021121,0.031541,0.039133
THAIZ_BODY_PLY,C_facial_local_BLS,l_out_mouth_bls,1193,0.00639,0.006804,0.008185
THAIZ_BODY_PLY,C_facial_local_BLS,l_out_mouth_bls,1194,0.000302,0.000198,0.000401
THAIZ_BODY_PLY,C_facial_local_BLS,l_out_mouth_bls,1290,0.000107,-0.000337,-2.2e-05
THAIZ_BODY_PLY,C_facial_local_BLS,l_out_mouth_bls,1291,0.001378,-0.003792,-6.6e-05
THAIZ_BODY_PLY,C_facial_local_BLS,l_out_mouth_bls,1292,0.009323,-0.021615,0.001225
THAIZ_BODY_PLY,C_facial_local_BLS,l_out_mouth_bls,1293,0.028578,-0.054552,0.009553
THAIZ_BODY_PLY,C_facial_local_BLS,l_out_mouth_bls,1294,0.083221,-0.126703,0.027289
THAIZ_BODY_PLY,C_facial_local_BLS,l_out_mouth_bls,1295,0.202744,-0.222552,0.067254
THAIZ_BODY_PLY,C_facial_local_BLS,l_out_mouth_bls,1296,0.329343,-0.370403,0.230846
THAIZ_BODY_PLY,C_facial_local_BLS,l_out_mouth_bls,1297,0.445099,-0.400014,0.377276
THAIZ_BODY_PLY,C_facial_local_BLS,l_out_mouth_bls,1298,0.501564,-0.352667,0.452726
THAIZ_BODY_PLY,C_facial_local_BLS,l_out_mouth_bls,1299,0.444005,-0.287139,0.601279
THAIZ_BODY_PLY,C_facial_local_BLS,l_out_mouth_bls,1300,0.461958,-0.19873,0.563051
THAIZ_BODY_PLY,C_facial_local_BLS,l_out_mouth_bls,1301,0.40138,-0.080419,0.571851
THAIZ_BODY_PLY,C_facial_local_BLS,l_out_mouth_bls,1302,0.289678,0.062933,0.559347
THAIZ_BODY_PLY,C_facial_local_BLS,l_out_mouth_bls,1303,0.088358,0.231307,0.400908
THAIZ_BODY_PLY,C_facial_local_BLS,l_out_mouth_bls,1304,0.069155,0.230754,0.228064
THAIZ_BODY_PLY,C_facial_local_BLS,l_out_mouth_bls,1305,0.045809,0.159422,0.146213
THAIZ_BODY_PLY,C_facial_local_BLS,l_out_mouth_bls,1306,0.024269,0.10826,0.10952
THAIZ_BODY_PLY,C_facial_local_BLS,l_out_mouth_bls,1307,0.01233,0.072604,0.089474
THAIZ_BODY_PLY,C_facial_local_BLS,l_out_mouth_bls,1308,0.006454,0.046524,0.075894
THAIZ_BODY_PLY,C_facial_local_BLS,l_out_mouth_bls,1309,0.003132,0.028349,0.061176
THAIZ_BODY_PLY,C_facial_local_BLS,l_out_mouth_bls,1310,0.001118,0.016673,0.045799
THAIZ_BODY_PLY,C_facial_local_BLS,l_out_mouth_bls,1311,-0.000887,0.005914,0.024991
THAIZ_BODY_PLY,C_facial_local_BLS,l_out_mouth_bls,1312,-0.00222,-0.000963,-0.002043
THAIZ_BODY_PLY,C_facial_local_BLS,l_out_mouth_bls,1313,0.00082,0.0047,0.006766
THAIZ_BODY_PLY,C_facial_local_BLS,l_out_mouth_bls,1314,0.07234,0.005208,0.040396
THAIZ_BODY_PLY,C_facial_local_BLS,l_out_mouth_bls,1315,0.118288,0.162992,0.266478
THAIZ_BODY_PLY,C_facial_local_BLS,l_out_mouth_bls,1316,0.191016,0.168494,0.511166
THAIZ_BODY_PLY,C_facial_local_BLS,l_out_mouth_bls,1317,0.159838,0.084243,0.826795
THAIZ_BODY_PLY,C_facial_local_BLS,l_out_mouth_bls,1318,0.064627,-0.066678,0.95032
THAIZ_BODY_PLY,C_facial_local_BLS,l_out_mouth_bls,1319,0.096758,-0.170013,0.734279
THAIZ_BODY_PLY,C_facial_local_BLS,l_out_mouth_bls,1320,0.186161,-0.174043,0.542502
THAIZ_BODY_PLY,C_facial_local_BLS,l_out_mouth_bls,1321,-0.190042,-0.115017,0.686033
THAIZ_BODY_PLY,C_facial_local_BLS,l_out_mouth_bls,1322,0.11257,-0.057098,0.139512
THAIZ_BODY_PLY,C_facial_local_BLS,l_out_mouth_bls,1323,0.007972,0.06245,0.094691
THAIZ_BODY_PLY,C_facial_local_BLS,l_out_mouth_bls,1324,0.09885,0.021435,0.065212
THAIZ_BODY_PLY,C_facial_local_BLS,l_out_mouth_bls,1325,0.204435,-0.004091,0.086515
THAIZ_BODY_PLY,C_facial_local_BLS,l_out_mouth_bls,1326,0.159937,0.001932,0.072194
THAIZ_BODY_PLY,C_facial_local_BLS,l_out_mouth_bls,1327,0.075889,0.009723,0.067059
THAIZ_BODY_PLY,C_facial_local_BLS,l_out_mouth_bls,1328,0.01901,0.010938,0.047069
THAIZ_BODY_PLY,C_facial_local_BLS,l_out_mouth_bls,1329,0.003041,0.003529,0.016818
THAIZ_BODY_PLY,C_facial_local_BLS,l_out_mouth_bls,1330,0.014021,-0.048752,0.030745
THAIZ_BODY_PLY,C_facial_local_BLS,l_out_mouth_bls,1331,0.008352,-0.057115,0.049387
THAIZ_BODY_PLY,C_facial_local_BLS,l_out_mouth_bls,1332,0.015789,-0.041083,0.059468
THAIZ_BODY_PLY,C_facial_local_BLS,l_out_mouth_bls,1333,0.029963,-0.058525,0.03146
THAIZ_BODY_PLY,C_facial_local_BLS,l_out_mouth_bls,1334,-0.016206,-0.053876,0.101343
THAIZ_BODY_PLY,C_facial_local_BLS,l_out_mouth_bls,1335,0.015408,-0.03585,0.088084
THAIZ_BODY_PLY,C_facial_local_BLS,l_out_mouth_bls,1336,0.037238,-0.031394,0.057232
THAIZ_BODY_PLY,C_facial_local_BLS,l_out_mouth_bls,1337,0.034677,-0.027084,0.033067
THAIZ_BODY_PLY,C_facial_local_BLS,l_out_mouth_bls,1338,0.028628,-0.017498,0.007539
THAIZ_BODY_PLY,C_facial_local_BLS,l_out_mouth_bls,1339,0.016253,-0.012896,0.002587
THAIZ_BODY_PLY,C_facial_local_BLS,l_out_mouth_bls,1340,0.007108,-0.010168,0.002857
THAIZ_BODY_PLY,C_facial_local_BLS,l_out_mouth_bls,1341,0.002802,-0.004262,0.004371
THAIZ_BODY_PLY,C_facial_local_BLS,l_out_mouth_bls,1342,0.004841,-0.00588,0.006383
THAIZ_BODY_PLY,C_facial_local_BLS,l_out_mouth_bls,1343,0.009125,-0.011103,0.011212
THAIZ_BODY_PLY,C_facial_local_BLS,l_out_mouth_bls,1344,0.017494,-0.023147,0.01802
THAIZ_BODY_PLY,C_facial_local_BLS,l_out_mouth_bls,1348,-0.065473,0.012883,-0.098611
THAIZ_BODY_PLY,C_facial_local_BLS,l_out_mouth_bls,1349,-0.029587,-0.012656,-0.111367
THAIZ_BODY_PLY,C_facial_local_BLS,l_out_mouth_bls,1350,0.038639,-0.00538,-0.113383
THAIZ_BODY_PLY,C_facial_local_BLS,l_out_mouth_bls,1351,0.099058,0.040503,-0.081888
THAIZ_BODY_PLY,C_facial_local_BLS,l_out_mouth_bls,1352,0.061137,0.094217,0.055681
THAIZ_BODY_PLY,C_facial_local_BLS,l_out_mouth_bls,1353,-0.117258,0.103231,0.315581
THAIZ_BODY_PLY,C_facial_local_BLS,l_out_mouth_bls,1354,-0.436275,0.076325,0.609609
THAIZ_BODY_PLY,C_facial_local_BLS,l_out_mouth_bls,1355,-0.326288,0.049063,0.499103
THAIZ_BODY_PLY,C_facial_local_BLS,l_out_mouth_bls,1356,-0.301954,0.006148,0.425725
THAIZ_BODY_PLY,C_facial_local_BLS,l_out_mouth_bls,1357,-0.027108,0.037798,0.186783
THAIZ_BODY_PLY,C_facial_local_BLS,l_out_mouth_bls,1358,0.06698,0.009518,0.113217
THAIZ_BODY_PLY,C_facial_local_BLS,l_out_mouth_bls,1359,-0.023199,0.044174,0.059781
THAIZ_BODY_PLY,C_facial_local_BLS,l_out_mouth_bls,1360,-0.038112,0.043172,0.050618
THAIZ_BODY_PLY,C_facial_local_BLS,l_out_mouth_bls,1361,0.024595,0.001534,0.020623
THAIZ_BODY_PLY,C_facial_local_BLS,l_out_mouth_bls,1362,0.034556,-0.005145,0.008663
THAIZ_BODY_PLY,C_facial_local_BLS,l_out_mouth_bls,1363,0.01148,0.001258,0.014786
THAIZ_BODY_PLY,C_facial_local_BLS,l_out_mouth_bls,1364,0.00415,0.000724,0.008377
THAIZ_BODY_PLY,C_facial_local_BLS,l_out_mouth_bls,1365,0.001055,0.000281,0.002659
THAIZ_BODY_PLY,C_facial_local_BLS,l_out_mouth_bls,1366,0.008993,-0.055839,0.01334
THAIZ_BODY_PLY,C_facial_local_BLS,l_out_mouth_bls,1367,0.006248,-0.060214,0.016381
THAIZ_BODY_PLY,C_facial_local_BLS,l_out_mouth_bls,1368,0.004878,-0.062384,0.01718
THAIZ_BODY_PLY,C_facial_local_BLS,l_out_mouth_bls,1369,0.005176,-0.061657,0.017531
THAIZ_BODY_PLY,C_facial_local_BLS,l_out_mouth_bls,1370,0.010067,-0.058904,0.014715
THAIZ_BODY_PLY,C_facial_local_BLS,l_out_mouth_bls,1371,0.010254,-0.053099,0.016148
THAIZ_BODY_PLY,C_facial_local_BLS,l_out_mouth_bls,1372,0.011653,-0.047416,0.015535
THAIZ_BODY_PLY,C_facial_local_BLS,l_out_mouth_bls,1373,0.014594,-0.0445,0.010799
THAIZ_BODY_PLY,C_facial_local_BLS,l_out_mouth_bls,1374,0.013879,-0.042168,0.008835
THAIZ_BODY_PLY,C_facial_local_BLS,l_out_mouth_bls,1375,0.012352,-0.041089,0.009483
THAIZ_BODY_PLY,C_facial_local_BLS,l_out_mouth_bls,1376,0.010245,-0.041368,0.008777
THAIZ_BODY_PLY,C_facial_local_BLS,l_out_mouth_bls,1377,0.010232,-0.041226,0.009337
THAIZ_BODY_PLY,C_facial_local_BLS,l_out_mouth_bls,1378,0.011148,-0.044262,0.010317
THAIZ_BODY_PLY,C_facial_local_BLS,l_out_mouth_bls,1379,0.012358,-0.046808,0.014634
THAIZ_BODY_PLY,C_facial_local_BLS,l_out_mouth_bls,1380,0.010552,-0.050818,0.013625
THAIZ_BODY_PLY,C_facial_local_BLS,l_out_mouth_bls,1381,-0.019127,-0.070479,0.009022
THAIZ_BODY_PLY,C_facial_local_BLS,l_out_mouth_bls,1382,-0.035496,-0.076568,0.018533
THAIZ_BODY_PLY,C_facial_local_BLS,l_out_mouth_bls,1383,-0.053645,-0.073474,0.031143
THAIZ_BODY_PLY,C_facial_local_BLS,l_out_mouth_bls,1384,-0.052298,-0.053608,0.069624
THAIZ_BODY_PLY,C_facial_local_BLS,l_out_mouth_bls,1385,-0.020954,-0.030125,0.079282
THAIZ_BODY_PLY,C_facial_local_BLS,l_out_mouth_bls,1386,0.011652,-0.015345,0.067811
THAIZ_BODY_PLY,C_facial_local_BLS,l_out_mouth_bls,1387,0.030877,-0.011938,0.042079
THAIZ_BODY_PLY,C_facial_local_BLS,l_out_mouth_bls,1388,0.032592,-0.016902,0.019466
THAIZ_BODY_PLY,C_facial_local_BLS,l_out_mouth_bls,1389,0.025114,-0.021587,0.006613
THAIZ_BODY_PLY,C_facial_local_BLS,l_out_mouth_bls,1390,0.017918,-0.023863,0.003635
THAIZ_BODY_PLY,C_facial_local_BLS,l_out_mouth_bls,1391,0.010634,-0.027394,0.000517
THAIZ_BODY_PLY,C_facial_local_BLS,l_out_mouth_bls,1392,0.005164,-0.034639,-0.001914
THAIZ_BODY_PLY,C_facial_local_BLS,l_out_mouth_bls,1393,0.002015,-0.041282,-0.003802
THAIZ_BODY_PLY,C_facial_local_BLS,l_out_mouth_bls,1394,-0.003314,-0.050775,-0.002952
THAIZ_BODY_PLY,C_facial_local_BLS,l_out_mouth_bls,1395,-0.009683,-0.060722,0.00024
THAIZ_BODY_PLY,C_facial_local_BLS,l_out_mouth_bls,1396,-0.056936,-0.05527,-0.016073
THAIZ_BODY_PLY,C_facial_local_BLS,l_out_mouth_bls,1397,-0.078525,-0.054373,-0.005173
THAIZ_BODY_PLY,C_facial_local_BLS,l_out_mouth_bls,1398,-0.096524,-0.04143,0.01219
THAIZ_BODY_PLY,C_facial_local_BLS,l_out_mouth_bls,1399,-0.088451,-0.006837,0.066972
THAIZ_BODY_PLY,C_facial_local_BLS,l_out_mouth_bls,1400,-0.03897,0.014274,0.083125
THAIZ_BODY_PLY,C_facial_local_BLS,l_out_mouth_bls,1401,0.008624,0.022928,0.073941
THAIZ_BODY_PLY,C_facial_local_BLS,l_out_mouth_bls,1402,0.035126,0.017408,0.042113
THAIZ_BODY_PLY,C_facial_local_BLS,l_out_mouth_bls,1403,0.038741,0.00438,0.013436
THAIZ_BODY_PLY,C_facial_local_BLS,l_out_mouth_bls,1404,0.028454,-0.006326,-0.001232
THAIZ_BODY_PLY,C_facial_local_BLS,l_out_mouth_bls,1405,0.020614,-0.011596,-0.004258
THAIZ_BODY_PLY,C_facial_local_BLS,l_out_mouth_bls,1406,0.012305,-0.016829,-0.009205
THAIZ_BODY_PLY,C_facial_local_BLS,l_out_mouth_bls,1407,-0.000379,-0.02536,-0.016479
THAIZ_BODY_PLY,C_facial_local_BLS,l_out_mouth_bls,1408,-0.007514,-0.030823,-0.020422
THAIZ_BODY_PLY,C_facial_local_BLS,l_out_mouth_bls,1409,-0.019431,-0.038785,-0.023483
THAIZ_BODY_PLY,C_facial_local_BLS,l_out_mouth_bls,1410,-0.035429,-0.047067,-0.023773
THAIZ_BODY_PLY,C_facial_local_BLS,l_out_mouth_bls,1411,0.003467,-0.061893,0.013784
THAIZ_BODY_PLY,C_facial_local_BLS,l_out_mouth_bls,1412,-0.004336,-0.070143,0.017765
THAIZ_BODY_PLY,C_facial_local_BLS,l_out_mouth_bls,1413,-0.012241,-0.074895,0.021343
THAIZ_BODY_PLY,C_facial_local_BLS,l_out_mouth_bls,1414,-0.010262,-0.069031,0.037272
THAIZ_BODY_PLY,C_facial_local_BLS,l_out_mouth_bls,1415,5.4e-05,-0.057113,0.043149
THAIZ_BODY_PLY,C_facial_local_BLS,l_out_mouth_bls,1416,0.012552,-0.044882,0.040386
THAIZ_BODY_PLY,C_facial_local_BLS,l_out_mouth_bls,1417,0.021029,-0.03708,0.029003
THAIZ_BODY_PLY,C_facial_local_BLS,l_out_mouth_bls,1418,0.022335,-0.033492,0.016625
THAIZ_BODY_PLY,C_facial_local_BLS,l_out_mouth_bls,1419,0.018068,-0.033065,0.007851
THAIZ_BODY_PLY,C_facial_local_BLS,l_out_mouth_bls,1420,0.014537,-0.033056,0.006374
THAIZ_BODY_PLY,C_facial_local_BLS,l_out_mouth_bls,1421,0.010325,-0.034743,0.004773
THAIZ_BODY_PLY,C_facial_local_BLS,l_out_mouth_bls,1422,0.009324,-0.037772,0.008157
THAIZ_BODY_PLY,C_facial_local_BLS,l_out_mouth_bls,1423,0.009106,-0.04256,0.008069
THAIZ_BODY_PLY,C_facial_local_BLS,l_out_mouth_bls,1424,0.007964,-0.048344,0.009329
THAIZ_BODY_PLY,C_facial_local_BLS,l_out_mouth_bls,1425,0.007068,-0.05449,0.010301
THAIZ_BODY_PLY,C_facial_local_BLS,l_out_mouth_bls,1429,-0.063395,0.03968,-0.065474
THAIZ_BODY_PLY,C_facial_local_BLS,l_out_mouth_bls,1430,-0.035533,-0.003329,-0.097298
THAIZ_BODY_PLY,C_facial_local_BLS,l_out_mouth_bls,1431,0.027196,-0.001573,-0.099082
THAIZ_BODY_PLY,C_facial_local_BLS,l_out_mouth_bls,1432,0.093134,0.040123,-0.064495
THAIZ_BODY_PLY,C_facial_local_BLS,l_out_mouth_bls,1433,0.062024,0.090809,0.113589
THAIZ_BODY_PLY,C_facial_local_BLS,l_out_mouth_bls,1434,-0.112424,0.094096,0.336767
THAIZ_BODY_PLY,C_facial_local_BLS,l_out_mouth_bls,1435,-0.478178,0.05963,0.680568
THAIZ_BODY_PLY,C_facial_local_BLS,l_out_mouth_bls,1436,-0.36224,-0.012143,0.54833
THAIZ_BODY_PLY,C_facial_local_BLS,l_out_mouth_bls,1437,-0.328565,-0.017173,0.397607
THAIZ_BODY_PLY,C_facial_local_BLS,l_out_mouth_bls,1438,-0.005644,0.015924,0.118223
THAIZ_BODY_PLY,C_facial_local_BLS,l_out_mouth_bls,1439,0.057753,-0.0108,0.085554
THAIZ_BODY_PLY,C_facial_local_BLS,l_out_mouth_bls,1440,-0.051321,0.027525,0.078668
THAIZ_BODY_PLY,C_facial_local_BLS,l_out_mouth_bls,1441,-0.036046,0.020893,0.044932
THAIZ_BODY_PLY,C_facial_local_BLS,l_out_mouth_bls,1442,0.018865,-0.009597,0.017778
THAIZ_BODY_PLY,C_facial_local_BLS,l_out_mouth_bls,1443,0.018456,-0.007006,0.015916
THAIZ_BODY_PLY,C_facial_local_BLS,l_out_mouth_bls,1444,0.008348,-0.002494,0.011626
THAIZ_BODY_PLY,C_facial_local_BLS,l_out_mouth_bls,1445,0.003018,-0.000567,0.005885
THAIZ_BODY_PLY,C_facial_local_BLS,l_out_mouth_bls,1446,0.000634,-7e-06,0.001522
THAIZ_BODY_PLY,C_facial_local_BLS,l_out_mouth_bls,1473,1e-06,-5.7e-05,2.7e-05
THAIZ_BODY_PLY,C_facial_local_BLS,l_out_mouth_bls,1474,9.1e-05,-0.002741,0.000931
THAIZ_BODY_PLY,C_facial_local_BLS,l_out_mouth_bls,1475,0.000456,-0.00404,0.002875
THAIZ_BODY_PLY,C_facial_local_BLS,l_out_mouth_bls,1478,0.000789,-0.001991,0.004306
THAIZ_BODY_PLY,C_facial_local_BLS,l_out_mouth_bls,1479,0.000397,0.001582,0.001891
THAIZ_BODY_PLY,C_facial_local_BLS,l_out_mouth_bls,1480,-0.0,2e-06,1e-06
THAIZ_BODY_PLY,C_facial_local_BLS,l_out_mouth_bls,1487,6.2e-05,0.000183,0.000216
THAIZ_BODY_PLY,C_facial_local_BLS,l_out_mouth_bls,1496,0.000161,0.001241,0.000696
THAIZ_BODY_PLY,C_facial_local_BLS,l_out_mouth_bls,1509,0.000702,0.00049,0.003607
THAIZ_BODY_PLY,C_facial_local_BLS,l_out_mouth_bls,1510,4.8e-05,1.7e-05,0.000152
THAIZ_BODY_PLY,C_facial_local_BLS,l_out_mouth_bls,1511,1e-06,0.0,3e-06
THAIZ_BODY_PLY,C_facial_local_BLS,l_out_mouth_bls,1517,0.000116,-0.000208,0.000302
THAIZ_BODY_PLY,C_facial_local_BLS,l_out_mouth_bls,1518,0.001364,-0.002764,0.003185
THAIZ_BODY_PLY,C_facial_local_BLS,l_out_mouth_bls,1519,0.003526,-0.006161,0.004062
THAIZ_BODY_PLY,C_facial_local_BLS,l_out_mouth_bls,1520,0.008587,-0.011938,0.001641
THAIZ_BODY_PLY,C_facial_local_BLS,l_out_mouth_bls,1521,0.012007,-0.011693,-0.011164
THAIZ_BODY_PLY,C_facial_local_BLS,l_out_mouth_bls,1522,0.007361,-0.010517,-0.018836
THAIZ_BODY_PLY,C_facial_local_BLS,l_out_mouth_bls,1523,0.006045,-0.02093,-0.012654
THAIZ_BODY_PLY,C_facial_local_BLS,l_out_mouth_bls,1524,0.007921,-0.030277,0.000334
THAIZ_BODY_PLY,C_facial_local_BLS,l_out_mouth_bls,1525,0.009516,-0.035482,0.007272
THAIZ_BODY_PLY,C_facial_local_BLS,l_out_mouth_bls,1526,0.01014,-0.041094,0.009926
THAIZ_BODY_PLY,C_facial_local_BLS,l_out_mouth_bls,1527,0.011213,-0.04621,0.010449
THAIZ_BODY_PLY,C_facial_local_BLS,l_out_mouth_bls,1528,0.011236,-0.048328,0.009778
THAIZ_BODY_PLY,C_facial_local_BLS,l_out_mouth_bls,1529,0.011082,-0.050127,0.01208
THAIZ_BODY_PLY,C_facial_local_BLS,l_out_mouth_bls,1530,0.010292,-0.05184,0.012725
THAIZ_BODY_PLY,C_facial_local_BLS,l_out_mouth_bls,1531,0.009857,-0.05375,0.010397
THAIZ_BODY_PLY,C_facial_local_BLS,l_out_mouth_bls,1533,-0.0,4e-06,1.3e-05
THAIZ_BODY_PLY,C_facial_local_BLS,l_out_mouth_bls,1534,3.9e-05,0.000286,0.00052
THAIZ_BODY_PLY,C_facial_local_BLS,l_out_mouth_bls,1535,0.000153,0.001051,0.001832
THAIZ_BODY_PLY,C_facial_local_BLS,l_out_mouth_bls,1536,0.000345,0.002422,0.004178
THAIZ_BODY_PLY,C_facial_local_BLS,l_out_mouth_bls,1537,-0.000281,0.004416,0.009345
THAIZ_BODY_PLY,C_facial_local_BLS,l_out_mouth_bls,1538,-0.002925,0.006404,0.022786
THAIZ_BODY_PLY,C_facial_local_BLS,l_out_mouth_bls,1539,-0.004537,0.005493,0.044564
THAIZ_BODY_PLY,C_facial_local_BLS,l_out_mouth_bls,1540,-0.002821,0.005765,0.050178
THAIZ_BODY_PLY,C_facial_local_BLS,l_out_mouth_bls,1541,-0.00012,0.009614,0.034189
THAIZ_BODY_PLY,C_facial_local_BLS,l_out_mouth_bls,1542,0.000326,0.00988,0.020651
THAIZ_BODY_PLY,C_facial_local_BLS,l_out_mouth_bls,1543,8.8e-05,0.006702,0.011991
THAIZ_BODY_PLY,C_facial_local_BLS,l_out_mouth_bls,1544,-9.2e-05,0.003181,0.004766
THAIZ_BODY_PLY,C_facial_local_BLS,l_out_mouth_bls,1545,-3.6e-05,0.000855,0.001171
THAIZ_BODY_PLY,C_facial_local_BLS,l_out_mouth_bls,1546,-1.4e-05,0.000379,0.000482
THAIZ_BODY_PLY,C_facial_local_BLS,l_out_mouth_bls,1547,-3e-06,8.6e-05,0.000105
THAIZ_BODY_PLY,C_facial_local_BLS,l_out_mouth_bls,1548,-0.0,7e-06,8e-06
THAIZ_BODY_PLY,C_facial_local_BLS,l_out_mouth_bls,1549,0.0,1.3e-05,1.3e-05
THAIZ_BODY_PLY,C_facial_local_BLS,l_out_mouth_bls,1550,0.0,1.1e-05,1.1e-05
THAIZ_BODY_PLY,C_facial_local_BLS,l_out_mouth_bls,1551,0.0,6e-06,6e-06
THAIZ_BODY_PLY,C_facial_local_BLS,l_out_mouth_bls,1552,0.0,2e-06,2e-06
THAIZ_BODY_PLY,C_facial_local_BLS,l_out_mouth_bls,3169,0.000155,-7e-05,-3.3e-05
THAIZ_BODY_PLY,C_facial_local_BLS,l_out_mouth_bls,3321,-0.008386,0.006828,0.001548
THAIZ_BODY_PLY,C_facial_local_BLS,l_out_mouth_bls,3322,0.000977,-0.001986,0.000164
THAIZ_BODY_PLY,C_facial_local_BLS,l_out_mouth_bls,3323,0.00041,-0.000953,-0.000528
THAIZ_BODY_PLY,C_facial_local_BLS,l_out_mouth_bls,3324,-0.012345,-0.009579,0.002619
THAIZ_BODY_PLY,C_facial_local_BLS,l_out_mouth_bls,3325,-0.000265,-0.000476,0.000145
THAIZ_BODY_PLY,C_facial_local_BLS,l_out_mouth_bls,3326,-0.01168,-0.012883,0.002825
THAIZ_BODY_PLY,C_facial_local_BLS,l_out_mouth_bls,3327,0.000336,-0.000115,-4.8e-05
THAIZ_BODY_PLY,C_facial_local_BLS,l_out_mouth_bls,3328,-0.011723,-0.011577,0.003001
THAIZ_BODY_PLY,C_facial_local_BLS,l_out_mouth_bls,3329,-0.014171,-0.021493,0.003773
THAIZ_BODY_PLY,C_facial_local_BLS,l_out_mouth_bls,3330,0.000178,-0.0004,0.000127
THAIZ_BODY_PLY,C_facial_local_BLS,l_out_mouth_bls,3331,-0.013657,-0.016312,0.000857
THAIZ_BODY_PLY,C_facial_local_BLS,l_out_mouth_bls,3332,-0.000254,-0.000686,0.000283
THAIZ_BODY_PLY,C_facial_local_BLS,l_out_mouth_bls,3333,-0.009698,-0.007925,0.002301
THAIZ_BODY_PLY,C_facial_local_BLS,l_out_mouth_bls,3334,-4.8e-05,-0.000183,4e-05
THAIZ_BODY_PLY,C_facial_local_BLS,l_out_mouth_bls,3335,-0.004538,-0.003277,0.000706
THAIZ_BODY_PLY,C_facial_local_BLS,l_out_mouth_bls,3337,-0.000791,-0.000563,-0.000206
THAIZ_BODY_PLY,C_facial_local_BLS,l_out_mouth_bls,3439,0.000145,-0.000144,-7.5e-05
THAIZ_BODY_PLY,C_facial_local_BLS,l_out_mouth_bls,3440,-0.014588,-0.005905,0.003291
THAIZ_BODY_PLY,C_facial_local_BLS,l_out_mouth_bls,3441,4.9e-05,-3.2e-05,-1.6e-05
THAIZ_BODY_PLY,C_facial_local_BLS,l_out_mouth_bls,3446,0.00016,-0.000448,-0.000256
THAIZ_BODY_PLY,C_facial_local_BLS,l_out_mouth_bls,5654,1e-05,-3.2e-05,-1.9e-05
THAIZ_BODY_PLY,C_facial_local_BLS,l_out_mouth_bls,6931,9e-06,6.6e-05,-1e-05
THAIZ_BODY_PLY,C_facial_local_BLS,l_out_mouth_bls,6932,0.000362,0.003728,-0.001213
THAIZ_BODY_PLY,C_facial_local_BLS,l_out_mouth_bls,6933,-0.003531,0.012685,-0.00579
THAIZ_BODY_PLY,C_facial_local_BLS,l_out_mouth_bls,6934,-0.021016,0.01643,-0.01805
THAIZ_BODY_PLY,C_facial_local_BLS,l_out_mouth_bls,6935,-0.010132,0.009132,-0.039628
THAIZ_BODY_PLY,C_facial_local_BLS,l_out_mouth_bls,6936,0.021875,0.032197,-0.030976
THAIZ_BODY_PLY,C_facial_local_BLS,l_out_mouth_bls,6937,-0.073439,0.056658,0.287597
THAIZ_BODY_PLY,C_facial_local_BLS,l_out_mouth_bls,6938,-0.340647,0.044216,0.507369
THAIZ_BODY_PLY,C_facial_local_BLS,l_out_mouth_bls,6939,-0.318594,0.043977,0.467544
THAIZ_BODY_PLY,C_facial_local_BLS,l_out_mouth_bls,6940,0.004383,0.029376,0.048284
THAIZ_BODY_PLY,C_facial_local_BLS,l_out_mouth_bls,6941,0.023933,0.057959,-0.025026
THAIZ_BODY_PLY,C_facial_local_BLS,l_out_mouth_bls,6942,0.011463,0.04456,-0.031835
THAIZ_BODY_PLY,C_facial_local_BLS,l_out_mouth_bls,6943,0.006646,0.000772,-0.017949
THAIZ_BODY_PLY,C_facial_local_BLS,l_out_mouth_bls,6944,0.001592,-0.003377,-0.003966
THAIZ_BODY_PLY,C_facial_local_BLS,l_out_mouth_bls,6945,5.8e-05,-0.000154,-0.000105
THAIZ_BODY_PLY,C_facial_local_BLS,l_out_mouth_bls,6955,0.0,1e-06,1e-06
THAIZ_BODY_PLY,C_facial_local_BLS,l_out_mouth_bls,7228,-0.000133,0.000122,0.000363
THAIZ_BODY_PLY,C_facial_local_BLS,l_out_mouth_bls,7229,7e-06,0.000107,0.000411
THAIZ_BODY_PLY,C_facial_local_BLS,l_out_mouth_bls,7248,-0.000924,0.000867,0.002841
THAIZ_BODY_PLY,C_facial_local_BLS,l_out_mouth_bls,7249,-0.000203,0.000478,0.001042
THAIZ_BODY_PLY,C_facial_local_BLS,l_out_mouth_bls,7250,-7.7e-05,0.000201,0.000447
THAIZ_BODY_PLY,C_facial_local_BLS,l_out_mouth_bls,7251,-1.9e-05,5.2e-05,0.000117
THAIZ_BODY_PLY,C_facial_local_BLS,l_out_mouth_bls,7252,-1e-06,3e-06,8e-06
THAIZ_BODY_PLY,C_facial_local_BLS,l_out_mouth_bls,7265,-1e-06,5e-06,1e-06
THAIZ_BODY_PLY,C_facial_local_BLS,l_out_mouth_bls,7266,-2.9e-05,0.000159,9.8e-05
THAIZ_BODY_PLY,C_facial_local_BLS,l_out_mouth_bls,7267,-0.000187,0.000856,0.000814
THAIZ_BODY_PLY,C_facial_local_BLS,l_out_mouth_bls,7268,-0.000618,0.001724,0.002249
THAIZ_BODY_PLY,C_facial_local_BLS,l_out_mouth_bls,7269,-0.001133,0.002177,0.004027
THAIZ_BODY_PLY,C_facial_local_BLS,l_out_mouth_bls,7270,-0.001799,0.001462,0.006996
THAIZ_BODY_PLY,C_facial_local_BLS,l_out_mouth_bls,7271,-0.001971,0.001204,0.005912
THAIZ_BODY_PLY,C_facial_local_BLS,l_out_mouth_bls,7272,-0.000154,0.00018,0.000384
THAIZ_BODY_PLY,C_facial_local_BLS,l_out_mouth_bls,7273,-2.3e-05,3.6e-05,7e-05
THAIZ_BODY_PLY,C_facial_local_BLS,l_out_mouth_bls,7276,-1e-06,1e-06,3e-06
THAIZ_BODY_PLY,C_facial_local_BLS,l_out_mouth_bls,7308,-0.0,2e-06,0.0
THAIZ_BODY_PLY,C_facial_local_BLS,l_out_mouth_bls,7310,-1.2e-05,4.2e-05,4e-06
THAIZ_BODY_PLY,C_facial_local_BLS,l_out_mouth_bls,7312,-8.4e-05,0.000217,6.6e-05
THAIZ_BODY_PLY,C_facial_local_BLS,l_out_mouth_bls,7313,-2e-06,5e-06,4e-06
THAIZ_BODY_PLY,C_facial_local_BLS,l_out_mouth_bls,7314,-0.000405,0.000698,0.000514
THAIZ_BODY_PLY,C_facial_local_BLS,l_out_mouth_bls,7315,-0.001181,0.001321,0.002606
THAIZ_BODY_PLY,C_facial_local_BLS,l_out_mouth_bls,7316,-0.000847,0.000938,0.001933
THAIZ_BODY_PLY,C_facial_local_BLS,l_out_mouth_bls,7317,-0.000125,0.000327,0.00032
THAIZ_BODY_PLY,C_facial_local_BLS,l_out_mouth_bls,7318,-0.001259,0.000898,0.003264
THAIZ_BODY_PLY,C_facial_local_BLS,l_out_mouth_bls,7319,-0.000634,0.000608,0.001612
THAIZ_BODY_PLY,C_facial_local_BLS,l_out_mouth_bls,7320,-0.000113,0.000693,0.001559
THAIZ_BODY_PLY,C_facial_local_BLS,l_out_mouth_bls,7321,-0.000463,0.001244,0.003281
THAIZ_BODY_PLY,C_facial_local_BLS,l_out_mouth_bls,7322,-0.002051,0.001873,0.007628
THAIZ_BODY_PLY,C_facial_local_BLS,l_out_mouth_bls,7323,-0.003411,0.001542,0.015801
THAIZ_BODY_PLY,C_facial_local_BLS,l_out_mouth_bls,7324,-0.002784,0.001632,0.018332
THAIZ_BODY_PLY,C_facial_local_BLS,l_out_mouth_bls,7325,-0.00059,0.003199,0.00678
THAIZ_BODY_PLY,C_facial_local_BLS,l_out_mouth_bls,7326,-3.1e-05,0.001828,0.003452
THAIZ_BODY_PLY,C_facial_local_BLS,l_out_mouth_bls,7327,6.1e-05,0.000546,0.000852
THAIZ_BODY_PLY,C_facial_local_BLS,l_out_mouth_bls,7328,1.1e-05,4.1e-05,4.9e-05
THAIZ_BODY_PLY,C_facial_local_BLS,l_out_mouth_bls,7329,0.0,1e-06,2e-06
THAIZ_BODY_PLY,C_facial_local_BLS,l_out_mouth_bls,7339,-1e-06,1e-06,3e-06
THAIZ_BODY_PLY,C_facial_local_BLS,l_out_mouth_bls,7340,-8e-06,4.3e-05,0.000103
THAIZ_BODY_PLY,C_facial_local_BLS,l_out_mouth_bls,7341,-4.1e-05,0.000266,0.000602
THAIZ_BODY_PLY,C_facial_local_BLS,l_out_mouth_bls,7342,-5.7e-05,0.001076,0.0023
THAIZ_BODY_PLY,C_facial_local_BLS,l_out_mouth_bls,7343,-0.000613,0.001869,0.005023
THAIZ_BODY_PLY,C_facial_local_BLS,l_out_mouth_bls,7344,-0.002621,0.002648,0.011479
THAIZ_BODY_PLY,C_facial_local_BLS,l_out_mouth_bls,7345,-0.004068,0.001925,0.023282
THAIZ_BODY_PLY,C_facial_local_BLS,l_out_mouth_bls,7346,-0.003136,0.001951,0.026669
THAIZ_BODY_PLY,C_facial_local_BLS,l_out_mouth_bls,7347,-0.000339,0.004263,0.010437
THAIZ_BODY_PLY,C_facial_local_BLS,l_out_mouth_bls,7348,0.000117,0.002641,0.005852
THAIZ_BODY_PLY,C_facial_local_BLS,l_out_mouth_bls,7349,0.000117,0.001011,0.001867
THAIZ_BODY_PLY,C_facial_local_BLS,l_out_mouth_bls,7350,1.7e-05,7.4e-05,0.000115
THAIZ_BODY_PLY,C_facial_local_BLS,l_out_mouth_bls,7351,1e-06,8e-06,1.2e-05
THAIZ_BODY_PLY,C_facial_local_BLS,l_out_mouth_bls,7361,-1e-06,2e-06,8e-06
THAIZ_BODY_PLY,C_facial_local_BLS,l_out_mouth_bls,7362,-7e-06,8.7e-05,0.000198
THAIZ_BODY_PLY,C_facial_local_BLS,l_out_mouth_bls,7363,-2.1e-05,0.000432,0.000929
THAIZ_BODY_PLY,C_facial_local_BLS,l_out_mouth_bls,7366,-0.00131,0.004209,0.017384
THAIZ_BODY_PLY,C_facial_local_BLS,l_out_mouth_bls,7367,-0.001451,0.003411,0.01146
THAIZ_BODY_PLY,C_facial_local_BLS,l_out_mouth_bls,7396,-2e-06,4e-06,8e-06
THAIZ_BODY_PLY,C_facial_local_BLS,l_out_mouth_bls,7397,-2.6e-05,5.4e-05,0.000114
THAIZ_BODY_PLY,C_facial_local_BLS,l_out_mouth_bls,7398,-0.000122,0.000228,0.000469
THAIZ_BODY_PLY,C_facial_local_BLS,l_out_mouth_bls,7399,-0.000507,0.000528,0.001415
THAIZ_BODY_PLY,C_facial_local_BLS,l_out_mouth_bls,7400,-0.001481,0.000952,0.003942
THAIZ_BODY_PLY,C_facial_local_BLS,l_out_mouth_bls,7401,-0.001269,0.001402,0.003534
THAIZ_BODY_PLY,C_facial_local_BLS,l_out_mouth_bls,7402,-0.000809,0.001452,0.001878
THAIZ_BODY_PLY,C_facial_local_BLS,l_out_mouth_bls,7403,-0.000346,0.00091,0.000834
THAIZ_BODY_PLY,C_facial_local_BLS,l_out_mouth_bls,7404,-7.7e-05,0.000337,0.000182
THAIZ_BODY_PLY,C_facial_local_BLS,l_out_mouth_bls,7405,-7e-06,3.2e-05,8e-06
THAIZ_BODY_PLY,C_facial_local_BLS,l_out_mouth_bls,7416,-0.00144,0.001298,0.004858
THAIZ_BODY_PLY,C_facial_local_BLS,l_out_mouth_bls,7417,-0.002652,0.001363,0.009991
THAIZ_BODY_PLY,C_facial_local_BLS,l_out_mouth_bls,7418,-0.002281,0.001556,0.011729
THAIZ_BODY_PLY,C_facial_local_BLS,l_out_mouth_bls,7419,-0.001368,0.002912,0.006762
THAIZ_BODY_PLY,C_facial_local_BLS,l_out_mouth_bls,7420,-0.000694,0.002438,0.004054
THAIZ_BODY_PLY,C_facial_local_BLS,l_out_mouth_bls,7421,-0.000159,0.001288,0.001723
THAIZ_BODY_PLY,C_facial_local_BLS,l_out_mouth_bls,7422,-8e-06,0.000295,0.000301
THAIZ_BODY_PLY,C_facial_local_BLS,l_out_mouth_bls,7423,0.0,1.4e-05,8e-06
THAIZ_BODY_PLY,C_facial_local_BLS,l_out_mouth_bls,7436,-5e-06,1.5e-05,3.6e-05
THAIZ_BODY_PLY,C_facial_local_BLS,l_out_mouth_bls,7437,-3.6e-05,0.000137,0.000314
THAIZ_BODY_PLY,C_facial_local_BLS,l_out_mouth_bls,7438,-0.000113,0.000415,0.000944
THAIZ_BODY_PLY,C_facial_local_BLS,l_out_mouth_bls,7439,-0.000304,0.000808,0.001937
THAIZ_BODY_PLY,C_facial_local_BLS,l_out_mouth_bls,8160,-0.0,-1e-06,5e-06
THAIZ_BODY_PLY,C_facial_local_BLS,l_out_mouth_bls,8168,-6e-06,-1.6e-05,1.6e-05
THAIZ_BODY_PLY,C_facial_local_BLS,l_out_mouth_bls,8526,-9.8e-05,-0.000416,0.000142
THAIZ_BODY_PLY,C_facial_local_BLS,l_out_mouth_bls,8527,-0.000142,-0.00098,0.000736
THAIZ_BODY_PLY,C_facial_local_BLS,l_out_mouth_bls,8528,3.2e-05,0.000123,0.000143
THAIZ_BODY_PLY,C_facial_local_BLS,l_out_mouth_bls,8532,4.7e-05,-0.000425,0.00105
THAIZ_BODY_PLY,C_facial_local_BLS,l_out_mouth_bls,8758,9.9e-05,0.000109,0.000611
THAIZ_BODY_PLY,C_facial_local_BLS,l_up_mouth_bls,4,-3.4e-05,-3.7e-05,-8e-05
THAIZ_BODY_PLY,C_facial_local_BLS,l_up_mouth_bls,5,-0.000291,-0.000207,-0.00053
THAIZ_BODY_PLY,C_facial_local_BLS,l_up_mouth_bls,6,-0.000344,0.000181,-0.001702
THAIZ_BODY_PLY,C_facial_local_BLS,l_up_mouth_bls,7,0.002615,0.005143,-0.004501
THAIZ_BODY_PLY,C_facial_local_BLS,l_up_mouth_bls,8,0.009185,0.019264,7.2e-05
THAIZ_BODY_PLY,C_facial_local_BLS,l_up_mouth_bls,9,0.018128,0.068968,0.045818
THAIZ_BODY_PLY,C_facial_local_BLS,l_up_mouth_bls,10,0.011469,0.158046,0.143485
THAIZ_BODY_PLY,C_facial_local_BLS,l_up_mouth_bls,11,-0.055044,0.135623,0.14563
THAIZ_BODY_PLY,C_facial_local_BLS,l_up_mouth_bls,12,0.028376,0.070788,0.020203
THAIZ_BODY_PLY,C_facial_local_BLS,l_up_mouth_bls,13,0.033004,0.026685,-0.016426
THAIZ_BODY_PLY,C_facial_local_BLS,l_up_mouth_bls,14,0.017946,-0.002288,-0.018205
THAIZ_BODY_PLY,C_facial_local_BLS,l_up_mouth_bls,15,-0.00056,0.000758,-0.001193
THAIZ_BODY_PLY,C_facial_local_BLS,l_up_mouth_bls,16,-0.000102,0.000165,-0.000238
THAIZ_BODY_PLY,C_facial_local_BLS,l_up_mouth_bls,26,0.002837,0.008915,-0.001014
THAIZ_BODY_PLY,C_facial_local_BLS,l_up_mouth_bls,27,0.013388,0.038093,-0.006353
THAIZ_BODY_PLY,C_facial_local_BLS,l_up_mouth_bls,28,0.016298,0.048864,-0.005172
THAIZ_BODY_PLY,C_facial_local_BLS,l_up_mouth_bls,29,0.00483,0.068947,0.030412
THAIZ_BODY_PLY,C_facial_local_BLS,l_up_mouth_bls,30,0.00413,0.14279,0.116319
THAIZ_BODY_PLY,C_facial_local_BLS,l_up_mouth_bls,31,-0.005186,0.234645,0.232062
THAIZ_BODY_PLY,C_facial_local_BLS,l_up_mouth_bls,32,-0.02274,0.22609,0.221917
THAIZ_BODY_PLY,C_facial_local_BLS,l_up_mouth_bls,33,0.011665,0.111043,0.052015
THAIZ_BODY_PLY,C_facial_local_BLS,l_up_mouth_bls,34,0.006162,0.049332,0.001181
THAIZ_BODY_PLY,C_facial_local_BLS,l_up_mouth_bls,35,0.005127,0.018305,-0.009233
THAIZ_BODY_PLY,C_facial_local_BLS,l_up_mouth_bls,36,-0.000251,0.002018,-0.005187
THAIZ_BODY_PLY,C_facial_local_BLS,l_up_mouth_bls,37,-0.000436,0.00046,-0.001145
THAIZ_BODY_PLY,C_facial_local_BLS,l_up_mouth_bls,38,-4.2e-05,5e-05,-0.000119
THAIZ_BODY_PLY,C_facial_local_BLS,l_up_mouth_bls,46,0.001979,0.007961,-0.000398
THAIZ_BODY_PLY,C_facial_local_BLS,l_up_mouth_bls,47,0.016513,0.059123,-0.004766
THAIZ_BODY_PLY,C_facial_local_BLS,l_up_mouth_bls,48,0.03409,0.114364,-0.010513
THAIZ_BODY_PLY,C_facial_local_BLS,l_up_mouth_bls,49,0.022141,0.105407,0.01079
THAIZ_BODY_PLY,C_facial_local_BLS,l_up_mouth_bls,50,-0.010162,0.113008,0.081113
THAIZ_BODY_PLY,C_facial_local_BLS,l_up_mouth_bls,51,-0.01256,0.164024,0.160456
THAIZ_BODY_PLY,C_facial_local_BLS,l_up_mouth_bls,52,-0.00663,0.198164,0.219548
THAIZ_BODY_PLY,C_facial_local_BLS,l_up_mouth_bls,53,-0.016297,0.182439,0.193334
THAIZ_BODY_PLY,C_facial_local_BLS,l_up_mouth_bls,54,-0.016811,0.126532,0.052483
THAIZ_BODY_PLY,C_facial_local_BLS,l_up_mouth_bls,55,-0.031274,0.078975,-0.002875
THAIZ_BODY_PLY,C_facial_local_BLS,l_up_mouth_bls,56,-0.028543,0.044008,-0.011875
THAIZ_BODY_PLY,C_facial_local_BLS,l_up_mouth_bls,57,-0.014216,0.017759,-0.012728
THAIZ_BODY_PLY,C_facial_local_BLS,l_up_mouth_bls,58,-0.002811,0.005611,-0.004867
THAIZ_BODY_PLY,C_facial_local_BLS,l_up_mouth_bls,59,-0.000289,0.000417,-0.000686
THAIZ_BODY_PLY,C_facial_local_BLS,l_up_mouth_bls,60,-1e-06,1e-06,-2e-06
THAIZ_BODY_PLY,C_facial_local_BLS,l_up_mouth_bls,67,-0.000665,0.000485,0.00161
THAIZ_BODY_PLY,C_facial_local_BLS,l_up_mouth_bls,68,-0.004697,0.003765,0.011573
THAIZ_BODY_PLY,C_facial_local_BLS,l_up_mouth_bls,69,-0.008667,0.007331,0.021555
THAIZ_BODY_PLY,C_facial_local_BLS,l_up_mouth_bls,70,-0.02897,-0.014323,-0.021303
THAIZ_BODY_PLY,C_facial_local_BLS,l_up_mouth_bls,71,-0.000683,0.02228,0.024384
THAIZ_BODY_PLY,C_facial_local_BLS,l_up_mouth_bls,72,0.006174,0.026771,0.020081
THAIZ_BODY_PLY,C_facial_local_BLS,l_up_mouth_bls,73,0.002418,0.032717,0.014488
THAIZ_BODY_PLY,C_facial_local_BLS,l_up_mouth_bls,74,-0.017856,0.052268,0.001094
THAIZ_BODY_PLY,C_facial_local_BLS,l_up_mouth_bls,75,-0.042953,0.064802,-0.029484
THAIZ_BODY_PLY,C_facial_local_BLS,l_up_mouth_bls,76,-0.065297,0.045269,-0.046417
THAIZ_BODY_PLY,C_facial_local_BLS,l_up_mouth_bls,77,-0.058108,0.03683,-0.050056
THAIZ_BODY_PLY,C_facial_local_BLS,l_up_mouth_bls,78,-0.030104,0.028937,-0.037605
THAIZ_BODY_PLY,C_facial_local_BLS,l_up_mouth_bls,79,-0.007943,0.011688,-0.013277
THAIZ_BODY_PLY,C_facial_local_BLS,l_up_mouth_bls,80,-0.001164,0.001963,-0.001748
THAIZ_BODY_PLY,C_facial_local_BLS,l_up_mouth_bls,81,-1.7e-05,3.9e-05,-3e-05
THAIZ_BODY_PLY,C_facial_local_BLS,l_up_mouth_bls,87,-2e-06,0.0,5e-06
THAIZ_BODY_PLY,C_facial_local_BLS,l_up_mouth_bls,88,-0.000445,6.4e-05,0.00088
THAIZ_BODY_PLY,C_facial_local_BLS,l_up_mouth_bls,89,-0.000687,-0.000996,0.000467
THAIZ_BODY_PLY,C_facial_local_BLS,l_up_mouth_bls,90,-0.000678,-0.000363,0.000411
THAIZ_BODY_PLY,C_facial_local_BLS,l_up_mouth_bls,91,-0.002845,0.001798,0.001552
THAIZ_BODY_PLY,C_facial_local_BLS,l_up_mouth_bls,92,-0.011597,0.007087,0.003521
THAIZ_BODY_PLY,C_facial_local_BLS,l_up_mouth_bls,93,-0.026494,0.015451,0.004105
THAIZ_BODY_PLY,C_facial_local_BLS,l_up_mouth_bls,94,-0.044407,0.027395,-0.000398
THAIZ_BODY_PLY,C_facial_local_BLS,l_up_mouth_bls,95,-0.059365,0.038285,-0.011905
THAIZ_BODY_PLY,C_facial_local_BLS,l_up_mouth_bls,96,-0.05484,0.06328,-0.021618
THAIZ_BODY_PLY,C_facial_local_BLS,l_up_mouth_bls,97,-0.043916,0.045407,-0.023226
THAIZ_BODY_PLY,C_facial_local_BLS,l_up_mouth_bls,98,-0.021032,0.02726,-0.0135
THAIZ_BODY_PLY,C_facial_local_BLS,l_up_mouth_bls,99,-0.005848,0.009455,-0.00416
THAIZ_BODY_PLY,C_facial_local_BLS,l_up_mouth_bls,100,-0.000836,0.001459,-0.000467
THAIZ_BODY_PLY,C_facial_local_BLS,l_up_mouth_bls,101,-2e-06,6e-06,-2e-06
THAIZ_BODY_PLY,C_facial_local_BLS,l_up_mouth_bls,111,-3.8e-05,-1.1e-05,3.2e-05
THAIZ_BODY_PLY,C_facial_local_BLS,l_up_mouth_bls,112,-0.00022,-1e-06,0.000178
THAIZ_BODY_PLY,C_facial_local_BLS,l_up_mouth_bls,113,-0.000395,9.1e-05,0.000305
THAIZ_BODY_PLY,C_facial_local_BLS,l_up_mouth_bls,114,-0.000369,0.000177,0.000275
THAIZ_BODY_PLY,C_facial_local_BLS,l_up_mouth_bls,115,-0.000164,0.000179,0.000119
THAIZ_BODY_PLY,C_facial_local_BLS,l_up_mouth_bls,116,-4.3e-05,6.3e-05,3.9e-05
THAIZ_BODY_PLY,C_facial_local_BLS,l_up_mouth_bls,173,-5e-06,-1e-05,1e-06
THAIZ_BODY_PLY,C_facial_local_BLS,l_up_mouth_bls,174,-0.000249,-0.000449,8.1e-05
THAIZ_BODY_PLY,C_facial_local_BLS,l_up_mouth_bls,175,-0.00122,-0.001885,0.000466
THAIZ_BODY_PLY,C_facial_local_BLS,l_up_mouth_bls,176,-0.003806,-0.004312,0.001421
THAIZ_BODY_PLY,C_facial_local_BLS,l_up_mouth_bls,177,-0.009689,-0.006056,0.002868
THAIZ_BODY_PLY,C_facial_local_BLS,l_up_mouth_bls,178,-0.018087,-0.004602,0.003963
THAIZ_BODY_PLY,C_facial_local_BLS,l_up_mouth_bls,179,-0.026203,0.000907,0.004227
THAIZ_BODY_PLY,C_facial_local_BLS,l_up_mouth_bls,180,-0.030488,0.008283,0.00338
THAIZ_BODY_PLY,C_facial_local_BLS,l_up_mouth_bls,181,-0.026977,0.017963,0.001108
THAIZ_BODY_PLY,C_facial_local_BLS,l_up_mouth_bls,182,-0.018884,0.015665,-0.000198
THAIZ_BODY_PLY,C_facial_local_BLS,l_up_mouth_bls,183,-0.009886,0.010686,0.000221
THAIZ_BODY_PLY,C_facial_local_BLS,l_up_mouth_bls,184,-0.00294,0.004272,0.000255
THAIZ_BODY_PLY,C_facial_local_BLS,l_up_mouth_bls,185,-0.000388,0.000716,3.8e-05
THAIZ_BODY_PLY,C_facial_local_BLS,l_up_mouth_bls,217,-0.000103,-0.000129,-3.7e-05
THAIZ_BODY_PLY,C_facial_local_BLS,l_up_mouth_bls,218,-0.000442,-0.000491,0.000244
THAIZ_BODY_PLY,C_facial_local_BLS,l_up_mouth_bls,219,-0.00167,-0.00115,0.000876
THAIZ_BODY_PLY,C_facial_local_BLS,l_up_mouth_bls,220,-0.003915,-0.001213,0.001922
THAIZ_BODY_PLY,C_facial_local_BLS,l_up_mouth_bls,221,-0.006432,-1.3e-05,0.002974
THAIZ_BODY_PLY,C_facial_local_BLS,l_up_mouth_bls,222,-0.007832,0.001889,0.003476
THAIZ_BODY_PLY,C_facial_local_BLS,l_up_mouth_bls,223,-0.006991,0.003899,0.003054
THAIZ_BODY_PLY,C_facial_local_BLS,l_up_mouth_bls,224,-0.004692,0.004591,0.001806
THAIZ_BODY_PLY,C_facial_local_BLS,l_up_mouth_bls,225,-0.002402,0.002892,0.001252
THAIZ_BODY_PLY,C_facial_local_BLS,l_up_mouth_bls,226,-0.000652,0.000937,0.000348
THAIZ_BODY_PLY,C_facial_local_BLS,l_up_mouth_bls,227,-3.4e-05,6.1e-05,1.8e-05
THAIZ_BODY_PLY,C_facial_local_BLS,l_up_mouth_bls,350,0.001111,0.00622,-5.9e-05
THAIZ_BODY_PLY,C_facial_local_BLS,l_up_mouth_bls,351,0.005363,0.032535,0.00193
THAIZ_BODY_PLY,C_facial_local_BLS,l_up_mouth_bls,352,0.004497,0.04981,0.013583
THAIZ_BODY_PLY,C_facial_local_BLS,l_up_mouth_bls,353,-0.00747,0.045645,0.038384
THAIZ_BODY_PLY,C_facial_local_BLS,l_up_mouth_bls,354,-0.018119,0.063033,0.075126
THAIZ_BODY_PLY,C_facial_local_BLS,l_up_mouth_bls,355,-0.002351,0.080504,0.088748
THAIZ_BODY_PLY,C_facial_local_BLS,l_up_mouth_bls,356,0.012397,0.067567,0.085283
THAIZ_BODY_PLY,C_facial_local_BLS,l_up_mouth_bls,357,0.005975,0.064882,0.068645
THAIZ_BODY_PLY,C_facial_local_BLS,l_up_mouth_bls,358,-0.010372,0.051448,0.003513
THAIZ_BODY_PLY,C_facial_local_BLS,l_up_mouth_bls,359,-0.037323,0.021711,-0.021985
THAIZ_BODY_PLY,C_facial_local_BLS,l_up_mouth_bls,360,-0.040432,0.003128,-0.026701
THAIZ_BODY_PLY,C_facial_local_BLS,l_up_mouth_bls,361,-0.026737,-0.004825,-0.024122
THAIZ_BODY_PLY,C_facial_local_BLS,l_up_mouth_bls,362,-0.009299,0.000397,-0.009039
THAIZ_BODY_PLY,C_facial_local_BLS,l_up_mouth_bls,363,-0.001536,0.000996,-0.001754
THAIZ_BODY_PLY,C_facial_local_BLS,l_up_mouth_bls,364,-3.7e-05,8.1e-05,-9.4e-05
THAIZ_BODY_PLY,C_facial_local_BLS,l_up_mouth_bls,391,-0.086897,0.496279,0.407116
THAIZ_BODY_PLY,C_facial_local_BLS,l_up_mouth_bls,392,-0.036076,0.202982,0.19956
THAIZ_BODY_PLY,C_facial_local_BLS,l_up_mouth_bls,400,-0.101004,0.630408,0.462266
THAIZ_BODY_PLY,C_facial_local_BLS,l_up_mouth_bls,401,-0.106607,0.759263,0.467539
THAIZ_BODY_PLY,C_facial_local_BLS,l_up_mouth_bls,402,-0.042359,0.628123,0.267175
THAIZ_BODY_PLY,C_facial_local_BLS,l_up_mouth_bls,403,-0.023039,0.46721,0.169032
THAIZ_BODY_PLY,C_facial_local_BLS,l_up_mouth_bls,404,-0.006146,0.281506,0.090228
THAIZ_BODY_PLY,C_facial_local_BLS,l_up_mouth_bls,419,0.110095,0.853908,0.546542
THAIZ_BODY_PLY,C_facial_local_BLS,l_up_mouth_bls,420,0.200897,0.676398,0.491829
THAIZ_BODY_PLY,C_facial_local_BLS,l_up_mouth_bls,421,-0.126317,0.879018,1.280441
THAIZ_BODY_PLY,C_facial_local_BLS,l_up_mouth_bls,422,-0.126508,0.589555,0.843806
THAIZ_BODY_PLY,C_facial_local_BLS,l_up_mouth_bls,423,-0.065214,0.252858,0.291803
THAIZ_BODY_PLY,C_facial_local_BLS,l_up_mouth_bls,424,6e-06,1.4e-05,4.5e-05
THAIZ_BODY_PLY,C_facial_local_BLS,l_up_mouth_bls,425,-0.003482,0.105356,0.067975
THAIZ_BODY_PLY,C_facial_local_BLS,l_up_mouth_bls,426,0.074716,0.361124,0.231642
THAIZ_BODY_PLY,C_facial_local_BLS,l_up_mouth_bls,427,-1e-06,0.008433,0.003759
THAIZ_BODY_PLY,C_facial_local_BLS,l_up_mouth_bls,431,-0.155027,0.694237,1.051959
THAIZ_BODY_PLY,C_facial_local_BLS,l_up_mouth_bls,433,2.4e-05,0.000739,0.000834
THAIZ_BODY_PLY,C_facial_local_BLS,l_up_mouth_bls,435,-0.002318,0.031205,0.033494
THAIZ_BODY_PLY,C_facial_local_BLS,l_up_mouth_bls,441,0.0,4e-06,5e-06
THAIZ_BODY_PLY,C_facial_local_BLS,l_up_mouth_bls,442,6e-06,0.005623,0.006747
THAIZ_BODY_PLY,C_facial_local_BLS,l_up_mouth_bls,443,-0.016002,0.096991,0.114699
THAIZ_BODY_PLY,C_facial_local_BLS,l_up_mouth_bls,444,-0.034924,0.116652,0.163792
THAIZ_BODY_PLY,C_facial_local_BLS,l_up_mouth_bls,445,-0.059573,0.391514,0.244243
THAIZ_BODY_PLY,C_facial_local_BLS,l_up_mouth_bls,446,-0.029497,0.203814,0.155138
THAIZ_BODY_PLY,C_facial_local_BLS,l_up_mouth_bls,447,-0.001511,0.048304,0.046025
THAIZ_BODY_PLY,C_facial_local_BLS,l_up_mouth_bls,448,0.003684,0.006659,0.007227
THAIZ_BODY_PLY,C_facial_local_BLS,l_up_mouth_bls,455,2e-06,0.000205,4e-06
THAIZ_BODY_PLY,C_facial_local_BLS,l_up_mouth_bls,456,-0.023112,0.252775,0.060603
THAIZ_BODY_PLY,C_facial_local_BLS,l_up_mouth_bls,457,-0.039425,0.361155,0.098534
THAIZ_BODY_PLY,C_facial_local_BLS,l_up_mouth_bls,458,-0.04975,0.437633,0.1471
THAIZ_BODY_PLY,C_facial_local_BLS,l_up_mouth_bls,459,-0.069573,0.510874,0.228639
THAIZ_BODY_PLY,C_facial_local_BLS,l_up_mouth_bls,460,-0.068491,0.469823,0.253481
THAIZ_BODY_PLY,C_facial_local_BLS,l_up_mouth_bls,463,-0.001292,0.113847,0.031451
THAIZ_BODY_PLY,C_facial_local_BLS,l_up_mouth_bls,464,-0.01075,0.144492,0.029502
THAIZ_BODY_PLY,C_facial_local_BLS,l_up_mouth_bls,469,-0.0718,0.26545,0.236502
THAIZ_BODY_PLY,C_facial_local_BLS,l_up_mouth_bls,470,-0.033902,0.101929,0.125105
THAIZ_BODY_PLY,C_facial_local_BLS,l_up_mouth_bls,471,1e-06,2e-06,7e-06
THAIZ_BODY_PLY,C_facial_local_BLS,l_up_mouth_bls,472,-0.071894,0.400231,0.464298
THAIZ_BODY_PLY,C_facial_local_BLS,l_up_mouth_bls,473,-0.144575,0.469207,0.799329
THAIZ_BODY_PLY,C_facial_local_BLS,l_up_mouth_bls,474,0.047974,0.265567,0.677564
THAIZ_BODY_PLY,C_facial_local_BLS,l_up_mouth_bls,475,0.041235,0.143302,0.547167
THAIZ_BODY_PLY,C_facial_local_BLS,l_up_mouth_bls,476,0.041431,-0.013478,0.471702
THAIZ_BODY_PLY,C_facial_local_BLS,l_up_mouth_bls,477,0.048995,-0.113229,0.423316
THAIZ_BODY_PLY,C_facial_local_BLS,l_up_mouth_bls,478,0.148639,0.000496,0.15175
THAIZ_BODY_PLY,C_facial_local_BLS,l_up_mouth_bls,479,0.092405,0.000733,0.025961
THAIZ_BODY_PLY,C_facial_local_BLS,l_up_mouth_bls,480,0.032953,-0.016314,0.067433
THAIZ_BODY_PLY,C_facial_local_BLS,l_up_mouth_bls,481,0.029292,-0.089552,0.164507
THAIZ_BODY_PLY,C_facial_local_BLS,l_up_mouth_bls,482,0.000623,-0.003599,0.019549
THAIZ_BODY_PLY,C_facial_local_BLS,l_up_mouth_bls,483,0.017865,0.000149,0.001414
THAIZ_BODY_PLY,C_facial_local_BLS,l_up_mouth_bls,484,0.002706,0.006288,-0.007689
THAIZ_BODY_PLY,C_facial_local_BLS,l_up_mouth_bls,485,0.002066,-0.00404,0.00055
THAIZ_BODY_PLY,C_facial_local_BLS,l_up_mouth_bls,486,0.074996,-0.15592,0.37432
THAIZ_BODY_PLY,C_facial_local_BLS,l_up_mouth_bls,491,0.088414,-0.095337,0.295408
THAIZ_BODY_PLY,C_facial_local_BLS,l_up_mouth_bls,495,-0.117916,0.607466,1.236178
THAIZ_BODY_PLY,C_facial_local_BLS,l_up_mouth_bls,496,-0.158869,0.474633,1.136784
THAIZ_BODY_PLY,C_facial_local_BLS,l_up_mouth_bls,497,-0.012723,-0.198788,0.277371
THAIZ_BODY_PLY,C_facial_local_BLS,l_up_mouth_bls,498,-0.050379,-0.229859,0.37494
THAIZ_BODY_PLY,C_facial_local_BLS,l_up_mouth_bls,499,-0.077704,-0.225705,0.437531
THAIZ_BODY_PLY,C_facial_local_BLS,l_up_mouth_bls,500,-0.056465,-0.129108,0.47428
THAIZ_BODY_PLY,C_facial_local_BLS,l_up_mouth_bls,501,0.000229,-0.000164,0.000531
THAIZ_BODY_PLY,C_facial_local_BLS,l_up_mouth_bls,502,3.6e-05,-3e-05,5.5e-05
THAIZ_BODY_PLY,C_facial_local_BLS,l_up_mouth_bls,510,-0.04422,0.056886,0.491041
THAIZ_BODY_PLY,C_facial_local_BLS,l_up_mouth_bls,511,-0.019005,0.153844,0.538095
THAIZ_BODY_PLY,C_facial_local_BLS,l_up_mouth_bls,512,-0.084383,0.352261,0.309562
THAIZ_BODY_PLY,C_facial_local_BLS,l_up_mouth_bls,513,-0.04251,0.150612,0.035674
THAIZ_BODY_PLY,C_facial_local_BLS,l_up_mouth_bls,514,-0.00058,0.002584,0.000285
THAIZ_BODY_PLY,C_facial_local_BLS,l_up_mouth_bls,515,-0.0885,0.328392,0.069028
THAIZ_BODY_PLY,C_facial_local_BLS,l_up_mouth_bls,516,-0.075297,0.366912,0.203775
THAIZ_BODY_PLY,C_facial_local_BLS,l_up_mouth_bls,525,-0.351495,-0.751552,0.364488
THAIZ_BODY_PLY,C_facial_local_BLS,l_up_mouth_bls,526,-0.301538,-0.75828,0.367465
THAIZ_BODY_PLY,C_facial_local_BLS,l_up_mouth_bls,527,-0.27028,-0.57122,0.29885
THAIZ_BODY_PLY,C_facial_local_BLS,l_up_mouth_bls,528,-0.187986,-0.213075,0.26794
THAIZ_BODY_PLY,C_facial_local_BLS,l_up_mouth_bls,529,-0.132862,-0.047376,0.239353
THAIZ_BODY_PLY,C_facial_local_BLS,l_up_mouth_bls,530,-0.007418,0.265099,0.12013
THAIZ_BODY_PLY,C_facial_local_BLS,l_up_mouth_bls,531,-0.062868,0.39912,0.10144
THAIZ_BODY_PLY,C_facial_local_BLS,l_up_mouth_bls,532,-0.033046,0.381237,0.182793
THAIZ_BODY_PLY,C_facial_local_BLS,l_up_mouth_bls,533,-0.064769,0.336549,0.112659
THAIZ_BODY_PLY,C_facial_local_BLS,l_up_mouth_bls,534,-0.092387,0.387944,0.06647
THAIZ_BODY_PLY,C_facial_local_BLS,l_up_mouth_bls,535,-0.073719,0.277566,0.00523
THAIZ_BODY_PLY,C_facial_local_BLS,l_up_mouth_bls,536,-0.081797,0.370914,0.007339
THAIZ_BODY_PLY,C_facial_local_BLS,l_up_mouth_bls,537,-0.004745,0.013434,-0.003382
THAIZ_BODY_PLY,C_facial_local_BLS,l_up_mouth_bls,538,-0.010954,0.073239,0.012627
THAIZ_BODY_PLY,C_facial_local_BLS,l_up_mouth_bls,539,-0.017925,0.399326,0.048639
THAIZ_BODY_PLY,C_facial_local_BLS,l_up_mouth_bls,540,-0.053126,0.170434,0.073573
THAIZ_BODY_PLY,C_facial_local_BLS,l_up_mouth_bls,541,0.202029,0.19427,0.021528
THAIZ_BODY_PLY,C_facial_local_BLS,l_up_mouth_bls,542,-0.015255,0.124847,0.026093
THAIZ_BODY_PLY,C_facial_local_BLS,l_up_mouth_bls,543,0.028861,0.015988,0.04484
THAIZ_BODY_PLY,C_facial_local_BLS,l_up_mouth_bls,544,-0.121153,-0.382665,0.108937
THAIZ_BODY_PLY,C_facial_local_BLS,l_up_mouth_bls,545,-0.001351,0.019821,0.002435
THAIZ_BODY_PLY,C_facial_local_BLS,l_up_mouth_bls,546,-0.001724,0.047436,0.005224
THAIZ_BODY_PLY,C_facial_local_BLS,l_up_mouth_bls,547,8.6e-05,-0.000274,0.000154
THAIZ_BODY_PLY,C_facial_local_BLS,l_up_mouth_bls,548,0.007103,0.000474,-0.002448
THAIZ_BODY_PLY,C_facial_local_BLS,l_up_mouth_bls,549,-0.090001,-0.012921,0.062184
THAIZ_BODY_PLY,C_facial_local_BLS,l_up_mouth_bls,550,-0.307294,-0.594716,0.210693
THAIZ_BODY_PLY,C_facial_local_BLS,l_up_mouth_bls,551,-0.261971,0.028916,0.176003
THAIZ_BODY_PLY,C_facial_local_BLS,l_up_mouth_bls,552,-0.44231,0.085642,0.263286
THAIZ_BODY_PLY,C_facial_local_BLS,l_up_mouth_bls,553,-0.507448,-0.673733,0.385245
THAIZ_BODY_PLY,C_facial_local_BLS,l_up_mouth_bls,554,-0.487098,0.110612,0.255656
THAIZ_BODY_PLY,C_facial_local_BLS,l_up_mouth_bls,555,-0.451363,-0.641892,0.432795
THAIZ_BODY_PLY,C_facial_local_BLS,l_up_mouth_bls,556,-0.003956,0.04972,0.007457
THAIZ_BODY_PLY,C_facial_local_BLS,l_up_mouth_bls,557,-0.008153,0.081247,0.014061
THAIZ_BODY_PLY,C_facial_local_BLS,l_up_mouth_bls,558,-0.016899,0.099277,0.021303
THAIZ_BODY_PLY,C_facial_local_BLS,l_up_mouth_bls,559,-0.027727,0.09836,0.037357
THAIZ_BODY_PLY,C_facial_local_BLS,l_up_mouth_bls,560,-0.001682,0.024696,0.003034
THAIZ_BODY_PLY,C_facial_local_BLS,l_up_mouth_bls,561,-0.006079,0.066114,0.011848
THAIZ_BODY_PLY,C_facial_local_BLS,l_up_mouth_bls,562,-0.004951,0.081994,0.022561
THAIZ_BODY_PLY,C_facial_local_BLS,l_up_mouth_bls,563,0.019452,0.098855,0.007691
THAIZ_BODY_PLY,C_facial_local_BLS,l_up_mouth_bls,564,0.000905,-0.000926,0.000306
THAIZ_BODY_PLY,C_facial_local_BLS,l_up_mouth_bls,565,-0.001027,0.01505,0.00185
THAIZ_BODY_PLY,C_facial_local_BLS,l_up_mouth_bls,566,-0.004163,0.017096,0.001474
THAIZ_BODY_PLY,C_facial_local_BLS,l_up_mouth_bls,567,3.6e-05,0.000797,0.002159
THAIZ_BODY_PLY,C_facial_local_BLS,l_up_mouth_bls,568,9.6e-05,0.002483,0.006203
THAIZ_BODY_PLY,C_facial_local_BLS,l_up_mouth_bls,569,3.6e-05,0.000407,0.00063
THAIZ_BODY_PLY,C_facial_local_BLS,l_up_mouth_bls,576,-0.004861,0.008035,-0.000788
THAIZ_BODY_PLY,C_facial_local_BLS,l_up_mouth_bls,577,-0.053154,0.187152,0.003672
THAIZ_BODY_PLY,C_facial_local_BLS,l_up_mouth_bls,578,-0.019943,0.068235,0.00141
THAIZ_BODY_PLY,C_facial_local_BLS,l_up_mouth_bls,579,-0.001228,0.001197,-0.000173
THAIZ_BODY_PLY,C_facial_local_BLS,l_up_mouth_bls,580,-0.000132,0.000392,6.9e-05
THAIZ_BODY_PLY,C_facial_local_BLS,l_up_mouth_bls,581,-0.010143,0.034606,0.001406
THAIZ_BODY_PLY,C_facial_local_BLS,l_up_mouth_bls,586,-0.000142,0.002083,0.000257
THAIZ_BODY_PLY,C_facial_local_BLS,l_up_mouth_bls,590,-0.000362,0.00531,0.000652
THAIZ_BODY_PLY,C_facial_local_BLS,l_up_mouth_bls,591,-0.000111,0.001633,0.0002
THAIZ_BODY_PLY,C_facial_local_BLS,l_up_mouth_bls,592,-7.6e-05,0.001559,0.000176
THAIZ_BODY_PLY,C_facial_local_BLS,l_up_mouth_bls,601,0.020075,-0.070342,-0.009431
THAIZ_BODY_PLY,C_facial_local_BLS,l_up_mouth_bls,602,0.009844,-0.014598,0.0295
THAIZ_BODY_PLY,C_facial_local_BLS,l_up_mouth_bls,603,0.000447,-0.000365,0.000869
THAIZ_BODY_PLY,C_facial_local_BLS,l_up_mouth_bls,604,-0.281474,-0.262248,0.372454
THAIZ_BODY_PLY,C_facial_local_BLS,l_up_mouth_bls,605,-0.217228,0.131216,0.190151
THAIZ_BODY_PLY,C_facial_local_BLS,l_up_mouth_bls,606,-0.178781,-0.365062,0.309781
THAIZ_BODY_PLY,C_facial_local_BLS,l_up_mouth_bls,607,-0.060812,-0.129621,0.200564
THAIZ_BODY_PLY,C_facial_local_BLS,l_up_mouth_bls,608,-0.113249,-0.047083,0.237724
THAIZ_BODY_PLY,C_facial_local_BLS,l_up_mouth_bls,609,-0.056943,0.090009,0.082818
THAIZ_BODY_PLY,C_facial_local_BLS,l_up_mouth_bls,610,0.005339,0.004819,0.03196
THAIZ_BODY_PLY,C_facial_local_BLS,l_up_mouth_bls,611,0.001426,-0.017986,0.093483
THAIZ_BODY_PLY,C_facial_local_BLS,l_up_mouth_bls,612,-0.010003,0.026961,0.097662
THAIZ_BODY_PLY,C_facial_local_BLS,l_up_mouth_bls,613,0.015772,0.009701,0.018279
THAIZ_BODY_PLY,C_facial_local_BLS,l_up_mouth_bls,614,0.024562,-0.008199,0.024334
THAIZ_BODY_PLY,C_facial_local_BLS,l_up_mouth_bls,615,0.00945,-0.01758,0.020869
THAIZ_BODY_PLY,C_facial_local_BLS,l_up_mouth_bls,616,0.000502,-0.00048,0.000787
THAIZ_BODY_PLY,C_facial_local_BLS,l_up_mouth_bls,617,0.008949,0.01512,0.008779
THAIZ_BODY_PLY,C_facial_local_BLS,l_up_mouth_bls,621,0.000797,0.001181,0.000933
THAIZ_BODY_PLY,C_facial_local_BLS,l_up_mouth_bls,628,-0.073447,0.452447,0.323256
THAIZ_BODY_PLY,C_facial_local_BLS,l_up_mouth_bls,629,-0.034482,0.215494,0.182695
THAIZ_BODY_PLY,C_facial_local_BLS,l_up_mouth_bls,630,-0.003606,0.045838,0.045601
THAIZ_BODY_PLY,C_facial_local_BLS,l_up_mouth_bls,631,0.000299,0.004254,0.004454
THAIZ_BODY_PLY,C_facial_local_BLS,l_up_mouth_bls,640,-0.006363,0.13803,0.033107
THAIZ_BODY_PLY,C_facial_local_BLS,l_up_mouth_bls,641,-0.017025,0.275197,0.075536
THAIZ_BODY_PLY,C_facial_local_BLS,l_up_mouth_bls,642,-0.034903,0.41482,0.131246
THAIZ_BODY_PLY,C_facial_local_BLS,l_up_mouth_bls,643,-0.048474,0.522906,0.200508
THAIZ_BODY_PLY,C_facial_local_BLS,l_up_mouth_bls,644,-0.084442,0.623866,0.326529
THAIZ_BODY_PLY,C_facial_local_BLS,l_up_mouth_bls,645,-0.084914,0.561015,0.352878
THAIZ_BODY_PLY,C_facial_local_BLS,l_up_mouth_bls,646,-0.005083,0.058198,0.011243
THAIZ_BODY_PLY,C_facial_local_BLS,l_up_mouth_bls,647,-0.008148,0.08975,0.018539
THAIZ_BODY_PLY,C_facial_local_BLS,l_up_mouth_bls,648,-0.018486,0.102608,0.031535
THAIZ_BODY_PLY,C_facial_local_BLS,l_up_mouth_bls,649,-0.026824,0.104944,0.052784
THAIZ_BODY_PLY,C_facial_local_BLS,l_up_mouth_bls,650,-0.009379,0.066866,0.025668
THAIZ_BODY_PLY,C_facial_local_BLS,l_up_mouth_bls,651,-0.001762,0.025864,0.003178
THAIZ_BODY_PLY,C_facial_local_BLS,l_up_mouth_bls,652,-0.000277,0.004066,0.0005
THAIZ_BODY_PLY,C_facial_local_BLS,l_up_mouth_bls,657,-5.1e-05,6.6e-05,-5.8e-05
THAIZ_BODY_PLY,C_facial_local_BLS,l_up_mouth_bls,658,-0.001567,0.020256,0.002495
THAIZ_BODY_PLY,C_facial_local_BLS,l_up_mouth_bls,661,0.000186,5.4e-05,0.000466
THAIZ_BODY_PLY,C_facial_local_BLS,l_up_mouth_bls,662,0.004115,-1e-05,0.004076
THAIZ_BODY_PLY,C_facial_local_BLS,l_up_mouth_bls,663,0.018614,0.03158,0.056033
THAIZ_BODY_PLY,C_facial_local_BLS,l_up_mouth_bls,664,-0.032832,0.041935,0.098231
THAIZ_BODY_PLY,C_facial_local_BLS,l_up_mouth_bls,665,-0.320806,0.04499,0.27583
THAIZ_BODY_PLY,C_facial_local_BLS,l_up_mouth_bls,666,-0.740159,0.020595,0.432342
THAIZ_BODY_PLY,C_facial_local_BLS,l_up_mouth_bls,667,-0.667885,0.024584,0.400885
THAIZ_BODY_PLY,C_facial_local_BLS,l_up_mouth_bls,668,-0.295229,-0.019672,0.186556
THAIZ_BODY_PLY,C_facial_local_BLS,l_up_mouth_bls,669,-0.025169,-0.000723,0.022725
THAIZ_BODY_PLY,C_facial_local_BLS,l_up_mouth_bls,670,-0.002469,-0.000951,0.002508
THAIZ_BODY_PLY,C_facial_local_BLS,l_up_mouth_bls,671,-0.000194,-0.000145,0.000308
THAIZ_BODY_PLY,C_facial_local_BLS,l_up_mouth_bls,672,-4e-06,-1e-06,1e-06
THAIZ_BODY_PLY,C_facial_local_BLS,l_up_mouth_bls,679,0.000646,0.01233,0.000469
THAIZ_BODY_PLY,C_facial_local_BLS,l_up_mouth_bls,680,0.00732,0.048732,-0.020485
THAIZ_BODY_PLY,C_facial_local_BLS,l_up_mouth_bls,681,0.0201,0.007673,-0.019824
THAIZ_BODY_PLY,C_facial_local_BLS,l_up_mouth_bls,682,-0.143369,-0.09965,0.082686
THAIZ_BODY_PLY,C_facial_local_BLS,l_up_mouth_bls,683,-0.364998,-0.202302,0.260523
THAIZ_BODY_PLY,C_facial_local_BLS,l_up_mouth_bls,684,-0.568902,-0.334156,0.440991
THAIZ_BODY_PLY,C_facial_local_BLS,l_up_mouth_bls,685,-0.586801,-0.263885,0.554067
THAIZ_BODY_PLY,C_facial_local_BLS,l_up_mouth_bls,686,-0.367141,-0.109664,0.441272
THAIZ_BODY_PLY,C_facial_local_BLS,l_up_mouth_bls,687,-0.144331,0.032389,0.264069
THAIZ_BODY_PLY,C_facial_local_BLS,l_up_mouth_bls,688,-0.013974,0.052979,0.094789
THAIZ_BODY_PLY,C_facial_local_BLS,l_up_mouth_bls,689,0.015058,0.012977,0.017018
THAIZ_BODY_PLY,C_facial_local_BLS,l_up_mouth_bls,690,0.000557,-0.000685,0.000536
THAIZ_BODY_PLY,C_facial_local_BLS,l_up_mouth_bls,691,0.00112,-0.00236,0.001591
THAIZ_BODY_PLY,C_facial_local_BLS,l_up_mouth_bls,692,0.005122,-0.006449,0.00499
THAIZ_BODY_PLY,C_facial_local_BLS,l_up_mouth_bls,693,0.000277,-0.00026,-0.000402
THAIZ_BODY_PLY,C_facial_local_BLS,l_up_mouth_bls,694,0.000247,-0.000607,8.9e-05
THAIZ_BODY_PLY,C_facial_local_BLS,l_up_mouth_bls,698,0.000837,-0.001761,-0.000298
THAIZ_BODY_PLY,C_facial_local_BLS,l_up_mouth_bls,699,0.006788,-0.01013,-0.000198
THAIZ_BODY_PLY,C_facial_local_BLS,l_up_mouth_bls,706,-0.003124,0.050537,0.008053
THAIZ_BODY_PLY,C_facial_local_BLS,l_up_mouth_bls,707,-0.00042,0.022008,0.003529
THAIZ_BODY_PLY,C_facial_local_BLS,l_up_mouth_bls,708,4.9e-05,0.001447,0.000237
THAIZ_BODY_PLY,C_facial_local_BLS,l_up_mouth_bls,724,-0.116514,0.225693,0.55969
THAIZ_BODY_PLY,C_facial_local_BLS,l_up_mouth_bls,725,-0.031935,0.18289,0.160087
THAIZ_BODY_PLY,C_facial_local_BLS,l_up_mouth_bls,726,-0.009627,0.151114,0.07624
THAIZ_BODY_PLY,C_facial_local_BLS,l_up_mouth_bls,727,-0.003038,0.109469,0.036257
THAIZ_BODY_PLY,C_facial_local_BLS,l_up_mouth_bls,728,-0.002994,0.044038,0.00545
THAIZ_BODY_PLY,C_facial_local_BLS,l_up_mouth_bls,729,-0.000169,0.002487,0.000305
THAIZ_BODY_PLY,C_facial_local_BLS,l_up_mouth_bls,732,-0.112306,0.305717,0.422062
THAIZ_BODY_PLY,C_facial_local_BLS,l_up_mouth_bls,733,-0.029987,0.218638,0.155105
THAIZ_BODY_PLY,C_facial_local_BLS,l_up_mouth_bls,734,0.056886,0.188413,0.05252
THAIZ_BODY_PLY,C_facial_local_BLS,l_up_mouth_bls,735,-0.000364,0.097216,0.035755
THAIZ_BODY_PLY,C_facial_local_BLS,l_up_mouth_bls,736,-0.001816,0.026657,0.003274
THAIZ_BODY_PLY,C_facial_local_BLS,l_up_mouth_bls,737,-0.00012,0.001762,0.000216
THAIZ_BODY_PLY,C_facial_local_BLS,l_up_mouth_bls,740,-0.073951,0.428648,0.536489
THAIZ_BODY_PLY,C_facial_local_BLS,l_up_mouth_bls,741,-0.065743,0.358475,0.320574
THAIZ_BODY_PLY,C_facial_local_BLS,l_up_mouth_bls,742,-0.054999,0.331874,0.259666
THAIZ_BODY_PLY,C_facial_local_BLS,l_up_mouth_bls,743,-0.045616,0.298301,0.207962
THAIZ_BODY_PLY,C_facial_local_BLS,l_up_mouth_bls,747,0.001227,-0.002635,-2.2e-05
THAIZ_BODY_PLY,C_facial_local_BLS,l_up_mouth_bls,748,0.011816,-0.019444,0.002311
THAIZ_BODY_PLY,C_facial_local_BLS,l_up_mouth_bls,749,0.006014,-0.009902,0.000454
THAIZ_BODY_PLY,C_facial_local_BLS,l_up_mouth_bls,750,0.000192,-0.000408,-3.1e-05
THAIZ_BODY_PLY,C_facial_local_BLS,l_up_mouth_bls,752,0.092653,-0.096841,0.035994
THAIZ_BODY_PLY,C_facial_local_BLS,l_up_mouth_bls,753,0.041755,-0.034235,0.005217
THAIZ_BODY_PLY,C_facial_local_BLS,l_up_mouth_bls,754,0.099125,-0.107108,0.022302
THAIZ_BODY_PLY,C_facial_local_BLS,l_up_mouth_bls,755,0.102399,0.323269,0.363107
THAIZ_BODY_PLY,C_facial_local_BLS,l_up_mouth_bls,756,0.094578,0.202586,0.315187
THAIZ_BODY_PLY,C_facial_local_BLS,l_up_mouth_bls,757,0.112027,0.100711,0.269361
THAIZ_BODY_PLY,C_facial_local_BLS,l_up_mouth_bls,758,0.141714,0.000897,0.246198
THAIZ_BODY_PLY,C_facial_local_BLS,l_up_mouth_bls,759,0.160093,-0.061336,0.208463
THAIZ_BODY_PLY,C_facial_local_BLS,l_up_mouth_bls,760,0.151267,-0.128514,0.102162
THAIZ_BODY_PLY,C_facial_local_BLS,l_up_mouth_bls,761,0.165165,-0.09405,0.165268
THAIZ_BODY_PLY,C_facial_local_BLS,l_up_mouth_bls,762,0.078848,0.100021,0.134782
THAIZ_BODY_PLY,C_facial_local_BLS,l_up_mouth_bls,763,0.123399,0.069868,0.151944
THAIZ_BODY_PLY,C_facial_local_BLS,l_up_mouth_bls,764,0.161079,0.017908,0.142288
THAIZ_BODY_PLY,C_facial_local_BLS,l_up_mouth_bls,765,0.197621,-0.050502,0.122135
THAIZ_BODY_PLY,C_facial_local_BLS,l_up_mouth_bls,766,0.22161,-0.105484,0.104124
THAIZ_BODY_PLY,C_facial_local_BLS,l_up_mouth_bls,767,0.177193,-0.14981,0.048801
THAIZ_BODY_PLY,C_facial_local_BLS,l_up_mouth_bls,768,0.218514,-0.144509,0.083435
THAIZ_BODY_PLY,C_facial_local_BLS,l_up_mouth_bls,769,2e-06,4e-06,3e-06
THAIZ_BODY_PLY,C_facial_local_BLS,l_up_mouth_bls,770,0.003189,0.000695,0.001386
THAIZ_BODY_PLY,C_facial_local_BLS,l_up_mouth_bls,771,0.015548,-0.004044,0.002766
THAIZ_BODY_PLY,C_facial_local_BLS,l_up_mouth_bls,772,0.032376,-0.011385,0.003537
THAIZ_BODY_PLY,C_facial_local_BLS,l_up_mouth_bls,773,0.049316,-0.020992,0.005207
THAIZ_BODY_PLY,C_facial_local_BLS,l_up_mouth_bls,774,0.060491,-0.039941,0.00651
THAIZ_BODY_PLY,C_facial_local_BLS,l_up_mouth_bls,775,0.060609,-0.03184,0.006349
THAIZ_BODY_PLY,C_facial_local_BLS,l_up_mouth_bls,777,0.000214,-0.000433,-0.000131
THAIZ_BODY_PLY,C_facial_local_BLS,l_up_mouth_bls,778,0.002634,-0.003442,-0.000517
THAIZ_BODY_PLY,C_facial_local_BLS,l_up_mouth_bls,779,0.005128,-0.003281,0.00032
THAIZ_BODY_PLY,C_facial_local_BLS,l_up_mouth_bls,781,0.001443,-0.000735,9.2e-05
THAIZ_BODY_PLY,C_facial_local_BLS,l_up_mouth_bls,782,4e-06,-2e-06,0.0
THAIZ_BODY_PLY,C_facial_local_BLS,l_up_mouth_bls,783,3.4e-05,-1.2e-05,2e-06
THAIZ_BODY_PLY,C_facial_local_BLS,l_up_mouth_bls,790,0.004639,-0.007536,0.002592
THAIZ_BODY_PLY,C_facial_local_BLS,l_up_mouth_bls,791,0.028985,0.061994,-0.028332
THAIZ_BODY_PLY,C_facial_local_BLS,l_up_mouth_bls,792,0.040212,-0.052641,0.013229
THAIZ_BODY_PLY,C_facial_local_BLS,l_up_mouth_bls,793,0.034395,-0.044649,0.006805
THAIZ_BODY_PLY,C_facial_local_BLS,l_up_mouth_bls,794,0.02117,-0.02194,0.002377
THAIZ_BODY_PLY,C_facial_local_BLS,l_up_mouth_bls,795,0.006529,-0.005484,0.00015
THAIZ_BODY_PLY,C_facial_local_BLS,l_up_mouth_bls,798,0.000121,-8.6e-05,0.000237
THAIZ_BODY_PLY,C_facial_local_BLS,l_up_mouth_bls,799,-0.036897,0.000597,0.049871
THAIZ_BODY_PLY,C_facial_local_BLS,l_up_mouth_bls,800,0.010187,0.034308,0.083031
THAIZ_BODY_PLY,C_facial_local_BLS,l_up_mouth_bls,801,0.02443,0.020015,0.213202
THAIZ_BODY_PLY,C_facial_local_BLS,l_up_mouth_bls,802,-0.00464,-0.100298,0.344294
THAIZ_BODY_PLY,C_facial_local_BLS,l_up_mouth_bls,803,-0.013891,-0.151884,0.431589
THAIZ_BODY_PLY,C_facial_local_BLS,l_up_mouth_bls,804,-0.036483,-0.128952,0.485268
THAIZ_BODY_PLY,C_facial_local_BLS,l_up_mouth_bls,805,-0.03662,-0.041141,0.534981
THAIZ_BODY_PLY,C_facial_local_BLS,l_up_mouth_bls,806,-0.04233,0.107957,0.591657
THAIZ_BODY_PLY,C_facial_local_BLS,l_up_mouth_bls,807,-0.045435,0.198777,0.682508
THAIZ_BODY_PLY,C_facial_local_BLS,l_up_mouth_bls,808,-0.171504,0.315978,0.946142
THAIZ_BODY_PLY,C_facial_local_BLS,l_up_mouth_bls,809,-0.145363,0.318389,0.723165
THAIZ_BODY_PLY,C_facial_local_BLS,l_up_mouth_bls,810,-0.106392,0.396422,0.557672
THAIZ_BODY_PLY,C_facial_local_BLS,l_up_mouth_bls,811,-0.070391,0.373726,0.321586
THAIZ_BODY_PLY,C_facial_local_BLS,l_up_mouth_bls,812,-0.078479,0.290869,0.153065
THAIZ_BODY_PLY,C_facial_local_BLS,l_up_mouth_bls,813,-0.034892,0.114447,0.076193
THAIZ_BODY_PLY,C_facial_local_BLS,l_up_mouth_bls,814,-0.000295,0.001343,0.000567
THAIZ_BODY_PLY,C_facial_local_BLS,l_up_mouth_bls,815,-8e-06,4.2e-05,1e-05
THAIZ_BODY_PLY,C_facial_local_BLS,l_up_mouth_bls,816,0.050009,0.299678,0.018848
THAIZ_BODY_PLY,C_facial_local_BLS,l_up_mouth_bls,817,-0.009898,0.252527,0.064617
THAIZ_BODY_PLY,C_facial_local_BLS,l_up_mouth_bls,818,-0.041268,0.226126,0.017971
THAIZ_BODY_PLY,C_facial_local_BLS,l_up_mouth_bls,819,-0.041995,0.129356,-0.006448
THAIZ_BODY_PLY,C_facial_local_BLS,l_up_mouth_bls,820,-0.032008,0.097636,-0.00847
THAIZ_BODY_PLY,C_facial_local_BLS,l_up_mouth_bls,821,-0.024364,0.073712,-0.004493
THAIZ_BODY_PLY,C_facial_local_BLS,l_up_mouth_bls,822,-0.008915,0.028118,0.001173
THAIZ_BODY_PLY,C_facial_local_BLS,l_up_mouth_bls,823,-0.003179,0.009856,0.001279
THAIZ_BODY_PLY,C_facial_local_BLS,l_up_mouth_bls,824,-0.007058,0.023051,0.002075
THAIZ_BODY_PLY,C_facial_local_BLS,l_up_mouth_bls,825,-0.015519,0.049998,0.000903
THAIZ_BODY_PLY,C_facial_local_BLS,l_up_mouth_bls,826,-0.040937,0.126212,-0.006474
THAIZ_BODY_PLY,C_facial_local_BLS,l_up_mouth_bls,827,-0.059315,0.181732,-0.01143
THAIZ_BODY_PLY,C_facial_local_BLS,l_up_mouth_bls,828,-0.082731,0.256317,-0.01533
THAIZ_BODY_PLY,C_facial_local_BLS,l_up_mouth_bls,829,-0.062618,0.308888,0.010442
THAIZ_BODY_PLY,C_facial_local_BLS,l_up_mouth_bls,830,-0.016701,0.271874,0.058388
THAIZ_BODY_PLY,C_facial_local_BLS,l_up_mouth_bls,831,-0.033252,0.267056,0.057652
THAIZ_BODY_PLY,C_facial_local_BLS,l_up_mouth_bls,832,0.0,4e-06,8e-06
THAIZ_BODY_PLY,C_facial_local_BLS,l_up_mouth_bls,833,5e-05,0.00214,0.003816
THAIZ_BODY_PLY,C_facial_local_BLS,l_up_mouth_bls,834,-0.026573,0.12297,0.157461
THAIZ_BODY_PLY,C_facial_local_BLS,l_up_mouth_bls,835,-0.049345,0.241045,0.266227
THAIZ_BODY_PLY,C_facial_local_BLS,l_up_mouth_bls,836,-0.076327,0.389153,0.39528
THAIZ_BODY_PLY,C_facial_local_BLS,l_up_mouth_bls,837,-0.099941,0.527502,0.503484
THAIZ_BODY_PLY,C_facial_local_BLS,l_up_mouth_bls,838,-0.121785,0.691364,0.608297
THAIZ_BODY_PLY,C_facial_local_BLS,l_up_mouth_bls,839,-0.144411,0.907207,0.682209
THAIZ_BODY_PLY,C_facial_local_BLS,l_up_mouth_bls,840,-0.016844,0.749911,0.355126
THAIZ_BODY_PLY,C_facial_local_BLS,l_up_mouth_bls,841,0.002685,0.508176,0.212472
THAIZ_BODY_PLY,C_facial_local_BLS,l_up_mouth_bls,842,0.01014,0.257897,0.096352
THAIZ_BODY_PLY,C_facial_local_BLS,l_up_mouth_bls,843,0.002628,0.041434,0.011635
THAIZ_BODY_PLY,C_facial_local_BLS,l_up_mouth_bls,859,-6e-06,9.2e-05,1.1e-05
THAIZ_BODY_PLY,C_facial_local_BLS,l_up_mouth_bls,860,-0.0,8e-06,1e-06
THAIZ_BODY_PLY,C_facial_local_BLS,l_up_mouth_bls,882,-0.013903,0.119118,0.100271
THAIZ_BODY_PLY,C_facial_local_BLS,l_up_mouth_bls,883,-0.016151,0.119175,0.109803
THAIZ_BODY_PLY,C_facial_local_BLS,l_up_mouth_bls,884,-0.013952,0.098217,0.101983
THAIZ_BODY_PLY,C_facial_local_BLS,l_up_mouth_bls,885,-0.004603,0.044779,0.052231
THAIZ_BODY_PLY,C_facial_local_BLS,l_up_mouth_bls,886,0.0,5e-06,7e-06
THAIZ_BODY_PLY,C_facial_local_BLS,l_up_mouth_bls,888,-0.032889,0.220527,0.08744
THAIZ_BODY_PLY,C_facial_local_BLS,l_up_mouth_bls,889,-0.024966,0.176385,0.08366
THAIZ_BODY_PLY,C_facial_local_BLS,l_up_mouth_bls,890,-0.015447,0.128084,0.071352
THAIZ_BODY_PLY,C_facial_local_BLS,l_up_mouth_bls,891,-0.004146,0.079766,0.053121
THAIZ_BODY_PLY,C_facial_local_BLS,l_up_mouth_bls,892,0.010496,0.03614,0.03036
THAIZ_BODY_PLY,C_facial_local_BLS,l_up_mouth_bls,893,0.030774,0.000668,0.00655
THAIZ_BODY_PLY,C_facial_local_BLS,l_up_mouth_bls,901,-8e-06,2e-06,5e-06
THAIZ_BODY_PLY,C_facial_local_BLS,l_up_mouth_bls,902,-0.003773,0.012909,0.001683
THAIZ_BODY_PLY,C_facial_local_BLS,l_up_mouth_bls,903,-0.010778,0.059556,0.006582
THAIZ_BODY_PLY,C_facial_local_BLS,l_up_mouth_bls,904,-0.018371,0.112262,0.013752
THAIZ_BODY_PLY,C_facial_local_BLS,l_up_mouth_bls,905,-0.026624,0.166229,0.022666
THAIZ_BODY_PLY,C_facial_local_BLS,l_up_mouth_bls,906,-0.034974,0.217275,0.03096
THAIZ_BODY_PLY,C_facial_local_BLS,l_up_mouth_bls,907,-0.039997,0.250917,0.043487
THAIZ_BODY_PLY,C_facial_local_BLS,l_up_mouth_bls,908,-0.043153,0.278463,0.067387
THAIZ_BODY_PLY,C_facial_local_BLS,l_up_mouth_bls,909,-0.038942,0.255619,0.081775
THAIZ_BODY_PLY,C_facial_local_BLS,l_up_mouth_bls,910,-0.009972,0.033451,0.001842
THAIZ_BODY_PLY,C_facial_local_BLS,l_up_mouth_bls,911,-0.020165,0.066428,-3e-05
THAIZ_BODY_PLY,C_facial_local_BLS,l_up_mouth_bls,912,-0.052442,0.168968,-0.006192
THAIZ_BODY_PLY,C_facial_local_BLS,l_up_mouth_bls,913,-0.075573,0.248125,-0.010701
THAIZ_BODY_PLY,C_facial_local_BLS,l_up_mouth_bls,914,-0.107211,0.350904,-0.02156
THAIZ_BODY_PLY,C_facial_local_BLS,l_up_mouth_bls,915,-0.027222,0.388684,0.019807
THAIZ_BODY_PLY,C_facial_local_BLS,l_up_mouth_bls,916,-0.048534,0.311565,0.076215
THAIZ_BODY_PLY,C_facial_local_BLS,l_up_mouth_bls,917,-0.035337,0.275344,0.083971
THAIZ_BODY_PLY,C_facial_local_BLS,l_up_mouth_bls,918,0.125133,0.305361,0.007767
THAIZ_BODY_PLY,C_facial_local_BLS,l_up_mouth_bls,919,-0.033532,0.215101,0.073981
THAIZ_BODY_PLY,C_facial_local_BLS,l_up_mouth_bls,920,-0.020921,0.160367,0.024683
THAIZ_BODY_PLY,C_facial_local_BLS,l_up_mouth_bls,921,-0.018946,0.084863,0.005218
THAIZ_BODY_PLY,C_facial_local_BLS,l_up_mouth_bls,922,-0.010408,0.036739,-0.005509
THAIZ_BODY_PLY,C_facial_local_BLS,l_up_mouth_bls,923,-0.010398,0.030547,-0.001814
THAIZ_BODY_PLY,C_facial_local_BLS,l_up_mouth_bls,924,-0.003453,0.008864,0.000603
THAIZ_BODY_PLY,C_facial_local_BLS,l_up_mouth_bls,925,-0.000648,0.001923,0.000329
THAIZ_BODY_PLY,C_facial_local_BLS,l_up_mouth_bls,926,-0.002652,0.037417,0.00459
THAIZ_BODY_PLY,C_facial_local_BLS,l_up_mouth_bls,927,-0.006797,0.069046,0.008248
THAIZ_BODY_PLY,C_facial_local_BLS,l_up_mouth_bls,928,-0.013004,0.097341,0.012206
THAIZ_BODY_PLY,C_facial_local_BLS,l_up_mouth_bls,929,-0.013027,0.103723,0.015621
THAIZ_BODY_PLY,C_facial_local_BLS,l_up_mouth_bls,930,-0.003995,0.058508,0.00719
THAIZ_BODY_PLY,C_facial_local_BLS,l_up_mouth_bls,931,-0.001334,0.019577,0.002405
THAIZ_BODY_PLY,C_facial_local_BLS,l_up_mouth_bls,932,-0.000903,0.01326,0.001629
THAIZ_BODY_PLY,C_facial_local_BLS,l_up_mouth_bls,936,-0.000223,0.003273,0.000401
THAIZ_BODY_PLY,C_facial_local_BLS,l_up_mouth_bls,938,-0.00019,0.002785,0.000342
THAIZ_BODY_PLY,C_facial_local_BLS,l_up_mouth_bls,944,0.000349,0.000253,-0.000798
THAIZ_BODY_PLY,C_facial_local_BLS,l_up_mouth_bls,945,0.025216,0.022869,-0.058191
THAIZ_BODY_PLY,C_facial_local_BLS,l_up_mouth_bls,946,0.044693,0.039936,-0.078448
THAIZ_BODY_PLY,C_facial_local_BLS,l_up_mouth_bls,947,-0.019077,0.026864,-0.008742
THAIZ_BODY_PLY,C_facial_local_BLS,l_up_mouth_bls,948,-0.225977,-0.129769,0.175702
THAIZ_BODY_PLY,C_facial_local_BLS,l_up_mouth_bls,949,-0.606268,-0.210527,0.487871
THAIZ_BODY_PLY,C_facial_local_BLS,l_up_mouth_bls,950,-0.683321,-0.208443,0.595956
THAIZ_BODY_PLY,C_facial_local_BLS,l_up_mouth_bls,951,-0.359808,-0.103764,0.442891
THAIZ_BODY_PLY,C_facial_local_BLS,l_up_mouth_bls,952,-0.110419,-0.002267,0.232212
THAIZ_BODY_PLY,C_facial_local_BLS,l_up_mouth_bls,953,0.000204,0.02158,0.064281
THAIZ_BODY_PLY,C_facial_local_BLS,l_up_mouth_bls,954,0.014515,-0.001082,0.007641
THAIZ_BODY_PLY,C_facial_local_BLS,l_up_mouth_bls,955,0.000531,-0.001212,0.00028
THAIZ_BODY_PLY,C_facial_local_BLS,l_up_mouth_bls,956,2e-05,-3.7e-05,3.8e-05
THAIZ_BODY_PLY,C_facial_local_BLS,l_up_mouth_bls,958,0.000129,0.00019,0.00026
THAIZ_BODY_PLY,C_facial_local_BLS,l_up_mouth_bls,959,0.00094,0.000356,0.001528
THAIZ_BODY_PLY,C_facial_local_BLS,l_up_mouth_bls,960,0.003296,-0.009606,0.003446
THAIZ_BODY_PLY,C_facial_local_BLS,l_up_mouth_bls,961,0.004129,0.001271,0.004263
THAIZ_BODY_PLY,C_facial_local_BLS,l_up_mouth_bls,962,0.0052,-0.001481,0.003209
THAIZ_BODY_PLY,C_facial_local_BLS,l_up_mouth_bls,963,0.005047,-0.001789,0.005528
THAIZ_BODY_PLY,C_facial_local_BLS,l_up_mouth_bls,964,0.003688,0.000535,0.004362
THAIZ_BODY_PLY,C_facial_local_BLS,l_up_mouth_bls,965,0.002689,-0.001423,0.00441
THAIZ_BODY_PLY,C_facial_local_BLS,l_up_mouth_bls,966,0.002075,-0.001709,0.002569
THAIZ_BODY_PLY,C_facial_local_BLS,l_up_mouth_bls,967,0.000854,-0.000966,0.000821
THAIZ_BODY_PLY,C_facial_local_BLS,l_up_mouth_bls,968,9.5e-05,-0.000165,6.5e-05
THAIZ_BODY_PLY,C_facial_local_BLS,l_up_mouth_bls,972,-0.04861,0.32973,0.178019
THAIZ_BODY_PLY,C_facial_local_BLS,l_up_mouth_bls,973,-0.037297,0.257266,0.158786
THAIZ_BODY_PLY,C_facial_local_BLS,l_up_mouth_bls,974,-0.023735,0.181101,0.124775
THAIZ_BODY_PLY,C_facial_local_BLS,l_up_mouth_bls,975,-0.009138,0.109242,0.085302
THAIZ_BODY_PLY,C_facial_local_BLS,l_up_mouth_bls,976,0.006909,0.046827,0.043124
THAIZ_BODY_PLY,C_facial_local_BLS,l_up_mouth_bls,977,0.026172,0.000156,0.004961
THAIZ_BODY_PLY,C_facial_local_BLS,l_up_mouth_bls,986,-6.4e-05,0.002042,6.2e-05
THAIZ_BODY_PLY,C_facial_local_BLS,l_up_mouth_bls,987,-0.005903,0.061054,0.008957
THAIZ_BODY_PLY,C_facial_local_BLS,l_up_mouth_bls,988,-0.014331,0.139036,0.024488
THAIZ_BODY_PLY,C_facial_local_BLS,l_up_mouth_bls,989,-0.025031,0.223944,0.046261
THAIZ_BODY_PLY,C_facial_local_BLS,l_up_mouth_bls,990,-0.037075,0.307983,0.070159
THAIZ_BODY_PLY,C_facial_local_BLS,l_up_mouth_bls,991,-0.045589,0.364107,0.103594
THAIZ_BODY_PLY,C_facial_local_BLS,l_up_mouth_bls,992,-0.058741,0.418738,0.157982
THAIZ_BODY_PLY,C_facial_local_BLS,l_up_mouth_bls,993,-0.05606,0.386774,0.177521
THAIZ_BODY_PLY,C_facial_local_BLS,l_up_mouth_bls,995,1.4e-05,-4e-06,4.9e-05
THAIZ_BODY_PLY,C_facial_local_BLS,l_up_mouth_bls,996,0.000419,-2e-05,0.000943
THAIZ_BODY_PLY,C_facial_local_BLS,l_up_mouth_bls,997,0.001282,-3.9e-05,0.002119
THAIZ_BODY_PLY,C_facial_local_BLS,l_up_mouth_bls,998,0.005353,0.002178,0.004173
THAIZ_BODY_PLY,C_facial_local_BLS,l_up_mouth_bls,999,0.028667,0.04377,0.047316
THAIZ_BODY_PLY,C_facial_local_BLS,l_up_mouth_bls,1000,-0.02691,0.053122,0.090437
THAIZ_BODY_PLY,C_facial_local_BLS,l_up_mouth_bls,1001,-0.307899,0.042403,0.284636
THAIZ_BODY_PLY,C_facial_local_BLS,l_up_mouth_bls,1002,-0.739093,-0.007364,0.470931
THAIZ_BODY_PLY,C_facial_local_BLS,l_up_mouth_bls,1003,-0.697351,0.005969,0.447722
THAIZ_BODY_PLY,C_facial_local_BLS,l_up_mouth_bls,1004,-0.322389,-0.02277,0.192389
THAIZ_BODY_PLY,C_facial_local_BLS,l_up_mouth_bls,1005,-0.031555,0.010507,0.020764
THAIZ_BODY_PLY,C_facial_local_BLS,l_up_mouth_bls,1006,0.004458,-0.000353,-0.007779
THAIZ_BODY_PLY,C_facial_local_BLS,l_up_mouth_bls,1007,0.000311,-0.000611,-0.001103
THAIZ_BODY_PLY,C_facial_local_BLS,l_up_mouth_bls,1008,3e-06,-5e-06,-1.2e-05
THAIZ_BODY_PLY,C_facial_local_BLS,l_up_mouth_bls,1013,-0.08206,-0.015008,0.064709
THAIZ_BODY_PLY,C_facial_local_BLS,l_up_mouth_bls,1014,0.00465,0.00168,-0.000474
THAIZ_BODY_PLY,C_facial_local_BLS,l_up_mouth_bls,1015,0.000413,-0.000344,0.000405
THAIZ_BODY_PLY,C_facial_local_BLS,l_up_mouth_bls,1016,1.6e-05,-2.2e-05,2.9e-05
THAIZ_BODY_PLY,C_facial_local_BLS,l_up_mouth_bls,1023,4.2e-05,3.3e-05,0.000115
THAIZ_BODY_PLY,C_facial_local_BLS,l_up_mouth_bls,1024,0.000371,0.000267,0.000843
THAIZ_BODY_PLY,C_facial_local_BLS,l_up_mouth_bls,1025,0.001688,0.002426,0.000861
THAIZ_BODY_PLY,C_facial_local_BLS,l_up_mouth_bls,1026,-0.04199,0.05823,0.009079
THAIZ_BODY_PLY,C_facial_local_BLS,l_up_mouth_bls,1027,-0.060541,0.061112,0.133603
THAIZ_BODY_PLY,C_facial_local_BLS,l_up_mouth_bls,1028,-0.298113,0.082213,0.260128
THAIZ_BODY_PLY,C_facial_local_BLS,l_up_mouth_bls,1029,-0.657202,0.072263,0.359009
THAIZ_BODY_PLY,C_facial_local_BLS,l_up_mouth_bls,1030,-0.591243,0.055773,0.344206
THAIZ_BODY_PLY,C_facial_local_BLS,l_up_mouth_bls,1031,-0.288032,-0.001596,0.196278
THAIZ_BODY_PLY,C_facial_local_BLS,l_up_mouth_bls,1032,-0.103342,-0.460797,0.360234
THAIZ_BODY_PLY,C_facial_local_BLS,l_up_mouth_bls,1033,-0.06989,-0.5126,0.306629
THAIZ_BODY_PLY,C_facial_local_BLS,l_up_mouth_bls,1034,0.001756,-0.384356,0.219509
THAIZ_BODY_PLY,C_facial_local_BLS,l_up_mouth_bls,1035,0.068236,-0.202674,0.115749
THAIZ_BODY_PLY,C_facial_local_BLS,l_up_mouth_bls,1036,0.081396,-0.079239,0.030158
THAIZ_BODY_PLY,C_facial_local_BLS,l_up_mouth_bls,1037,0.039573,-0.022399,-0.000493
THAIZ_BODY_PLY,C_facial_local_BLS,l_up_mouth_bls,1038,0.007246,-0.00279,0.002517
THAIZ_BODY_PLY,C_facial_local_BLS,l_up_mouth_bls,1039,0.000318,-0.000232,0.00073
THAIZ_BODY_PLY,C_facial_local_BLS,l_up_mouth_bls,1040,0.003145,-0.003538,0.010094
THAIZ_BODY_PLY,C_facial_local_BLS,l_up_mouth_bls,1041,0.027131,-0.02921,-0.006991
THAIZ_BODY_PLY,C_facial_local_BLS,l_up_mouth_bls,1042,-0.007129,0.02503,0.001264
THAIZ_BODY_PLY,C_facial_local_BLS,l_up_mouth_bls,1043,-0.015057,0.053457,0.002685
THAIZ_BODY_PLY,C_facial_local_BLS,l_up_mouth_bls,1044,-0.050923,0.184077,0.017476
THAIZ_BODY_PLY,C_facial_local_BLS,l_up_mouth_bls,1045,-0.078566,0.297359,0.027662
THAIZ_BODY_PLY,C_facial_local_BLS,l_up_mouth_bls,1046,-0.088469,0.382471,0.034755
THAIZ_BODY_PLY,C_facial_local_BLS,l_up_mouth_bls,1047,-0.067036,0.406624,0.094076
THAIZ_BODY_PLY,C_facial_local_BLS,l_up_mouth_bls,1048,-0.066423,0.356896,0.145498
THAIZ_BODY_PLY,C_facial_local_BLS,l_up_mouth_bls,1049,-0.077923,0.313775,0.215866
THAIZ_BODY_PLY,C_facial_local_BLS,l_up_mouth_bls,1050,-0.078181,0.265184,0.267617
THAIZ_BODY_PLY,C_facial_local_BLS,l_up_mouth_bls,1051,-0.05446,0.220422,0.276748
THAIZ_BODY_PLY,C_facial_local_BLS,l_up_mouth_bls,1052,0.035557,0.126897,0.366874
THAIZ_BODY_PLY,C_facial_local_BLS,l_up_mouth_bls,1053,-0.018204,-0.040455,0.349444
THAIZ_BODY_PLY,C_facial_local_BLS,l_up_mouth_bls,1054,-0.06005,-0.312917,0.357846
THAIZ_BODY_PLY,C_facial_local_BLS,l_up_mouth_bls,1062,2.2e-05,-5.6e-05,-5.9e-05
THAIZ_BODY_PLY,C_facial_local_BLS,l_up_mouth_bls,1065,0.007291,-0.078214,-0.022184
THAIZ_BODY_PLY,C_facial_local_BLS,l_up_mouth_bls,1066,0.01306,0.003549,0.021961
THAIZ_BODY_PLY,C_facial_local_BLS,l_up_mouth_bls,1069,0.003827,0.003078,0.006462
THAIZ_BODY_PLY,C_facial_local_BLS,l_up_mouth_bls,1091,-0.003406,0.011167,0.001274
THAIZ_BODY_PLY,C_facial_local_BLS,l_up_mouth_bls,1092,-0.001879,0.005753,0.000967
THAIZ_BODY_PLY,C_facial_local_BLS,l_up_mouth_bls,1095,-2e-06,6e-06,1e-06
THAIZ_BODY_PLY,C_facial_local_BLS,l_up_mouth_bls,1104,-0.00058,0.001741,0.00031
THAIZ_BODY_PLY,C_facial_local_BLS,l_up_mouth_bls,1105,-4e-06,8e-06,2e-06
THAIZ_BODY_PLY,C_facial_local_BLS,l_up_mouth_bls,1109,0.016127,-0.04479,-0.011978
THAIZ_BODY_PLY,C_facial_local_BLS,l_up_mouth_bls,1110,-0.002953,0.009307,0.001363
THAIZ_BODY_PLY,C_facial_local_BLS,l_up_mouth_bls,1114,-0.002584,0.008815,0.000862
THAIZ_BODY_PLY,C_facial_local_BLS,l_up_mouth_bls,1155,1e-06,2.3e-05,2.9e-05
THAIZ_BODY_PLY,C_facial_local_BLS,l_up_mouth_bls,1156,0.000129,0.003519,0.004724
THAIZ_BODY_PLY,C_facial_local_BLS,l_up_mouth_bls,1157,-0.001422,0.023316,0.032123
THAIZ_BODY_PLY,C_facial_local_BLS,l_up_mouth_bls,1158,-0.005051,0.038321,0.058324
THAIZ_BODY_PLY,C_facial_local_BLS,l_up_mouth_bls,1159,-0.006008,0.028816,0.058482
THAIZ_BODY_PLY,C_facial_local_BLS,l_up_mouth_bls,1160,-0.003594,0.015152,0.032999
THAIZ_BODY_PLY,C_facial_local_BLS,l_up_mouth_bls,1161,-0.005077,0.01725,0.014567
THAIZ_BODY_PLY,C_facial_local_BLS,l_up_mouth_bls,1162,-0.014014,0.05209,0.008237
THAIZ_BODY_PLY,C_facial_local_BLS,l_up_mouth_bls,1163,-0.028602,0.101827,0.007181
THAIZ_BODY_PLY,C_facial_local_BLS,l_up_mouth_bls,1164,-0.034021,0.116889,0.002023
THAIZ_BODY_PLY,C_facial_local_BLS,l_up_mouth_bls,1165,-0.03395,0.10941,-0.002848
THAIZ_BODY_PLY,C_facial_local_BLS,l_up_mouth_bls,1166,-0.026691,0.083477,-0.002287
THAIZ_BODY_PLY,C_facial_local_BLS,l_up_mouth_bls,1167,-0.016101,0.050203,-0.001035
THAIZ_BODY_PLY,C_facial_local_BLS,l_up_mouth_bls,1168,-0.006236,0.021061,-0.000115
THAIZ_BODY_PLY,C_facial_local_BLS,l_up_mouth_bls,1169,-0.002166,0.004978,-0.000239
THAIZ_BODY_PLY,C_facial_local_BLS,l_up_mouth_bls,1172,-1e-06,1.5e-05,2e-06
THAIZ_BODY_PLY,C_facial_local_BLS,l_up_mouth_bls,1184,3.1e-05,0.000267,0.000112
THAIZ_BODY_PLY,C_facial_local_BLS,l_up_mouth_bls,1185,0.022124,0.187354,0.083937
THAIZ_BODY_PLY,C_facial_local_BLS,l_up_mouth_bls,1186,0.052676,0.502854,0.252489
THAIZ_BODY_PLY,C_facial_local_BLS,l_up_mouth_bls,1187,0.067705,0.840592,0.462463
THAIZ_BODY_PLY,C_facial_local_BLS,l_up_mouth_bls,1188,-0.168628,0.943219,0.962257
THAIZ_BODY_PLY,C_facial_local_BLS,l_up_mouth_bls,1189,-0.139623,0.703302,0.785203
THAIZ_BODY_PLY,C_facial_local_BLS,l_up_mouth_bls,1190,-0.110682,0.562384,0.63522
THAIZ_BODY_PLY,C_facial_local_BLS,l_up_mouth_bls,1191,-0.077664,0.413453,0.470207
THAIZ_BODY_PLY,C_facial_local_BLS,l_up_mouth_bls,1192,-0.058966,0.251928,0.297281
THAIZ_BODY_PLY,C_facial_local_BLS,l_up_mouth_bls,1193,-0.032925,0.128411,0.173764
THAIZ_BODY_PLY,C_facial_local_BLS,l_up_mouth_bls,1194,-0.007405,0.040227,0.069452
THAIZ_BODY_PLY,C_facial_local_BLS,l_up_mouth_bls,1195,1.6e-05,0.003429,0.007227
THAIZ_BODY_PLY,C_facial_local_BLS,l_up_mouth_bls,1196,4e-06,1.4e-05,3.8e-05
THAIZ_BODY_PLY,C_facial_local_BLS,l_up_mouth_bls,1270,0.063018,-0.02279,-0.010391
THAIZ_BODY_PLY,C_facial_local_BLS,l_up_mouth_bls,1271,0.076185,-0.023549,-0.011783
THAIZ_BODY_PLY,C_facial_local_BLS,l_up_mouth_bls,1272,0.000223,-8e-06,-8e-05
THAIZ_BODY_PLY,C_facial_local_BLS,l_up_mouth_bls,1292,0.000277,-0.000706,2.3e-05
THAIZ_BODY_PLY,C_facial_local_BLS,l_up_mouth_bls,1293,0.003958,-0.005776,-3.3e-05
THAIZ_BODY_PLY,C_facial_local_BLS,l_up_mouth_bls,1294,0.033863,-0.010301,-0.017485
THAIZ_BODY_PLY,C_facial_local_BLS,l_up_mouth_bls,1295,0.042444,0.011448,0.058773
THAIZ_BODY_PLY,C_facial_local_BLS,l_up_mouth_bls,1296,0.1051,-0.065844,0.138408
THAIZ_BODY_PLY,C_facial_local_BLS,l_up_mouth_bls,1297,0.118164,-0.052872,0.242429
THAIZ_BODY_PLY,C_facial_local_BLS,l_up_mouth_bls,1298,0.107975,-0.00706,0.312914
THAIZ_BODY_PLY,C_facial_local_BLS,l_up_mouth_bls,1299,0.08527,0.011097,0.353619
THAIZ_BODY_PLY,C_facial_local_BLS,l_up_mouth_bls,1300,0.062948,0.12183,0.395053
THAIZ_BODY_PLY,C_facial_local_BLS,l_up_mouth_bls,1301,0.068142,0.223916,0.45635
THAIZ_BODY_PLY,C_facial_local_BLS,l_up_mouth_bls,1302,0.074083,0.377149,0.532896
THAIZ_BODY_PLY,C_facial_local_BLS,l_up_mouth_bls,1303,0.042742,0.761382,0.828123
THAIZ_BODY_PLY,C_facial_local_BLS,l_up_mouth_bls,1304,0.035138,0.95593,0.897475
THAIZ_BODY_PLY,C_facial_local_BLS,l_up_mouth_bls,1305,-0.027229,0.929485,0.710017
THAIZ_BODY_PLY,C_facial_local_BLS,l_up_mouth_bls,1306,-0.064975,0.841509,0.522592
THAIZ_BODY_PLY,C_facial_local_BLS,l_up_mouth_bls,1307,-0.070634,0.70978,0.378687
THAIZ_BODY_PLY,C_facial_local_BLS,l_up_mouth_bls,1308,-0.066171,0.590948,0.271261
THAIZ_BODY_PLY,C_facial_local_BLS,l_up_mouth_bls,1309,-0.060513,0.490291,0.192289
THAIZ_BODY_PLY,C_facial_local_BLS,l_up_mouth_bls,1310,-0.053909,0.405653,0.133177
THAIZ_BODY_PLY,C_facial_local_BLS,l_up_mouth_bls,1311,-0.042467,0.274248,0.055336
THAIZ_BODY_PLY,C_facial_local_BLS,l_up_mouth_bls,1314,0.009253,0.04989,0.037644
THAIZ_BODY_PLY,C_facial_local_BLS,l_up_mouth_bls,1315,0.14606,0.485257,0.426625
THAIZ_BODY_PLY,C_facial_local_BLS,l_up_mouth_bls,1316,0.092616,0.547669,0.658547
THAIZ_BODY_PLY,C_facial_local_BLS,l_up_mouth_bls,1317,0.025066,0.428791,0.89681
THAIZ_BODY_PLY,C_facial_local_BLS,l_up_mouth_bls,1318,-0.093762,0.297372,0.829961
THAIZ_BODY_PLY,C_facial_local_BLS,l_up_mouth_bls,1319,-0.080862,0.243374,0.600471
THAIZ_BODY_PLY,C_facial_local_BLS,l_up_mouth_bls,1320,0.037437,0.200277,0.341855
THAIZ_BODY_PLY,C_facial_local_BLS,l_up_mouth_bls,1321,-0.039267,0.102693,0.154886
THAIZ_BODY_PLY,C_facial_local_BLS,l_up_mouth_bls,1322,0.008542,0.126967,0.056132
THAIZ_BODY_PLY,C_facial_local_BLS,l_up_mouth_bls,1323,0.000828,0.124962,0.021197
THAIZ_BODY_PLY,C_facial_local_BLS,l_up_mouth_bls,1324,-0.003986,0.0588,0.007243
THAIZ_BODY_PLY,C_facial_local_BLS,l_up_mouth_bls,1325,-0.000216,0.003166,0.000389
THAIZ_BODY_PLY,C_facial_local_BLS,l_up_mouth_bls,1330,-0.006809,0.066584,0.013719
THAIZ_BODY_PLY,C_facial_local_BLS,l_up_mouth_bls,1331,-0.009829,0.104709,0.023796
THAIZ_BODY_PLY,C_facial_local_BLS,l_up_mouth_bls,1332,-0.01187,0.122211,0.048694
THAIZ_BODY_PLY,C_facial_local_BLS,l_up_mouth_bls,1333,-0.010543,0.130892,0.056371
THAIZ_BODY_PLY,C_facial_local_BLS,l_up_mouth_bls,1334,-0.014621,0.065335,0.039054
THAIZ_BODY_PLY,C_facial_local_BLS,l_up_mouth_bls,1335,-0.001726,0.025337,0.003113
THAIZ_BODY_PLY,C_facial_local_BLS,l_up_mouth_bls,1336,-0.000162,0.00238,0.000293
THAIZ_BODY_PLY,C_facial_local_BLS,l_up_mouth_bls,1342,-0.00011,0.00024,-0.000275
THAIZ_BODY_PLY,C_facial_local_BLS,l_up_mouth_bls,1343,-0.000917,0.000722,-0.000737
THAIZ_BODY_PLY,C_facial_local_BLS,l_up_mouth_bls,1344,-0.002557,0.020421,0.001459
THAIZ_BODY_PLY,C_facial_local_BLS,l_up_mouth_bls,1347,2.4e-05,-2.5e-05,6.3e-05
THAIZ_BODY_PLY,C_facial_local_BLS,l_up_mouth_bls,1348,0.000646,-0.000392,0.001091
THAIZ_BODY_PLY,C_facial_local_BLS,l_up_mouth_bls,1349,0.002349,-0.001851,0.001374
THAIZ_BODY_PLY,C_facial_local_BLS,l_up_mouth_bls,1350,0.010081,0.000149,0.005603
THAIZ_BODY_PLY,C_facial_local_BLS,l_up_mouth_bls,1351,0.013428,0.02272,0.041206
THAIZ_BODY_PLY,C_facial_local_BLS,l_up_mouth_bls,1352,-0.070942,0.033075,0.163423
THAIZ_BODY_PLY,C_facial_local_BLS,l_up_mouth_bls,1353,-0.348054,-0.035312,0.377904
THAIZ_BODY_PLY,C_facial_local_BLS,l_up_mouth_bls,1354,-0.719449,-0.111401,0.559154
THAIZ_BODY_PLY,C_facial_local_BLS,l_up_mouth_bls,1355,-0.673327,-0.102423,0.493102
THAIZ_BODY_PLY,C_facial_local_BLS,l_up_mouth_bls,1356,-0.29157,-0.073314,0.190069
THAIZ_BODY_PLY,C_facial_local_BLS,l_up_mouth_bls,1357,-0.027715,0.03757,-0.004797
THAIZ_BODY_PLY,C_facial_local_BLS,l_up_mouth_bls,1358,0.028461,0.035581,-0.060707
THAIZ_BODY_PLY,C_facial_local_BLS,l_up_mouth_bls,1359,0.008358,0.003778,-0.026786
THAIZ_BODY_PLY,C_facial_local_BLS,l_up_mouth_bls,1360,5.5e-05,-2.8e-05,-0.000241
THAIZ_BODY_PLY,C_facial_local_BLS,l_up_mouth_bls,1366,-0.000571,0.008385,0.00103
THAIZ_BODY_PLY,C_facial_local_BLS,l_up_mouth_bls,1367,-0.000818,0.012009,0.001474
THAIZ_BODY_PLY,C_facial_local_BLS,l_up_mouth_bls,1368,-0.000965,0.014168,0.00174
THAIZ_BODY_PLY,C_facial_local_BLS,l_up_mouth_bls,1369,-0.000897,0.013168,0.001618
THAIZ_BODY_PLY,C_facial_local_BLS,l_up_mouth_bls,1370,-0.000664,0.009743,0.001197
THAIZ_BODY_PLY,C_facial_local_BLS,l_up_mouth_bls,1371,-0.000412,0.00605,0.000743
THAIZ_BODY_PLY,C_facial_local_BLS,l_up_mouth_bls,1372,-0.000227,0.003326,0.000409
THAIZ_BODY_PLY,C_facial_local_BLS,l_up_mouth_bls,1373,-0.000117,0.001724,0.000212
THAIZ_BODY_PLY,C_facial_local_BLS,l_up_mouth_bls,1374,-7.5e-05,0.001106,0.000135
THAIZ_BODY_PLY,C_facial_local_BLS,l_up_mouth_bls,1375,-6.8e-05,0.000992,0.000122
THAIZ_BODY_PLY,C_facial_local_BLS,l_up_mouth_bls,1376,-7.8e-05,0.001144,0.00014
THAIZ_BODY_PLY,C_facial_local_BLS,l_up_mouth_bls,1377,-9.4e-05,0.001381,0.00017
THAIZ_BODY_PLY,C_facial_local_BLS,l_up_mouth_bls,1378,-0.000175,0.002563,0.000315
THAIZ_BODY_PLY,C_facial_local_BLS,l_up_mouth_bls,1379,-0.000282,0.004143,0.000509
THAIZ_BODY_PLY,C_facial_local_BLS,l_up_mouth_bls,1380,-0.000403,0.005913,0.000727
THAIZ_BODY_PLY,C_facial_local_BLS,l_up_mouth_bls,1381,-0.001778,0.022606,0.002269
THAIZ_BODY_PLY,C_facial_local_BLS,l_up_mouth_bls,1382,-0.003633,0.042555,0.003288
THAIZ_BODY_PLY,C_facial_local_BLS,l_up_mouth_bls,1383,-0.005019,0.058967,0.004258
THAIZ_BODY_PLY,C_facial_local_BLS,l_up_mouth_bls,1384,-0.004247,0.054852,0.004971
THAIZ_BODY_PLY,C_facial_local_BLS,l_up_mouth_bls,1385,-0.001994,0.028792,0.003409
THAIZ_BODY_PLY,C_facial_local_BLS,l_up_mouth_bls,1386,-0.000645,0.009468,0.001163
THAIZ_BODY_PLY,C_facial_local_BLS,l_up_mouth_bls,1387,-7.9e-05,0.00116,0.000143
THAIZ_BODY_PLY,C_facial_local_BLS,l_up_mouth_bls,1393,-5.3e-05,0.000656,8.4e-05
THAIZ_BODY_PLY,C_facial_local_BLS,l_up_mouth_bls,1394,-0.000303,0.00396,0.0005
THAIZ_BODY_PLY,C_facial_local_BLS,l_up_mouth_bls,1395,-0.00073,0.01001,0.001224
THAIZ_BODY_PLY,C_facial_local_BLS,l_up_mouth_bls,1396,-0.002429,0.030998,0.003232
THAIZ_BODY_PLY,C_facial_local_BLS,l_up_mouth_bls,1397,-0.005367,0.060002,0.004997
THAIZ_BODY_PLY,C_facial_local_BLS,l_up_mouth_bls,1398,-0.00979,0.08623,0.007498
THAIZ_BODY_PLY,C_facial_local_BLS,l_up_mouth_bls,1399,-0.008626,0.090358,0.010383
THAIZ_BODY_PLY,C_facial_local_BLS,l_up_mouth_bls,1400,-0.003282,0.047921,0.005824
THAIZ_BODY_PLY,C_facial_local_BLS,l_up_mouth_bls,1401,-0.000966,0.014175,0.001742
THAIZ_BODY_PLY,C_facial_local_BLS,l_up_mouth_bls,1402,-8.3e-05,0.001213,0.000149
THAIZ_BODY_PLY,C_facial_local_BLS,l_up_mouth_bls,1408,-9e-06,9.9e-05,1.3e-05
THAIZ_BODY_PLY,C_facial_local_BLS,l_up_mouth_bls,1409,-0.000264,0.003372,0.000428
THAIZ_BODY_PLY,C_facial_local_BLS,l_up_mouth_bls,1410,-0.000851,0.011635,0.001453
THAIZ_BODY_PLY,C_facial_local_BLS,l_up_mouth_bls,1411,-0.000986,0.014465,0.001777
THAIZ_BODY_PLY,C_facial_local_BLS,l_up_mouth_bls,1412,-0.001717,0.02401,0.002659
THAIZ_BODY_PLY,C_facial_local_BLS,l_up_mouth_bls,1413,-0.002307,0.03122,0.003169
THAIZ_BODY_PLY,C_facial_local_BLS,l_up_mouth_bls,1414,-0.002028,0.028169,0.003038
THAIZ_BODY_PLY,C_facial_local_BLS,l_up_mouth_bls,1415,-0.001143,0.016769,0.002057
THAIZ_BODY_PLY,C_facial_local_BLS,l_up_mouth_bls,1416,-0.00048,0.00705,0.000866
THAIZ_BODY_PLY,C_facial_local_BLS,l_up_mouth_bls,1417,-0.000124,0.001823,0.000224
THAIZ_BODY_PLY,C_facial_local_BLS,l_up_mouth_bls,1418,-1.1e-05,0.000168,2.1e-05
THAIZ_BODY_PLY,C_facial_local_BLS,l_up_mouth_bls,1421,-0.0,8e-06,0.0
THAIZ_BODY_PLY,C_facial_local_BLS,l_up_mouth_bls,1422,-3.4e-05,0.000504,6.1e-05
THAIZ_BODY_PLY,C_facial_local_BLS,l_up_mouth_bls,1423,-0.000117,0.001724,0.000212
THAIZ_BODY_PLY,C_facial_local_BLS,l_up_mouth_bls,1424,-0.000293,0.004303,0.000528
THAIZ_BODY_PLY,C_facial_local_BLS,l_up_mouth_bls,1425,-0.000548,0.008049,0.000989
THAIZ_BODY_PLY,C_facial_local_BLS,l_up_mouth_bls,1428,2.7e-05,-1.9e-05,8.7e-05
THAIZ_BODY_PLY,C_facial_local_BLS,l_up_mouth_bls,1429,0.00051,-5.5e-05,0.00128
THAIZ_BODY_PLY,C_facial_local_BLS,l_up_mouth_bls,1430,0.001244,-0.001052,0.002461
THAIZ_BODY_PLY,C_facial_local_BLS,l_up_mouth_bls,1431,0.007418,0.001426,0.005249
THAIZ_BODY_PLY,C_facial_local_BLS,l_up_mouth_bls,1432,0.014566,0.02638,0.037616
THAIZ_BODY_PLY,C_facial_local_BLS,l_up_mouth_bls,1433,-0.032796,0.049295,0.112416
THAIZ_BODY_PLY,C_facial_local_BLS,l_up_mouth_bls,1434,-0.327346,0.014335,0.317344
THAIZ_BODY_PLY,C_facial_local_BLS,l_up_mouth_bls,1435,-0.744911,-0.044112,0.525088
THAIZ_BODY_PLY,C_facial_local_BLS,l_up_mouth_bls,1436,-0.723245,-0.03532,0.503366
THAIZ_BODY_PLY,C_facial_local_BLS,l_up_mouth_bls,1437,-0.355054,-0.051486,0.21151
THAIZ_BODY_PLY,C_facial_local_BLS,l_up_mouth_bls,1438,-0.042445,0.022594,0.012555
THAIZ_BODY_PLY,C_facial_local_BLS,l_up_mouth_bls,1439,0.008797,0.007094,-0.030218
THAIZ_BODY_PLY,C_facial_local_BLS,l_up_mouth_bls,1440,0.001261,-0.006115,-0.009182
THAIZ_BODY_PLY,C_facial_local_BLS,l_up_mouth_bls,1441,8e-06,-7.4e-05,-7.1e-05
THAIZ_BODY_PLY,C_facial_local_BLS,l_up_mouth_bls,1447,8.2e-05,-0.000662,-0.000645
THAIZ_BODY_PLY,C_facial_local_BLS,l_up_mouth_bls,1450,0.005645,-0.044991,-0.013151
THAIZ_BODY_PLY,C_facial_local_BLS,l_up_mouth_bls,1451,0.006853,0.005178,0.014506
THAIZ_BODY_PLY,C_facial_local_BLS,l_up_mouth_bls,1452,0.001825,-0.063713,-0.0228
THAIZ_BODY_PLY,C_facial_local_BLS,l_up_mouth_bls,1482,-0.00011,0.000332,5.9e-05
THAIZ_BODY_PLY,C_facial_local_BLS,l_up_mouth_bls,1484,-0.000278,0.000831,0.000149
THAIZ_BODY_PLY,C_facial_local_BLS,l_up_mouth_bls,1491,-0.000182,0.000557,9.3e-05
THAIZ_BODY_PLY,C_facial_local_BLS,l_up_mouth_bls,1492,-0.000293,0.00089,0.000152
THAIZ_BODY_PLY,C_facial_local_BLS,l_up_mouth_bls,1494,0.001036,0.001251,0.002762
THAIZ_BODY_PLY,C_facial_local_BLS,l_up_mouth_bls,1525,-7e-06,9.9e-05,1.2e-05
THAIZ_BODY_PLY,C_facial_local_BLS,l_up_mouth_bls,1526,-8.6e-05,0.001259,0.000155
THAIZ_BODY_PLY,C_facial_local_BLS,l_up_mouth_bls,1527,-0.000221,0.003235,0.000398
THAIZ_BODY_PLY,C_facial_local_BLS,l_up_mouth_bls,1528,-0.000261,0.003838,0.000471
THAIZ_BODY_PLY,C_facial_local_BLS,l_up_mouth_bls,1529,-0.000322,0.004723,0.00058
THAIZ_BODY_PLY,C_facial_local_BLS,l_up_mouth_bls,1530,-0.000371,0.00544,0.000668
THAIZ_BODY_PLY,C_facial_local_BLS,l_up_mouth_bls,1531,-0.000387,0.005684,0.000699
THAIZ_BODY_PLY,C_facial_local_BLS,l_up_mouth_bls,1532,0.108438,-0.035808,-0.00076
THAIZ_BODY_PLY,C_facial_local_BLS,l_up_mouth_bls,1533,0.041929,-0.00393,0.007488
THAIZ_BODY_PLY,C_facial_local_BLS,l_up_mouth_bls,1534,0.013229,0.041496,0.037562
THAIZ_BODY_PLY,C_facial_local_BLS,l_up_mouth_bls,1535,-0.005036,0.095239,0.068754
THAIZ_BODY_PLY,C_facial_local_BLS,l_up_mouth_bls,1536,-0.018785,0.154749,0.095865
THAIZ_BODY_PLY,C_facial_local_BLS,l_up_mouth_bls,1537,-0.030405,0.215459,0.116666
THAIZ_BODY_PLY,C_facial_local_BLS,l_up_mouth_bls,1538,-0.039878,0.271674,0.12618
THAIZ_BODY_PLY,C_facial_local_BLS,l_up_mouth_bls,1539,-0.046653,0.316257,0.122259
THAIZ_BODY_PLY,C_facial_local_BLS,l_up_mouth_bls,1540,-0.050324,0.342803,0.106011
THAIZ_BODY_PLY,C_facial_local_BLS,l_up_mouth_bls,1541,-0.048339,0.335498,0.088555
THAIZ_BODY_PLY,C_facial_local_BLS,l_up_mouth_bls,1542,-0.043634,0.303937,0.069905
THAIZ_BODY_PLY,C_facial_local_BLS,l_up_mouth_bls,1543,-0.037264,0.260585,0.048806
THAIZ_BODY_PLY,C_facial_local_BLS,l_up_mouth_bls,1544,-0.026699,0.194643,0.033857
THAIZ_BODY_PLY,C_facial_local_BLS,l_up_mouth_bls,1545,-0.016829,0.12685,0.019089
THAIZ_BODY_PLY,C_facial_local_BLS,l_up_mouth_bls,1546,-0.008273,0.061841,0.00791
THAIZ_BODY_PLY,C_facial_local_BLS,l_up_mouth_bls,1547,-0.000656,0.005704,0.000384
THAIZ_BODY_PLY,C_facial_local_BLS,l_up_mouth_bls,6932,-1.5e-05,-0.000122,-3.1e-05
THAIZ_BODY_PLY,C_facial_local_BLS,l_up_mouth_bls,6933,-0.00015,-0.000723,-0.000368
THAIZ_BODY_PLY,C_facial_local_BLS,l_up_mouth_bls,6934,0.000267,-0.001024,-0.001628
THAIZ_BODY_PLY,C_facial_local_BLS,l_up_mouth_bls,6935,0.002727,-0.003119,-0.00951
THAIZ_BODY_PLY,C_facial_local_BLS,l_up_mouth_bls,6936,-0.03727,-0.008702,0.001178
THAIZ_BODY_PLY,C_facial_local_BLS,l_up_mouth_bls,6937,-0.106028,0.085025,0.103347
THAIZ_BODY_PLY,C_facial_local_BLS,l_up_mouth_bls,6938,-0.21322,0.101422,0.161946
THAIZ_BODY_PLY,C_facial_local_BLS,l_up_mouth_bls,6939,-0.2449,0.09068,0.135133
THAIZ_BODY_PLY,C_facial_local_BLS,l_up_mouth_bls,6940,-0.091678,0.091655,0.053612
THAIZ_BODY_PLY,C_facial_local_BLS,l_up_mouth_bls,6941,-0.006157,0.075506,-0.006864
THAIZ_BODY_PLY,C_facial_local_BLS,l_up_mouth_bls,6942,0.005499,0.00313,-0.007053
THAIZ_BODY_PLY,C_facial_local_BLS,l_up_mouth_bls,6943,-3.1e-05,0.001037,-0.000368
THAIZ_BODY_PLY,C_facial_local_BLS,l_up_mouth_bls,6944,-1.6e-05,0.000122,-4.7e-05
THAIZ_BODY_PLY,C_facial_local_BLS,l_up_mouth_bls,7009,-2.1e-05,3.3e-05,5e-06
THAIZ_BODY_PLY,C_facial_local_BLS,l_up_mouth_bls,7010,-0.0,2e-06,1e-06
THAIZ_BODY_PLY,C_facial_local_BLS,l_up_mouth_bls,7224,-1e-05,1.3e-05,1.7e-05
THAIZ_BODY_PLY,C_facial_local_BLS,l_up_mouth_bls,7225,-3e-06,3e-06,4e-06
THAIZ_BODY_PLY,C_facial_local_BLS,l_up_mouth_bls,7227,2.2e-05,0.000213,-5.3e-05
THAIZ_BODY_PLY,C_facial_local_BLS,l_up_mouth_bls,7228,-0.000711,0.002897,-0.000559
THAIZ_BODY_PLY,C_facial_local_BLS,l_up_mouth_bls,7229,-0.002029,0.014297,-0.00226
THAIZ_BODY_PLY,C_facial_local_BLS,l_up_mouth_bls,7230,-0.003678,0.003496,-0.001159
THAIZ_BODY_PLY,C_facial_local_BLS,l_up_mouth_bls,7231,-0.000614,0.006895,0.000164
THAIZ_BODY_PLY,C_facial_local_BLS,l_up_mouth_bls,7232,-0.002015,0.001529,0.000231
THAIZ_BODY_PLY,C_facial_local_BLS,l_up_mouth_bls,7233,-0.000227,0.000188,5.4e-05
THAIZ_BODY_PLY,C_facial_local_BLS,l_up_mouth_bls,7248,-0.011804,0.06648,0.01316
THAIZ_BODY_PLY,C_facial_local_BLS,l_up_mouth_bls,7249,-0.009217,0.049482,0.015354
THAIZ_BODY_PLY,C_facial_local_BLS,l_up_mouth_bls,7250,-0.006583,0.032408,0.014494
THAIZ_BODY_PLY,C_facial_local_BLS,l_up_mouth_bls,7251,-0.003919,0.017486,0.010863
THAIZ_BODY_PLY,C_facial_local_BLS,l_up_mouth_bls,7252,-0.001582,0.007686,0.005702
THAIZ_BODY_PLY,C_facial_local_BLS,l_up_mouth_bls,7253,-0.000225,0.00134,0.001227
THAIZ_BODY_PLY,C_facial_local_BLS,l_up_mouth_bls,7262,0.000223,0.000893,-0.001034
THAIZ_BODY_PLY,C_facial_local_BLS,l_up_mouth_bls,7263,-0.003772,0.008967,-0.000141
THAIZ_BODY_PLY,C_facial_local_BLS,l_up_mouth_bls,7264,-0.009399,0.027528,0.000547
THAIZ_BODY_PLY,C_facial_local_BLS,l_up_mouth_bls,7265,-0.014404,0.049848,-0.001835
THAIZ_BODY_PLY,C_facial_local_BLS,l_up_mouth_bls,7266,-0.018872,0.071579,-0.006237
THAIZ_BODY_PLY,C_facial_local_BLS,l_up_mouth_bls,7267,-0.021697,0.090122,-0.013298
THAIZ_BODY_PLY,C_facial_local_BLS,l_up_mouth_bls,7268,-0.021949,0.100847,-0.016655
THAIZ_BODY_PLY,C_facial_local_BLS,l_up_mouth_bls,7269,-0.018426,0.100805,-0.013523
THAIZ_BODY_PLY,C_facial_local_BLS,l_up_mouth_bls,7270,-0.016422,0.093562,-0.003337
THAIZ_BODY_PLY,C_facial_local_BLS,l_up_mouth_bls,7271,-0.014216,0.082113,0.007051
THAIZ_BODY_PLY,C_facial_local_BLS,l_up_mouth_bls,7272,-0.003922,0.009312,0.007696
THAIZ_BODY_PLY,C_facial_local_BLS,l_up_mouth_bls,7273,-0.001986,0.003327,0.003366
THAIZ_BODY_PLY,C_facial_local_BLS,l_up_mouth_bls,7274,-0.000302,0.000407,0.000528
THAIZ_BODY_PLY,C_facial_local_BLS,l_up_mouth_bls,7275,-0.000815,0.000783,0.0015
THAIZ_BODY_PLY,C_facial_local_BLS,l_up_mouth_bls,7276,-0.001035,0.00179,0.001759
THAIZ_BODY_PLY,C_facial_local_BLS,l_up_mouth_bls,7277,-0.000113,0.000159,0.000195
THAIZ_BODY_PLY,C_facial_local_BLS,l_up_mouth_bls,7278,-0.000288,0.0005,0.000512
THAIZ_BODY_PLY,C_facial_local_BLS,l_up_mouth_bls,7279,-1.8e-05,2.5e-05,3.1e-05
THAIZ_BODY_PLY,C_facial_local_BLS,l_up_mouth_bls,7280,-3.2e-05,5.3e-05,6e-05
THAIZ_BODY_PLY,C_facial_local_BLS,l_up_mouth_bls,7281,-1e-06,1e-06,1e-06
THAIZ_BODY_PLY,C_facial_local_BLS,l_up_mouth_bls,7302,-0.000148,0.000213,3.5e-05
THAIZ_BODY_PLY,C_facial_local_BLS,l_up_mouth_bls,7304,-0.002968,0.005894,0.000791
THAIZ_BODY_PLY,C_facial_local_BLS,l_up_mouth_bls,7305,-0.000212,0.000271,8.5e-05
THAIZ_BODY_PLY,C_facial_local_BLS,l_up_mouth_bls,7306,-0.008147,0.01953,-0.001226
THAIZ_BODY_PLY,C_facial_local_BLS,l_up_mouth_bls,7307,-0.004091,0.006163,0.000233
THAIZ_BODY_PLY,C_facial_local_BLS,l_up_mouth_bls,7308,-0.013087,0.033965,-0.005539
THAIZ_BODY_PLY,C_facial_local_BLS,l_up_mouth_bls,7309,-0.009146,0.013714,-0.001617
THAIZ_BODY_PLY,C_facial_local_BLS,l_up_mouth_bls,7310,-0.017103,0.048209,-0.01165
THAIZ_BODY_PLY,C_facial_local_BLS,l_up_mouth_bls,7311,-0.015077,0.020252,-0.007204
THAIZ_BODY_PLY,C_facial_local_BLS,l_up_mouth_bls,7312,-0.014739,0.050097,-0.006268
THAIZ_BODY_PLY,C_facial_local_BLS,l_up_mouth_bls,7313,-0.007845,0.020155,-0.001028
THAIZ_BODY_PLY,C_facial_local_BLS,l_up_mouth_bls,7314,-0.00907,0.036616,-0.007761
THAIZ_BODY_PLY,C_facial_local_BLS,l_up_mouth_bls,7315,-0.009961,0.032021,0.010903
THAIZ_BODY_PLY,C_facial_local_BLS,l_up_mouth_bls,7316,-0.004563,0.018815,-0.00154
THAIZ_BODY_PLY,C_facial_local_BLS,l_up_mouth_bls,7317,-0.006449,0.031136,-0.005627
THAIZ_BODY_PLY,C_facial_local_BLS,l_up_mouth_bls,7318,-0.004872,0.028573,0.011746
THAIZ_BODY_PLY,C_facial_local_BLS,l_up_mouth_bls,7319,-0.001355,0.008017,0.001305
THAIZ_BODY_PLY,C_facial_local_BLS,l_up_mouth_bls,7320,-0.011369,0.077877,0.035822
THAIZ_BODY_PLY,C_facial_local_BLS,l_up_mouth_bls,7321,-0.016714,0.107882,0.039212
THAIZ_BODY_PLY,C_facial_local_BLS,l_up_mouth_bls,7322,-0.021656,0.135333,0.037485
THAIZ_BODY_PLY,C_facial_local_BLS,l_up_mouth_bls,7323,-0.025986,0.15795,0.030405
THAIZ_BODY_PLY,C_facial_local_BLS,l_up_mouth_bls,7324,-0.029577,0.173412,0.018955
THAIZ_BODY_PLY,C_facial_local_BLS,l_up_mouth_bls,7325,-0.031241,0.164293,0.006752
THAIZ_BODY_PLY,C_facial_local_BLS,l_up_mouth_bls,7326,-0.029825,0.144162,0.003169
THAIZ_BODY_PLY,C_facial_local_BLS,l_up_mouth_bls,7327,-0.023654,0.114133,0.004743
THAIZ_BODY_PLY,C_facial_local_BLS,l_up_mouth_bls,7328,-0.018467,0.080974,0.00417
THAIZ_BODY_PLY,C_facial_local_BLS,l_up_mouth_bls,7329,-0.013037,0.046711,0.003691
THAIZ_BODY_PLY,C_facial_local_BLS,l_up_mouth_bls,7330,-0.007301,0.015632,0.003254
THAIZ_BODY_PLY,C_facial_local_BLS,l_up_mouth_bls,7331,-0.000222,0.00035,-0.000192
THAIZ_BODY_PLY,C_facial_local_BLS,l_up_mouth_bls,7339,0.002287,0.006807,0.00607
THAIZ_BODY_PLY,C_facial_local_BLS,l_up_mouth_bls,7340,-0.000657,0.023493,0.017249
THAIZ_BODY_PLY,C_facial_local_BLS,l_up_mouth_bls,7341,-0.005937,0.047734,0.028325
THAIZ_BODY_PLY,C_facial_local_BLS,l_up_mouth_bls,7342,-0.013327,0.102335,0.051541
THAIZ_BODY_PLY,C_facial_local_BLS,l_up_mouth_bls,7343,-0.020593,0.140604,0.058334
THAIZ_BODY_PLY,C_facial_local_BLS,l_up_mouth_bls,7344,-0.026982,0.175415,0.058592
THAIZ_BODY_PLY,C_facial_local_BLS,l_up_mouth_bls,7345,-0.032229,0.203488,0.051951
THAIZ_BODY_PLY,C_facial_local_BLS,l_up_mouth_bls,7346,-0.036328,0.222385,0.039176
THAIZ_BODY_PLY,C_facial_local_BLS,l_up_mouth_bls,7347,-0.035468,0.204482,0.023035
THAIZ_BODY_PLY,C_facial_local_BLS,l_up_mouth_bls,7348,-0.031853,0.178236,0.016073
THAIZ_BODY_PLY,C_facial_local_BLS,l_up_mouth_bls,7349,-0.025405,0.139345,0.01298
THAIZ_BODY_PLY,C_facial_local_BLS,l_up_mouth_bls,7350,-0.018864,0.096774,0.008695
THAIZ_BODY_PLY,C_facial_local_BLS,l_up_mouth_bls,7351,-0.012524,0.054525,0.005139
THAIZ_BODY_PLY,C_facial_local_BLS,l_up_mouth_bls,7352,-0.006261,0.016856,0.002738
THAIZ_BODY_PLY,C_facial_local_BLS,l_up_mouth_bls,7353,-6.5e-05,0.000119,-5.7e-05
THAIZ_BODY_PLY,C_facial_local_BLS,l_up_mouth_bls,7361,0.009759,0.007093,0.00753
THAIZ_BODY_PLY,C_facial_local_BLS,l_up_mouth_bls,7362,0.003353,0.030716,0.023756
THAIZ_BODY_PLY,C_facial_local_BLS,l_up_mouth_bls,7363,-0.005359,0.063673,0.039771
THAIZ_BODY_PLY,C_facial_local_BLS,l_up_mouth_bls,7364,2.3e-05,-7e-06,-9e-06
THAIZ_BODY_PLY,C_facial_local_BLS,l_up_mouth_bls,7365,0.003103,-0.001079,-0.001441
THAIZ_BODY_PLY,C_facial_local_BLS,l_up_mouth_bls,7366,-0.036602,0.221069,0.030255
THAIZ_BODY_PLY,C_facial_local_BLS,l_up_mouth_bls,7367,-0.030931,0.175056,0.010916
THAIZ_BODY_PLY,C_facial_local_BLS,l_up_mouth_bls,7368,-4.8e-05,1.8e-05,-2.1e-05
THAIZ_BODY_PLY,C_facial_local_BLS,l_up_mouth_bls,7389,-1.1e-05,0.000309,-4.4e-05
THAIZ_BODY_PLY,C_facial_local_BLS,l_up_mouth_bls,7390,-0.000796,0.000639,-0.001166
THAIZ_BODY_PLY,C_facial_local_BLS,l_up_mouth_bls,7391,-0.000257,0.000285,-1.3e-05
THAIZ_BODY_PLY,C_facial_local_BLS,l_up_mouth_bls,7394,-3.1e-05,6.6e-05,7.1e-05
THAIZ_BODY_PLY,C_facial_local_BLS,l_up_mouth_bls,7395,-0.000524,0.001477,0.001286
THAIZ_BODY_PLY,C_facial_local_BLS,l_up_mouth_bls,7396,-0.001889,0.005463,0.004198
THAIZ_BODY_PLY,C_facial_local_BLS,l_up_mouth_bls,7397,-0.003779,0.011696,0.007421
THAIZ_BODY_PLY,C_facial_local_BLS,l_up_mouth_bls,7398,-0.005531,0.02258,0.008748
THAIZ_BODY_PLY,C_facial_local_BLS,l_up_mouth_bls,7399,-0.00727,0.035619,0.008327
THAIZ_BODY_PLY,C_facial_local_BLS,l_up_mouth_bls,7400,-0.008707,0.050274,0.004921
THAIZ_BODY_PLY,C_facial_local_BLS,l_up_mouth_bls,7401,-0.009842,0.058509,-0.005159
THAIZ_BODY_PLY,C_facial_local_BLS,l_up_mouth_bls,7402,-0.011772,0.06911,-0.019191
THAIZ_BODY_PLY,C_facial_local_BLS,l_up_mouth_bls,7403,-0.017708,0.077104,-0.020049
THAIZ_BODY_PLY,C_facial_local_BLS,l_up_mouth_bls,7404,-0.018894,0.069473,-0.015028
THAIZ_BODY_PLY,C_facial_local_BLS,l_up_mouth_bls,7405,-0.015968,0.052718,-0.007302
THAIZ_BODY_PLY,C_facial_local_BLS,l_up_mouth_bls,7406,-0.011525,0.034448,-0.002315
THAIZ_BODY_PLY,C_facial_local_BLS,l_up_mouth_bls,7407,-0.0065,0.016556,0.000407
THAIZ_BODY_PLY,C_facial_local_BLS,l_up_mouth_bls,7408,-0.001696,0.00373,-0.000363
THAIZ_BODY_PLY,C_facial_local_BLS,l_up_mouth_bls,7409,3e-06,1.5e-05,-7e-06
THAIZ_BODY_PLY,C_facial_local_BLS,l_up_mouth_bls,7416,-0.016634,0.099363,0.022617
THAIZ_BODY_PLY,C_facial_local_BLS,l_up_mouth_bls,7417,-0.020015,0.117898,0.015574
THAIZ_BODY_PLY,C_facial_local_BLS,l_up_mouth_bls,7418,-0.023021,0.131242,0.0048
THAIZ_BODY_PLY,C_facial_local_BLS,l_up_mouth_bls,7419,-0.024876,0.13508,-0.002662
THAIZ_BODY_PLY,C_facial_local_BLS,l_up_mouth_bls,7420,-0.026684,0.130177,-0.004955
THAIZ_BODY_PLY,C_facial_local_BLS,l_up_mouth_bls,7421,-0.024819,0.114643,-0.004202
THAIZ_BODY_PLY,C_facial_local_BLS,l_up_mouth_bls,7422,-0.021437,0.091958,-0.001239
THAIZ_BODY_PLY,C_facial_local_BLS,l_up_mouth_bls,7423,-0.016906,0.065312,0.000587
THAIZ_BODY_PLY,C_facial_local_BLS,l_up_mouth_bls,7424,-0.011805,0.037586,0.002014
THAIZ_BODY_PLY,C_facial_local_BLS,l_up_mouth_bls,7425,-0.006281,0.012741,0.002143
THAIZ_BODY_PLY,C_facial_local_BLS,l_up_mouth_bls,7426,-0.00027,0.000258,0.000134
THAIZ_BODY_PLY,C_facial_local_BLS,l_up_mouth_bls,7435,0.000103,0.003888,0.003411
THAIZ_BODY_PLY,C_facial_local_BLS,l_up_mouth_bls,7436,-0.001899,0.015255,0.011054
THAIZ_BODY_PLY,C_facial_local_BLS,l_up_mouth_bls,7437,-0.005387,0.031986,0.018775
THAIZ_BODY_PLY,C_facial_local_BLS,l_up_mouth_bls,7438,-0.009147,0.054582,0.023692
THAIZ_BODY_PLY,C_facial_local_BLS,l_up_mouth_bls,7439,-0.012961,0.077691,0.025184
THAIZ_BODY_PLY,C_facial_local_BLS,l_up_mouth_bls,7932,-0.004337,-0.003146,-0.00574
THAIZ_BODY_PLY,C_facial_local_BLS,l_up_mouth_bls,7934,-0.003667,-0.003103,-0.00333
THAIZ_BODY_PLY,C_facial_local_BLS,l_up_mouth_bls,8030,-0.004773,-0.014798,-0.007749
THAIZ_BODY_PLY,C_facial_local_BLS,l_up_mouth_bls,8031,-0.000772,-0.005511,-0.003878
THAIZ_BODY_PLY,C_facial_local_BLS,l_up_mouth_bls,8043,-0.000829,0.000822,0.00186
THAIZ_BODY_PLY,C_facial_local_BLS,l_up_mouth_bls,8044,3.3e-05,4.8e-05,8.1e-05
THAIZ_BODY_PLY,C_facial_local_BLS,l_up_mouth_bls,8468,-2e-06,-2e-06,-2e-06
THAIZ_BODY_PLY,C_facial_local_BLS,l_up_mouth_bls,8469,-0.017754,-0.022023,-0.014436
THAIZ_BODY_PLY,C_facial_local_BLS,l_up_mouth_bls,8470,-0.020251,-0.027201,-0.011499
THAIZ_BODY_PLY,C_facial_local_BLS,l_up_mouth_bls,8491,-0.000282,-0.001721,-0.001868
THAIZ_BODY_PLY,C_facial_local_BLS,l_up_mouth_bls,8494,-0.000796,-0.037224,-0.014438
THAIZ_BODY_PLY,C_facial_local_BLS,l_up_mouth_bls,8495,0.002723,0.00287,0.007358
THAIZ_BODY_PLY,C_facial_local_BLS,l_up_mouth_bls,8498,5.1e-05,9.6e-05,0.000286
THAIZ_BODY_PLY,C_facial_local_BLS,l_up_mouth_bls,8538,-0.005348,-0.039452,-0.011008
THAIZ_BODY_PLY,C_facial_local_BLS,C_body_corrective_bls,551,-0.020517,0.025813,0.006269
THAIZ_BODY_PLY,C_facial_local_BLS,C_body_corrective_bls,552,-0.015394,0.005627,0.012078
THAIZ_BODY_PLY,C_facial_local_BLS,C_body_corrective_bls,554,-0.045468,0.003895,0.020141
THAIZ_BODY_PLY,C_facial_local_BLS,C_body_corrective_bls,605,-0.034284,-0.006229,0.001873
THAIZ_BODY_PLY,C_facial_local_BLS,C_body_corrective_bls,608,-0.013094,0.014462,0.013827
THAIZ_BODY_PLY,C_facial_local_BLS,C_body_corrective_bls,609,-0.014776,0.008752,0.011685
THAIZ_BODY_PLY,C_facial_local_BLS,C_body_corrective_bls,617,-0.000378,-0.003082,-0.001825
THAIZ_BODY_PLY,C_facial_local_BLS,C_body_corrective_bls,620,1.4e-05,-4.5e-05,-3.6e-05
THAIZ_BODY_PLY,C_facial_local_BLS,C_body_corrective_bls,621,0.002398,-0.011511,-0.023241
THAIZ_BODY_PLY,C_facial_local_BLS,C_body_corrective_bls,659,-7.6e-05,6.9e-05,-0.000144
THAIZ_BODY_PLY,C_facial_local_BLS,C_body_corrective_bls,660,-0.022921,0.02088,-0.043387
THAIZ_BODY_PLY,C_facial_local_BLS,C_body_corrective_bls,661,-0.061567,0.027504,-0.075471
THAIZ_BODY_PLY,C_facial_local_BLS,C_body_corrective_bls,662,-0.054789,0.002092,-0.042361
THAIZ_BODY_PLY,C_facial_local_BLS,C_body_corrective_bls,663,-0.014592,0.015128,0.035187
THAIZ_BODY_PLY,C_facial_local_BLS,C_body_corrective_bls,664,-0.019439,0.025546,0.062857
THAIZ_BODY_PLY,C_facial_local_BLS,C_body_corrective_bls,665,-0.10993,0.021853,0.064614
THAIZ_BODY_PLY,C_facial_local_BLS,C_body_corrective_bls,666,-0.111995,0.009496,0.060224
THAIZ_BODY_PLY,C_facial_local_BLS,C_body_corrective_bls,667,-0.078712,0.009813,0.053537
THAIZ_BODY_PLY,C_facial_local_BLS,C_body_corrective_bls,668,-0.069255,0.0108,0.035165
THAIZ_BODY_PLY,C_facial_local_BLS,C_body_corrective_bls,686,-0.110136,0.047574,0.08867
THAIZ_BODY_PLY,C_facial_local_BLS,C_body_corrective_bls,687,-0.132923,0.101962,0.088534
THAIZ_BODY_PLY,C_facial_local_BLS,C_body_corrective_bls,688,-0.100953,0.11394,0.101506
THAIZ_BODY_PLY,C_facial_local_BLS,C_body_corrective_bls,689,-0.054828,0.11824,0.110837
THAIZ_BODY_PLY,C_facial_local_BLS,C_body_corrective_bls,690,0.022986,0.089808,0.127968
THAIZ_BODY_PLY,C_facial_local_BLS,C_body_corrective_bls,691,0.015135,0.066651,0.119067
THAIZ_BODY_PLY,C_facial_local_BLS,C_body_corrective_bls,692,0.018772,0.070223,0.163131
THAIZ_BODY_PLY,C_facial_local_BLS,C_body_corrective_bls,947,0.001025,0.003105,-0.002434
THAIZ_BODY_PLY,C_facial_local_BLS,C_body_corrective_bls,948,-0.002711,0.022519,-0.006363
THAIZ_BODY_PLY,C_facial_local_BLS,C_body_corrective_bls,949,-0.132189,0.009706,0.107546
THAIZ_BODY_PLY,C_facial_local_BLS,C_body_corrective_bls,950,-0.123,-0.023513,0.101548
THAIZ_BODY_PLY,C_facial_local_BLS,C_body_corrective_bls,951,-0.137868,0.011633,0.124707
THAIZ_BODY_PLY,C_facial_local_BLS,C_body_corrective_bls,952,-0.122288,0.074941,0.11325
THAIZ_BODY_PLY,C_facial_local_BLS,C_body_corrective_bls,953,-0.088025,0.113546,0.097837
THAIZ_BODY_PLY,C_facial_local_BLS,C_body_corrective_bls,954,-0.032267,0.101555,0.091283
THAIZ_BODY_PLY,C_facial_local_BLS,C_body_corrective_bls,955,-0.063624,0.009953,-0.025747
THAIZ_BODY_PLY,C_facial_local_BLS,C_body_corrective_bls,956,-0.008683,0.036159,0.006328
THAIZ_BODY_PLY,C_facial_local_BLS,C_body_corrective_bls,957,-0.014727,0.031895,-0.009248
THAIZ_BODY_PLY,C_facial_local_BLS,C_body_corrective_bls,958,0.001991,-0.007425,-0.012409
THAIZ_BODY_PLY,C_facial_local_BLS,C_body_corrective_bls,959,-0.061248,0.011624,-0.076782
THAIZ_BODY_PLY,C_facial_local_BLS,C_body_corrective_bls,960,-0.015731,0.013931,0.072424
THAIZ_BODY_PLY,C_facial_local_BLS,C_body_corrective_bls,961,-0.016627,0.111285,0.128004
THAIZ_BODY_PLY,C_facial_local_BLS,C_body_corrective_bls,995,-0.040627,0.039989,-0.031662
THAIZ_BODY_PLY,C_facial_local_BLS,C_body_corrective_bls,996,-0.080729,0.048251,-0.0513
THAIZ_BODY_PLY,C_facial_local_BLS,C_body_corrective_bls,997,-0.08094,0.010155,-0.058156
THAIZ_BODY_PLY,C_facial_local_BLS,C_body_corrective_bls,998,-0.045852,-0.00451,-0.02046
THAIZ_BODY_PLY,C_facial_local_BLS,C_body_corrective_bls,999,0.001257,0.015926,0.033915
THAIZ_BODY_PLY,C_facial_local_BLS,C_body_corrective_bls,1000,-0.106438,0.012871,0.146125
THAIZ_BODY_PLY,C_facial_local_BLS,C_body_corrective_bls,1001,-0.157659,0.00186,0.111541
THAIZ_BODY_PLY,C_facial_local_BLS,C_body_corrective_bls,1002,-0.159599,0.004339,0.092473
THAIZ_BODY_PLY,C_facial_local_BLS,C_body_corrective_bls,1003,-0.123702,0.008,0.080456
THAIZ_BODY_PLY,C_facial_local_BLS,C_body_corrective_bls,1004,-0.087685,-0.000161,0.054504
THAIZ_BODY_PLY,C_facial_local_BLS,C_body_corrective_bls,1022,-0.005995,0.009438,-0.036124
THAIZ_BODY_PLY,C_facial_local_BLS,C_body_corrective_bls,1023,-0.024019,0.009756,-0.06341
THAIZ_BODY_PLY,C_facial_local_BLS,C_body_corrective_bls,1024,-0.029983,0.009536,-0.076435
THAIZ_BODY_PLY,C_facial_local_BLS,C_body_corrective_bls,1025,-0.067472,0.052166,-0.127918
THAIZ_BODY_PLY,C_facial_local_BLS,C_body_corrective_bls,1026,-0.078616,0.049383,-0.035064
THAIZ_BODY_PLY,C_facial_local_BLS,C_body_corrective_bls,1027,-0.028925,0.025271,0.048832
THAIZ_BODY_PLY,C_facial_local_BLS,C_body_corrective_bls,1028,-0.064761,0.019768,0.014839
THAIZ_BODY_PLY,C_facial_local_BLS,C_body_corrective_bls,1029,-0.03433,0.00097,0.015356
THAIZ_BODY_PLY,C_facial_local_BLS,C_body_corrective_bls,1030,-0.01858,0.002966,0.011387
THAIZ_BODY_PLY,C_facial_local_BLS,C_body_corrective_bls,1031,-0.032011,0.008234,-0.010364
THAIZ_BODY_PLY,C_facial_local_BLS,C_body_corrective_bls,1068,-0.000429,0.003532,0.000596
THAIZ_BODY_PLY,C_facial_local_BLS,C_body_corrective_bls,1069,0.012771,0.076006,0.183002
THAIZ_BODY_PLY,C_facial_local_BLS,C_body_corrective_bls,1106,-0.000602,0.043069,0.024721
THAIZ_BODY_PLY,C_facial_local_BLS,C_body_corrective_bls,1112,-0.001859,0.015851,0.002825
THAIZ_BODY_PLY,C_facial_local_BLS,C_body_corrective_bls,1346,0.003071,0.052085,-0.002157
THAIZ_BODY_PLY,C_facial_local_BLS,C_body_corrective_bls,1347,-0.00274,0.017702,-0.002334
THAIZ_BODY_PLY,C_facial_local_BLS,C_body_corrective_bls,1348,-0.050188,0.044284,-0.021665
THAIZ_BODY_PLY,C_facial_local_BLS,C_body_corrective_bls,1349,-0.032651,0.015383,-0.008663
THAIZ_BODY_PLY,C_facial_local_BLS,C_body_corrective_bls,1350,0.005974,-0.012011,-0.01934
THAIZ_BODY_PLY,C_facial_local_BLS,C_body_corrective_bls,1351,-0.000778,-0.002663,7.9e-05
THAIZ_BODY_PLY,C_facial_local_BLS,C_body_corrective_bls,1352,-0.148466,-0.011536,0.150877
THAIZ_BODY_PLY,C_facial_local_BLS,C_body_corrective_bls,1353,-0.150831,-0.020281,0.132336
THAIZ_BODY_PLY,C_facial_local_BLS,C_body_corrective_bls,1354,-0.167809,-0.021752,0.121214
THAIZ_BODY_PLY,C_facial_local_BLS,C_body_corrective_bls,1355,-0.162955,0.001348,0.111656
THAIZ_BODY_PLY,C_facial_local_BLS,C_body_corrective_bls,1356,-0.079693,-0.007874,0.051881
THAIZ_BODY_PLY,C_facial_local_BLS,C_body_corrective_bls,1357,-0.000162,2.9e-05,-6.1e-05
THAIZ_BODY_PLY,C_facial_local_BLS,C_body_corrective_bls,1426,-0.009738,0.08313,0.014818
THAIZ_BODY_PLY,C_facial_local_BLS,C_body_corrective_bls,1427,-0.016432,0.081959,0.016116
THAIZ_BODY_PLY,C_facial_local_BLS,C_body_corrective_bls,1428,-0.041413,0.088899,-0.005501
THAIZ_BODY_PLY,C_facial_local_BLS,C_body_corrective_bls,1429,-0.091098,0.076588,-0.023405
THAIZ_BODY_PLY,C_facial_local_BLS,C_body_corrective_bls,1430,-0.068507,0.020403,-0.026144
THAIZ_BODY_PLY,C_facial_local_BLS,C_body_corrective_bls,1431,-0.04018,0.021319,-0.001049
THAIZ_BODY_PLY,C_facial_local_BLS,C_body_corrective_bls,1432,-0.025032,0.023947,0.029513
THAIZ_BODY_PLY,C_facial_local_BLS,C_body_corrective_bls,1433,-0.15099,-0.015632,0.166625
THAIZ_BODY_PLY,C_facial_local_BLS,C_body_corrective_bls,1434,-0.170377,-0.016256,0.139066
THAIZ_BODY_PLY,C_facial_local_BLS,C_body_corrective_bls,1435,-0.176979,-0.01189,0.114245
THAIZ_BODY_PLY,C_facial_local_BLS,C_body_corrective_bls,1436,-0.160934,-0.002642,0.100183
THAIZ_BODY_PLY,C_facial_local_BLS,C_body_corrective_bls,1437,-0.099408,-0.013157,0.059869
THAIZ_BODY_PLY,C_facial_local_BLS,C_body_corrective_bls,1455,0.0,0.042932,0.024853
THAIZ_BODY_PLY,C_facial_local_BLS,C_body_corrective_bls,1488,0.0,0.020511,0.00351
THAIZ_BODY_PLY,C_facial_local_BLS,C_body_corrective_bls,1490,0.0,0.004119,0.000703
THAIZ_BODY_PLY,C_facial_local_BLS,C_body_corrective_bls,1494,0.0,0.077876,0.190462
THAIZ_BODY_PLY,C_facial_local_BLS,C_body_corrective_bls,1514,0.0,0.084636,0.014372
THAIZ_BODY_PLY,C_facial_local_BLS,C_body_corrective_bls,6937,-0.001498,0.003692,0.000845
THAIZ_BODY_PLY,C_facial_local_BLS,C_body_corrective_bls,6938,-0.005084,0.002586,0.000618
THAIZ_BODY_PLY,C_facial_local_BLS,C_body_corrective_bls,6939,-0.005793,-0.002588,-0.001947
THAIZ_BODY_PLY,C_facial_local_BLS,C_body_corrective_bls,6940,-6.7e-05,-0.002268,-0.001016
THAIZ_BODY_PLY,C_facial_local_BLS,C_body_corrective_bls,6943,3e-06,-6e-06,-5e-06
THAIZ_BODY_PLY,C_facial_local_BLS,C_body_corrective_bls,7980,0.020517,0.025813,0.006269
THAIZ_BODY_PLY,C_facial_local_BLS,C_body_corrective_bls,7981,0.015394,0.005627,0.012078
THAIZ_BODY_PLY,C_facial_local_BLS,C_body_corrective_bls,7983,0.045468,0.003895,0.020141
THAIZ_BODY_PLY,C_facial_local_BLS,C_body_corrective_bls,8034,0.034284,-0.006229,0.001873
THAIZ_BODY_PLY,C_facial_local_BLS,C_body_corrective_bls,8037,0.013094,0.014462,0.013827
THAIZ_BODY_PLY,C_facial_local_BLS,C_body_corrective_bls,8038,0.014776,0.008752,0.011685
THAIZ_BODY_PLY,C_facial_local_BLS,C_body_corrective_bls,8046,0.000378,-0.003082,-0.001825
THAIZ_BODY_PLY,C_facial_local_BLS,C_body_corrective_bls,8049,-1.4e-05,-4.5e-05,-3.6e-05
THAIZ_BODY_PLY,C_facial_local_BLS,C_body_corrective_bls,8050,-0.002398,-0.011511,-0.023241
THAIZ_BODY_PLY,C_facial_local_BLS,C_body_corrective_bls,8088,7.6e-05,6.9e-05,-0.000144
THAIZ_BODY_PLY,C_facial_local_BLS,C_body_corrective_bls,8089,0.022921,0.02088,-0.043387
THAIZ_BODY_PLY,C_facial_local_BLS,C_body_corrective_bls,8090,0.061567,0.027504,-0.075471
THAIZ_BODY_PLY,C_facial_local_BLS,C_body_corrective_bls,8091,0.054789,0.002092,-0.042361
THAIZ_BODY_PLY,C_facial_local_BLS,C_body_corrective_bls,8092,0.014592,0.015128,0.035187
THAIZ_BODY_PLY,C_facial_local_BLS,C_body_corrective_bls,8093,0.019439,0.025546,0.062857
THAIZ_BODY_PLY,C_facial_local_BLS,C_body_corrective_bls,8094,0.10993,0.021853,0.064614
THAIZ_BODY_PLY,C_facial_local_BLS,C_body_corrective_bls,8095,0.111995,0.009496,0.060224
THAIZ_BODY_PLY,C_facial_local_BLS,C_body_corrective_bls,8096,0.078712,0.009813,0.053537
THAIZ_BODY_PLY,C_facial_local_BLS,C_body_corrective_bls,8097,0.069255,0.0108,0.035165
THAIZ_BODY_PLY,C_facial_local_BLS,C_body_corrective_bls,8115,0.110136,0.047574,0.08867
THAIZ_BODY_PLY,C_facial_local_BLS,C_body_corrective_bls,8116,0.132923,0.101962,0.088534
THAIZ_BODY_PLY,C_facial_local_BLS,C_body_corrective_bls,8117,0.100953,0.11394,0.101506
THAIZ_BODY_PLY,C_facial_local_BLS,C_body_corrective_bls,8118,0.054828,0.11824,0.110837
THAIZ_BODY_PLY,C_facial_local_BLS,C_body_corrective_bls,8119,-0.022986,0.089808,0.127968
THAIZ_BODY_PLY,C_facial_local_BLS,C_body_corrective_bls,8120,-0.015135,0.066651,0.119067
THAIZ_BODY_PLY,C_facial_local_BLS,C_body_corrective_bls,8121,-0.018772,0.070223,0.163131
THAIZ_BODY_PLY,C_facial_local_BLS,C_body_corrective_bls,8376,-0.001025,0.003105,-0.002434
THAIZ_BODY_PLY,C_facial_local_BLS,C_body_corrective_bls,8377,0.002711,0.022519,-0.006363
THAIZ_BODY_PLY,C_facial_local_BLS,C_body_corrective_bls,8378,0.132189,0.009706,0.107546
THAIZ_BODY_PLY,C_facial_local_BLS,C_body_corrective_bls,8379,0.123,-0.023513,0.101548
THAIZ_BODY_PLY,C_facial_local_BLS,C_body_corrective_bls,8380,0.137868,0.011633,0.124707
THAIZ_BODY_PLY,C_facial_local_BLS,C_body_corrective_bls,8381,0.122288,0.074941,0.11325
THAIZ_BODY_PLY,C_facial_local_BLS,C_body_corrective_bls,8382,0.088025,0.113546,0.097837
THAIZ_BODY_PLY,C_facial_local_BLS,C_body_corrective_bls,8383,0.032267,0.101555,0.091283
THAIZ_BODY_PLY,C_facial_local_BLS,C_body_corrective_bls,8384,0.063624,0.009953,-0.025747
THAIZ_BODY_PLY,C_facial_local_BLS,C_body_corrective_bls,8385,0.008683,0.036159,0.006328
THAIZ_BODY_PLY,C_facial_local_BLS,C_body_corrective_bls,8386,0.014727,0.031895,-0.009248
THAIZ_BODY_PLY,C_facial_local_BLS,C_body_corrective_bls,8387,-0.001991,-0.007425,-0.012409
THAIZ_BODY_PLY,C_facial_local_BLS,C_body_corrective_bls,8388,0.061248,0.011624,-0.076782
THAIZ_BODY_PLY,C_facial_local_BLS,C_body_corrective_bls,8389,0.015731,0.013931,0.072424
THAIZ_BODY_PLY,C_facial_local_BLS,C_body_corrective_bls,8390,0.016627,0.111285,0.128004
THAIZ_BODY_PLY,C_facial_local_BLS,C_body_corrective_bls,8424,0.040627,0.039989,-0.031662
THAIZ_BODY_PLY,C_facial_local_BLS,C_body_corrective_bls,8425,0.080729,0.048251,-0.0513
THAIZ_BODY_PLY,C_facial_local_BLS,C_body_corrective_bls,8426,0.08094,0.010155,-0.058156
THAIZ_BODY_PLY,C_facial_local_BLS,C_body_corrective_bls,8427,0.045852,-0.00451,-0.02046
THAIZ_BODY_PLY,C_facial_local_BLS,C_body_corrective_bls,8428,-0.001257,0.015926,0.033915
THAIZ_BODY_PLY,C_facial_local_BLS,C_body_corrective_bls,8429,0.106438,0.012871,0.146125
THAIZ_BODY_PLY,C_facial_local_BLS,C_body_corrective_bls,8430,0.157659,0.00186,0.111541
THAIZ_BODY_PLY,C_facial_local_BLS,C_body_corrective_bls,8431,0.159599,0.004339,0.092473
THAIZ_BODY_PLY,C_facial_local_BLS,C_body_corrective_bls,8432,0.123702,0.008,0.080456
THAIZ_BODY_PLY,C_facial_local_BLS,C_body_corrective_bls,8433,0.087685,-0.000161,0.054504
THAIZ_BODY_PLY,C_facial_local_BLS,C_body_corrective_bls,8451,0.005995,0.009438,-0.036124
THAIZ_BODY_PLY,C_facial_local_BLS,C_body_corrective_bls,8452,0.024019,0.009756,-0.06341
THAIZ_BODY_PLY,C_facial_local_BLS,C_body_corrective_bls,8453,0.029983,0.009536,-0.076435
THAIZ_BODY_PLY,C_facial_local_BLS,C_body_corrective_bls,8454,0.067472,0.052166,-0.127918
THAIZ_BODY_PLY,C_facial_local_BLS,C_body_corrective_bls,8455,0.078616,0.049383,-0.035064
THAIZ_BODY_PLY,C_facial_local_BLS,C_body_corrective_bls,8456,0.028925,0.025271,0.048832
THAIZ_BODY_PLY,C_facial_local_BLS,C_body_corrective_bls,8457,0.064761,0.019768,0.014839
THAIZ_BODY_PLY,C_facial_local_BLS,C_body_corrective_bls,8458,0.03433,0.00097,0.015356
THAIZ_BODY_PLY,C_facial_local_BLS,C_body_corrective_bls,8459,0.01858,0.002966,0.011387
THAIZ_BODY_PLY,C_facial_local_BLS,C_body_corrective_bls,8460,0.032011,0.008234,-0.010364
THAIZ_BODY_PLY,C_facial_local_BLS,C_body_corrective_bls,8497,0.000429,0.003532,0.000596
THAIZ_BODY_PLY,C_facial_local_BLS,C_body_corrective_bls,8498,-0.012771,0.076006,0.183002
THAIZ_BODY_PLY,C_facial_local_BLS,C_body_corrective_bls,8535,0.000602,0.043069,0.024721
THAIZ_BODY_PLY,C_facial_local_BLS,C_body_corrective_bls,8541,0.001859,0.015851,0.002825
THAIZ_BODY_PLY,C_facial_local_BLS,C_body_corrective_bls,8775,-0.003071,0.052085,-0.002157
THAIZ_BODY_PLY,C_facial_local_BLS,C_body_corrective_bls,8776,0.00274,0.017702,-0.002334
THAIZ_BODY_PLY,C_facial_local_BLS,C_body_corrective_bls,8777,0.050188,0.044284,-0.021665
THAIZ_BODY_PLY,C_facial_local_BLS,C_body_corrective_bls,8778,0.032651,0.015383,-0.008663
THAIZ_BODY_PLY,C_facial_local_BLS,C_body_corrective_bls,8779,-0.005974,-0.012011,-0.01934
THAIZ_BODY_PLY,C_facial_local_BLS,C_body_corrective_bls,8780,0.000778,-0.002663,7.9e-05
THAIZ_BODY_PLY,C_facial_local_BLS,C_body_corrective_bls,8781,0.148466,-0.011536,0.150877
THAIZ_BODY_PLY,C_facial_local_BLS,C_body_corrective_bls,8782,0.150831,-0.020281,0.132336
THAIZ_BODY_PLY,C_facial_local_BLS,C_body_corrective_bls,8783,0.167809,-0.021752,0.121214
THAIZ_BODY_PLY,C_facial_local_BLS,C_body_corrective_bls,8784,0.162955,0.001348,0.111656
THAIZ_BODY_PLY,C_facial_local_BLS,C_body_corrective_bls,8785,0.079693,-0.007874,0.051881
THAIZ_BODY_PLY,C_facial_local_BLS,C_body_corrective_bls,8786,0.000162,2.9e-05,-6.1e-05
THAIZ_BODY_PLY,C_facial_local_BLS,C_body_corrective_bls,8855,0.009738,0.08313,0.014818
THAIZ_BODY_PLY,C_facial_local_BLS,C_body_corrective_bls,8856,0.016432,0.081959,0.016116
THAIZ_BODY_PLY,C_facial_local_BLS,C_body_corrective_bls,8857,0.041413,0.088899,-0.005501
THAIZ_BODY_PLY,C_facial_local_BLS,C_body_corrective_bls,8858,0.091098,0.076588,-0.023405
THAIZ_BODY_PLY,C_facial_local_BLS,C_body_corrective_bls,8859,0.068507,0.020403,-0.026144
THAIZ_BODY_PLY,C_facial_local_BLS,C_body_corrective_bls,8860,0.04018,0.021319,-0.001049
THAIZ_BODY_PLY,C_facial_local_BLS,C_body_corrective_bls,8861,0.025032,0.023947,0.029513
THAIZ_BODY_PLY,C_facial_local_BLS,C_body_corrective_bls,8862,0.15099,-0.015632,0.166625
THAIZ_BODY_PLY,C_facial_local_BLS,C_body_corrective_bls,8863,0.170377,-0.016256,0.139066
THAIZ_BODY_PLY,C_facial_local_BLS,C_body_corrective_bls,8864,0.176979,-0.01189,0.114245
THAIZ_BODY_PLY,C_facial_local_BLS,C_body_corrective_bls,8865,0.160934,-0.002642,0.100183
THAIZ_BODY_PLY,C_facial_local_BLS,C_body_corrective_bls,8866,0.099408,-0.013157,0.059869
THAIZ_BODY_PLY,C_facial_local_BLS,C_body_corrective_bls,14180,-3e-06,-6e-06,-5e-06
THAIZ_BODY_PLY,C_facial_local_BLS,C_body_corrective_bls,14184,0.001498,0.003692,0.000845
THAIZ_BODY_PLY,C_facial_local_BLS,C_body_corrective_bls,14185,0.005084,0.002586,0.000618
THAIZ_BODY_PLY,C_facial_local_BLS,C_body_corrective_bls,14186,0.005793,-0.002588,-0.001947
THAIZ_BODY_PLY,C_facial_local_BLS,C_body_corrective_bls,14187,6.7e-05,-0.002268,-0.001016
THAIZ_BODY_PLY,C_facial_local_BLS,C_body_corrective_bls,14190,-3e-06,-6e-06,-5e-06
THAIZ_BODY_PLY_localMouth,C_facial_local_BLS,l_out_mouth_bls,3,-0.000146,0.000937,0.00013
THAIZ_BODY_PLY_localMouth,C_facial_local_BLS,l_out_mouth_bls,4,-0.004203,0.008915,0.002431
THAIZ_BODY_PLY_localMouth,C_facial_local_BLS,l_out_mouth_bls,5,-0.044885,0.043621,0.023691
THAIZ_BODY_PLY_localMouth,C_facial_local_BLS,l_out_mouth_bls,6,-0.060034,0.051336,0.001032
THAIZ_BODY_PLY_localMouth,C_facial_local_BLS,l_out_mouth_bls,7,-0.02284,0.042912,-0.044704
THAIZ_BODY_PLY_localMouth,C_facial_local_BLS,l_out_mouth_bls,8,0.017561,0.037672,-0.027416
THAIZ_BODY_PLY_localMouth,C_facial_local_BLS,l_out_mouth_bls,9,-0.090443,0.011329,0.339058
THAIZ_BODY_PLY_localMouth,C_facial_local_BLS,l_out_mouth_bls,10,-0.279167,0.018033,0.447118
THAIZ_BODY_PLY_localMouth,C_facial_local_BLS,l_out_mouth_bls,11,-0.280301,0.040241,0.430765
THAIZ_BODY_PLY_localMouth,C_facial_local_BLS,l_out_mouth_bls,12,-0.023601,0.027876,0.139511
THAIZ_BODY_PLY_localMouth,C_facial_local_BLS,l_out_mouth_bls,13,0.030956,0.011253,0.041163
THAIZ_BODY_PLY_localMouth,C_facial_local_BLS,l_out_mouth_bls,14,-0.004941,0.016023,-0.029048
THAIZ_BODY_PLY_localMouth,C_facial_local_BLS,l_out_mouth_bls,15,0.002653,-0.001768,-0.011236
THAIZ_BODY_PLY_localMouth,C_facial_local_BLS,l_out_mouth_bls,16,0.001184,-0.001596,-0.001468
THAIZ_BODY_PLY_localMouth,C_facial_local_BLS,l_out_mouth_bls,24,-0.000477,0.000656,-1e-06
THAIZ_BODY_PLY_localMouth,C_facial_local_BLS,l_out_mouth_bls,25,-0.058828,0.043231,0.045497
THAIZ_BODY_PLY_localMouth,C_facial_local_BLS,l_out_mouth_bls,26,-0.126205,0.088041,0.092329
THAIZ_BODY_PLY_localMouth,C_facial_local_BLS,l_out_mouth_bls,27,-0.114657,0.074898,0.045216
THAIZ_BODY_PLY_localMouth,C_facial_local_BLS,l_out_mouth_bls,28,-0.034468,0.053889,-0.049825
THAIZ_BODY_PLY_localMouth,C_facial_local_BLS,l_out_mouth_bls,29,0.019188,0.042879,-0.025991
THAIZ_BODY_PLY_localMouth,C_facial_local_BLS,l_out_mouth_bls,30,-0.137907,-0.022164,0.253306
THAIZ_BODY_PLY_localMouth,C_facial_local_BLS,l_out_mouth_bls,31,-0.108939,-0.016077,0.109448
THAIZ_BODY_PLY_localMouth,C_facial_local_BLS,l_out_mouth_bls,32,-0.200992,0.013776,0.299907
THAIZ_BODY_PLY_localMouth,C_facial_local_BLS,l_out_mouth_bls,33,-0.135973,0.080871,0.219341
THAIZ_BODY_PLY_localMouth,C_facial_local_BLS,l_out_mouth_bls,34,-0.058002,0.081154,0.135047
THAIZ_BODY_PLY_localMouth,C_facial_local_BLS,l_out_mouth_bls,35,-0.001225,0.015597,-0.022367
THAIZ_BODY_PLY_localMouth,C_facial_local_BLS,l_out_mouth_bls,36,0.001089,0.00257,-0.005474
THAIZ_BODY_PLY_localMouth,C_facial_local_BLS,l_out_mouth_bls,37,0.000218,4e-05,-0.000253
THAIZ_BODY_PLY_localMouth,C_facial_local_BLS,l_out_mouth_bls,44,-4e-06,3e-06,3e-06
THAIZ_BODY_PLY_localMouth,C_facial_local_BLS,l_out_mouth_bls,45,-0.010024,0.005097,0.007055
THAIZ_BODY_PLY_localMouth,C_facial_local_BLS,l_out_mouth_bls,46,-0.118661,0.074766,0.092433
THAIZ_BODY_PLY_localMouth,C_facial_local_BLS,l_out_mouth_bls,47,-0.183963,0.103206,0.142556
THAIZ_BODY_PLY_localMouth,C_facial_local_BLS,l_out_mouth_bls,48,-0.146837,0.055701,0.084326
THAIZ_BODY_PLY_localMouth,C_facial_local_BLS,l_out_mouth_bls,49,-0.050648,0.04153,-0.031073
THAIZ_BODY_PLY_localMouth,C_facial_local_BLS,l_out_mouth_bls,50,0.017661,0.044379,-0.022865
THAIZ_BODY_PLY_localMouth,C_facial_local_BLS,l_out_mouth_bls,51,-0.009733,0.002423,0.013137
THAIZ_BODY_PLY_localMouth,C_facial_local_BLS,l_out_mouth_bls,52,-0.016132,-0.013461,0.158453
THAIZ_BODY_PLY_localMouth,C_facial_local_BLS,l_out_mouth_bls,53,-0.217117,0.049205,0.410039
THAIZ_BODY_PLY_localMouth,C_facial_local_BLS,l_out_mouth_bls,54,-0.174043,0.094646,0.222266
THAIZ_BODY_PLY_localMouth,C_facial_local_BLS,l_out_mouth_bls,55,-0.135043,0.138328,0.128442
THAIZ_BODY_PLY_localMouth,C_facial_local_BLS,l_out_mouth_bls,56,0.006511,0.017581,-0.021089
THAIZ_BODY_PLY_localMouth,C_facial_local_BLS,l_out_mouth_bls,57,0.001682,0.004156,-0.003728
THAIZ_BODY_PLY_localMouth,C_facial_local_BLS,l_out_mouth_bls,66,-0.000446,0.00029,0.000273
THAIZ_BODY_PLY_localMouth,C_facial_local_BLS,l_out_mouth_bls,67,-0.049516,0.031482,0.030636
THAIZ_BODY_PLY_localMouth,C_facial_local_BLS,l_out_mouth_bls,68,-0.155778,0.09687,0.101592
THAIZ_BODY_PLY_localMouth,C_facial_local_BLS,l_out_mouth_bls,69,-0.143224,0.062421,0.093068
THAIZ_BODY_PLY_localMouth,C_facial_local_BLS,l_out_mouth_bls,70,-0.083891,0.003706,0.057862
THAIZ_BODY_PLY_localMouth,C_facial_local_BLS,l_out_mouth_bls,71,0.0396,-0.009755,0.026006
THAIZ_BODY_PLY_localMouth,C_facial_local_BLS,l_out_mouth_bls,72,0.053354,0.03368,0.008068
THAIZ_BODY_PLY_localMouth,C_facial_local_BLS,l_out_mouth_bls,73,0.03909,0.035572,-0.004666
THAIZ_BODY_PLY_localMouth,C_facial_local_BLS,l_out_mouth_bls,74,0.036869,0.039544,-0.003848
THAIZ_BODY_PLY_localMouth,C_facial_local_BLS,l_out_mouth_bls,75,-0.006997,0.069671,-0.033223
THAIZ_BODY_PLY_localMouth,C_facial_local_BLS,l_out_mouth_bls,76,-0.020235,0.066043,-0.005067
THAIZ_BODY_PLY_localMouth,C_facial_local_BLS,l_out_mouth_bls,77,0.01265,0.025243,-0.006438
THAIZ_BODY_PLY_localMouth,C_facial_local_BLS,l_out_mouth_bls,78,0.003078,0.004158,-0.00183
THAIZ_BODY_PLY_localMouth,C_facial_local_BLS,l_out_mouth_bls,87,-0.001548,0.001022,0.000929
THAIZ_BODY_PLY_localMouth,C_facial_local_BLS,l_out_mouth_bls,88,-0.050384,0.032087,0.029671
THAIZ_BODY_PLY_localMouth,C_facial_local_BLS,l_out_mouth_bls,89,-0.082503,0.046042,0.050313
THAIZ_BODY_PLY_localMouth,C_facial_local_BLS,l_out_mouth_bls,90,-0.060195,0.018464,0.039948
THAIZ_BODY_PLY_localMouth,C_facial_local_BLS,l_out_mouth_bls,91,-0.006076,-0.007467,0.022899
THAIZ_BODY_PLY_localMouth,C_facial_local_BLS,l_out_mouth_bls,92,0.036089,0.010711,0.021764
THAIZ_BODY_PLY_localMouth,C_facial_local_BLS,l_out_mouth_bls,93,0.050659,0.037024,0.018729
THAIZ_BODY_PLY_localMouth,C_facial_local_BLS,l_out_mouth_bls,94,0.052217,0.049974,0.01395
THAIZ_BODY_PLY_localMouth,C_facial_local_BLS,l_out_mouth_bls,95,0.043876,0.052986,0.010211
THAIZ_BODY_PLY_localMouth,C_facial_local_BLS,l_out_mouth_bls,96,0.022177,0.033837,0.004032
THAIZ_BODY_PLY_localMouth,C_facial_local_BLS,l_out_mouth_bls,97,0.008483,0.014532,-0.003422
THAIZ_BODY_PLY_localMouth,C_facial_local_BLS,l_out_mouth_bls,98,0.002279,0.002553,-0.000989
THAIZ_BODY_PLY_localMouth,C_facial_local_BLS,l_out_mouth_bls,112,3e-06,0.0,-1e-06
THAIZ_BODY_PLY_localMouth,C_facial_local_BLS,l_out_mouth_bls,173,-0.000153,0.0001,8.8e-05
THAIZ_BODY_PLY_localMouth,C_facial_local_BLS,l_out_mouth_bls,174,-0.002489,0.001515,0.001297
THAIZ_BODY_PLY_localMouth,C_facial_local_BLS,l_out_mouth_bls,175,-0.003689,0.001919,0.001539
THAIZ_BODY_PLY_localMouth,C_facial_local_BLS,l_out_mouth_bls,176,0.000463,-0.000352,0.000256
THAIZ_BODY_PLY_localMouth,C_facial_local_BLS,l_out_mouth_bls,177,0.003324,0.004555,0.003173
THAIZ_BODY_PLY_localMouth,C_facial_local_BLS,l_out_mouth_bls,178,0.007515,0.01504,0.006715
THAIZ_BODY_PLY_localMouth,C_facial_local_BLS,l_out_mouth_bls,179,0.011031,0.024725,0.006163
THAIZ_BODY_PLY_localMouth,C_facial_local_BLS,l_out_mouth_bls,180,0.010924,0.025508,0.001526
THAIZ_BODY_PLY_localMouth,C_facial_local_BLS,l_out_mouth_bls,181,0.007883,0.014483,-0.002054
THAIZ_BODY_PLY_localMouth,C_facial_local_BLS,l_out_mouth_bls,182,0.005102,0.005963,-0.00207
THAIZ_BODY_PLY_localMouth,C_facial_local_BLS,l_out_mouth_bls,183,0.000819,0.000915,-0.00033
THAIZ_BODY_PLY_localMouth,C_facial_local_BLS,l_out_mouth_bls,218,0.000476,0.000519,-0.00019
THAIZ_BODY_PLY_localMouth,C_facial_local_BLS,l_out_mouth_bls,219,0.002058,0.002314,-0.000788
THAIZ_BODY_PLY_localMouth,C_facial_local_BLS,l_out_mouth_bls,220,0.00369,0.004531,-0.001304
THAIZ_BODY_PLY_localMouth,C_facial_local_BLS,l_out_mouth_bls,221,0.004741,0.006079,-0.001675
THAIZ_BODY_PLY_localMouth,C_facial_local_BLS,l_out_mouth_bls,222,0.004553,0.005483,-0.001726
THAIZ_BODY_PLY_localMouth,C_facial_local_BLS,l_out_mouth_bls,223,0.002684,0.002983,-0.00106
THAIZ_BODY_PLY_localMouth,C_facial_local_BLS,l_out_mouth_bls,224,0.000558,0.000618,-0.00022
THAIZ_BODY_PLY_localMouth,C_facial_local_BLS,l_out_mouth_bls,348,-2.4e-05,1.6e-05,1.7e-05
THAIZ_BODY_PLY_localMouth,C_facial_local_BLS,l_out_mouth_bls,349,-0.011984,0.007902,0.008117
THAIZ_BODY_PLY_localMouth,C_facial_local_BLS,l_out_mouth_bls,350,-0.117669,0.079233,0.086632
THAIZ_BODY_PLY_localMouth,C_facial_local_BLS,l_out_mouth_bls,351,-0.208729,0.136965,0.161295
THAIZ_BODY_PLY_localMouth,C_facial_local_BLS,l_out_mouth_bls,352,-0.164827,0.081665,0.121222
THAIZ_BODY_PLY_localMouth,C_facial_local_BLS,l_out_mouth_bls,353,-0.076775,0.033253,0.017011
THAIZ_BODY_PLY_localMouth,C_facial_local_BLS,l_out_mouth_bls,354,0.014004,0.019219,-0.0171
THAIZ_BODY_PLY_localMouth,C_facial_local_BLS,l_out_mouth_bls,355,0.019012,0.021787,-0.004811
THAIZ_BODY_PLY_localMouth,C_facial_local_BLS,l_out_mouth_bls,356,-0.003818,-0.011154,0.104725
THAIZ_BODY_PLY_localMouth,C_facial_local_BLS,l_out_mouth_bls,357,-0.126323,0.031651,0.343558
THAIZ_BODY_PLY_localMouth,C_facial_local_BLS,l_out_mouth_bls,358,-0.122644,0.068562,0.219504
THAIZ_BODY_PLY_localMouth,C_facial_local_BLS,l_out_mouth_bls,359,-0.099907,0.073677,0.116511
THAIZ_BODY_PLY_localMouth,C_facial_local_BLS,l_out_mouth_bls,360,0.009213,0.019867,-0.019461
THAIZ_BODY_PLY_localMouth,C_facial_local_BLS,l_out_mouth_bls,361,0.002903,0.005082,-0.003581
THAIZ_BODY_PLY_localMouth,C_facial_local_BLS,l_out_mouth_bls,391,0.009782,0.043732,0.070995
THAIZ_BODY_PLY_localMouth,C_facial_local_BLS,l_out_mouth_bls,392,0.003506,0.007584,0.009209
THAIZ_BODY_PLY_localMouth,C_facial_local_BLS,l_out_mouth_bls,397,0.0,3e-06,2e-06
THAIZ_BODY_PLY_localMouth,C_facial_local_BLS,l_out_mouth_bls,398,7.6e-05,0.000988,0.000854
THAIZ_BODY_PLY_localMouth,C_facial_local_BLS,l_out_mouth_bls,400,0.008593,0.051873,0.146194
THAIZ_BODY_PLY_localMouth,C_facial_local_BLS,l_out_mouth_bls,401,0.01179,0.060454,0.160941
THAIZ_BODY_PLY_localMouth,C_facial_local_BLS,l_out_mouth_bls,402,0.004502,0.054736,0.042436
THAIZ_BODY_PLY_localMouth,C_facial_local_BLS,l_out_mouth_bls,403,0.002356,0.025804,0.020595
THAIZ_BODY_PLY_localMouth,C_facial_local_BLS,l_out_mouth_bls,404,0.001182,0.012419,0.010066
THAIZ_BODY_PLY_localMouth,C_facial_local_BLS,l_out_mouth_bls,419,0.028297,0.159075,0.115677
THAIZ_BODY_PLY_localMouth,C_facial_local_BLS,l_out_mouth_bls,420,0.012563,0.17115,0.120358
THAIZ_BODY_PLY_localMouth,C_facial_local_BLS,l_out_mouth_bls,421,0.084276,0.184018,0.484858
THAIZ_BODY_PLY_localMouth,C_facial_local_BLS,l_out_mouth_bls,422,0.07158,0.144409,0.310221
THAIZ_BODY_PLY_localMouth,C_facial_local_BLS,l_out_mouth_bls,423,0.035767,0.046074,0.056677
THAIZ_BODY_PLY_localMouth,C_facial_local_BLS,l_out_mouth_bls,424,2e-06,6e-06,1.4e-05
THAIZ_BODY_PLY_localMouth,C_facial_local_BLS,l_out_mouth_bls,425,0.004491,8.4e-05,0.002161
THAIZ_BODY_PLY_localMouth,C_facial_local_BLS,l_out_mouth_bls,426,0.003133,0.013386,0.010281
THAIZ_BODY_PLY_localMouth,C_facial_local_BLS,l_out_mouth_bls,431,0.091331,0.18349,0.477752
THAIZ_BODY_PLY_localMouth,C_facial_local_BLS,l_out_mouth_bls,435,4e-06,9e-06,1.2e-05
THAIZ_BODY_PLY_localMouth,C_facial_local_BLS,l_out_mouth_bls,443,0.000329,0.000613,0.000783
THAIZ_BODY_PLY_localMouth,C_facial_local_BLS,l_out_mouth_bls,444,0.014853,0.015002,0.015552
THAIZ_BODY_PLY_localMouth,C_facial_local_BLS,l_out_mouth_bls,445,-0.000329,0.016948,0.0378
THAIZ_BODY_PLY_localMouth,C_facial_local_BLS,l_out_mouth_bls,446,0.001374,0.004799,0.006478
THAIZ_BODY_PLY_localMouth,C_facial_local_BLS,l_out_mouth_bls,447,0.00012,0.00044,0.000627
THAIZ_BODY_PLY_localMouth,C_facial_local_BLS,l_out_mouth_bls,452,0.0,3e-06,3e-06
THAIZ_BODY_PLY_localMouth,C_facial_local_BLS,l_out_mouth_bls,453,0.0,1.4e-05,1.4e-05
THAIZ_BODY_PLY_localMouth,C_facial_local_BLS,l_out_mouth_bls,454,1e-06,4.9e-05,4.8e-05
THAIZ_BODY_PLY_localMouth,C_facial_local_BLS,l_out_mouth_bls,455,1e-05,0.000776,0.000786
THAIZ_BODY_PLY_localMouth,C_facial_local_BLS,l_out_mouth_bls,456,-0.000199,0.007265,0.008016
THAIZ_BODY_PLY_localMouth,C_facial_local_BLS,l_out_mouth_bls,457,-0.000283,0.015519,0.018106
THAIZ_BODY_PLY_localMouth,C_facial_local_BLS,l_out_mouth_bls,458,0.000816,0.025914,0.033913
THAIZ_BODY_PLY_localMouth,C_facial_local_BLS,l_out_mouth_bls,459,0.000113,0.020681,0.091273
THAIZ_BODY_PLY_localMouth,C_facial_local_BLS,l_out_mouth_bls,460,-0.002427,0.018042,0.078669
THAIZ_BODY_PLY_localMouth,C_facial_local_BLS,l_out_mouth_bls,463,0.00052,0.005645,0.004666
THAIZ_BODY_PLY_localMouth,C_facial_local_BLS,l_out_mouth_bls,464,-3.7e-05,0.003538,0.00376
THAIZ_BODY_PLY_localMouth,C_facial_local_BLS,l_out_mouth_bls,467,7e-06,0.000108,9.6e-05
THAIZ_BODY_PLY_localMouth,C_facial_local_BLS,l_out_mouth_bls,468,4e-06,0.000134,0.000131
THAIZ_BODY_PLY_localMouth,C_facial_local_BLS,l_out_mouth_bls,469,0.051456,0.056308,0.059408
THAIZ_BODY_PLY_localMouth,C_facial_local_BLS,l_out_mouth_bls,470,0.024573,0.024235,0.019576
THAIZ_BODY_PLY_localMouth,C_facial_local_BLS,l_out_mouth_bls,471,0.000147,0.000834,0.000973
THAIZ_BODY_PLY_localMouth,C_facial_local_BLS,l_out_mouth_bls,472,0.079608,0.106522,0.1663
THAIZ_BODY_PLY_localMouth,C_facial_local_BLS,l_out_mouth_bls,473,0.100694,0.158719,0.393984
THAIZ_BODY_PLY_localMouth,C_facial_local_BLS,l_out_mouth_bls,474,0.18157,-0.042415,0.843068
THAIZ_BODY_PLY_localMouth,C_facial_local_BLS,l_out_mouth_bls,475,0.184822,-0.171739,0.761994
THAIZ_BODY_PLY_localMouth,C_facial_local_BLS,l_out_mouth_bls,476,0.101137,-0.273063,0.811605
THAIZ_BODY_PLY_localMouth,C_facial_local_BLS,l_out_mouth_bls,477,0.050788,-0.287801,0.829737
THAIZ_BODY_PLY_localMouth,C_facial_local_BLS,l_out_mouth_bls,478,0.165458,-0.070477,0.188314
THAIZ_BODY_PLY_localMouth,C_facial_local_BLS,l_out_mouth_bls,479,0.114491,0.023485,0.03321
THAIZ_BODY_PLY_localMouth,C_facial_local_BLS,l_out_mouth_bls,480,0.007949,0.141954,-0.067715
THAIZ_BODY_PLY_localMouth,C_facial_local_BLS,l_out_mouth_bls,481,-0.006895,0.139028,0.08482
THAIZ_BODY_PLY_localMouth,C_facial_local_BLS,l_out_mouth_bls,482,-0.018781,0.056029,-0.088533
THAIZ_BODY_PLY_localMouth,C_facial_local_BLS,l_out_mouth_bls,483,-0.017712,0.081823,-0.084706
THAIZ_BODY_PLY_localMouth,C_facial_local_BLS,l_out_mouth_bls,484,0.006666,-0.01111,0.003127
THAIZ_BODY_PLY_localMouth,C_facial_local_BLS,l_out_mouth_bls,485,-0.000121,9.7e-05,-6.1e-05
THAIZ_BODY_PLY_localMouth,C_facial_local_BLS,l_out_mouth_bls,486,0.086613,-0.262979,0.732361
THAIZ_BODY_PLY_localMouth,C_facial_local_BLS,l_out_mouth_bls,491,0.147154,-0.199202,0.462344
THAIZ_BODY_PLY_localMouth,C_facial_local_BLS,l_out_mouth_bls,495,0.09882,0.164628,0.717856
THAIZ_BODY_PLY_localMouth,C_facial_local_BLS,l_out_mouth_bls,496,0.171917,0.162511,0.580234
THAIZ_BODY_PLY_localMouth,C_facial_local_BLS,l_out_mouth_bls,497,-0.113723,0.102072,0.288302
THAIZ_BODY_PLY_localMouth,C_facial_local_BLS,l_out_mouth_bls,498,-0.242672,-0.039691,0.437344
THAIZ_BODY_PLY_localMouth,C_facial_local_BLS,l_out_mouth_bls,499,-0.307198,-0.24923,0.535586
THAIZ_BODY_PLY_localMouth,C_facial_local_BLS,l_out_mouth_bls,500,-0.169248,-0.412803,0.531948
THAIZ_BODY_PLY_localMouth,C_facial_local_BLS,l_out_mouth_bls,509,0.003666,-0.021806,4e-05
THAIZ_BODY_PLY_localMouth,C_facial_local_BLS,l_out_mouth_bls,510,0.050073,-0.418596,0.522461
THAIZ_BODY_PLY_localMouth,C_facial_local_BLS,l_out_mouth_bls,511,0.092756,-0.312817,0.736746
THAIZ_BODY_PLY_localMouth,C_facial_local_BLS,l_out_mouth_bls,512,0.12416,0.052206,0.232118
THAIZ_BODY_PLY_localMouth,C_facial_local_BLS,l_out_mouth_bls,513,0.027931,0.033162,0.00637
THAIZ_BODY_PLY_localMouth,C_facial_local_BLS,l_out_mouth_bls,514,0.000246,0.004577,0.001812
THAIZ_BODY_PLY_localMouth,C_facial_local_BLS,l_out_mouth_bls,515,0.049279,0.057618,0.004448
THAIZ_BODY_PLY_localMouth,C_facial_local_BLS,l_out_mouth_bls,516,0.093541,0.070798,0.068221
THAIZ_BODY_PLY_localMouth,C_facial_local_BLS,l_out_mouth_bls,525,-1.028864,-0.121896,1.091371
THAIZ_BODY_PLY_localMouth,C_facial_local_BLS,l_out_mouth_bls,526,-0.937994,0.079655,1.026025
THAIZ_BODY_PLY_localMouth,C_facial_local_BLS,l_out_mouth_bls,527,-0.81478,-0.306753,0.91854
THAIZ_BODY_PLY_localMouth,C_facial_local_BLS,l_out_mouth_bls,528,-0.461567,-0.374489,0.661095
THAIZ_BODY_PLY_localMouth,C_facial_local_BLS,l_out_mouth_bls,529,-0.307843,-0.19521,0.671222
THAIZ_BODY_PLY_localMouth,C_facial_local_BLS,l_out_mouth_bls,530,0.06681,0.020837,0.12604
THAIZ_BODY_PLY_localMouth,C_facial_local_BLS,l_out_mouth_bls,531,0.109964,0.075611,0.015301
THAIZ_BODY_PLY_localMouth,C_facial_local_BLS,l_out_mouth_bls,532,0.078881,0.047891,0.104137
THAIZ_BODY_PLY_localMouth,C_facial_local_BLS,l_out_mouth_bls,533,0.052752,0.052173,0.128522
THAIZ_BODY_PLY_localMouth,C_facial_local_BLS,l_out_mouth_bls,534,0.076063,0.088562,-0.009101
THAIZ_BODY_PLY_localMouth,C_facial_local_BLS,l_out_mouth_bls,535,0.034011,0.0309,0.010589
THAIZ_BODY_PLY_localMouth,C_facial_local_BLS,l_out_mouth_bls,536,0.105346,0.057736,0.025555
THAIZ_BODY_PLY_localMouth,C_facial_local_BLS,l_out_mouth_bls,537,0.015503,-0.016643,0.013971
THAIZ_BODY_PLY_localMouth,C_facial_local_BLS,l_out_mouth_bls,538,0.015729,-0.051068,0.034464
THAIZ_BODY_PLY_localMouth,C_facial_local_BLS,l_out_mouth_bls,539,0.102094,0.024628,0.050485
THAIZ_BODY_PLY_localMouth,C_facial_local_BLS,l_out_mouth_bls,540,-0.004238,-0.047945,0.091678
THAIZ_BODY_PLY_localMouth,C_facial_local_BLS,l_out_mouth_bls,541,0.178215,0.039004,0.109783
THAIZ_BODY_PLY_localMouth,C_facial_local_BLS,l_out_mouth_bls,542,-0.01775,-0.068301,0.084253
THAIZ_BODY_PLY_localMouth,C_facial_local_BLS,l_out_mouth_bls,543,0.106537,-0.169338,0.273982
THAIZ_BODY_PLY_localMouth,C_facial_local_BLS,l_out_mouth_bls,544,-0.441491,-0.311574,0.707677
THAIZ_BODY_PLY_localMouth,C_facial_local_BLS,l_out_mouth_bls,545,0.048765,-0.035092,0.076242
THAIZ_BODY_PLY_localMouth,C_facial_local_BLS,l_out_mouth_bls,546,0.059187,0.033009,0.06744
THAIZ_BODY_PLY_localMouth,C_facial_local_BLS,l_out_mouth_bls,547,0.002054,0.003404,-0.007708
THAIZ_BODY_PLY_localMouth,C_facial_local_BLS,l_out_mouth_bls,548,0.067977,-0.010084,-0.007003
THAIZ_BODY_PLY_localMouth,C_facial_local_BLS,l_out_mouth_bls,549,0.048226,0.025409,-0.025425
THAIZ_BODY_PLY_localMouth,C_facial_local_BLS,l_out_mouth_bls,550,-0.69407,-0.255305,0.756708
THAIZ_BODY_PLY_localMouth,C_facial_local_BLS,l_out_mouth_bls,551,-0.144647,0.04028,0.310742
THAIZ_BODY_PLY_localMouth,C_facial_local_BLS,l_out_mouth_bls,552,-0.313233,0.029188,0.529039
THAIZ_BODY_PLY_localMouth,C_facial_local_BLS,l_out_mouth_bls,553,-0.89021,-0.086467,0.850011
THAIZ_BODY_PLY_localMouth,C_facial_local_BLS,l_out_mouth_bls,554,-0.335224,0.078244,0.537942
THAIZ_BODY_PLY_localMouth,C_facial_local_BLS,l_out_mouth_bls,555,-0.774579,0.09945,0.796907
THAIZ_BODY_PLY_localMouth,C_facial_local_BLS,l_out_mouth_bls,556,-0.022011,-0.041676,0.008841
THAIZ_BODY_PLY_localMouth,C_facial_local_BLS,l_out_mouth_bls,557,-0.046005,-0.041502,0.022057
THAIZ_BODY_PLY_localMouth,C_facial_local_BLS,l_out_mouth_bls,558,-0.062535,-0.036622,0.039498
THAIZ_BODY_PLY_localMouth,C_facial_local_BLS,l_out_mouth_bls,559,-0.057391,-0.023738,0.05334
THAIZ_BODY_PLY_localMouth,C_facial_local_BLS,l_out_mouth_bls,560,0.012658,0.006054,0.076783
THAIZ_BODY_PLY_localMouth,C_facial_local_BLS,l_out_mouth_bls,561,-0.040986,-0.013856,0.089683
THAIZ_BODY_PLY_localMouth,C_facial_local_BLS,l_out_mouth_bls,562,0.081069,-0.033833,0.073701
THAIZ_BODY_PLY_localMouth,C_facial_local_BLS,l_out_mouth_bls,563,0.052671,0.015125,0.079777
THAIZ_BODY_PLY_localMouth,C_facial_local_BLS,l_out_mouth_bls,564,0.014662,0.009283,0.003145
THAIZ_BODY_PLY_localMouth,C_facial_local_BLS,l_out_mouth_bls,565,-0.010282,-0.035284,-0.005215
THAIZ_BODY_PLY_localMouth,C_facial_local_BLS,l_out_mouth_bls,566,0.002654,0.011042,0.004243
THAIZ_BODY_PLY_localMouth,C_facial_local_BLS,l_out_mouth_bls,567,0.00131,0.002897,0.002989
THAIZ_BODY_PLY_localMouth,C_facial_local_BLS,l_out_mouth_bls,568,0.000235,0.000296,0.000545
THAIZ_BODY_PLY_localMouth,C_facial_local_BLS,l_out_mouth_bls,576,0.006105,-0.005305,0.008189
THAIZ_BODY_PLY_localMouth,C_facial_local_BLS,l_out_mouth_bls,577,0.007579,0.00887,0.005012
THAIZ_BODY_PLY_localMouth,C_facial_local_BLS,l_out_mouth_bls,578,7.1e-05,0.000177,0.000168
THAIZ_BODY_PLY_localMouth,C_facial_local_BLS,l_out_mouth_bls,579,0.000472,-0.000513,0.001036
THAIZ_BODY_PLY_localMouth,C_facial_local_BLS,l_out_mouth_bls,582,0.008276,-0.01549,0.010023
THAIZ_BODY_PLY_localMouth,C_facial_local_BLS,l_out_mouth_bls,583,0.020088,-0.022832,0.020227
THAIZ_BODY_PLY_localMouth,C_facial_local_BLS,l_out_mouth_bls,584,0.00879,-0.016327,-0.010411
THAIZ_BODY_PLY_localMouth,C_facial_local_BLS,l_out_mouth_bls,585,0.035314,0.003278,0.001154
THAIZ_BODY_PLY_localMouth,C_facial_local_BLS,l_out_mouth_bls,586,-0.00199,-0.029868,-0.006708
THAIZ_BODY_PLY_localMouth,C_facial_local_BLS,l_out_mouth_bls,587,0.003186,-0.006192,0.00225
THAIZ_BODY_PLY_localMouth,C_facial_local_BLS,l_out_mouth_bls,588,0.009242,-0.014188,0.004157
THAIZ_BODY_PLY_localMouth,C_facial_local_BLS,l_out_mouth_bls,589,0.026081,-0.000255,-0.004857
THAIZ_BODY_PLY_localMouth,C_facial_local_BLS,l_out_mouth_bls,590,0.039022,0.014484,0.049827
THAIZ_BODY_PLY_localMouth,C_facial_local_BLS,l_out_mouth_bls,591,0.037642,-0.034739,0.058235
THAIZ_BODY_PLY_localMouth,C_facial_local_BLS,l_out_mouth_bls,592,0.207311,-0.009084,0.071698
THAIZ_BODY_PLY_localMouth,C_facial_local_BLS,l_out_mouth_bls,593,0.02215,0.016037,0.036452
THAIZ_BODY_PLY_localMouth,C_facial_local_BLS,l_out_mouth_bls,594,0.090824,0.012007,0.04789
THAIZ_BODY_PLY_localMouth,C_facial_local_BLS,l_out_mouth_bls,595,0.000788,-0.001656,0.001291
THAIZ_BODY_PLY_localMouth,C_facial_local_BLS,l_out_mouth_bls,596,0.003069,-0.00671,0.003647
THAIZ_BODY_PLY_localMouth,C_facial_local_BLS,l_out_mouth_bls,597,0.017128,-0.006012,-0.010898
THAIZ_BODY_PLY_localMouth,C_facial_local_BLS,l_out_mouth_bls,598,0.000348,0.000478,-0.001251
THAIZ_BODY_PLY_localMouth,C_facial_local_BLS,l_out_mouth_bls,601,0.000721,-0.000651,0.002541
THAIZ_BODY_PLY_localMouth,C_facial_local_BLS,l_out_mouth_bls,602,0.00554,-0.050439,-0.004461
THAIZ_BODY_PLY_localMouth,C_facial_local_BLS,l_out_mouth_bls,604,-0.3146,0.163572,0.359029
THAIZ_BODY_PLY_localMouth,C_facial_local_BLS,l_out_mouth_bls,605,-0.016469,0.073992,0.181908
THAIZ_BODY_PLY_localMouth,C_facial_local_BLS,l_out_mouth_bls,606,-0.375789,0.160308,0.436252
THAIZ_BODY_PLY_localMouth,C_facial_local_BLS,l_out_mouth_bls,607,-0.022178,0.149714,0.053776
THAIZ_BODY_PLY_localMouth,C_facial_local_BLS,l_out_mouth_bls,608,0.022796,0.151721,0.020534
THAIZ_BODY_PLY_localMouth,C_facial_local_BLS,l_out_mouth_bls,609,0.059485,0.096184,0.050886
THAIZ_BODY_PLY_localMouth,C_facial_local_BLS,l_out_mouth_bls,610,0.036913,0.017131,-0.045919
THAIZ_BODY_PLY_localMouth,C_facial_local_BLS,l_out_mouth_bls,611,0.08643,0.06146,-0.075513
THAIZ_BODY_PLY_localMouth,C_facial_local_BLS,l_out_mouth_bls,612,0.096539,0.053238,-0.059335
THAIZ_BODY_PLY_localMouth,C_facial_local_BLS,l_out_mouth_bls,613,0.02591,0.007996,-0.01673
THAIZ_BODY_PLY_localMouth,C_facial_local_BLS,l_out_mouth_bls,614,0.000929,-0.003767,0.002866
THAIZ_BODY_PLY_localMouth,C_facial_local_BLS,l_out_mouth_bls,615,0.026975,-0.033947,0.040245
THAIZ_BODY_PLY_localMouth,C_facial_local_BLS,l_out_mouth_bls,617,0.051582,0.058118,-0.009324
THAIZ_BODY_PLY_localMouth,C_facial_local_BLS,l_out_mouth_bls,620,6.8e-05,-0.000112,-0.000128
THAIZ_BODY_PLY_localMouth,C_facial_local_BLS,l_out_mouth_bls,621,0.016591,0.008174,-0.009288
THAIZ_BODY_PLY_localMouth,C_facial_local_BLS,l_out_mouth_bls,628,0.003407,0.02773,0.049607
THAIZ_BODY_PLY_localMouth,C_facial_local_BLS,l_out_mouth_bls,629,0.002324,0.006503,0.008101
THAIZ_BODY_PLY_localMouth,C_facial_local_BLS,l_out_mouth_bls,630,6.7e-05,0.000201,0.000264
THAIZ_BODY_PLY_localMouth,C_facial_local_BLS,l_out_mouth_bls,636,0.0,4e-06,3e-06
THAIZ_BODY_PLY_localMouth,C_facial_local_BLS,l_out_mouth_bls,637,2e-06,4.2e-05,4e-05
THAIZ_BODY_PLY_localMouth,C_facial_local_BLS,l_out_mouth_bls,638,7e-06,0.000164,0.000153
THAIZ_BODY_PLY_localMouth,C_facial_local_BLS,l_out_mouth_bls,639,4.4e-05,0.001022,0.000954
THAIZ_BODY_PLY_localMouth,C_facial_local_BLS,l_out_mouth_bls,640,0.000174,0.0048,0.004481
THAIZ_BODY_PLY_localMouth,C_facial_local_BLS,l_out_mouth_bls,641,0.000272,0.010006,0.009403
THAIZ_BODY_PLY_localMouth,C_facial_local_BLS,l_out_mouth_bls,642,0.000356,0.020766,0.01979
THAIZ_BODY_PLY_localMouth,C_facial_local_BLS,l_out_mouth_bls,643,0.001409,0.039378,0.039267
THAIZ_BODY_PLY_localMouth,C_facial_local_BLS,l_out_mouth_bls,644,0.004169,0.036366,0.120838
THAIZ_BODY_PLY_localMouth,C_facial_local_BLS,l_out_mouth_bls,645,0.000998,0.03084,0.10527
THAIZ_BODY_PLY_localMouth,C_facial_local_BLS,l_out_mouth_bls,646,-0.005879,-0.055037,0.021882
THAIZ_BODY_PLY_localMouth,C_facial_local_BLS,l_out_mouth_bls,647,-0.017705,-0.065109,0.033637
THAIZ_BODY_PLY_localMouth,C_facial_local_BLS,l_out_mouth_bls,648,-0.0185,-0.058015,0.041056
THAIZ_BODY_PLY_localMouth,C_facial_local_BLS,l_out_mouth_bls,649,-0.025941,-0.048455,0.047411
THAIZ_BODY_PLY_localMouth,C_facial_local_BLS,l_out_mouth_bls,650,-0.038497,-0.036921,0.103359
THAIZ_BODY_PLY_localMouth,C_facial_local_BLS,l_out_mouth_bls,651,0.013958,-0.021143,0.087177
THAIZ_BODY_PLY_localMouth,C_facial_local_BLS,l_out_mouth_bls,652,0.040622,-0.013144,0.059298
THAIZ_BODY_PLY_localMouth,C_facial_local_BLS,l_out_mouth_bls,653,0.034193,-0.009866,0.006893
THAIZ_BODY_PLY_localMouth,C_facial_local_BLS,l_out_mouth_bls,654,0.022888,-0.009846,-0.001452
THAIZ_BODY_PLY_localMouth,C_facial_local_BLS,l_out_mouth_bls,655,0.012854,-0.01124,-0.002428
THAIZ_BODY_PLY_localMouth,C_facial_local_BLS,l_out_mouth_bls,656,0.00777,-0.011212,0.004213
THAIZ_BODY_PLY_localMouth,C_facial_local_BLS,l_out_mouth_bls,657,0.008832,-0.02348,0.009873
THAIZ_BODY_PLY_localMouth,C_facial_local_BLS,l_out_mouth_bls,658,0.008078,-0.03767,0.015175
THAIZ_BODY_PLY_localMouth,C_facial_local_BLS,l_out_mouth_bls,661,-5.6e-05,3e-05,-0.000156
THAIZ_BODY_PLY_localMouth,C_facial_local_BLS,l_out_mouth_bls,662,0.026498,0.011415,-0.000883
THAIZ_BODY_PLY_localMouth,C_facial_local_BLS,l_out_mouth_bls,663,0.103864,0.063652,0.025234
THAIZ_BODY_PLY_localMouth,C_facial_local_BLS,l_out_mouth_bls,664,0.063434,0.108334,0.169407
THAIZ_BODY_PLY_localMouth,C_facial_local_BLS,l_out_mouth_bls,665,-0.100997,0.100889,0.358122
THAIZ_BODY_PLY_localMouth,C_facial_local_BLS,l_out_mouth_bls,666,-0.440512,0.075986,0.677288
THAIZ_BODY_PLY_localMouth,C_facial_local_BLS,l_out_mouth_bls,667,-0.379666,-0.01236,0.582895
THAIZ_BODY_PLY_localMouth,C_facial_local_BLS,l_out_mouth_bls,668,-0.269006,0.011956,0.426873
THAIZ_BODY_PLY_localMouth,C_facial_local_BLS,l_out_mouth_bls,669,0.083276,0.037883,0.026174
THAIZ_BODY_PLY_localMouth,C_facial_local_BLS,l_out_mouth_bls,670,0.08486,0.036457,0.065217
THAIZ_BODY_PLY_localMouth,C_facial_local_BLS,l_out_mouth_bls,671,-0.012691,0.045397,0.042585
THAIZ_BODY_PLY_localMouth,C_facial_local_BLS,l_out_mouth_bls,672,-0.007695,0.010896,0.001683
THAIZ_BODY_PLY_localMouth,C_facial_local_BLS,l_out_mouth_bls,673,0.002692,-0.000588,0.000495
THAIZ_BODY_PLY_localMouth,C_facial_local_BLS,l_out_mouth_bls,674,0.000448,-0.000177,0.000627
THAIZ_BODY_PLY_localMouth,C_facial_local_BLS,l_out_mouth_bls,675,1e-06,-0.0,2e-06
THAIZ_BODY_PLY_localMouth,C_facial_local_BLS,l_out_mouth_bls,676,0.005062,0.012695,0.013907
THAIZ_BODY_PLY_localMouth,C_facial_local_BLS,l_out_mouth_bls,677,0.058115,0.015551,0.022965
THAIZ_BODY_PLY_localMouth,C_facial_local_BLS,l_out_mouth_bls,678,0.126856,0.01647,0.056887
THAIZ_BODY_PLY_localMouth,C_facial_local_BLS,l_out_mouth_bls,679,0.01142,0.058706,0.077555
THAIZ_BODY_PLY_localMouth,C_facial_local_BLS,l_out_mouth_bls,680,-0.01789,0.055533,0.117953
THAIZ_BODY_PLY_localMouth,C_facial_local_BLS,l_out_mouth_bls,681,0.023984,-0.020903,0.213205
THAIZ_BODY_PLY_localMouth,C_facial_local_BLS,l_out_mouth_bls,682,-0.229461,-0.083176,0.37626
THAIZ_BODY_PLY_localMouth,C_facial_local_BLS,l_out_mouth_bls,683,-0.408137,-0.06055,0.36163
THAIZ_BODY_PLY_localMouth,C_facial_local_BLS,l_out_mouth_bls,684,-0.441086,-0.035427,0.289471
THAIZ_BODY_PLY_localMouth,C_facial_local_BLS,l_out_mouth_bls,685,-0.467173,0.145485,0.442447
THAIZ_BODY_PLY_localMouth,C_facial_local_BLS,l_out_mouth_bls,686,-0.230367,0.178693,0.292417
THAIZ_BODY_PLY_localMouth,C_facial_local_BLS,l_out_mouth_bls,687,0.044581,0.157432,0.011161
THAIZ_BODY_PLY_localMouth,C_facial_local_BLS,l_out_mouth_bls,688,0.081522,0.053106,-0.039236
THAIZ_BODY_PLY_localMouth,C_facial_local_BLS,l_out_mouth_bls,689,0.026417,0.008869,-0.015283
THAIZ_BODY_PLY_localMouth,C_facial_local_BLS,l_out_mouth_bls,690,0.004677,-0.007992,-0.023461
THAIZ_BODY_PLY_localMouth,C_facial_local_BLS,l_out_mouth_bls,691,0.032548,-0.047089,0.023478
THAIZ_BODY_PLY_localMouth,C_facial_local_BLS,l_out_mouth_bls,692,0.000417,-0.002143,0.000899
THAIZ_BODY_PLY_localMouth,C_facial_local_BLS,l_out_mouth_bls,693,0.000675,-0.001612,0.000155
THAIZ_BODY_PLY_localMouth,C_facial_local_BLS,l_out_mouth_bls,698,0.004552,0.003982,0.008973
THAIZ_BODY_PLY_localMouth,C_facial_local_BLS,l_out_mouth_bls,699,-0.007532,0.052275,-0.017985
THAIZ_BODY_PLY_localMouth,C_facial_local_BLS,l_out_mouth_bls,703,2.6e-05,0.000375,0.00033
THAIZ_BODY_PLY_localMouth,C_facial_local_BLS,l_out_mouth_bls,704,1.9e-05,0.000435,0.000406
THAIZ_BODY_PLY_localMouth,C_facial_local_BLS,l_out_mouth_bls,705,7e-06,0.000323,0.00032
THAIZ_BODY_PLY_localMouth,C_facial_local_BLS,l_out_mouth_bls,706,5e-06,0.001721,0.001781
THAIZ_BODY_PLY_localMouth,C_facial_local_BLS,l_out_mouth_bls,707,9.3e-05,0.002269,0.002117
THAIZ_BODY_PLY_localMouth,C_facial_local_BLS,l_out_mouth_bls,708,0.000206,0.002417,0.002043
THAIZ_BODY_PLY_localMouth,C_facial_local_BLS,l_out_mouth_bls,724,0.063725,-0.044587,0.783646
THAIZ_BODY_PLY_localMouth,C_facial_local_BLS,l_out_mouth_bls,725,-0.215573,0.041247,0.672661
THAIZ_BODY_PLY_localMouth,C_facial_local_BLS,l_out_mouth_bls,726,0.034899,0.070048,0.140698
THAIZ_BODY_PLY_localMouth,C_facial_local_BLS,l_out_mouth_bls,727,0.049603,0.05932,0.082449
THAIZ_BODY_PLY_localMouth,C_facial_local_BLS,l_out_mouth_bls,728,0.118946,0.003541,0.0709
THAIZ_BODY_PLY_localMouth,C_facial_local_BLS,l_out_mouth_bls,729,0.147345,-0.006295,0.096617
THAIZ_BODY_PLY_localMouth,C_facial_local_BLS,l_out_mouth_bls,730,0.034291,-0.008461,0.056857
THAIZ_BODY_PLY_localMouth,C_facial_local_BLS,l_out_mouth_bls,731,0.010466,-0.007571,0.034771
THAIZ_BODY_PLY_localMouth,C_facial_local_BLS,l_out_mouth_bls,732,0.155789,0.101833,0.53233
THAIZ_BODY_PLY_localMouth,C_facial_local_BLS,l_out_mouth_bls,733,-0.135863,0.050444,0.418782
THAIZ_BODY_PLY_localMouth,C_facial_local_BLS,l_out_mouth_bls,734,0.082513,0.059001,0.083874
THAIZ_BODY_PLY_localMouth,C_facial_local_BLS,l_out_mouth_bls,735,0.103524,-0.001695,0.054646
THAIZ_BODY_PLY_localMouth,C_facial_local_BLS,l_out_mouth_bls,736,0.09776,-0.027413,0.065037
THAIZ_BODY_PLY_localMouth,C_facial_local_BLS,l_out_mouth_bls,737,0.061136,-0.023708,0.07055
THAIZ_BODY_PLY_localMouth,C_facial_local_BLS,l_out_mouth_bls,738,0.01801,-0.020016,0.033138
THAIZ_BODY_PLY_localMouth,C_facial_local_BLS,l_out_mouth_bls,739,0.009072,-0.015816,0.017866
THAIZ_BODY_PLY_localMouth,C_facial_local_BLS,l_out_mouth_bls,740,0.058135,0.092568,0.140197
THAIZ_BODY_PLY_localMouth,C_facial_local_BLS,l_out_mouth_bls,741,0.010598,0.026896,0.032099
THAIZ_BODY_PLY_localMouth,C_facial_local_BLS,l_out_mouth_bls,742,0.0051,0.016331,0.020305
THAIZ_BODY_PLY_localMouth,C_facial_local_BLS,l_out_mouth_bls,743,0.002193,0.010259,0.014683
THAIZ_BODY_PLY_localMouth,C_facial_local_BLS,l_out_mouth_bls,744,-0.000251,6.3e-05,5.5e-05
THAIZ_BODY_PLY_localMouth,C_facial_local_BLS,l_out_mouth_bls,746,0.005994,-0.015954,-0.001133
THAIZ_BODY_PLY_localMouth,C_facial_local_BLS,l_out_mouth_bls,747,0.020367,-0.047756,-0.000662
THAIZ_BODY_PLY_localMouth,C_facial_local_BLS,l_out_mouth_bls,748,0.056646,-0.11161,0.004376
THAIZ_BODY_PLY_localMouth,C_facial_local_BLS,l_out_mouth_bls,749,0.038078,-0.026048,-0.016777
THAIZ_BODY_PLY_localMouth,C_facial_local_BLS,l_out_mouth_bls,750,0.019123,-0.030052,-0.001437
THAIZ_BODY_PLY_localMouth,C_facial_local_BLS,l_out_mouth_bls,751,0.009026,-0.026007,-0.00279
THAIZ_BODY_PLY_localMouth,C_facial_local_BLS,l_out_mouth_bls,752,0.293011,-0.365947,0.028829
THAIZ_BODY_PLY_localMouth,C_facial_local_BLS,l_out_mouth_bls,753,0.021915,-0.06999,-0.041584
THAIZ_BODY_PLY_localMouth,C_facial_local_BLS,l_out_mouth_bls,754,0.158234,-0.184162,-0.032451
THAIZ_BODY_PLY_localMouth,C_facial_local_BLS,l_out_mouth_bls,755,0.318469,0.074098,0.354249
THAIZ_BODY_PLY_localMouth,C_facial_local_BLS,l_out_mouth_bls,756,0.490632,-0.032581,0.398453
THAIZ_BODY_PLY_localMouth,C_facial_local_BLS,l_out_mouth_bls,757,0.603701,-0.154185,0.386979
THAIZ_BODY_PLY_localMouth,C_facial_local_BLS,l_out_mouth_bls,758,0.625942,-0.261959,0.394158
THAIZ_BODY_PLY_localMouth,C_facial_local_BLS,l_out_mouth_bls,759,0.622963,-0.363347,0.336945
THAIZ_BODY_PLY_localMouth,C_facial_local_BLS,l_out_mouth_bls,760,0.425678,-0.438743,0.130001
THAIZ_BODY_PLY_localMouth,C_facial_local_BLS,l_out_mouth_bls,761,0.581949,-0.44391,0.231746
THAIZ_BODY_PLY_localMouth,C_facial_local_BLS,l_out_mouth_bls,762,0.190744,0.001195,0.081474
THAIZ_BODY_PLY_localMouth,C_facial_local_BLS,l_out_mouth_bls,763,0.287399,-0.040987,0.111683
THAIZ_BODY_PLY_localMouth,C_facial_local_BLS,l_out_mouth_bls,764,0.357022,-0.096738,0.134294
THAIZ_BODY_PLY_localMouth,C_facial_local_BLS,l_out_mouth_bls,765,0.379303,-0.158474,0.140229
THAIZ_BODY_PLY_localMouth,C_facial_local_BLS,l_out_mouth_bls,766,0.365447,-0.213777,0.121565
THAIZ_BODY_PLY_localMouth,C_facial_local_BLS,l_out_mouth_bls,767,0.250985,-0.235981,0.009219
THAIZ_BODY_PLY_localMouth,C_facial_local_BLS,l_out_mouth_bls,768,0.322084,-0.254214,0.08165
THAIZ_BODY_PLY_localMouth,C_facial_local_BLS,l_out_mouth_bls,769,0.038405,-0.005555,0.020056
THAIZ_BODY_PLY_localMouth,C_facial_local_BLS,l_out_mouth_bls,770,0.087527,-0.026997,0.043727
THAIZ_BODY_PLY_localMouth,C_facial_local_BLS,l_out_mouth_bls,771,0.130112,-0.058389,0.06359
THAIZ_BODY_PLY_localMouth,C_facial_local_BLS,l_out_mouth_bls,772,0.15121,-0.092888,0.068429
THAIZ_BODY_PLY_localMouth,C_facial_local_BLS,l_out_mouth_bls,773,0.147384,-0.123954,0.05173
THAIZ_BODY_PLY_localMouth,C_facial_local_BLS,l_out_mouth_bls,774,0.070974,-0.108095,-0.013913
THAIZ_BODY_PLY_localMouth,C_facial_local_BLS,l_out_mouth_bls,775,0.115805,-0.138362,0.024011
THAIZ_BODY_PLY_localMouth,C_facial_local_BLS,l_out_mouth_bls,776,0.001315,-0.011952,-0.002016
THAIZ_BODY_PLY_localMouth,C_facial_local_BLS,l_out_mouth_bls,777,0.000106,0.003149,0.012919
THAIZ_BODY_PLY_localMouth,C_facial_local_BLS,l_out_mouth_bls,778,-0.037073,0.070675,0.000956
THAIZ_BODY_PLY_localMouth,C_facial_local_BLS,l_out_mouth_bls,779,-0.043683,-0.025068,-0.013677
THAIZ_BODY_PLY_localMouth,C_facial_local_BLS,l_out_mouth_bls,780,0.038312,-0.05409,0.017927
THAIZ_BODY_PLY_localMouth,C_facial_local_BLS,l_out_mouth_bls,781,-0.00941,-0.050468,-0.008735
THAIZ_BODY_PLY_localMouth,C_facial_local_BLS,l_out_mouth_bls,782,0.019468,-0.075953,-0.003341
THAIZ_BODY_PLY_localMouth,C_facial_local_BLS,l_out_mouth_bls,783,0.034974,-0.067965,0.00453
THAIZ_BODY_PLY_localMouth,C_facial_local_BLS,l_out_mouth_bls,784,0.023647,-0.037445,0.018988
THAIZ_BODY_PLY_localMouth,C_facial_local_BLS,l_out_mouth_bls,785,0.002124,-0.019202,0.008304
THAIZ_BODY_PLY_localMouth,C_facial_local_BLS,l_out_mouth_bls,786,-0.007932,-0.005654,-0.003774
THAIZ_BODY_PLY_localMouth,C_facial_local_BLS,l_out_mouth_bls,790,-0.031891,0.036072,-0.020357
THAIZ_BODY_PLY_localMouth,C_facial_local_BLS,l_out_mouth_bls,791,0.140174,-0.013227,-0.09098
THAIZ_BODY_PLY_localMouth,C_facial_local_BLS,l_out_mouth_bls,792,0.154667,-0.238659,0.007675
THAIZ_BODY_PLY_localMouth,C_facial_local_BLS,l_out_mouth_bls,793,0.086567,-0.100253,-0.040575
THAIZ_BODY_PLY_localMouth,C_facial_local_BLS,l_out_mouth_bls,794,-0.012416,-0.006603,-0.048887
THAIZ_BODY_PLY_localMouth,C_facial_local_BLS,l_out_mouth_bls,795,-0.066409,0.016002,-0.020966
THAIZ_BODY_PLY_localMouth,C_facial_local_BLS,l_out_mouth_bls,799,-0.076369,0.076564,-0.067021
THAIZ_BODY_PLY_localMouth,C_facial_local_BLS,l_out_mouth_bls,800,0.020614,0.133068,0.00881
THAIZ_BODY_PLY_localMouth,C_facial_local_BLS,l_out_mouth_bls,801,0.033075,0.091177,0.13373
THAIZ_BODY_PLY_localMouth,C_facial_local_BLS,l_out_mouth_bls,802,-0.036077,-0.001952,0.3727
THAIZ_BODY_PLY_localMouth,C_facial_local_BLS,l_out_mouth_bls,803,-0.119866,-0.135432,0.58333
THAIZ_BODY_PLY_localMouth,C_facial_local_BLS,l_out_mouth_bls,804,-0.172275,-0.264704,0.680443
THAIZ_BODY_PLY_localMouth,C_facial_local_BLS,l_out_mouth_bls,805,-0.082105,-0.329092,0.690691
THAIZ_BODY_PLY_localMouth,C_facial_local_BLS,l_out_mouth_bls,806,0.06264,-0.284255,0.697556
THAIZ_BODY_PLY_localMouth,C_facial_local_BLS,l_out_mouth_bls,807,0.09907,-0.189664,0.912593
THAIZ_BODY_PLY_localMouth,C_facial_local_BLS,l_out_mouth_bls,808,-0.00668,0.011198,0.841412
THAIZ_BODY_PLY_localMouth,C_facial_local_BLS,l_out_mouth_bls,809,0.1583,0.142195,0.592802
THAIZ_BODY_PLY_localMouth,C_facial_local_BLS,l_out_mouth_bls,810,0.128397,0.135512,0.385394
THAIZ_BODY_PLY_localMouth,C_facial_local_BLS,l_out_mouth_bls,811,0.08786,0.090812,0.130908
THAIZ_BODY_PLY_localMouth,C_facial_local_BLS,l_out_mouth_bls,812,0.064392,0.060585,0.03476
THAIZ_BODY_PLY_localMouth,C_facial_local_BLS,l_out_mouth_bls,813,0.029714,0.030422,0.015136
THAIZ_BODY_PLY_localMouth,C_facial_local_BLS,l_out_mouth_bls,814,0.002495,0.008006,0.005023
THAIZ_BODY_PLY_localMouth,C_facial_local_BLS,l_out_mouth_bls,815,0.00031,0.00325,0.002215
THAIZ_BODY_PLY_localMouth,C_facial_local_BLS,l_out_mouth_bls,816,0.133822,-0.022827,0.030396
THAIZ_BODY_PLY_localMouth,C_facial_local_BLS,l_out_mouth_bls,817,0.072191,-0.006215,0.096816
THAIZ_BODY_PLY_localMouth,C_facial_local_BLS,l_out_mouth_bls,818,0.045428,-0.016472,0.059249
THAIZ_BODY_PLY_localMouth,C_facial_local_BLS,l_out_mouth_bls,819,0.043908,-0.002711,0.025441
THAIZ_BODY_PLY_localMouth,C_facial_local_BLS,l_out_mouth_bls,820,0.017542,0.000377,0.013094
THAIZ_BODY_PLY_localMouth,C_facial_local_BLS,l_out_mouth_bls,821,0.00333,0.000346,0.004014
THAIZ_BODY_PLY_localMouth,C_facial_local_BLS,l_out_mouth_bls,826,0.003784,0.001297,0.004339
THAIZ_BODY_PLY_localMouth,C_facial_local_BLS,l_out_mouth_bls,827,0.023115,0.004649,0.016951
THAIZ_BODY_PLY_localMouth,C_facial_local_BLS,l_out_mouth_bls,828,0.071053,0.002373,0.044979
THAIZ_BODY_PLY_localMouth,C_facial_local_BLS,l_out_mouth_bls,829,0.072109,-0.032652,0.073488
THAIZ_BODY_PLY_localMouth,C_facial_local_BLS,l_out_mouth_bls,830,0.05019,-0.009915,0.127225
THAIZ_BODY_PLY_localMouth,C_facial_local_BLS,l_out_mouth_bls,831,0.048432,-0.062128,0.096902
THAIZ_BODY_PLY_localMouth,C_facial_local_BLS,l_out_mouth_bls,834,0.001876,0.002317,0.003057
THAIZ_BODY_PLY_localMouth,C_facial_local_BLS,l_out_mouth_bls,835,0.010284,0.018029,0.021919
THAIZ_BODY_PLY_localMouth,C_facial_local_BLS,l_out_mouth_bls,836,0.020833,0.044526,0.055963
THAIZ_BODY_PLY_localMouth,C_facial_local_BLS,l_out_mouth_bls,837,0.021437,0.069019,0.116445
THAIZ_BODY_PLY_localMouth,C_facial_local_BLS,l_out_mouth_bls,838,0.024455,0.084169,0.21401
THAIZ_BODY_PLY_localMouth,C_facial_local_BLS,l_out_mouth_bls,839,0.025692,0.095902,0.224029
THAIZ_BODY_PLY_localMouth,C_facial_local_BLS,l_out_mouth_bls,840,0.013088,0.072929,0.049286
THAIZ_BODY_PLY_localMouth,C_facial_local_BLS,l_out_mouth_bls,841,0.005617,0.031758,0.022432
THAIZ_BODY_PLY_localMouth,C_facial_local_BLS,l_out_mouth_bls,842,0.002234,0.013604,0.009922
THAIZ_BODY_PLY_localMouth,C_facial_local_BLS,l_out_mouth_bls,843,0.000733,0.005034,0.003803
THAIZ_BODY_PLY_localMouth,C_facial_local_BLS,l_out_mouth_bls,844,0.000216,0.001706,0.001336
THAIZ_BODY_PLY_localMouth,C_facial_local_BLS,l_out_mouth_bls,845,5.8e-05,0.000531,0.000431
THAIZ_BODY_PLY_localMouth,C_facial_local_BLS,l_out_mouth_bls,846,1.2e-05,0.00013,0.000109
THAIZ_BODY_PLY_localMouth,C_facial_local_BLS,l_out_mouth_bls,847,0.0,3e-06,3e-06
THAIZ_BODY_PLY_localMouth,C_facial_local_BLS,l_out_mouth_bls,857,0.00192,-0.006658,-0.002766
THAIZ_BODY_PLY_localMouth,C_facial_local_BLS,l_out_mouth_bls,858,0.003481,-0.012531,-0.003687
THAIZ_BODY_PLY_localMouth,C_facial_local_BLS,l_out_mouth_bls,859,0.044153,0.006751,0.02115
THAIZ_BODY_PLY_localMouth,C_facial_local_BLS,l_out_mouth_bls,860,0.042442,-0.010977,0.029926
THAIZ_BODY_PLY_localMouth,C_facial_local_BLS,l_out_mouth_bls,861,0.031232,-0.033578,0.033197
THAIZ_BODY_PLY_localMouth,C_facial_local_BLS,l_out_mouth_bls,862,0.033248,-0.01961,0.051381
THAIZ_BODY_PLY_localMouth,C_facial_local_BLS,l_out_mouth_bls,863,0.100318,-0.005856,0.075048
THAIZ_BODY_PLY_localMouth,C_facial_local_BLS,l_out_mouth_bls,864,0.184013,0.00278,0.060763
THAIZ_BODY_PLY_localMouth,C_facial_local_BLS,l_out_mouth_bls,865,0.130029,0.017036,0.024122
THAIZ_BODY_PLY_localMouth,C_facial_local_BLS,l_out_mouth_bls,866,0.001703,-0.000549,0.001556
THAIZ_BODY_PLY_localMouth,C_facial_local_BLS,l_out_mouth_bls,868,0.003569,-0.010592,-0.002111
THAIZ_BODY_PLY_localMouth,C_facial_local_BLS,l_out_mouth_bls,869,0.001361,-0.004,-0.000473
THAIZ_BODY_PLY_localMouth,C_facial_local_BLS,l_out_mouth_bls,882,0.000546,0.001915,0.002645
THAIZ_BODY_PLY_localMouth,C_facial_local_BLS,l_out_mouth_bls,883,0.000669,0.001929,0.002479
THAIZ_BODY_PLY_localMouth,C_facial_local_BLS,l_out_mouth_bls,884,0.000589,0.001322,0.00165
THAIZ_BODY_PLY_localMouth,C_facial_local_BLS,l_out_mouth_bls,885,4e-06,9e-06,1.1e-05
THAIZ_BODY_PLY_localMouth,C_facial_local_BLS,l_out_mouth_bls,888,-0.003011,0.003981,0.016707
THAIZ_BODY_PLY_localMouth,C_facial_local_BLS,l_out_mouth_bls,889,-0.000625,0.00284,0.00709
THAIZ_BODY_PLY_localMouth,C_facial_local_BLS,l_out_mouth_bls,890,8.4e-05,0.001639,0.003189
THAIZ_BODY_PLY_localMouth,C_facial_local_BLS,l_out_mouth_bls,891,4e-05,0.000701,0.001372
THAIZ_BODY_PLY_localMouth,C_facial_local_BLS,l_out_mouth_bls,892,7e-06,0.000172,0.000355
THAIZ_BODY_PLY_localMouth,C_facial_local_BLS,l_out_mouth_bls,893,-1e-06,3e-06,1.2e-05
THAIZ_BODY_PLY_localMouth,C_facial_local_BLS,l_out_mouth_bls,897,0.0,1e-06,1e-06
THAIZ_BODY_PLY_localMouth,C_facial_local_BLS,l_out_mouth_bls,898,0.0,2e-06,2e-06
THAIZ_BODY_PLY_localMouth,C_facial_local_BLS,l_out_mouth_bls,899,0.0,3e-06,3e-06
THAIZ_BODY_PLY_localMouth,C_facial_local_BLS,l_out_mouth_bls,900,0.0,2e-06,2e-06
THAIZ_BODY_PLY_localMouth,C_facial_local_BLS,l_out_mouth_bls,902,-0.0,3e-06,4e-06
THAIZ_BODY_PLY_localMouth,C_facial_local_BLS,l_out_mouth_bls,903,-1e-06,7.5e-05,0.000104
THAIZ_BODY_PLY_localMouth,C_facial_local_BLS,l_out_mouth_bls,904,4e-06,0.000248,0.000369
THAIZ_BODY_PLY_localMouth,C_facial_local_BLS,l_out_mouth_bls,905,5.8e-05,0.001863,0.003216
THAIZ_BODY_PLY_localMouth,C_facial_local_BLS,l_out_mouth_bls,906,0.000162,0.004145,0.008745
THAIZ_BODY_PLY_localMouth,C_facial_local_BLS,l_out_mouth_bls,907,-1.6e-05,0.00624,0.015048
THAIZ_BODY_PLY_localMouth,C_facial_local_BLS,l_out_mouth_bls,908,-0.003222,0.002976,0.037301
THAIZ_BODY_PLY_localMouth,C_facial_local_BLS,l_out_mouth_bls,909,-0.004522,0.00298,0.032956
THAIZ_BODY_PLY_localMouth,C_facial_local_BLS,l_out_mouth_bls,912,0.005483,0.003402,0.005266
THAIZ_BODY_PLY_localMouth,C_facial_local_BLS,l_out_mouth_bls,913,0.030752,0.014761,0.017236
THAIZ_BODY_PLY_localMouth,C_facial_local_BLS,l_out_mouth_bls,914,0.095514,0.033655,0.038896
THAIZ_BODY_PLY_localMouth,C_facial_local_BLS,l_out_mouth_bls,915,0.098439,0.000645,0.061837
THAIZ_BODY_PLY_localMouth,C_facial_local_BLS,l_out_mouth_bls,916,0.0394,0.013359,0.122564
THAIZ_BODY_PLY_localMouth,C_facial_local_BLS,l_out_mouth_bls,917,0.023201,-0.037151,0.128907
THAIZ_BODY_PLY_localMouth,C_facial_local_BLS,l_out_mouth_bls,918,0.212475,0.033645,-0.013275
THAIZ_BODY_PLY_localMouth,C_facial_local_BLS,l_out_mouth_bls,919,0.042317,-0.028125,0.101924
THAIZ_BODY_PLY_localMouth,C_facial_local_BLS,l_out_mouth_bls,920,0.026313,-0.04595,0.078799
THAIZ_BODY_PLY_localMouth,C_facial_local_BLS,l_out_mouth_bls,921,0.03599,-0.02609,0.035011
THAIZ_BODY_PLY_localMouth,C_facial_local_BLS,l_out_mouth_bls,922,0.016544,-0.006883,0.013939
THAIZ_BODY_PLY_localMouth,C_facial_local_BLS,l_out_mouth_bls,923,0.004766,-0.001209,0.006209
THAIZ_BODY_PLY_localMouth,C_facial_local_BLS,l_out_mouth_bls,924,0.0001,-3.2e-05,0.000234
THAIZ_BODY_PLY_localMouth,C_facial_local_BLS,l_out_mouth_bls,926,-0.052401,-0.036284,-0.016435
THAIZ_BODY_PLY_localMouth,C_facial_local_BLS,l_out_mouth_bls,927,-0.073596,-0.033335,-0.007469
THAIZ_BODY_PLY_localMouth,C_facial_local_BLS,l_out_mouth_bls,928,-0.090131,-0.023963,0.008719
THAIZ_BODY_PLY_localMouth,C_facial_local_BLS,l_out_mouth_bls,929,-0.079728,0.002982,0.048214
THAIZ_BODY_PLY_localMouth,C_facial_local_BLS,l_out_mouth_bls,930,-0.0429,0.012917,0.080217
THAIZ_BODY_PLY_localMouth,C_facial_local_BLS,l_out_mouth_bls,931,0.011792,0.021446,0.07106
THAIZ_BODY_PLY_localMouth,C_facial_local_BLS,l_out_mouth_bls,932,-0.031854,-0.033408,-0.022748
THAIZ_BODY_PLY_localMouth,C_facial_local_BLS,l_out_mouth_bls,933,0.029325,0.003663,-0.004611
THAIZ_BODY_PLY_localMouth,C_facial_local_BLS,l_out_mouth_bls,934,0.022203,0.000104,-0.008275
THAIZ_BODY_PLY_localMouth,C_facial_local_BLS,l_out_mouth_bls,935,0.000609,-0.016936,-0.020864
THAIZ_BODY_PLY_localMouth,C_facial_local_BLS,l_out_mouth_bls,936,-0.018127,-0.028969,-0.023145
THAIZ_BODY_PLY_localMouth,C_facial_local_BLS,l_out_mouth_bls,937,0.014381,-0.00487,-0.01514
THAIZ_BODY_PLY_localMouth,C_facial_local_BLS,l_out_mouth_bls,938,0.036957,0.020441,0.04241
THAIZ_BODY_PLY_localMouth,C_facial_local_BLS,l_out_mouth_bls,939,0.040409,0.012063,0.011869
THAIZ_BODY_PLY_localMouth,C_facial_local_BLS,l_out_mouth_bls,940,0.003461,0.0069,0.006721
THAIZ_BODY_PLY_localMouth,C_facial_local_BLS,l_out_mouth_bls,941,0.010874,0.015637,0.006285
THAIZ_BODY_PLY_localMouth,C_facial_local_BLS,l_out_mouth_bls,942,0.046279,0.029755,-0.024449
THAIZ_BODY_PLY_localMouth,C_facial_local_BLS,l_out_mouth_bls,943,0.024239,0.035615,0.013667
THAIZ_BODY_PLY_localMouth,C_facial_local_BLS,l_out_mouth_bls,944,-0.052708,0.093613,0.06455
THAIZ_BODY_PLY_localMouth,C_facial_local_BLS,l_out_mouth_bls,945,-0.038106,0.11801,0.119016
THAIZ_BODY_PLY_localMouth,C_facial_local_BLS,l_out_mouth_bls,946,0.06194,0.071565,0.198559
THAIZ_BODY_PLY_localMouth,C_facial_local_BLS,l_out_mouth_bls,947,-0.053113,0.071244,0.294045
THAIZ_BODY_PLY_localMouth,C_facial_local_BLS,l_out_mouth_bls,948,-0.3027,0.02654,0.462128
THAIZ_BODY_PLY_localMouth,C_facial_local_BLS,l_out_mouth_bls,949,-0.348232,0.029022,0.366509
THAIZ_BODY_PLY_localMouth,C_facial_local_BLS,l_out_mouth_bls,950,-0.42195,0.109527,0.50431
THAIZ_BODY_PLY_localMouth,C_facial_local_BLS,l_out_mouth_bls,951,-0.147183,0.130036,0.3155
THAIZ_BODY_PLY_localMouth,C_facial_local_BLS,l_out_mouth_bls,952,0.060841,0.115744,0.045031
THAIZ_BODY_PLY_localMouth,C_facial_local_BLS,l_out_mouth_bls,953,0.09249,0.047933,-0.059304
THAIZ_BODY_PLY_localMouth,C_facial_local_BLS,l_out_mouth_bls,954,0.045144,-0.009606,-0.07416
THAIZ_BODY_PLY_localMouth,C_facial_local_BLS,l_out_mouth_bls,955,-0.062006,-0.039247,-0.139866
THAIZ_BODY_PLY_localMouth,C_facial_local_BLS,l_out_mouth_bls,956,0.000252,-0.000427,0.00032
THAIZ_BODY_PLY_localMouth,C_facial_local_BLS,l_out_mouth_bls,958,0.001429,-0.00141,-0.00338
THAIZ_BODY_PLY_localMouth,C_facial_local_BLS,l_out_mouth_bls,959,0.00029,0.000375,-0.003606
THAIZ_BODY_PLY_localMouth,C_facial_local_BLS,l_out_mouth_bls,960,-0.013185,-0.07451,-0.077087
THAIZ_BODY_PLY_localMouth,C_facial_local_BLS,l_out_mouth_bls,961,0.003846,-0.001663,-0.012366
THAIZ_BODY_PLY_localMouth,C_facial_local_BLS,l_out_mouth_bls,962,0.000148,0.00013,-7e-05
THAIZ_BODY_PLY_localMouth,C_facial_local_BLS,l_out_mouth_bls,963,0.00013,0.000309,0.000321
THAIZ_BODY_PLY_localMouth,C_facial_local_BLS,l_out_mouth_bls,964,0.008202,0.005571,-0.019301
THAIZ_BODY_PLY_localMouth,C_facial_local_BLS,l_out_mouth_bls,965,0.001908,0.015459,-0.028105
THAIZ_BODY_PLY_localMouth,C_facial_local_BLS,l_out_mouth_bls,966,-0.001541,0.007431,-0.011017
THAIZ_BODY_PLY_localMouth,C_facial_local_BLS,l_out_mouth_bls,967,-2.6e-05,7.5e-05,-9e-05
THAIZ_BODY_PLY_localMouth,C_facial_local_BLS,l_out_mouth_bls,972,-0.002272,0.010286,0.029484
THAIZ_BODY_PLY_localMouth,C_facial_local_BLS,l_out_mouth_bls,973,0.000535,0.006763,0.01179
THAIZ_BODY_PLY_localMouth,C_facial_local_BLS,l_out_mouth_bls,974,0.000754,0.003447,0.005231
THAIZ_BODY_PLY_localMouth,C_facial_local_BLS,l_out_mouth_bls,975,0.000327,0.001484,0.002286
THAIZ_BODY_PLY_localMouth,C_facial_local_BLS,l_out_mouth_bls,976,8.5e-05,0.000403,0.000643
THAIZ_BODY_PLY_localMouth,C_facial_local_BLS,l_out_mouth_bls,977,0.0,2e-06,7e-06
THAIZ_BODY_PLY_localMouth,C_facial_local_BLS,l_out_mouth_bls,981,0.0,4e-06,4e-06
THAIZ_BODY_PLY_localMouth,C_facial_local_BLS,l_out_mouth_bls,982,0.0,1.2e-05,1.2e-05
THAIZ_BODY_PLY_localMouth,C_facial_local_BLS,l_out_mouth_bls,983,1e-06,2.9e-05,2.9e-05
THAIZ_BODY_PLY_localMouth,C_facial_local_BLS,l_out_mouth_bls,984,1e-06,6e-05,6.1e-05
THAIZ_BODY_PLY_localMouth,C_facial_local_BLS,l_out_mouth_bls,985,-0.0,0.000112,0.000119
THAIZ_BODY_PLY_localMouth,C_facial_local_BLS,l_out_mouth_bls,986,-5e-06,0.000392,0.000433
THAIZ_BODY_PLY_localMouth,C_facial_local_BLS,l_out_mouth_bls,987,-2.5e-05,0.000981,0.001124
THAIZ_BODY_PLY_localMouth,C_facial_local_BLS,l_out_mouth_bls,988,-8.6e-05,0.002023,0.002436
THAIZ_BODY_PLY_localMouth,C_facial_local_BLS,l_out_mouth_bls,989,-0.00027,0.004956,0.006326
THAIZ_BODY_PLY_localMouth,C_facial_local_BLS,l_out_mouth_bls,990,-0.000129,0.010559,0.015322
THAIZ_BODY_PLY_localMouth,C_facial_local_BLS,l_out_mouth_bls,991,0.000619,0.016126,0.02725
THAIZ_BODY_PLY_localMouth,C_facial_local_BLS,l_out_mouth_bls,992,-0.001796,0.011296,0.066415
THAIZ_BODY_PLY_localMouth,C_facial_local_BLS,l_out_mouth_bls,993,-0.004012,0.009997,0.058534
THAIZ_BODY_PLY_localMouth,C_facial_local_BLS,l_out_mouth_bls,996,-0.003014,0.002503,-0.005427
THAIZ_BODY_PLY_localMouth,C_facial_local_BLS,l_out_mouth_bls,997,-0.008646,-0.00571,-0.044653
THAIZ_BODY_PLY_localMouth,C_facial_local_BLS,l_out_mouth_bls,998,0.026507,0.004125,-0.037961
THAIZ_BODY_PLY_localMouth,C_facial_local_BLS,l_out_mouth_bls,999,0.100777,0.05686,-0.005365
THAIZ_BODY_PLY_localMouth,C_facial_local_BLS,l_out_mouth_bls,1000,0.060372,0.100631,0.150948
THAIZ_BODY_PLY_localMouth,C_facial_local_BLS,l_out_mouth_bls,1001,-0.106812,0.09623,0.345464
THAIZ_BODY_PLY_localMouth,C_facial_local_BLS,l_out_mouth_bls,1002,-0.503882,0.059783,0.728649
THAIZ_BODY_PLY_localMouth,C_facial_local_BLS,l_out_mouth_bls,1003,-0.430284,-0.012771,0.60179
THAIZ_BODY_PLY_localMouth,C_facial_local_BLS,l_out_mouth_bls,1004,-0.307085,0.004178,0.412824
THAIZ_BODY_PLY_localMouth,C_facial_local_BLS,l_out_mouth_bls,1005,0.045495,0.047366,0.076595
THAIZ_BODY_PLY_localMouth,C_facial_local_BLS,l_out_mouth_bls,1006,0.062961,0.037073,0.085972
THAIZ_BODY_PLY_localMouth,C_facial_local_BLS,l_out_mouth_bls,1007,-0.046318,0.060541,0.075183
THAIZ_BODY_PLY_localMouth,C_facial_local_BLS,l_out_mouth_bls,1008,-0.020666,0.022995,0.019861
THAIZ_BODY_PLY_localMouth,C_facial_local_BLS,l_out_mouth_bls,1009,0.009333,-0.001308,0.006269
THAIZ_BODY_PLY_localMouth,C_facial_local_BLS,l_out_mouth_bls,1010,0.007502,-0.00131,0.006439
THAIZ_BODY_PLY_localMouth,C_facial_local_BLS,l_out_mouth_bls,1011,0.003076,-0.000507,0.004039
THAIZ_BODY_PLY_localMouth,C_facial_local_BLS,l_out_mouth_bls,1012,0.00076,-0.000122,0.001378
THAIZ_BODY_PLY_localMouth,C_facial_local_BLS,l_out_mouth_bls,1013,0.076112,0.030755,-0.015682
THAIZ_BODY_PLY_localMouth,C_facial_local_BLS,l_out_mouth_bls,1014,0.096811,0.019648,0.017796
THAIZ_BODY_PLY_localMouth,C_facial_local_BLS,l_out_mouth_bls,1015,0.008036,0.02826,0.01728
THAIZ_BODY_PLY_localMouth,C_facial_local_BLS,l_out_mouth_bls,1016,-0.000649,0.005461,-0.006536
THAIZ_BODY_PLY_localMouth,C_facial_local_BLS,l_out_mouth_bls,1017,0.000438,0.000181,-0.001162
THAIZ_BODY_PLY_localMouth,C_facial_local_BLS,l_out_mouth_bls,1018,1.1e-05,-8e-06,1.4e-05
THAIZ_BODY_PLY_localMouth,C_facial_local_BLS,l_out_mouth_bls,1023,1.7e-05,-2e-06,-0.000178
THAIZ_BODY_PLY_localMouth,C_facial_local_BLS,l_out_mouth_bls,1024,0.001327,-0.000174,-0.002446
THAIZ_BODY_PLY_localMouth,C_facial_local_BLS,l_out_mouth_bls,1025,0.013282,0.023871,-0.022618
THAIZ_BODY_PLY_localMouth,C_facial_local_BLS,l_out_mouth_bls,1026,0.043494,0.093871,-0.052761
THAIZ_BODY_PLY_localMouth,C_facial_local_BLS,l_out_mouth_bls,1027,0.072634,0.099247,0.090515
THAIZ_BODY_PLY_localMouth,C_facial_local_BLS,l_out_mouth_bls,1028,-0.060677,0.094189,0.271283
THAIZ_BODY_PLY_localMouth,C_facial_local_BLS,l_out_mouth_bls,1029,-0.368976,0.083137,0.592207
THAIZ_BODY_PLY_localMouth,C_facial_local_BLS,l_out_mouth_bls,1030,-0.318203,0.001501,0.541962
THAIZ_BODY_PLY_localMouth,C_facial_local_BLS,l_out_mouth_bls,1031,-0.191477,0.015685,0.33853
THAIZ_BODY_PLY_localMouth,C_facial_local_BLS,l_out_mouth_bls,1032,-0.557092,-0.218893,0.68702
THAIZ_BODY_PLY_localMouth,C_facial_local_BLS,l_out_mouth_bls,1033,-0.533249,0.017976,0.662015
THAIZ_BODY_PLY_localMouth,C_facial_local_BLS,l_out_mouth_bls,1034,-0.230679,0.132578,0.365416
THAIZ_BODY_PLY_localMouth,C_facial_local_BLS,l_out_mouth_bls,1035,-0.001584,0.128413,0.071328
THAIZ_BODY_PLY_localMouth,C_facial_local_BLS,l_out_mouth_bls,1036,0.089443,0.052739,-0.104232
THAIZ_BODY_PLY_localMouth,C_facial_local_BLS,l_out_mouth_bls,1037,0.051389,0.00836,-0.086428
THAIZ_BODY_PLY_localMouth,C_facial_local_BLS,l_out_mouth_bls,1038,0.003228,-0.000742,-0.003148
THAIZ_BODY_PLY_localMouth,C_facial_local_BLS,l_out_mouth_bls,1042,9e-06,9.7e-05,3.6e-05
THAIZ_BODY_PLY_localMouth,C_facial_local_BLS,l_out_mouth_bls,1043,0.00024,0.000985,0.000377
THAIZ_BODY_PLY_localMouth,C_facial_local_BLS,l_out_mouth_bls,1044,0.012053,0.018935,0.003695
THAIZ_BODY_PLY_localMouth,C_facial_local_BLS,l_out_mouth_bls,1045,0.038272,0.051174,0.00225
THAIZ_BODY_PLY_localMouth,C_facial_local_BLS,l_out_mouth_bls,1046,0.088734,0.096116,-0.00249
THAIZ_BODY_PLY_localMouth,C_facial_local_BLS,l_out_mouth_bls,1047,0.101002,0.066268,0.036145
THAIZ_BODY_PLY_localMouth,C_facial_local_BLS,l_out_mouth_bls,1048,0.052014,0.094345,0.159529
THAIZ_BODY_PLY_localMouth,C_facial_local_BLS,l_out_mouth_bls,1049,0.078545,0.12917,0.199452
THAIZ_BODY_PLY_localMouth,C_facial_local_BLS,l_out_mouth_bls,1050,0.134079,0.082146,0.387159
THAIZ_BODY_PLY_localMouth,C_facial_local_BLS,l_out_mouth_bls,1051,0.134546,-0.001775,0.593847
THAIZ_BODY_PLY_localMouth,C_facial_local_BLS,l_out_mouth_bls,1052,0.094095,-0.357822,0.507917
THAIZ_BODY_PLY_localMouth,C_facial_local_BLS,l_out_mouth_bls,1053,-0.040692,-0.531605,0.42642
THAIZ_BODY_PLY_localMouth,C_facial_local_BLS,l_out_mouth_bls,1054,-0.359569,-0.462124,0.573821
THAIZ_BODY_PLY_localMouth,C_facial_local_BLS,l_out_mouth_bls,1081,4e-06,9.7e-05,0.000117
THAIZ_BODY_PLY_localMouth,C_facial_local_BLS,l_out_mouth_bls,1088,4.1e-05,0.000708,0.000483
THAIZ_BODY_PLY_localMouth,C_facial_local_BLS,l_out_mouth_bls,1094,7e-06,-2.4e-05,2.2e-05
THAIZ_BODY_PLY_localMouth,C_facial_local_BLS,l_out_mouth_bls,1095,6.6e-05,0.00093,0.000355
THAIZ_BODY_PLY_localMouth,C_facial_local_BLS,l_out_mouth_bls,1096,0.000509,-0.001707,0.000795
THAIZ_BODY_PLY_localMouth,C_facial_local_BLS,l_out_mouth_bls,1097,0.002452,-0.007797,0.003425
THAIZ_BODY_PLY_localMouth,C_facial_local_BLS,l_out_mouth_bls,1098,0.003432,-0.009284,0.007801
THAIZ_BODY_PLY_localMouth,C_facial_local_BLS,l_out_mouth_bls,1099,0.001896,0.006359,0.009905
THAIZ_BODY_PLY_localMouth,C_facial_local_BLS,l_out_mouth_bls,1102,0.00076,0.005263,0.003387
THAIZ_BODY_PLY_localMouth,C_facial_local_BLS,l_out_mouth_bls,1103,0.003079,-0.004495,0.01189
THAIZ_BODY_PLY_localMouth,C_facial_local_BLS,l_out_mouth_bls,1107,1e-05,-2e-06,2.3e-05
THAIZ_BODY_PLY_localMouth,C_facial_local_BLS,l_out_mouth_bls,1111,0.00096,0.002191,0.002518
THAIZ_BODY_PLY_localMouth,C_facial_local_BLS,l_out_mouth_bls,1148,8.6e-05,-0.000302,-5e-05
THAIZ_BODY_PLY_localMouth,C_facial_local_BLS,l_out_mouth_bls,1149,0.000401,-0.001307,-0.000315
THAIZ_BODY_PLY_localMouth,C_facial_local_BLS,l_out_mouth_bls,1150,0.00063,-0.001961,-0.000667
THAIZ_BODY_PLY_localMouth,C_facial_local_BLS,l_out_mouth_bls,1151,0.000356,-0.0011,-0.000499
THAIZ_BODY_PLY_localMouth,C_facial_local_BLS,l_out_mouth_bls,1159,0.002454,0.002163,0.002809
THAIZ_BODY_PLY_localMouth,C_facial_local_BLS,l_out_mouth_bls,1160,0.006199,0.006883,0.005886
THAIZ_BODY_PLY_localMouth,C_facial_local_BLS,l_out_mouth_bls,1161,0.009958,0.013139,0.007141
THAIZ_BODY_PLY_localMouth,C_facial_local_BLS,l_out_mouth_bls,1162,0.010943,0.017143,0.005295
THAIZ_BODY_PLY_localMouth,C_facial_local_BLS,l_out_mouth_bls,1163,0.00207,0.004122,0.001355
THAIZ_BODY_PLY_localMouth,C_facial_local_BLS,l_out_mouth_bls,1164,0.000988,0.001388,0.001108
THAIZ_BODY_PLY_localMouth,C_facial_local_BLS,l_out_mouth_bls,1165,0.000409,0.000297,0.000594
THAIZ_BODY_PLY_localMouth,C_facial_local_BLS,l_out_mouth_bls,1166,0.000118,4.9e-05,0.0002
THAIZ_BODY_PLY_localMouth,C_facial_local_BLS,l_out_mouth_bls,1167,0.000201,3.5e-05,0.000345
THAIZ_BODY_PLY_localMouth,C_facial_local_BLS,l_out_mouth_bls,1168,0.001257,-0.000292,0.002041
THAIZ_BODY_PLY_localMouth,C_facial_local_BLS,l_out_mouth_bls,1169,0.002404,-0.001875,0.003757
THAIZ_BODY_PLY_localMouth,C_facial_local_BLS,l_out_mouth_bls,1170,0.006905,-0.01527,0.005609
THAIZ_BODY_PLY_localMouth,C_facial_local_BLS,l_out_mouth_bls,1171,0.004826,-0.021871,-0.008617
THAIZ_BODY_PLY_localMouth,C_facial_local_BLS,l_out_mouth_bls,1172,-0.007299,-0.022815,-0.022458
THAIZ_BODY_PLY_localMouth,C_facial_local_BLS,l_out_mouth_bls,1182,0.0,2e-06,1e-06
THAIZ_BODY_PLY_localMouth,C_facial_local_BLS,l_out_mouth_bls,1183,1.3e-05,8.1e-05,6.1e-05
THAIZ_BODY_PLY_localMouth,C_facial_local_BLS,l_out_mouth_bls,1184,0.000302,0.001573,0.001128
THAIZ_BODY_PLY_localMouth,C_facial_local_BLS,l_out_mouth_bls,1185,0.00232,0.010997,0.007714
THAIZ_BODY_PLY_localMouth,C_facial_local_BLS,l_out_mouth_bls,1186,0.007762,0.03444,0.02366
THAIZ_BODY_PLY_localMouth,C_facial_local_BLS,l_out_mouth_bls,1187,0.025176,0.102894,0.070475
THAIZ_BODY_PLY_localMouth,C_facial_local_BLS,l_out_mouth_bls,1188,0.047836,0.135582,0.332185
THAIZ_BODY_PLY_localMouth,C_facial_local_BLS,l_out_mouth_bls,1189,0.038301,0.120227,0.337215
THAIZ_BODY_PLY_localMouth,C_facial_local_BLS,l_out_mouth_bls,1190,0.039222,0.101141,0.198324
THAIZ_BODY_PLY_localMouth,C_facial_local_BLS,l_out_mouth_bls,1191,0.036592,0.067641,0.093775
THAIZ_BODY_PLY_localMouth,C_facial_local_BLS,l_out_mouth_bls,1192,0.021121,0.031541,0.039133
THAIZ_BODY_PLY_localMouth,C_facial_local_BLS,l_out_mouth_bls,1193,0.00639,0.006804,0.008185
THAIZ_BODY_PLY_localMouth,C_facial_local_BLS,l_out_mouth_bls,1194,0.000302,0.000198,0.000401
THAIZ_BODY_PLY_localMouth,C_facial_local_BLS,l_out_mouth_bls,1290,0.000107,-0.000337,-2.2e-05
THAIZ_BODY_PLY_localMouth,C_facial_local_BLS,l_out_mouth_bls,1291,0.001378,-0.003792,-6.6e-05
THAIZ_BODY_PLY_localMouth,C_facial_local_BLS,l_out_mouth_bls,1292,0.009323,-0.021615,0.001225
THAIZ_BODY_PLY_localMouth,C_facial_local_BLS,l_out_mouth_bls,1293,0.028578,-0.054552,0.009553
THAIZ_BODY_PLY_localMouth,C_facial_local_BLS,l_out_mouth_bls,1294,0.083221,-0.126703,0.027289
THAIZ_BODY_PLY_localMouth,C_facial_local_BLS,l_out_mouth_bls,1295,0.202744,-0.222552,0.067254
THAIZ_BODY_PLY_localMouth,C_facial_local_BLS,l_out_mouth_bls,1296,0.329343,-0.370403,0.230846
THAIZ_BODY_PLY_localMouth,C_facial_local_BLS,l_out_mouth_bls,1297,0.445099,-0.400014,0.377276
THAIZ_BODY_PLY_localMouth,C_facial_local_BLS,l_out_mouth_bls,1298,0.501564,-0.352667,0.452726
THAIZ_BODY_PLY_localMouth,C_facial_local_BLS,l_out_mouth_bls,1299,0.444005,-0.287139,0.601279
THAIZ_BODY_PLY_localMouth,C_facial_local_BLS,l_out_mouth_bls,1300,0.461958,-0.19873,0.563051
THAIZ_BODY_PLY_localMouth,C_facial_local_BLS,l_out_mouth_bls,1301,0.40138,-0.080419,0.571851
THAIZ_BODY_PLY_localMouth,C_facial_local_BLS,l_out_mouth_bls,1302,0.289678,0.062933,0.559347
THAIZ_BODY_PLY_localMouth,C_facial_local_BLS,l_out_mouth_bls,1303,0.088358,0.231307,0.400908
THAIZ_BODY_PLY_localMouth,C_facial_local_BLS,l_out_mouth_bls,1304,0.069155,0.230754,0.228064
THAIZ_BODY_PLY_localMouth,C_facial_local_BLS,l_out_mouth_bls,1305,0.045809,0.159422,0.146213
THAIZ_BODY_PLY_localMouth,C_facial_local_BLS,l_out_mouth_bls,1306,0.024269,0.10826,0.10952
THAIZ_BODY_PLY_localMouth,C_facial_local_BLS,l_out_mouth_bls,1307,0.01233,0.072604,0.089474
THAIZ_BODY_PLY_localMouth,C_facial_local_BLS,l_out_mouth_bls,1308,0.006454,0.046524,0.075894
THAIZ_BODY_PLY_localMouth,C_facial_local_BLS,l_out_mouth_bls,1309,0.003132,0.028349,0.061176
THAIZ_BODY_PLY_localMouth,C_facial_local_BLS,l_out_mouth_bls,1310,0.001118,0.016673,0.045799
THAIZ_BODY_PLY_localMouth,C_facial_local_BLS,l_out_mouth_bls,1311,-0.000887,0.005914,0.024991
THAIZ_BODY_PLY_localMouth,C_facial_local_BLS,l_out_mouth_bls,1312,-0.00222,-0.000963,-0.002043
THAIZ_BODY_PLY_localMouth,C_facial_local_BLS,l_out_mouth_bls,1313,0.00082,0.0047,0.006766
THAIZ_BODY_PLY_localMouth,C_facial_local_BLS,l_out_mouth_bls,1314,0.07234,0.005208,0.040396
THAIZ_BODY_PLY_localMouth,C_facial_local_BLS,l_out_mouth_bls,1315,0.118288,0.162992,0.266478
THAIZ_BODY_PLY_localMouth,C_facial_local_BLS,l_out_mouth_bls,1316,0.191016,0.168494,0.511166
THAIZ_BODY_PLY_localMouth,C_facial_local_BLS,l_out_mouth_bls,1317,0.159838,0.084243,0.826795
THAIZ_BODY_PLY_localMouth,C_facial_local_BLS,l_out_mouth_bls,1318,0.064627,-0.066678,0.95032
THAIZ_BODY_PLY_localMouth,C_facial_local_BLS,l_out_mouth_bls,1319,0.096758,-0.170013,0.734279
THAIZ_BODY_PLY_localMouth,C_facial_local_BLS,l_out_mouth_bls,1320,0.186161,-0.174043,0.542502
THAIZ_BODY_PLY_localMouth,C_facial_local_BLS,l_out_mouth_bls,1321,-0.190042,-0.115017,0.686033
THAIZ_BODY_PLY_localMouth,C_facial_local_BLS,l_out_mouth_bls,1322,0.11257,-0.057098,0.139512
THAIZ_BODY_PLY_localMouth,C_facial_local_BLS,l_out_mouth_bls,1323,0.007972,0.06245,0.094691
THAIZ_BODY_PLY_localMouth,C_facial_local_BLS,l_out_mouth_bls,1324,0.09885,0.021435,0.065212
THAIZ_BODY_PLY_localMouth,C_facial_local_BLS,l_out_mouth_bls,1325,0.204435,-0.004091,0.086515
THAIZ_BODY_PLY_localMouth,C_facial_local_BLS,l_out_mouth_bls,1326,0.159937,0.001932,0.072194
THAIZ_BODY_PLY_localMouth,C_facial_local_BLS,l_out_mouth_bls,1327,0.075889,0.009723,0.067059
THAIZ_BODY_PLY_localMouth,C_facial_local_BLS,l_out_mouth_bls,1328,0.01901,0.010938,0.047069
THAIZ_BODY_PLY_localMouth,C_facial_local_BLS,l_out_mouth_bls,1329,0.003041,0.003529,0.016818
THAIZ_BODY_PLY_localMouth,C_facial_local_BLS,l_out_mouth_bls,1330,0.014021,-0.048752,0.030745
THAIZ_BODY_PLY_localMouth,C_facial_local_BLS,l_out_mouth_bls,1331,0.008352,-0.057115,0.049387
THAIZ_BODY_PLY_localMouth,C_facial_local_BLS,l_out_mouth_bls,1332,0.015789,-0.041083,0.059468
THAIZ_BODY_PLY_localMouth,C_facial_local_BLS,l_out_mouth_bls,1333,0.029963,-0.058525,0.03146
THAIZ_BODY_PLY_localMouth,C_facial_local_BLS,l_out_mouth_bls,1334,-0.016206,-0.053876,0.101343
THAIZ_BODY_PLY_localMouth,C_facial_local_BLS,l_out_mouth_bls,1335,0.015408,-0.03585,0.088084
THAIZ_BODY_PLY_localMouth,C_facial_local_BLS,l_out_mouth_bls,1336,0.037238,-0.031394,0.057232
THAIZ_BODY_PLY_localMouth,C_facial_local_BLS,l_out_mouth_bls,1337,0.034677,-0.027084,0.033067
THAIZ_BODY_PLY_localMouth,C_facial_local_BLS,l_out_mouth_bls,1338,0.028628,-0.017498,0.007539
THAIZ_BODY_PLY_localMouth,C_facial_local_BLS,l_out_mouth_bls,1339,0.016253,-0.012896,0.002587
THAIZ_BODY_PLY_localMouth,C_facial_local_BLS,l_out_mouth_bls,1340,0.007108,-0.010168,0.002857
THAIZ_BODY_PLY_localMouth,C_facial_local_BLS,l_out_mouth_bls,1341,0.002802,-0.004262,0.004371
THAIZ_BODY_PLY_localMouth,C_facial_local_BLS,l_out_mouth_bls,1342,0.004841,-0.00588,0.006383
THAIZ_BODY_PLY_localMouth,C_facial_local_BLS,l_out_mouth_bls,1343,0.009125,-0.011103,0.011212
THAIZ_BODY_PLY_localMouth,C_facial_local_BLS,l_out_mouth_bls,1344,0.017494,-0.023147,0.01802
THAIZ_BODY_PLY_localMouth,C_facial_local_BLS,l_out_mouth_bls,1348,-0.065473,0.012883,-0.098611
THAIZ_BODY_PLY_localMouth,C_facial_local_BLS,l_out_mouth_bls,1349,-0.029587,-0.012656,-0.111367
THAIZ_BODY_PLY_localMouth,C_facial_local_BLS,l_out_mouth_bls,1350,0.038639,-0.00538,-0.113383
THAIZ_BODY_PLY_localMouth,C_facial_local_BLS,l_out_mouth_bls,1351,0.099058,0.040503,-0.081888
THAIZ_BODY_PLY_localMouth,C_facial_local_BLS,l_out_mouth_bls,1352,0.061137,0.094217,0.055681
THAIZ_BODY_PLY_localMouth,C_facial_local_BLS,l_out_mouth_bls,1353,-0.117258,0.103231,0.315581
THAIZ_BODY_PLY_localMouth,C_facial_local_BLS,l_out_mouth_bls,1354,-0.436275,0.076325,0.609609
THAIZ_BODY_PLY_localMouth,C_facial_local_BLS,l_out_mouth_bls,1355,-0.326288,0.049063,0.499103
THAIZ_BODY_PLY_localMouth,C_facial_local_BLS,l_out_mouth_bls,1356,-0.301954,0.006148,0.425725
THAIZ_BODY_PLY_localMouth,C_facial_local_BLS,l_out_mouth_bls,1357,-0.027108,0.037798,0.186783
THAIZ_BODY_PLY_localMouth,C_facial_local_BLS,l_out_mouth_bls,1358,0.06698,0.009518,0.113217
THAIZ_BODY_PLY_localMouth,C_facial_local_BLS,l_out_mouth_bls,1359,-0.023199,0.044174,0.059781
THAIZ_BODY_PLY_localMouth,C_facial_local_BLS,l_out_mouth_bls,1360,-0.038112,0.043172,0.050618
THAIZ_BODY_PLY_localMouth,C_facial_local_BLS,l_out_mouth_bls,1361,0.024595,0.001534,0.020623
THAIZ_BODY_PLY_localMouth,C_facial_local_BLS,l_out_mouth_bls,1362,0.034556,-0.005145,0.008663
THAIZ_BODY_PLY_localMouth,C_facial_local_BLS,l_out_mouth_bls,1363,0.01148,0.001258,0.014786
THAIZ_BODY_PLY_localMouth,C_facial_local_BLS,l_out_mouth_bls,1364,0.00415,0.000724,0.008377
THAIZ_BODY_PLY_localMouth,C_facial_local_BLS,l_out_mouth_bls,1365,0.001055,0.000281,0.002659
THAIZ_BODY_PLY_localMouth,C_facial_local_BLS,l_out_mouth_bls,1366,0.008993,-0.055839,0.01334
THAIZ_BODY_PLY_localMouth,C_facial_local_BLS,l_out_mouth_bls,1367,0.006248,-0.060214,0.016381
THAIZ_BODY_PLY_localMouth,C_facial_local_BLS,l_out_mouth_bls,1368,0.004878,-0.062384,0.01718
THAIZ_BODY_PLY_localMouth,C_facial_local_BLS,l_out_mouth_bls,1369,0.005176,-0.061657,0.017531
THAIZ_BODY_PLY_localMouth,C_facial_local_BLS,l_out_mouth_bls,1370,0.010067,-0.058904,0.014715
THAIZ_BODY_PLY_localMouth,C_facial_local_BLS,l_out_mouth_bls,1371,0.010254,-0.053099,0.016148
THAIZ_BODY_PLY_localMouth,C_facial_local_BLS,l_out_mouth_bls,1372,0.011653,-0.047416,0.015535
THAIZ_BODY_PLY_localMouth,C_facial_local_BLS,l_out_mouth_bls,1373,0.014594,-0.0445,0.010799
THAIZ_BODY_PLY_localMouth,C_facial_local_BLS,l_out_mouth_bls,1374,0.013879,-0.042168,0.008835
THAIZ_BODY_PLY_localMouth,C_facial_local_BLS,l_out_mouth_bls,1375,0.012352,-0.041089,0.009483
THAIZ_BODY_PLY_localMouth,C_facial_local_BLS,l_out_mouth_bls,1376,0.010245,-0.041368,0.008777
THAIZ_BODY_PLY_localMouth,C_facial_local_BLS,l_out_mouth_bls,1377,0.010232,-0.041226,0.009337
THAIZ_BODY_PLY_localMouth,C_facial_local_BLS,l_out_mouth_bls,1378,0.011148,-0.044262,0.010317
THAIZ_BODY_PLY_localMouth,C_facial_local_BLS,l_out_mouth_bls,1379,0.012358,-0.046808,0.014634
THAIZ_BODY_PLY_localMouth,C_facial_local_BLS,l_out_mouth_bls,1380,0.010552,-0.050818,0.013625
THAIZ_BODY_PLY_localMouth,C_facial_local_BLS,l_out_mouth_bls,1381,-0.019127,-0.070479,0.009022
THAIZ_BODY_PLY_localMouth,C_facial_local_BLS,l_out_mouth_bls,1382,-0.035496,-0.076568,0.018533
THAIZ_BODY_PLY_localMouth,C_facial_local_BLS,l_out_mouth_bls,1383,-0.053645,-0.073474,0.031143
THAIZ_BODY_PLY_localMouth,C_facial_local_BLS,l_out_mouth_bls,1384,-0.052298,-0.053608,0.069624
THAIZ_BODY_PLY_localMouth,C_facial_local_BLS,l_out_mouth_bls,1385,-0.020954,-0.030125,0.079282
THAIZ_BODY_PLY_localMouth,C_facial_local_BLS,l_out_mouth_bls,1386,0.011652,-0.015345,0.067811
THAIZ_BODY_PLY_localMouth,C_facial_local_BLS,l_out_mouth_bls,1387,0.030877,-0.011938,0.042079
THAIZ_BODY_PLY_localMouth,C_facial_local_BLS,l_out_mouth_bls,1388,0.032592,-0.016902,0.019466
THAIZ_BODY_PLY_localMouth,C_facial_local_BLS,l_out_mouth_bls,1389,0.025114,-0.021587,0.006613
THAIZ_BODY_PLY_localMouth,C_facial_local_BLS,l_out_mouth_bls,1390,0.017918,-0.023863,0.003635
THAIZ_BODY_PLY_localMouth,C_facial_local_BLS,l_out_mouth_bls,1391,0.010634,-0.027394,0.000517
THAIZ_BODY_PLY_localMouth,C_facial_local_BLS,l_out_mouth_bls,1392,0.005164,-0.034639,-0.001914
THAIZ_BODY_PLY_localMouth,C_facial_local_BLS,l_out_mouth_bls,1393,0.002015,-0.041282,-0.003802
THAIZ_BODY_PLY_localMouth,C_facial_local_BLS,l_out_mouth_bls,1394,-0.003314,-0.050775,-0.002952
THAIZ_BODY_PLY_localMouth,C_facial_local_BLS,l_out_mouth_bls,1395,-0.009683,-0.060722,0.00024
THAIZ_BODY_PLY_localMouth,C_facial_local_BLS,l_out_mouth_bls,1396,-0.056936,-0.05527,-0.016073
THAIZ_BODY_PLY_localMouth,C_facial_local_BLS,l_out_mouth_bls,1397,-0.078525,-0.054373,-0.005173
THAIZ_BODY_PLY_localMouth,C_facial_local_BLS,l_out_mouth_bls,1398,-0.096524,-0.04143,0.01219
THAIZ_BODY_PLY_localMouth,C_facial_local_BLS,l_out_mouth_bls,1399,-0.088451,-0.006837,0.066972
THAIZ_BODY_PLY_localMouth,C_facial_local_BLS,l_out_mouth_bls,1400,-0.03897,0.014274,0.083125
THAIZ_BODY_PLY_localMouth,C_facial_local_BLS,l_out_mouth_bls,1401,0.008624,0.022928,0.073941
THAIZ_BODY_PLY_localMouth,C_facial_local_BLS,l_out_mouth_bls,1402,0.035126,0.017408,0.042113
THAIZ_BODY_PLY_localMouth,C_facial_local_BLS,l_out_mouth_bls,1403,0.038741,0.00438,0.013436
THAIZ_BODY_PLY_localMouth,C_facial_local_BLS,l_out_mouth_bls,1404,0.028454,-0.006326,-0.001232
THAIZ_BODY_PLY_localMouth,C_facial_local_BLS,l_out_mouth_bls,1405,0.020614,-0.011596,-0.004258
THAIZ_BODY_PLY_localMouth,C_facial_local_BLS,l_out_mouth_bls,1406,0.012305,-0.016829,-0.009205
THAIZ_BODY_PLY_localMouth,C_facial_local_BLS,l_out_mouth_bls,1407,-0.000379,-0.02536,-0.016479
THAIZ_BODY_PLY_localMouth,C_facial_local_BLS,l_out_mouth_bls,1408,-0.007514,-0.030823,-0.020422
THAIZ_BODY_PLY_localMouth,C_facial_local_BLS,l_out_mouth_bls,1409,-0.019431,-0.038785,-0.023483
THAIZ_BODY_PLY_localMouth,C_facial_local_BLS,l_out_mouth_bls,1410,-0.035429,-0.047067,-0.023773
THAIZ_BODY_PLY_localMouth,C_facial_local_BLS,l_out_mouth_bls,1411,0.003467,-0.061893,0.013784
THAIZ_BODY_PLY_localMouth,C_facial_local_BLS,l_out_mouth_bls,1412,-0.004336,-0.070143,0.017765
THAIZ_BODY_PLY_localMouth,C_facial_local_BLS,l_out_mouth_bls,1413,-0.012241,-0.074895,0.021343
THAIZ_BODY_PLY_localMouth,C_facial_local_BLS,l_out_mouth_bls,1414,-0.010262,-0.069031,0.037272
THAIZ_BODY_PLY_localMouth,C_facial_local_BLS,l_out_mouth_bls,1415,5.4e-05,-0.057113,0.043149
THAIZ_BODY_PLY_localMouth,C_facial_local_BLS,l_out_mouth_bls,1416,0.012552,-0.044882,0.040386
THAIZ_BODY_PLY_localMouth,C_facial_local_BLS,l_out_mouth_bls,1417,0.021029,-0.03708,0.029003
THAIZ_BODY_PLY_localMouth,C_facial_local_BLS,l_out_mouth_bls,1418,0.022335,-0.033492,0.016625
THAIZ_BODY_PLY_localMouth,C_facial_local_BLS,l_out_mouth_bls,1419,0.018068,-0.033065,0.007851
THAIZ_BODY_PLY_localMouth,C_facial_local_BLS,l_out_mouth_bls,1420,0.014537,-0.033056,0.006374
THAIZ_BODY_PLY_localMouth,C_facial_local_BLS,l_out_mouth_bls,1421,0.010325,-0.034743,0.004773
THAIZ_BODY_PLY_localMouth,C_facial_local_BLS,l_out_mouth_bls,1422,0.009324,-0.037772,0.008157
THAIZ_BODY_PLY_localMouth,C_facial_local_BLS,l_out_mouth_bls,1423,0.009106,-0.04256,0.008069
THAIZ_BODY_PLY_localMouth,C_facial_local_BLS,l_out_mouth_bls,1424,0.007964,-0.048344,0.009329
THAIZ_BODY_PLY_localMouth,C_facial_local_BLS,l_out_mouth_bls,1425,0.007068,-0.05449,0.010301
THAIZ_BODY_PLY_localMouth,C_facial_local_BLS,l_out_mouth_bls,1429,-0.063395,0.03968,-0.065474
THAIZ_BODY_PLY_localMouth,C_facial_local_BLS,l_out_mouth_bls,1430,-0.035533,-0.003329,-0.097298
THAIZ_BODY_PLY_localMouth,C_facial_local_BLS,l_out_mouth_bls,1431,0.027196,-0.001573,-0.099082
THAIZ_BODY_PLY_localMouth,C_facial_local_BLS,l_out_mouth_bls,1432,0.093134,0.040123,-0.064495
THAIZ_BODY_PLY_localMouth,C_facial_local_BLS,l_out_mouth_bls,1433,0.062024,0.090809,0.113589
THAIZ_BODY_PLY_localMouth,C_facial_local_BLS,l_out_mouth_bls,1434,-0.112424,0.094096,0.336767
THAIZ_BODY_PLY_localMouth,C_facial_local_BLS,l_out_mouth_bls,1435,-0.478178,0.05963,0.680568
THAIZ_BODY_PLY_localMouth,C_facial_local_BLS,l_out_mouth_bls,1436,-0.36224,-0.012143,0.54833
THAIZ_BODY_PLY_localMouth,C_facial_local_BLS,l_out_mouth_bls,1437,-0.328565,-0.017173,0.397607
THAIZ_BODY_PLY_localMouth,C_facial_local_BLS,l_out_mouth_bls,1438,-0.005644,0.015924,0.118223
THAIZ_BODY_PLY_localMouth,C_facial_local_BLS,l_out_mouth_bls,1439,0.057753,-0.0108,0.085554
THAIZ_BODY_PLY_localMouth,C_facial_local_BLS,l_out_mouth_bls,1440,-0.051321,0.027525,0.078668
THAIZ_BODY_PLY_localMouth,C_facial_local_BLS,l_out_mouth_bls,1441,-0.036046,0.020893,0.044932
THAIZ_BODY_PLY_localMouth,C_facial_local_BLS,l_out_mouth_bls,1442,0.018865,-0.009597,0.017778
THAIZ_BODY_PLY_localMouth,C_facial_local_BLS,l_out_mouth_bls,1443,0.018456,-0.007006,0.015916
THAIZ_BODY_PLY_localMouth,C_facial_local_BLS,l_out_mouth_bls,1444,0.008348,-0.002494,0.011626
THAIZ_BODY_PLY_localMouth,C_facial_local_BLS,l_out_mouth_bls,1445,0.003018,-0.000567,0.005885
THAIZ_BODY_PLY_localMouth,C_facial_local_BLS,l_out_mouth_bls,1446,0.000634,-7e-06,0.001522
THAIZ_BODY_PLY_localMouth,C_facial_local_BLS,l_out_mouth_bls,1473,1e-06,-5.7e-05,2.7e-05
THAIZ_BODY_PLY_localMouth,C_facial_local_BLS,l_out_mouth_bls,1474,9.1e-05,-0.002741,0.000931
THAIZ_BODY_PLY_localMouth,C_facial_local_BLS,l_out_mouth_bls,1475,0.000456,-0.00404,0.002875
THAIZ_BODY_PLY_localMouth,C_facial_local_BLS,l_out_mouth_bls,1478,0.000789,-0.001991,0.004306
THAIZ_BODY_PLY_localMouth,C_facial_local_BLS,l_out_mouth_bls,1479,0.000397,0.001582,0.001891
THAIZ_BODY_PLY_localMouth,C_facial_local_BLS,l_out_mouth_bls,1480,-0.0,2e-06,1e-06
THAIZ_BODY_PLY_localMouth,C_facial_local_BLS,l_out_mouth_bls,1487,6.2e-05,0.000183,0.000216
THAIZ_BODY_PLY_localMouth,C_facial_local_BLS,l_out_mouth_bls,1496,0.000161,0.001241,0.000696
THAIZ_BODY_PLY_localMouth,C_facial_local_BLS,l_out_mouth_bls,1509,0.000702,0.00049,0.003607
THAIZ_BODY_PLY_localMouth,C_facial_local_BLS,l_out_mouth_bls,1510,4.8e-05,1.7e-05,0.000152
THAIZ_BODY_PLY_localMouth,C_facial_local_BLS,l_out_mouth_bls,1511,1e-06,0.0,3e-06
THAIZ_BODY_PLY_localMouth,C_facial_local_BLS,l_out_mouth_bls,1517,0.000116,-0.000208,0.000302
THAIZ_BODY_PLY_localMouth,C_facial_local_BLS,l_out_mouth_bls,1518,0.001364,-0.002764,0.003185
THAIZ_BODY_PLY_localMouth,C_facial_local_BLS,l_out_mouth_bls,1519,0.003526,-0.006161,0.004062
THAIZ_BODY_PLY_localMouth,C_facial_local_BLS,l_out_mouth_bls,1520,0.008587,-0.011938,0.001641
THAIZ_BODY_PLY_localMouth,C_facial_local_BLS,l_out_mouth_bls,1521,0.012007,-0.011693,-0.011164
THAIZ_BODY_PLY_localMouth,C_facial_local_BLS,l_out_mouth_bls,1522,0.007361,-0.010517,-0.018836
THAIZ_BODY_PLY_localMouth,C_facial_local_BLS,l_out_mouth_bls,1523,0.006045,-0.02093,-0.012654
THAIZ_BODY_PLY_localMouth,C_facial_local_BLS,l_out_mouth_bls,1524,0.007921,-0.030277,0.000334
THAIZ_BODY_PLY_localMouth,C_facial_local_BLS,l_out_mouth_bls,1525,0.009516,-0.035482,0.007272
THAIZ_BODY_PLY_localMouth,C_facial_local_BLS,l_out_mouth_bls,1526,0.01014,-0.041094,0.009926
THAIZ_BODY_PLY_localMouth,C_facial_local_BLS,l_out_mouth_bls,1527,0.011213,-0.04621,0.010449
THAIZ_BODY_PLY_localMouth,C_facial_local_BLS,l_out_mouth_bls,1528,0.011236,-0.048328,0.009778
THAIZ_BODY_PLY_localMouth,C_facial_local_BLS,l_out_mouth_bls,1529,0.011082,-0.050127,0.01208
THAIZ_BODY_PLY_localMouth,C_facial_local_BLS,l_out_mouth_bls,1530,0.010292,-0.05184,0.012725
THAIZ_BODY_PLY_localMouth,C_facial_local_BLS,l_out_mouth_bls,1531,0.009857,-0.05375,0.010397
THAIZ_BODY_PLY_localMouth,C_facial_local_BLS,l_out_mouth_bls,1533,-0.0,4e-06,1.3e-05
THAIZ_BODY_PLY_localMouth,C_facial_local_BLS,l_out_mouth_bls,1534,3.9e-05,0.000286,0.00052
THAIZ_BODY_PLY_localMouth,C_facial_local_BLS,l_out_mouth_bls,1535,0.000153,0.001051,0.001832
THAIZ_BODY_PLY_localMouth,C_facial_local_BLS,l_out_mouth_bls,1536,0.000345,0.002422,0.004178
THAIZ_BODY_PLY_localMouth,C_facial_local_BLS,l_out_mouth_bls,1537,-0.000281,0.004416,0.009345
THAIZ_BODY_PLY_localMouth,C_facial_local_BLS,l_out_mouth_bls,1538,-0.002925,0.006404,0.022786
THAIZ_BODY_PLY_localMouth,C_facial_local_BLS,l_out_mouth_bls,1539,-0.004537,0.005493,0.044564
THAIZ_BODY_PLY_localMouth,C_facial_local_BLS,l_out_mouth_bls,1540,-0.002821,0.005765,0.050178
THAIZ_BODY_PLY_localMouth,C_facial_local_BLS,l_out_mouth_bls,1541,-0.00012,0.009614,0.034189
THAIZ_BODY_PLY_localMouth,C_facial_local_BLS,l_out_mouth_bls,1542,0.000326,0.00988,0.020651
THAIZ_BODY_PLY_localMouth,C_facial_local_BLS,l_out_mouth_bls,1543,8.8e-05,0.006702,0.011991
THAIZ_BODY_PLY_localMouth,C_facial_local_BLS,l_out_mouth_bls,1544,-9.2e-05,0.003181,0.004766
THAIZ_BODY_PLY_localMouth,C_facial_local_BLS,l_out_mouth_bls,1545,-3.6e-05,0.000855,0.001171
THAIZ_BODY_PLY_localMouth,C_facial_local_BLS,l_out_mouth_bls,1546,-1.4e-05,0.000379,0.000482
THAIZ_BODY_PLY_localMouth,C_facial_local_BLS,l_out_mouth_bls,1547,-3e-06,8.6e-05,0.000105
THAIZ_BODY_PLY_localMouth,C_facial_local_BLS,l_out_mouth_bls,1548,-0.0,7e-06,8e-06
THAIZ_BODY_PLY_localMouth,C_facial_local_BLS,l_out_mouth_bls,1549,0.0,1.3e-05,1.3e-05
THAIZ_BODY_PLY_localMouth,C_facial_local_BLS,l_out_mouth_bls,1550,0.0,1.1e-05,1.1e-05
THAIZ_BODY_PLY_localMouth,C_facial_local_BLS,l_out_mouth_bls,1551,0.0,6e-06,6e-06
THAIZ_BODY_PLY_localMouth,C_facial_local_BLS,l_out_mouth_bls,1552,0.0,2e-06,2e-06
THAIZ_BODY_PLY_localMouth,C_facial_local_BLS,l_out_mouth_bls,3169,0.000155,-7e-05,-3.3e-05
THAIZ_BODY_PLY_localMouth,C_facial_local_BLS,l_out_mouth_bls,3321,-0.008386,0.006828,0.001548
THAIZ_BODY_PLY_localMouth,C_facial_local_BLS,l_out_mouth_bls,3322,0.000977,-0.001986,0.000164
THAIZ_BODY_PLY_localMouth,C_facial_local_BLS,l_out_mouth_bls,3323,0.00041,-0.000953,-0.000528
THAIZ_BODY_PLY_localMouth,C_facial_local_BLS,l_out_mouth_bls,3324,-0.012345,-0.009579,0.002619
THAIZ_BODY_PLY_localMouth,C_facial_local_BLS,l_out_mouth_bls,3325,-0.000265,-0.000476,0.000145
THAIZ_BODY_PLY_localMouth,C_facial_local_BLS,l_out_mouth_bls,3326,-0.01168,-0.012883,0.002825
THAIZ_BODY_PLY_localMouth,C_facial_local_BLS,l_out_mouth_bls,3327,0.000336,-0.000115,-4.8e-05
THAIZ_BODY_PLY_localMouth,C_facial_local_BLS,l_out_mouth_bls,3328,-0.011723,-0.011577,0.003001
THAIZ_BODY_PLY_localMouth,C_facial_local_BLS,l_out_mouth_bls,3329,-0.014171,-0.021493,0.003773
THAIZ_BODY_PLY_localMouth,C_facial_local_BLS,l_out_mouth_bls,3330,0.000178,-0.0004,0.000127
THAIZ_BODY_PLY_localMouth,C_facial_local_BLS,l_out_mouth_bls,3331,-0.013657,-0.016312,0.000857
THAIZ_BODY_PLY_localMouth,C_facial_local_BLS,l_out_mouth_bls,3332,-0.000254,-0.000686,0.000283
THAIZ_BODY_PLY_localMouth,C_facial_local_BLS,l_out_mouth_bls,3333,-0.009698,-0.007925,0.002301
THAIZ_BODY_PLY_localMouth,C_facial_local_BLS,l_out_mouth_bls,3334,-4.8e-05,-0.000183,4e-05
THAIZ_BODY_PLY_localMouth,C_facial_local_BLS,l_out_mouth_bls,3335,-0.004538,-0.003277,0.000706
THAIZ_BODY_PLY_localMouth,C_facial_local_BLS,l_out_mouth_bls,3337,-0.000791,-0.000563,-0.000206
THAIZ_BODY_PLY_localMouth,C_facial_local_BLS,l_out_mouth_bls,3439,0.000145,-0.000144,-7.5e-05
THAIZ_BODY_PLY_localMouth,C_facial_local_BLS,l_out_mouth_bls,3440,-0.014588,-0.005905,0.003291
THAIZ_BODY_PLY_localMouth,C_facial_local_BLS,l_out_mouth_bls,3441,4.9e-05,-3.2e-05,-1.6e-05
THAIZ_BODY_PLY_localMouth,C_facial_local_BLS,l_out_mouth_bls,3446,0.00016,-0.000448,-0.000256
THAIZ_BODY_PLY_localMouth,C_facial_local_BLS,l_out_mouth_bls,5654,1e-05,-3.2e-05,-1.9e-05
THAIZ_BODY_PLY_localMouth,C_facial_local_BLS,l_out_mouth_bls,6931,9e-06,6.6e-05,-1e-05
THAIZ_BODY_PLY_localMouth,C_facial_local_BLS,l_out_mouth_bls,6932,0.000362,0.003728,-0.001213
THAIZ_BODY_PLY_localMouth,C_facial_local_BLS,l_out_mouth_bls,6933,-0.003531,0.012685,-0.00579
THAIZ_BODY_PLY_localMouth,C_facial_local_BLS,l_out_mouth_bls,6934,-0.021016,0.01643,-0.01805
THAIZ_BODY_PLY_localMouth,C_facial_local_BLS,l_out_mouth_bls,6935,-0.010132,0.009132,-0.039628
THAIZ_BODY_PLY_localMouth,C_facial_local_BLS,l_out_mouth_bls,6936,0.021875,0.032197,-0.030976
THAIZ_BODY_PLY_localMouth,C_facial_local_BLS,l_out_mouth_bls,6937,-0.073439,0.056658,0.287597
THAIZ_BODY_PLY_localMouth,C_facial_local_BLS,l_out_mouth_bls,6938,-0.340647,0.044216,0.507369
THAIZ_BODY_PLY_localMouth,C_facial_local_BLS,l_out_mouth_bls,6939,-0.318594,0.043977,0.467544
THAIZ_BODY_PLY_localMouth,C_facial_local_BLS,l_out_mouth_bls,6940,0.004383,0.029376,0.048284
THAIZ_BODY_PLY_localMouth,C_facial_local_BLS,l_out_mouth_bls,6941,0.023933,0.057959,-0.025026
THAIZ_BODY_PLY_localMouth,C_facial_local_BLS,l_out_mouth_bls,6942,0.011463,0.04456,-0.031835
THAIZ_BODY_PLY_localMouth,C_facial_local_BLS,l_out_mouth_bls,6943,0.006646,0.000772,-0.017949
THAIZ_BODY_PLY_localMouth,C_facial_local_BLS,l_out_mouth_bls,6944,0.001592,-0.003377,-0.003966
THAIZ_BODY_PLY_localMouth,C_facial_local_BLS,l_out_mouth_bls,6945,5.8e-05,-0.000154,-0.000105
THAIZ_BODY_PLY_localMouth,C_facial_local_BLS,l_out_mouth_bls,6955,0.0,1e-06,1e-06
THAIZ_BODY_PLY_localMouth,C_facial_local_BLS,l_out_mouth_bls,7228,-0.000133,0.000122,0.000363
THAIZ_BODY_PLY_localMouth,C_facial_local_BLS,l_out_mouth_bls,7229,7e-06,0.000107,0.000411
THAIZ_BODY_PLY_localMouth,C_facial_local_BLS,l_out_mouth_bls,7248,-0.000924,0.000867,0.002841
THAIZ_BODY_PLY_localMouth,C_facial_local_BLS,l_out_mouth_bls,7249,-0.000203,0.000478,0.001042
THAIZ_BODY_PLY_localMouth,C_facial_local_BLS,l_out_mouth_bls,7250,-7.7e-05,0.000201,0.000447
THAIZ_BODY_PLY_localMouth,C_facial_local_BLS,l_out_mouth_bls,7251,-1.9e-05,5.2e-05,0.000117
THAIZ_BODY_PLY_localMouth,C_facial_local_BLS,l_out_mouth_bls,7252,-1e-06,3e-06,8e-06
THAIZ_BODY_PLY_localMouth,C_facial_local_BLS,l_out_mouth_bls,7265,-1e-06,5e-06,1e-06
THAIZ_BODY_PLY_localMouth,C_facial_local_BLS,l_out_mouth_bls,7266,-2.9e-05,0.000159,9.8e-05
THAIZ_BODY_PLY_localMouth,C_facial_local_BLS,l_out_mouth_bls,7267,-0.000187,0.000856,0.000814
THAIZ_BODY_PLY_localMouth,C_facial_local_BLS,l_out_mouth_bls,7268,-0.000618,0.001724,0.002249
THAIZ_BODY_PLY_localMouth,C_facial_local_BLS,l_out_mouth_bls,7269,-0.001133,0.002177,0.004027
THAIZ_BODY_PLY_localMouth,C_facial_local_BLS,l_out_mouth_bls,7270,-0.001799,0.001462,0.006996
THAIZ_BODY_PLY_localMouth,C_facial_local_BLS,l_out_mouth_bls,7271,-0.001971,0.001204,0.005912
THAIZ_BODY_PLY_localMouth,C_facial_local_BLS,l_out_mouth_bls,7272,-0.000154,0.00018,0.000384
THAIZ_BODY_PLY_localMouth,C_facial_local_BLS,l_out_mouth_bls,7273,-2.3e-05,3.6e-05,7e-05
THAIZ_BODY_PLY_localMouth,C_facial_local_BLS,l_out_mouth_bls,7276,-1e-06,1e-06,3e-06
THAIZ_BODY_PLY_localMouth,C_facial_local_BLS,l_out_mouth_bls,7308,-0.0,2e-06,0.0
THAIZ_BODY_PLY_localMouth,C_facial_local_BLS,l_out_mouth_bls,7310,-1.2e-05,4.2e-05,4e-06
THAIZ_BODY_PLY_localMouth,C_facial_local_BLS,l_out_mouth_bls,7312,-8.4e-05,0.000217,6.6e-05
THAIZ_BODY_PLY_localMouth,C_facial_local_BLS,l_out_mouth_bls,7313,-2e-06,5e-06,4e-06
THAIZ_BODY_PLY_localMouth,C_facial_local_BLS,l_out_mouth_bls,7314,-0.000405,0.000698,0.000514
THAIZ_BODY_PLY_localMouth,C_facial_local_BLS,l_out_mouth_bls,7315,-0.001181,0.001321,0.002606
THAIZ_BODY_PLY_localMouth,C_facial_local_BLS,l_out_mouth_bls,7316,-0.000847,0.000938,0.001933
THAIZ_BODY_PLY_localMouth,C_facial_local_BLS,l_out_mouth_bls,7317,-0.000125,0.000327,0.00032
THAIZ_BODY_PLY_localMouth,C_facial_local_BLS,l_out_mouth_bls,7318,-0.001259,0.000898,0.003264
THAIZ_BODY_PLY_localMouth,C_facial_local_BLS,l_out_mouth_bls,7319,-0.000634,0.000608,0.001612
THAIZ_BODY_PLY_localMouth,C_facial_local_BLS,l_out_mouth_bls,7320,-0.000113,0.000693,0.001559
THAIZ_BODY_PLY_localMouth,C_facial_local_BLS,l_out_mouth_bls,7321,-0.000463,0.001244,0.003281
THAIZ_BODY_PLY_localMouth,C_facial_local_BLS,l_out_mouth_bls,7322,-0.002051,0.001873,0.007628
THAIZ_BODY_PLY_localMouth,C_facial_local_BLS,l_out_mouth_bls,7323,-0.003411,0.001542,0.015801
THAIZ_BODY_PLY_localMouth,C_facial_local_BLS,l_out_mouth_bls,7324,-0.002784,0.001632,0.018332
THAIZ_BODY_PLY_localMouth,C_facial_local_BLS,l_out_mouth_bls,7325,-0.00059,0.003199,0.00678
THAIZ_BODY_PLY_localMouth,C_facial_local_BLS,l_out_mouth_bls,7326,-3.1e-05,0.001828,0.003452
THAIZ_BODY_PLY_localMouth,C_facial_local_BLS,l_out_mouth_bls,7327,6.1e-05,0.000546,0.000852
THAIZ_BODY_PLY_localMouth,C_facial_local_BLS,l_out_mouth_bls,7328,1.1e-05,4.1e-05,4.9e-05
THAIZ_BODY_PLY_localMouth,C_facial_local_BLS,l_out_mouth_bls,7329,0.0,1e-06,2e-06
THAIZ_BODY_PLY_localMouth,C_facial_local_BLS,l_out_mouth_bls,7339,-1e-06,1e-06,3e-06
THAIZ_BODY_PLY_localMouth,C_facial_local_BLS,l_out_mouth_bls,7340,-8e-06,4.3e-05,0.000103
THAIZ_BODY_PLY_localMouth,C_facial_local_BLS,l_out_mouth_bls,7341,-4.1e-05,0.000266,0.000602
THAIZ_BODY_PLY_localMouth,C_facial_local_BLS,l_out_mouth_bls,7342,-5.7e-05,0.001076,0.0023
THAIZ_BODY_PLY_localMouth,C_facial_local_BLS,l_out_mouth_bls,7343,-0.000613,0.001869,0.005023
THAIZ_BODY_PLY_localMouth,C_facial_local_BLS,l_out_mouth_bls,7344,-0.002621,0.002648,0.011479
THAIZ_BODY_PLY_localMouth,C_facial_local_BLS,l_out_mouth_bls,7345,-0.004068,0.001925,0.023282
THAIZ_BODY_PLY_localMouth,C_facial_local_BLS,l_out_mouth_bls,7346,-0.003136,0.001951,0.026669
THAIZ_BODY_PLY_localMouth,C_facial_local_BLS,l_out_mouth_bls,7347,-0.000339,0.004263,0.010437
THAIZ_BODY_PLY_localMouth,C_facial_local_BLS,l_out_mouth_bls,7348,0.000117,0.002641,0.005852
THAIZ_BODY_PLY_localMouth,C_facial_local_BLS,l_out_mouth_bls,7349,0.000117,0.001011,0.001867
THAIZ_BODY_PLY_localMouth,C_facial_local_BLS,l_out_mouth_bls,7350,1.7e-05,7.4e-05,0.000115
THAIZ_BODY_PLY_localMouth,C_facial_local_BLS,l_out_mouth_bls,7351,1e-06,8e-06,1.2e-05
THAIZ_BODY_PLY_localMouth,C_facial_local_BLS,l_out_mouth_bls,7361,-1e-06,2e-06,8e-06
THAIZ_BODY_PLY_localMouth,C_facial_local_BLS,l_out_mouth_bls,7362,-7e-06,8.7e-05,0.000198
THAIZ_BODY_PLY_localMouth,C_facial_local_BLS,l_out_mouth_bls,7363,-2.1e-05,0.000432,0.000929
THAIZ_BODY_PLY_localMouth,C_facial_local_BLS,l_out_mouth_bls,7366,-0.00131,0.004209,0.017384
THAIZ_BODY_PLY_localMouth,C_facial_local_BLS,l_out_mouth_bls,7367,-0.001451,0.003411,0.01146
THAIZ_BODY_PLY_localMouth,C_facial_local_BLS,l_out_mouth_bls,7396,-2e-06,4e-06,8e-06
THAIZ_BODY_PLY_localMouth,C_facial_local_BLS,l_out_mouth_bls,7397,-2.6e-05,5.4e-05,0.000114
THAIZ_BODY_PLY_localMouth,C_facial_local_BLS,l_out_mouth_bls,7398,-0.000122,0.000228,0.000469
THAIZ_BODY_PLY_localMouth,C_facial_local_BLS,l_out_mouth_bls,7399,-0.000507,0.000528,0.001415
THAIZ_BODY_PLY_localMouth,C_facial_local_BLS,l_out_mouth_bls,7400,-0.001481,0.000952,0.003942
THAIZ_BODY_PLY_localMouth,C_facial_local_BLS,l_out_mouth_bls,7401,-0.001269,0.001402,0.003534
THAIZ_BODY_PLY_localMouth,C_facial_local_BLS,l_out_mouth_bls,7402,-0.000809,0.001452,0.001878
THAIZ_BODY_PLY_localMouth,C_facial_local_BLS,l_out_mouth_bls,7403,-0.000346,0.00091,0.000834
THAIZ_BODY_PLY_localMouth,C_facial_local_BLS,l_out_mouth_bls,7404,-7.7e-05,0.000337,0.000182
THAIZ_BODY_PLY_localMouth,C_facial_local_BLS,l_out_mouth_bls,7405,-7e-06,3.2e-05,8e-06
THAIZ_BODY_PLY_localMouth,C_facial_local_BLS,l_out_mouth_bls,7416,-0.00144,0.001298,0.004858
THAIZ_BODY_PLY_localMouth,C_facial_local_BLS,l_out_mouth_bls,7417,-0.002652,0.001363,0.009991
THAIZ_BODY_PLY_localMouth,C_facial_local_BLS,l_out_mouth_bls,7418,-0.002281,0.001556,0.011729
THAIZ_BODY_PLY_localMouth,C_facial_local_BLS,l_out_mouth_bls,7419,-0.001368,0.002912,0.006762
THAIZ_BODY_PLY_localMouth,C_facial_local_BLS,l_out_mouth_bls,7420,-0.000694,0.002438,0.004054
THAIZ_BODY_PLY_localMouth,C_facial_local_BLS,l_out_mouth_bls,7421,-0.000159,0.001288,0.001723
THAIZ_BODY_PLY_localMouth,C_facial_local_BLS,l_out_mouth_bls,7422,-8e-06,0.000295,0.000301
THAIZ_BODY_PLY_localMouth,C_facial_local_BLS,l_out_mouth_bls,7423,0.0,1.4e-05,8e-06
THAIZ_BODY_PLY_localMouth,C_facial_local_BLS,l_out_mouth_bls,7436,-5e-06,1.5e-05,3.6e-05
THAIZ_BODY_PLY_localMouth,C_facial_local_BLS,l_out_mouth_bls,7437,-3.6e-05,0.000137,0.000314
THAIZ_BODY_PLY_localMouth,C_facial_local_BLS,l_out_mouth_bls,7438,-0.000113,0.000415,0.000944
THAIZ_BODY_PLY_localMouth,C_facial_local_BLS,l_out_mouth_bls,7439,-0.000304,0.000808,0.001937
THAIZ_BODY_PLY_localMouth,C_facial_local_BLS,l_out_mouth_bls,8160,-0.0,-1e-06,5e-06
THAIZ_BODY_PLY_localMouth,C_facial_local_BLS,l_out_mouth_bls,8168,-6e-06,-1.6e-05,1.6e-05
THAIZ_BODY_PLY_localMouth,C_facial_local_BLS,l_out_mouth_bls,8526,-9.8e-05,-0.000416,0.000142
THAIZ_BODY_PLY_localMouth,C_facial_local_BLS,l_out_mouth_bls,8527,-0.000142,-0.00098,0.000736
THAIZ_BODY_PLY_localMouth,C_facial_local_BLS,l_out_mouth_bls,8528,3.2e-05,0.000123,0.000143
THAIZ_BODY_PLY_localMouth,C_facial_local_BLS,l_out_mouth_bls,8532,4.7e-05,-0.000425,0.00105
THAIZ_BODY_PLY_localMouth,C_facial_local_BLS,l_out_mouth_bls,8758,9.9e-05,0.000109,0.000611
THAIZ_BODY_PLY_localMouth,C_facial_local_BLS,l_up_mouth_bls,4,-3.4e-05,-3.7e-05,-8e-05
THAIZ_BODY_PLY_localMouth,C_facial_local_BLS,l_up_mouth_bls,5,-0.000291,-0.000207,-0.00053
THAIZ_BODY_PLY_localMouth,C_facial_local_BLS,l_up_mouth_bls,6,-0.000344,0.000181,-0.001702
THAIZ_BODY_PLY_localMouth,C_facial_local_BLS,l_up_mouth_bls,7,0.002615,0.005143,-0.004501
THAIZ_BODY_PLY_localMouth,C_facial_local_BLS,l_up_mouth_bls,8,0.009185,0.019264,7.2e-05
THAIZ_BODY_PLY_localMouth,C_facial_local_BLS,l_up_mouth_bls,9,0.018128,0.068968,0.045818
THAIZ_BODY_PLY_localMouth,C_facial_local_BLS,l_up_mouth_bls,10,0.011469,0.158046,0.143485
THAIZ_BODY_PLY_localMouth,C_facial_local_BLS,l_up_mouth_bls,11,-0.055044,0.135623,0.14563
THAIZ_BODY_PLY_localMouth,C_facial_local_BLS,l_up_mouth_bls,12,0.028376,0.070788,0.020203
THAIZ_BODY_PLY_localMouth,C_facial_local_BLS,l_up_mouth_bls,13,0.033004,0.026685,-0.016426
THAIZ_BODY_PLY_localMouth,C_facial_local_BLS,l_up_mouth_bls,14,0.017946,-0.002288,-0.018205
THAIZ_BODY_PLY_localMouth,C_facial_local_BLS,l_up_mouth_bls,15,-0.00056,0.000758,-0.001193
THAIZ_BODY_PLY_localMouth,C_facial_local_BLS,l_up_mouth_bls,16,-0.000102,0.000165,-0.000238
THAIZ_BODY_PLY_localMouth,C_facial_local_BLS,l_up_mouth_bls,26,0.002837,0.008915,-0.001014
THAIZ_BODY_PLY_localMouth,C_facial_local_BLS,l_up_mouth_bls,27,0.013388,0.038093,-0.006353
THAIZ_BODY_PLY_localMouth,C_facial_local_BLS,l_up_mouth_bls,28,0.016298,0.048864,-0.005172
THAIZ_BODY_PLY_localMouth,C_facial_local_BLS,l_up_mouth_bls,29,0.00483,0.068947,0.030412
THAIZ_BODY_PLY_localMouth,C_facial_local_BLS,l_up_mouth_bls,30,0.00413,0.14279,0.116319
THAIZ_BODY_PLY_localMouth,C_facial_local_BLS,l_up_mouth_bls,31,-0.005186,0.234645,0.232062
THAIZ_BODY_PLY_localMouth,C_facial_local_BLS,l_up_mouth_bls,32,-0.02274,0.22609,0.221917
THAIZ_BODY_PLY_localMouth,C_facial_local_BLS,l_up_mouth_bls,33,0.011665,0.111043,0.052015
THAIZ_BODY_PLY_localMouth,C_facial_local_BLS,l_up_mouth_bls,34,0.006162,0.049332,0.001181
THAIZ_BODY_PLY_localMouth,C_facial_local_BLS,l_up_mouth_bls,35,0.005127,0.018305,-0.009233
THAIZ_BODY_PLY_localMouth,C_facial_local_BLS,l_up_mouth_bls,36,-0.000251,0.002018,-0.005187
THAIZ_BODY_PLY_localMouth,C_facial_local_BLS,l_up_mouth_bls,37,-0.000436,0.00046,-0.001145
THAIZ_BODY_PLY_localMouth,C_facial_local_BLS,l_up_mouth_bls,38,-4.2e-05,5e-05,-0.000119
THAIZ_BODY_PLY_localMouth,C_facial_local_BLS,l_up_mouth_bls,46,0.001979,0.007961,-0.000398
THAIZ_BODY_PLY_localMouth,C_facial_local_BLS,l_up_mouth_bls,47,0.016513,0.059123,-0.004766
THAIZ_BODY_PLY_localMouth,C_facial_local_BLS,l_up_mouth_bls,48,0.03409,0.114364,-0.010513
THAIZ_BODY_PLY_localMouth,C_facial_local_BLS,l_up_mouth_bls,49,0.022141,0.105407,0.01079
THAIZ_BODY_PLY_localMouth,C_facial_local_BLS,l_up_mouth_bls,50,-0.010162,0.113008,0.081113
THAIZ_BODY_PLY_localMouth,C_facial_local_BLS,l_up_mouth_bls,51,-0.01256,0.164024,0.160456
THAIZ_BODY_PLY_localMouth,C_facial_local_BLS,l_up_mouth_bls,52,-0.00663,0.198164,0.219548
THAIZ_BODY_PLY_localMouth,C_facial_local_BLS,l_up_mouth_bls,53,-0.016297,0.182439,0.193334
THAIZ_BODY_PLY_localMouth,C_facial_local_BLS,l_up_mouth_bls,54,-0.016811,0.126532,0.052483
THAIZ_BODY_PLY_localMouth,C_facial_local_BLS,l_up_mouth_bls,55,-0.031274,0.078975,-0.002875
THAIZ_BODY_PLY_localMouth,C_facial_local_BLS,l_up_mouth_bls,56,-0.028543,0.044008,-0.011875
THAIZ_BODY_PLY_localMouth,C_facial_local_BLS,l_up_mouth_bls,57,-0.014216,0.017759,-0.012728
THAIZ_BODY_PLY_localMouth,C_facial_local_BLS,l_up_mouth_bls,58,-0.002811,0.005611,-0.004867
THAIZ_BODY_PLY_localMouth,C_facial_local_BLS,l_up_mouth_bls,59,-0.000289,0.000417,-0.000686
THAIZ_BODY_PLY_localMouth,C_facial_local_BLS,l_up_mouth_bls,60,-1e-06,1e-06,-2e-06
THAIZ_BODY_PLY_localMouth,C_facial_local_BLS,l_up_mouth_bls,67,-0.000665,0.000485,0.00161
THAIZ_BODY_PLY_localMouth,C_facial_local_BLS,l_up_mouth_bls,68,-0.004697,0.003765,0.011573
THAIZ_BODY_PLY_localMouth,C_facial_local_BLS,l_up_mouth_bls,69,-0.008667,0.007331,0.021555
THAIZ_BODY_PLY_localMouth,C_facial_local_BLS,l_up_mouth_bls,70,-0.02897,-0.014323,-0.021303
THAIZ_BODY_PLY_localMouth,C_facial_local_BLS,l_up_mouth_bls,71,-0.000683,0.02228,0.024384
THAIZ_BODY_PLY_localMouth,C_facial_local_BLS,l_up_mouth_bls,72,0.006174,0.026771,0.020081
THAIZ_BODY_PLY_localMouth,C_facial_local_BLS,l_up_mouth_bls,73,0.002418,0.032717,0.014488
THAIZ_BODY_PLY_localMouth,C_facial_local_BLS,l_up_mouth_bls,74,-0.017856,0.052268,0.001094
THAIZ_BODY_PLY_localMouth,C_facial_local_BLS,l_up_mouth_bls,75,-0.042953,0.064802,-0.029484
THAIZ_BODY_PLY_localMouth,C_facial_local_BLS,l_up_mouth_bls,76,-0.065297,0.045269,-0.046417
THAIZ_BODY_PLY_localMouth,C_facial_local_BLS,l_up_mouth_bls,77,-0.058108,0.03683,-0.050056
THAIZ_BODY_PLY_localMouth,C_facial_local_BLS,l_up_mouth_bls,78,-0.030104,0.028937,-0.037605
THAIZ_BODY_PLY_localMouth,C_facial_local_BLS,l_up_mouth_bls,79,-0.007943,0.011688,-0.013277
THAIZ_BODY_PLY_localMouth,C_facial_local_BLS,l_up_mouth_bls,80,-0.001164,0.001963,-0.001748
THAIZ_BODY_PLY_localMouth,C_facial_local_BLS,l_up_mouth_bls,81,-1.7e-05,3.9e-05,-3e-05
THAIZ_BODY_PLY_localMouth,C_facial_local_BLS,l_up_mouth_bls,87,-2e-06,0.0,5e-06
THAIZ_BODY_PLY_localMouth,C_facial_local_BLS,l_up_mouth_bls,88,-0.000445,6.4e-05,0.00088
THAIZ_BODY_PLY_localMouth,C_facial_local_BLS,l_up_mouth_bls,89,-0.000687,-0.000996,0.000467
THAIZ_BODY_PLY_localMouth,C_facial_local_BLS,l_up_mouth_bls,90,-0.000678,-0.000363,0.000411
THAIZ_BODY_PLY_localMouth,C_facial_local_BLS,l_up_mouth_bls,91,-0.002845,0.001798,0.001552
THAIZ_BODY_PLY_localMouth,C_facial_local_BLS,l_up_mouth_bls,92,-0.011597,0.007087,0.003521
THAIZ_BODY_PLY_localMouth,C_facial_local_BLS,l_up_mouth_bls,93,-0.026494,0.015451,0.004105
THAIZ_BODY_PLY_localMouth,C_facial_local_BLS,l_up_mouth_bls,94,-0.044407,0.027395,-0.000398
THAIZ_BODY_PLY_localMouth,C_facial_local_BLS,l_up_mouth_bls,95,-0.059365,0.038285,-0.011905
THAIZ_BODY_PLY_localMouth,C_facial_local_BLS,l_up_mouth_bls,96,-0.05484,0.06328,-0.021618
THAIZ_BODY_PLY_localMouth,C_facial_local_BLS,l_up_mouth_bls,97,-0.043916,0.045407,-0.023226
THAIZ_BODY_PLY_localMouth,C_facial_local_BLS,l_up_mouth_bls,98,-0.021032,0.02726,-0.0135
THAIZ_BODY_PLY_localMouth,C_facial_local_BLS,l_up_mouth_bls,99,-0.005848,0.009455,-0.00416
THAIZ_BODY_PLY_localMouth,C_facial_local_BLS,l_up_mouth_bls,100,-0.000836,0.001459,-0.000467
THAIZ_BODY_PLY_localMouth,C_facial_local_BLS,l_up_mouth_bls,101,-2e-06,6e-06,-2e-06
THAIZ_BODY_PLY_localMouth,C_facial_local_BLS,l_up_mouth_bls,111,-3.8e-05,-1.1e-05,3.2e-05
THAIZ_BODY_PLY_localMouth,C_facial_local_BLS,l_up_mouth_bls,112,-0.00022,-1e-06,0.000178
THAIZ_BODY_PLY_localMouth,C_facial_local_BLS,l_up_mouth_bls,113,-0.000395,9.1e-05,0.000305
THAIZ_BODY_PLY_localMouth,C_facial_local_BLS,l_up_mouth_bls,114,-0.000369,0.000177,0.000275
THAIZ_BODY_PLY_localMouth,C_facial_local_BLS,l_up_mouth_bls,115,-0.000164,0.000179,0.000119
THAIZ_BODY_PLY_localMouth,C_facial_local_BLS,l_up_mouth_bls,116,-4.3e-05,6.3e-05,3.9e-05
THAIZ_BODY_PLY_localMouth,C_facial_local_BLS,l_up_mouth_bls,173,-5e-06,-1e-05,1e-06
THAIZ_BODY_PLY_localMouth,C_facial_local_BLS,l_up_mouth_bls,174,-0.000249,-0.000449,8.1e-05
THAIZ_BODY_PLY_localMouth,C_facial_local_BLS,l_up_mouth_bls,175,-0.00122,-0.001885,0.000466
THAIZ_BODY_PLY_localMouth,C_facial_local_BLS,l_up_mouth_bls,176,-0.003806,-0.004312,0.001421
THAIZ_BODY_PLY_localMouth,C_facial_local_BLS,l_up_mouth_bls,177,-0.009689,-0.006056,0.002868
THAIZ_BODY_PLY_localMouth,C_facial_local_BLS,l_up_mouth_bls,178,-0.018087,-0.004602,0.003963
THAIZ_BODY_PLY_localMouth,C_facial_local_BLS,l_up_mouth_bls,179,-0.026203,0.000907,0.004227
THAIZ_BODY_PLY_localMouth,C_facial_local_BLS,l_up_mouth_bls,180,-0.030488,0.008283,0.00338
THAIZ_BODY_PLY_localMouth,C_facial_local_BLS,l_up_mouth_bls,181,-0.026977,0.017963,0.001108
THAIZ_BODY_PLY_localMouth,C_facial_local_BLS,l_up_mouth_bls,182,-0.018884,0.015665,-0.000198
THAIZ_BODY_PLY_localMouth,C_facial_local_BLS,l_up_mouth_bls,183,-0.009886,0.010686,0.000221
THAIZ_BODY_PLY_localMouth,C_facial_local_BLS,l_up_mouth_bls,184,-0.00294,0.004272,0.000255
THAIZ_BODY_PLY_localMouth,C_facial_local_BLS,l_up_mouth_bls,185,-0.000388,0.000716,3.8e-05
THAIZ_BODY_PLY_localMouth,C_facial_local_BLS,l_up_mouth_bls,217,-0.000103,-0.000129,-3.7e-05
THAIZ_BODY_PLY_localMouth,C_facial_local_BLS,l_up_mouth_bls,218,-0.000442,-0.000491,0.000244
THAIZ_BODY_PLY_localMouth,C_facial_local_BLS,l_up_mouth_bls,219,-0.00167,-0.00115,0.000876
THAIZ_BODY_PLY_localMouth,C_facial_local_BLS,l_up_mouth_bls,220,-0.003915,-0.001213,0.001922
THAIZ_BODY_PLY_localMouth,C_facial_local_BLS,l_up_mouth_bls,221,-0.006432,-1.3e-05,0.002974
THAIZ_BODY_PLY_localMouth,C_facial_local_BLS,l_up_mouth_bls,222,-0.007832,0.001889,0.003476
THAIZ_BODY_PLY_localMouth,C_facial_local_BLS,l_up_mouth_bls,223,-0.006991,0.003899,0.003054
THAIZ_BODY_PLY_localMouth,C_facial_local_BLS,l_up_mouth_bls,224,-0.004692,0.004591,0.001806
THAIZ_BODY_PLY_localMouth,C_facial_local_BLS,l_up_mouth_bls,225,-0.002402,0.002892,0.001252
THAIZ_BODY_PLY_localMouth,C_facial_local_BLS,l_up_mouth_bls,226,-0.000652,0.000937,0.000348
THAIZ_BODY_PLY_localMouth,C_facial_local_BLS,l_up_mouth_bls,227,-3.4e-05,6.1e-05,1.8e-05
THAIZ_BODY_PLY_localMouth,C_facial_local_BLS,l_up_mouth_bls,350,0.001111,0.00622,-5.9e-05
THAIZ_BODY_PLY_localMouth,C_facial_local_BLS,l_up_mouth_bls,351,0.005363,0.032535,0.00193
THAIZ_BODY_PLY_localMouth,C_facial_local_BLS,l_up_mouth_bls,352,0.004497,0.04981,0.013583
THAIZ_BODY_PLY_localMouth,C_facial_local_BLS,l_up_mouth_bls,353,-0.00747,0.045645,0.038384
THAIZ_BODY_PLY_localMouth,C_facial_local_BLS,l_up_mouth_bls,354,-0.018119,0.063033,0.075126
THAIZ_BODY_PLY_localMouth,C_facial_local_BLS,l_up_mouth_bls,355,-0.002351,0.080504,0.088748
THAIZ_BODY_PLY_localMouth,C_facial_local_BLS,l_up_mouth_bls,356,0.012397,0.067567,0.085283
THAIZ_BODY_PLY_localMouth,C_facial_local_BLS,l_up_mouth_bls,357,0.005975,0.064882,0.068645
THAIZ_BODY_PLY_localMouth,C_facial_local_BLS,l_up_mouth_bls,358,-0.010372,0.051448,0.003513
THAIZ_BODY_PLY_localMouth,C_facial_local_BLS,l_up_mouth_bls,359,-0.037323,0.021711,-0.021985
THAIZ_BODY_PLY_localMouth,C_facial_local_BLS,l_up_mouth_bls,360,-0.040432,0.003128,-0.026701
THAIZ_BODY_PLY_localMouth,C_facial_local_BLS,l_up_mouth_bls,361,-0.026737,-0.004825,-0.024122
THAIZ_BODY_PLY_localMouth,C_facial_local_BLS,l_up_mouth_bls,362,-0.009299,0.000397,-0.009039
THAIZ_BODY_PLY_localMouth,C_facial_local_BLS,l_up_mouth_bls,363,-0.001536,0.000996,-0.001754
THAIZ_BODY_PLY_localMouth,C_facial_local_BLS,l_up_mouth_bls,364,-3.7e-05,8.1e-05,-9.4e-05
THAIZ_BODY_PLY_localMouth,C_facial_local_BLS,l_up_mouth_bls,391,-0.086897,0.496279,0.407116
THAIZ_BODY_PLY_localMouth,C_facial_local_BLS,l_up_mouth_bls,392,-0.036076,0.202982,0.19956
THAIZ_BODY_PLY_localMouth,C_facial_local_BLS,l_up_mouth_bls,400,-0.101004,0.630408,0.462266
THAIZ_BODY_PLY_localMouth,C_facial_local_BLS,l_up_mouth_bls,401,-0.106607,0.759263,0.467539
THAIZ_BODY_PLY_localMouth,C_facial_local_BLS,l_up_mouth_bls,402,-0.042359,0.628123,0.267175
THAIZ_BODY_PLY_localMouth,C_facial_local_BLS,l_up_mouth_bls,403,-0.023039,0.46721,0.169032
THAIZ_BODY_PLY_localMouth,C_facial_local_BLS,l_up_mouth_bls,404,-0.006146,0.281506,0.090228
THAIZ_BODY_PLY_localMouth,C_facial_local_BLS,l_up_mouth_bls,419,0.110095,0.853908,0.546542
THAIZ_BODY_PLY_localMouth,C_facial_local_BLS,l_up_mouth_bls,420,0.200897,0.676398,0.491829
THAIZ_BODY_PLY_localMouth,C_facial_local_BLS,l_up_mouth_bls,421,-0.126317,0.879018,1.280441
THAIZ_BODY_PLY_localMouth,C_facial_local_BLS,l_up_mouth_bls,422,-0.126508,0.589555,0.843806
THAIZ_BODY_PLY_localMouth,C_facial_local_BLS,l_up_mouth_bls,423,-0.065214,0.252858,0.291803
THAIZ_BODY_PLY_localMouth,C_facial_local_BLS,l_up_mouth_bls,424,6e-06,1.4e-05,4.5e-05
THAIZ_BODY_PLY_localMouth,C_facial_local_BLS,l_up_mouth_bls,425,-0.003482,0.105356,0.067975
THAIZ_BODY_PLY_localMouth,C_facial_local_BLS,l_up_mouth_bls,426,0.074716,0.361124,0.231642
THAIZ_BODY_PLY_localMouth,C_facial_local_BLS,l_up_mouth_bls,427,-1e-06,0.008433,0.003759
THAIZ_BODY_PLY_localMouth,C_facial_local_BLS,l_up_mouth_bls,431,-0.155027,0.694237,1.051959
THAIZ_BODY_PLY_localMouth,C_facial_local_BLS,l_up_mouth_bls,433,2.4e-05,0.000739,0.000834
THAIZ_BODY_PLY_localMouth,C_facial_local_BLS,l_up_mouth_bls,435,-0.002318,0.031205,0.033494
THAIZ_BODY_PLY_localMouth,C_facial_local_BLS,l_up_mouth_bls,441,0.0,4e-06,5e-06
THAIZ_BODY_PLY_localMouth,C_facial_local_BLS,l_up_mouth_bls,442,6e-06,0.005623,0.006747
THAIZ_BODY_PLY_localMouth,C_facial_local_BLS,l_up_mouth_bls,443,-0.016002,0.096991,0.114699
THAIZ_BODY_PLY_localMouth,C_facial_local_BLS,l_up_mouth_bls,444,-0.034924,0.116652,0.163792
THAIZ_BODY_PLY_localMouth,C_facial_local_BLS,l_up_mouth_bls,445,-0.059573,0.391514,0.244243
THAIZ_BODY_PLY_localMouth,C_facial_local_BLS,l_up_mouth_bls,446,-0.029497,0.203814,0.155138
THAIZ_BODY_PLY_localMouth,C_facial_local_BLS,l_up_mouth_bls,447,-0.001511,0.048304,0.046025
THAIZ_BODY_PLY_localMouth,C_facial_local_BLS,l_up_mouth_bls,448,0.003684,0.006659,0.007227
THAIZ_BODY_PLY_localMouth,C_facial_local_BLS,l_up_mouth_bls,455,2e-06,0.000205,4e-06
THAIZ_BODY_PLY_localMouth,C_facial_local_BLS,l_up_mouth_bls,456,-0.023112,0.252775,0.060603
THAIZ_BODY_PLY_localMouth,C_facial_local_BLS,l_up_mouth_bls,457,-0.039425,0.361155,0.098534
THAIZ_BODY_PLY_localMouth,C_facial_local_BLS,l_up_mouth_bls,458,-0.04975,0.437633,0.1471
THAIZ_BODY_PLY_localMouth,C_facial_local_BLS,l_up_mouth_bls,459,-0.069573,0.510874,0.228639
THAIZ_BODY_PLY_localMouth,C_facial_local_BLS,l_up_mouth_bls,460,-0.068491,0.469823,0.253481
THAIZ_BODY_PLY_localMouth,C_facial_local_BLS,l_up_mouth_bls,463,-0.001292,0.113847,0.031451
THAIZ_BODY_PLY_localMouth,C_facial_local_BLS,l_up_mouth_bls,464,-0.01075,0.144492,0.029502
THAIZ_BODY_PLY_localMouth,C_facial_local_BLS,l_up_mouth_bls,469,-0.0718,0.26545,0.236502
THAIZ_BODY_PLY_localMouth,C_facial_local_BLS,l_up_mouth_bls,470,-0.033902,0.101929,0.125105
THAIZ_BODY_PLY_localMouth,C_facial_local_BLS,l_up_mouth_bls,471,1e-06,2e-06,7e-06
THAIZ_BODY_PLY_localMouth,C_facial_local_BLS,l_up_mouth_bls,472,-0.071894,0.400231,0.464298
THAIZ_BODY_PLY_localMouth,C_facial_local_BLS,l_up_mouth_bls,473,-0.144575,0.469207,0.799329
THAIZ_BODY_PLY_localMouth,C_facial_local_BLS,l_up_mouth_bls,474,0.047974,0.265567,0.677564
THAIZ_BODY_PLY_localMouth,C_facial_local_BLS,l_up_mouth_bls,475,0.041235,0.143302,0.547167
THAIZ_BODY_PLY_localMouth,C_facial_local_BLS,l_up_mouth_bls,476,0.041431,-0.013478,0.471702
THAIZ_BODY_PLY_localMouth,C_facial_local_BLS,l_up_mouth_bls,477,0.048995,-0.113229,0.423316
THAIZ_BODY_PLY_localMouth,C_facial_local_BLS,l_up_mouth_bls,478,0.148639,0.000496,0.15175
THAIZ_BODY_PLY_localMouth,C_facial_local_BLS,l_up_mouth_bls,479,0.092405,0.000733,0.025961
THAIZ_BODY_PLY_localMouth,C_facial_local_BLS,l_up_mouth_bls,480,0.032953,-0.016314,0.067433
THAIZ_BODY_PLY_localMouth,C_facial_local_BLS,l_up_mouth_bls,481,0.029292,-0.089552,0.164507
THAIZ_BODY_PLY_localMouth,C_facial_local_BLS,l_up_mouth_bls,482,0.000623,-0.003599,0.019549
THAIZ_BODY_PLY_localMouth,C_facial_local_BLS,l_up_mouth_bls,483,0.017865,0.000149,0.001414
THAIZ_BODY_PLY_localMouth,C_facial_local_BLS,l_up_mouth_bls,484,0.002706,0.006288,-0.007689
THAIZ_BODY_PLY_localMouth,C_facial_local_BLS,l_up_mouth_bls,485,0.002066,-0.00404,0.00055
THAIZ_BODY_PLY_localMouth,C_facial_local_BLS,l_up_mouth_bls,486,0.074996,-0.15592,0.37432
THAIZ_BODY_PLY_localMouth,C_facial_local_BLS,l_up_mouth_bls,491,0.088414,-0.095337,0.295408
THAIZ_BODY_PLY_localMouth,C_facial_local_BLS,l_up_mouth_bls,495,-0.117916,0.607466,1.236178
THAIZ_BODY_PLY_localMouth,C_facial_local_BLS,l_up_mouth_bls,496,-0.158869,0.474633,1.136784
THAIZ_BODY_PLY_localMouth,C_facial_local_BLS,l_up_mouth_bls,497,-0.012723,-0.198788,0.277371
THAIZ_BODY_PLY_localMouth,C_facial_local_BLS,l_up_mouth_bls,498,-0.050379,-0.229859,0.37494
THAIZ_BODY_PLY_localMouth,C_facial_local_BLS,l_up_mouth_bls,499,-0.077704,-0.225705,0.437531
THAIZ_BODY_PLY_localMouth,C_facial_local_BLS,l_up_mouth_bls,500,-0.056465,-0.129108,0.47428
THAIZ_BODY_PLY_localMouth,C_facial_local_BLS,l_up_mouth_bls,501,0.000229,-0.000164,0.000531
THAIZ_BODY_PLY_localMouth,C_facial_local_BLS,l_up_mouth_bls,502,3.6e-05,-3e-05,5.5e-05
THAIZ_BODY_PLY_localMouth,C_facial_local_BLS,l_up_mouth_bls,510,-0.04422,0.056886,0.491041
THAIZ_BODY_PLY_localMouth,C_facial_local_BLS,l_up_mouth_bls,511,-0.019005,0.153844,0.538095
THAIZ_BODY_PLY_localMouth,C_facial_local_BLS,l_up_mouth_bls,512,-0.084383,0.352261,0.309562
THAIZ_BODY_PLY_localMouth,C_facial_local_BLS,l_up_mouth_bls,513,-0.04251,0.150612,0.035674
THAIZ_BODY_PLY_localMouth,C_facial_local_BLS,l_up_mouth_bls,514,-0.00058,0.002584,0.000285
THAIZ_BODY_PLY_localMouth,C_facial_local_BLS,l_up_mouth_bls,515,-0.0885,0.328392,0.069028
THAIZ_BODY_PLY_localMouth,C_facial_local_BLS,l_up_mouth_bls,516,-0.075297,0.366912,0.203775
THAIZ_BODY_PLY_localMouth,C_facial_local_BLS,l_up_mouth_bls,525,-0.351495,-0.751552,0.364488
THAIZ_BODY_PLY_localMouth,C_facial_local_BLS,l_up_mouth_bls,526,-0.301538,-0.75828,0.367465
THAIZ_BODY_PLY_localMouth,C_facial_local_BLS,l_up_mouth_bls,527,-0.27028,-0.57122,0.29885
THAIZ_BODY_PLY_localMouth,C_facial_local_BLS,l_up_mouth_bls,528,-0.187986,-0.213075,0.26794
THAIZ_BODY_PLY_localMouth,C_facial_local_BLS,l_up_mouth_bls,529,-0.132862,-0.047376,0.239353
THAIZ_BODY_PLY_localMouth,C_facial_local_BLS,l_up_mouth_bls,530,-0.007418,0.265099,0.12013
THAIZ_BODY_PLY_localMouth,C_facial_local_BLS,l_up_mouth_bls,531,-0.062868,0.39912,0.10144
THAIZ_BODY_PLY_localMouth,C_facial_local_BLS,l_up_mouth_bls,532,-0.033046,0.381237,0.182793
THAIZ_BODY_PLY_localMouth,C_facial_local_BLS,l_up_mouth_bls,533,-0.064769,0.336549,0.112659
THAIZ_BODY_PLY_localMouth,C_facial_local_BLS,l_up_mouth_bls,534,-0.092387,0.387944,0.06647
THAIZ_BODY_PLY_localMouth,C_facial_local_BLS,l_up_mouth_bls,535,-0.073719,0.277566,0.00523
THAIZ_BODY_PLY_localMouth,C_facial_local_BLS,l_up_mouth_bls,536,-0.081797,0.370914,0.007339
THAIZ_BODY_PLY_localMouth,C_facial_local_BLS,l_up_mouth_bls,537,-0.004745,0.013434,-0.003382
THAIZ_BODY_PLY_localMouth,C_facial_local_BLS,l_up_mouth_bls,538,-0.010954,0.073239,0.012627
THAIZ_BODY_PLY_localMouth,C_facial_local_BLS,l_up_mouth_bls,539,-0.017925,0.399326,0.048639
THAIZ_BODY_PLY_localMouth,C_facial_local_BLS,l_up_mouth_bls,540,-0.053126,0.170434,0.073573
THAIZ_BODY_PLY_localMouth,C_facial_local_BLS,l_up_mouth_bls,541,0.202029,0.19427,0.021528
THAIZ_BODY_PLY_localMouth,C_facial_local_BLS,l_up_mouth_bls,542,-0.015255,0.124847,0.026093
THAIZ_BODY_PLY_localMouth,C_facial_local_BLS,l_up_mouth_bls,543,0.028861,0.015988,0.04484
THAIZ_BODY_PLY_localMouth,C_facial_local_BLS,l_up_mouth_bls,544,-0.121153,-0.382665,0.108937
THAIZ_BODY_PLY_localMouth,C_facial_local_BLS,l_up_mouth_bls,545,-0.001351,0.019821,0.002435
THAIZ_BODY_PLY_localMouth,C_facial_local_BLS,l_up_mouth_bls,546,-0.001724,0.047436,0.005224
THAIZ_BODY_PLY_localMouth,C_facial_local_BLS,l_up_mouth_bls,547,8.6e-05,-0.000274,0.000154
THAIZ_BODY_PLY_localMouth,C_facial_local_BLS,l_up_mouth_bls,548,0.007103,0.000474,-0.002448
THAIZ_BODY_PLY_localMouth,C_facial_local_BLS,l_up_mouth_bls,549,-0.090001,-0.012921,0.062184
THAIZ_BODY_PLY_localMouth,C_facial_local_BLS,l_up_mouth_bls,550,-0.307294,-0.594716,0.210693
THAIZ_BODY_PLY_localMouth,C_facial_local_BLS,l_up_mouth_bls,551,-0.261971,0.028916,0.176003
THAIZ_BODY_PLY_localMouth,C_facial_local_BLS,l_up_mouth_bls,552,-0.44231,0.085642,0.263286
THAIZ_BODY_PLY_localMouth,C_facial_local_BLS,l_up_mouth_bls,553,-0.507448,-0.673733,0.385245
THAIZ_BODY_PLY_localMouth,C_facial_local_BLS,l_up_mouth_bls,554,-0.487098,0.110612,0.255656
THAIZ_BODY_PLY_localMouth,C_facial_local_BLS,l_up_mouth_bls,555,-0.451363,-0.641892,0.432795
THAIZ_BODY_PLY_localMouth,C_facial_local_BLS,l_up_mouth_bls,556,-0.003956,0.04972,0.007457
THAIZ_BODY_PLY_localMouth,C_facial_local_BLS,l_up_mouth_bls,557,-0.008153,0.081247,0.014061
THAIZ_BODY_PLY_localMouth,C_facial_local_BLS,l_up_mouth_bls,558,-0.016899,0.099277,0.021303
THAIZ_BODY_PLY_localMouth,C_facial_local_BLS,l_up_mouth_bls,559,-0.027727,0.09836,0.037357
THAIZ_BODY_PLY_localMouth,C_facial_local_BLS,l_up_mouth_bls,560,-0.001682,0.024696,0.003034
THAIZ_BODY_PLY_localMouth,C_facial_local_BLS,l_up_mouth_bls,561,-0.006079,0.066114,0.011848
THAIZ_BODY_PLY_localMouth,C_facial_local_BLS,l_up_mouth_bls,562,-0.004951,0.081994,0.022561
THAIZ_BODY_PLY_localMouth,C_facial_local_BLS,l_up_mouth_bls,563,0.019452,0.098855,0.007691
THAIZ_BODY_PLY_localMouth,C_facial_local_BLS,l_up_mouth_bls,564,0.000905,-0.000926,0.000306
THAIZ_BODY_PLY_localMouth,C_facial_local_BLS,l_up_mouth_bls,565,-0.001027,0.01505,0.00185
THAIZ_BODY_PLY_localMouth,C_facial_local_BLS,l_up_mouth_bls,566,-0.004163,0.017096,0.001474
THAIZ_BODY_PLY_localMouth,C_facial_local_BLS,l_up_mouth_bls,567,3.6e-05,0.000797,0.002159
THAIZ_BODY_PLY_localMouth,C_facial_local_BLS,l_up_mouth_bls,568,9.6e-05,0.002483,0.006203
THAIZ_BODY_PLY_localMouth,C_facial_local_BLS,l_up_mouth_bls,569,3.6e-05,0.000407,0.00063
THAIZ_BODY_PLY_localMouth,C_facial_local_BLS,l_up_mouth_bls,576,-0.004861,0.008035,-0.000788
THAIZ_BODY_PLY_localMouth,C_facial_local_BLS,l_up_mouth_bls,577,-0.053154,0.187152,0.003672
THAIZ_BODY_PLY_localMouth,C_facial_local_BLS,l_up_mouth_bls,578,-0.019943,0.068235,0.00141
THAIZ_BODY_PLY_localMouth,C_facial_local_BLS,l_up_mouth_bls,579,-0.001228,0.001197,-0.000173
THAIZ_BODY_PLY_localMouth,C_facial_local_BLS,l_up_mouth_bls,580,-0.000132,0.000392,6.9e-05
THAIZ_BODY_PLY_localMouth,C_facial_local_BLS,l_up_mouth_bls,581,-0.010143,0.034606,0.001406
THAIZ_BODY_PLY_localMouth,C_facial_local_BLS,l_up_mouth_bls,586,-0.000142,0.002083,0.000257
THAIZ_BODY_PLY_localMouth,C_facial_local_BLS,l_up_mouth_bls,590,-0.000362,0.00531,0.000652
THAIZ_BODY_PLY_localMouth,C_facial_local_BLS,l_up_mouth_bls,591,-0.000111,0.001633,0.0002
THAIZ_BODY_PLY_localMouth,C_facial_local_BLS,l_up_mouth_bls,592,-7.6e-05,0.001559,0.000176
THAIZ_BODY_PLY_localMouth,C_facial_local_BLS,l_up_mouth_bls,601,0.020075,-0.070342,-0.009431
THAIZ_BODY_PLY_localMouth,C_facial_local_BLS,l_up_mouth_bls,602,0.009844,-0.014598,0.0295
THAIZ_BODY_PLY_localMouth,C_facial_local_BLS,l_up_mouth_bls,603,0.000447,-0.000365,0.000869
THAIZ_BODY_PLY_localMouth,C_facial_local_BLS,l_up_mouth_bls,604,-0.281474,-0.262248,0.372454
THAIZ_BODY_PLY_localMouth,C_facial_local_BLS,l_up_mouth_bls,605,-0.217228,0.131216,0.190151
THAIZ_BODY_PLY_localMouth,C_facial_local_BLS,l_up_mouth_bls,606,-0.178781,-0.365062,0.309781
THAIZ_BODY_PLY_localMouth,C_facial_local_BLS,l_up_mouth_bls,607,-0.060812,-0.129621,0.200564
THAIZ_BODY_PLY_localMouth,C_facial_local_BLS,l_up_mouth_bls,608,-0.113249,-0.047083,0.237724
THAIZ_BODY_PLY_localMouth,C_facial_local_BLS,l_up_mouth_bls,609,-0.056943,0.090009,0.082818
THAIZ_BODY_PLY_localMouth,C_facial_local_BLS,l_up_mouth_bls,610,0.005339,0.004819,0.03196
THAIZ_BODY_PLY_localMouth,C_facial_local_BLS,l_up_mouth_bls,611,0.001426,-0.017986,0.093483
THAIZ_BODY_PLY_localMouth,C_facial_local_BLS,l_up_mouth_bls,612,-0.010003,0.026961,0.097662
THAIZ_BODY_PLY_localMouth,C_facial_local_BLS,l_up_mouth_bls,613,0.015772,0.009701,0.018279
THAIZ_BODY_PLY_localMouth,C_facial_local_BLS,l_up_mouth_bls,614,0.024562,-0.008199,0.024334
THAIZ_BODY_PLY_localMouth,C_facial_local_BLS,l_up_mouth_bls,615,0.00945,-0.01758,0.020869
THAIZ_BODY_PLY_localMouth,C_facial_local_BLS,l_up_mouth_bls,616,0.000502,-0.00048,0.000787
THAIZ_BODY_PLY_localMouth,C_facial_local_BLS,l_up_mouth_bls,617,0.008949,0.01512,0.008779
THAIZ_BODY_PLY_localMouth,C_facial_local_BLS,l_up_mouth_bls,621,0.000797,0.001181,0.000933
THAIZ_BODY_PLY_localMouth,C_facial_local_BLS,l_up_mouth_bls,628,-0.073447,0.452447,0.323256
THAIZ_BODY_PLY_localMouth,C_facial_local_BLS,l_up_mouth_bls,629,-0.034482,0.215494,0.182695
THAIZ_BODY_PLY_localMouth,C_facial_local_BLS,l_up_mouth_bls,630,-0.003606,0.045838,0.045601
THAIZ_BODY_PLY_localMouth,C_facial_local_BLS,l_up_mouth_bls,631,0.000299,0.004254,0.004454
THAIZ_BODY_PLY_localMouth,C_facial_local_BLS,l_up_mouth_bls,640,-0.006363,0.13803,0.033107
THAIZ_BODY_PLY_localMouth,C_facial_local_BLS,l_up_mouth_bls,641,-0.017025,0.275197,0.075536
THAIZ_BODY_PLY_localMouth,C_facial_local_BLS,l_up_mouth_bls,642,-0.034903,0.41482,0.131246
THAIZ_BODY_PLY_localMouth,C_facial_local_BLS,l_up_mouth_bls,643,-0.048474,0.522906,0.200508
THAIZ_BODY_PLY_localMouth,C_facial_local_BLS,l_up_mouth_bls,644,-0.084442,0.623866,0.326529
THAIZ_BODY_PLY_localMouth,C_facial_local_BLS,l_up_mouth_bls,645,-0.084914,0.561015,0.352878
THAIZ_BODY_PLY_localMouth,C_facial_local_BLS,l_up_mouth_bls,646,-0.005083,0.058198,0.011243
THAIZ_BODY_PLY_localMouth,C_facial_local_BLS,l_up_mouth_bls,647,-0.008148,0.08975,0.018539
THAIZ_BODY_PLY_localMouth,C_facial_local_BLS,l_up_mouth_bls,648,-0.018486,0.102608,0.031535
THAIZ_BODY_PLY_localMouth,C_facial_local_BLS,l_up_mouth_bls,649,-0.026824,0.104944,0.052784
THAIZ_BODY_PLY_localMouth,C_facial_local_BLS,l_up_mouth_bls,650,-0.009379,0.066866,0.025668
THAIZ_BODY_PLY_localMouth,C_facial_local_BLS,l_up_mouth_bls,651,-0.001762,0.025864,0.003178
THAIZ_BODY_PLY_localMouth,C_facial_local_BLS,l_up_mouth_bls,652,-0.000277,0.004066,0.0005
THAIZ_BODY_PLY_localMouth,C_facial_local_BLS,l_up_mouth_bls,657,-5.1e-05,6.6e-05,-5.8e-05
THAIZ_BODY_PLY_localMouth,C_facial_local_BLS,l_up_mouth_bls,658,-0.001567,0.020256,0.002495
THAIZ_BODY_PLY_localMouth,C_facial_local_BLS,l_up_mouth_bls,661,0.000186,5.4e-05,0.000466
THAIZ_BODY_PLY_localMouth,C_facial_local_BLS,l_up_mouth_bls,662,0.004115,-1e-05,0.004076
THAIZ_BODY_PLY_localMouth,C_facial_local_BLS,l_up_mouth_bls,663,0.018614,0.03158,0.056033
THAIZ_BODY_PLY_localMouth,C_facial_local_BLS,l_up_mouth_bls,664,-0.032832,0.041935,0.098231
THAIZ_BODY_PLY_localMouth,C_facial_local_BLS,l_up_mouth_bls,665,-0.320806,0.04499,0.27583
THAIZ_BODY_PLY_localMouth,C_facial_local_BLS,l_up_mouth_bls,666,-0.740159,0.020595,0.432342
THAIZ_BODY_PLY_localMouth,C_facial_local_BLS,l_up_mouth_bls,667,-0.667885,0.024584,0.400885
THAIZ_BODY_PLY_localMouth,C_facial_local_BLS,l_up_mouth_bls,668,-0.295229,-0.019672,0.186556
THAIZ_BODY_PLY_localMouth,C_facial_local_BLS,l_up_mouth_bls,669,-0.025169,-0.000723,0.022725
THAIZ_BODY_PLY_localMouth,C_facial_local_BLS,l_up_mouth_bls,670,-0.002469,-0.000951,0.002508
THAIZ_BODY_PLY_localMouth,C_facial_local_BLS,l_up_mouth_bls,671,-0.000194,-0.000145,0.000308
THAIZ_BODY_PLY_localMouth,C_facial_local_BLS,l_up_mouth_bls,672,-4e-06,-1e-06,1e-06
THAIZ_BODY_PLY_localMouth,C_facial_local_BLS,l_up_mouth_bls,679,0.000646,0.01233,0.000469
THAIZ_BODY_PLY_localMouth,C_facial_local_BLS,l_up_mouth_bls,680,0.00732,0.048732,-0.020485
THAIZ_BODY_PLY_localMouth,C_facial_local_BLS,l_up_mouth_bls,681,0.0201,0.007673,-0.019824
THAIZ_BODY_PLY_localMouth,C_facial_local_BLS,l_up_mouth_bls,682,-0.143369,-0.09965,0.082686
THAIZ_BODY_PLY_localMouth,C_facial_local_BLS,l_up_mouth_bls,683,-0.364998,-0.202302,0.260523
THAIZ_BODY_PLY_localMouth,C_facial_local_BLS,l_up_mouth_bls,684,-0.568902,-0.334156,0.440991
THAIZ_BODY_PLY_localMouth,C_facial_local_BLS,l_up_mouth_bls,685,-0.586801,-0.263885,0.554067
THAIZ_BODY_PLY_localMouth,C_facial_local_BLS,l_up_mouth_bls,686,-0.367141,-0.109664,0.441272
THAIZ_BODY_PLY_localMouth,C_facial_local_BLS,l_up_mouth_bls,687,-0.144331,0.032389,0.264069
THAIZ_BODY_PLY_localMouth,C_facial_local_BLS,l_up_mouth_bls,688,-0.013974,0.052979,0.094789
THAIZ_BODY_PLY_localMouth,C_facial_local_BLS,l_up_mouth_bls,689,0.015058,0.012977,0.017018
THAIZ_BODY_PLY_localMouth,C_facial_local_BLS,l_up_mouth_bls,690,0.000557,-0.000685,0.000536
THAIZ_BODY_PLY_localMouth,C_facial_local_BLS,l_up_mouth_bls,691,0.00112,-0.00236,0.001591
THAIZ_BODY_PLY_localMouth,C_facial_local_BLS,l_up_mouth_bls,692,0.005122,-0.006449,0.00499
THAIZ_BODY_PLY_localMouth,C_facial_local_BLS,l_up_mouth_bls,693,0.000277,-0.00026,-0.000402
THAIZ_BODY_PLY_localMouth,C_facial_local_BLS,l_up_mouth_bls,694,0.000247,-0.000607,8.9e-05
THAIZ_BODY_PLY_localMouth,C_facial_local_BLS,l_up_mouth_bls,698,0.000837,-0.001761,-0.000298
THAIZ_BODY_PLY_localMouth,C_facial_local_BLS,l_up_mouth_bls,699,0.006788,-0.01013,-0.000198
THAIZ_BODY_PLY_localMouth,C_facial_local_BLS,l_up_mouth_bls,706,-0.003124,0.050537,0.008053
THAIZ_BODY_PLY_localMouth,C_facial_local_BLS,l_up_mouth_bls,707,-0.00042,0.022008,0.003529
THAIZ_BODY_PLY_localMouth,C_facial_local_BLS,l_up_mouth_bls,708,4.9e-05,0.001447,0.000237
THAIZ_BODY_PLY_localMouth,C_facial_local_BLS,l_up_mouth_bls,724,-0.116514,0.225693,0.55969
THAIZ_BODY_PLY_localMouth,C_facial_local_BLS,l_up_mouth_bls,725,-0.031935,0.18289,0.160087
THAIZ_BODY_PLY_localMouth,C_facial_local_BLS,l_up_mouth_bls,726,-0.009627,0.151114,0.07624
THAIZ_BODY_PLY_localMouth,C_facial_local_BLS,l_up_mouth_bls,727,-0.003038,0.109469,0.036257
THAIZ_BODY_PLY_localMouth,C_facial_local_BLS,l_up_mouth_bls,728,-0.002994,0.044038,0.00545
THAIZ_BODY_PLY_localMouth,C_facial_local_BLS,l_up_mouth_bls,729,-0.000169,0.002487,0.000305
THAIZ_BODY_PLY_localMouth,C_facial_local_BLS,l_up_mouth_bls,732,-0.112306,0.305717,0.422062
THAIZ_BODY_PLY_localMouth,C_facial_local_BLS,l_up_mouth_bls,733,-0.029987,0.218638,0.155105
THAIZ_BODY_PLY_localMouth,C_facial_local_BLS,l_up_mouth_bls,734,0.056886,0.188413,0.05252
THAIZ_BODY_PLY_localMouth,C_facial_local_BLS,l_up_mouth_bls,735,-0.000364,0.097216,0.035755
THAIZ_BODY_PLY_localMouth,C_facial_local_BLS,l_up_mouth_bls,736,-0.001816,0.026657,0.003274
THAIZ_BODY_PLY_localMouth,C_facial_local_BLS,l_up_mouth_bls,737,-0.00012,0.001762,0.000216
THAIZ_BODY_PLY_localMouth,C_facial_local_BLS,l_up_mouth_bls,740,-0.073951,0.428648,0.536489
THAIZ_BODY_PLY_localMouth,C_facial_local_BLS,l_up_mouth_bls,741,-0.065743,0.358475,0.320574
THAIZ_BODY_PLY_localMouth,C_facial_local_BLS,l_up_mouth_bls,742,-0.054999,0.331874,0.259666
THAIZ_BODY_PLY_localMouth,C_facial_local_BLS,l_up_mouth_bls,743,-0.045616,0.298301,0.207962
THAIZ_BODY_PLY_localMouth,C_facial_local_BLS,l_up_mouth_bls,747,0.001227,-0.002635,-2.2e-05
THAIZ_BODY_PLY_localMouth,C_facial_local_BLS,l_up_mouth_bls,748,0.011816,-0.019444,0.002311
THAIZ_BODY_PLY_localMouth,C_facial_local_BLS,l_up_mouth_bls,749,0.006014,-0.009902,0.000454
THAIZ_BODY_PLY_localMouth,C_facial_local_BLS,l_up_mouth_bls,750,0.000192,-0.000408,-3.1e-05
THAIZ_BODY_PLY_localMouth,C_facial_local_BLS,l_up_mouth_bls,752,0.092653,-0.096841,0.035994
THAIZ_BODY_PLY_localMouth,C_facial_local_BLS,l_up_mouth_bls,753,0.041755,-0.034235,0.005217
THAIZ_BODY_PLY_localMouth,C_facial_local_BLS,l_up_mouth_bls,754,0.099125,-0.107108,0.022302
THAIZ_BODY_PLY_localMouth,C_facial_local_BLS,l_up_mouth_bls,755,0.102399,0.323269,0.363107
THAIZ_BODY_PLY_localMouth,C_facial_local_BLS,l_up_mouth_bls,756,0.094578,0.202586,0.315187
THAIZ_BODY_PLY_localMouth,C_facial_local_BLS,l_up_mouth_bls,757,0.112027,0.100711,0.269361
THAIZ_BODY_PLY_localMouth,C_facial_local_BLS,l_up_mouth_bls,758,0.141714,0.000897,0.246198
THAIZ_BODY_PLY_localMouth,C_facial_local_BLS,l_up_mouth_bls,759,0.160093,-0.061336,0.208463
THAIZ_BODY_PLY_localMouth,C_facial_local_BLS,l_up_mouth_bls,760,0.151267,-0.128514,0.102162
THAIZ_BODY_PLY_localMouth,C_facial_local_BLS,l_up_mouth_bls,761,0.165165,-0.09405,0.165268
THAIZ_BODY_PLY_localMouth,C_facial_local_BLS,l_up_mouth_bls,762,0.078848,0.100021,0.134782
THAIZ_BODY_PLY_localMouth,C_facial_local_BLS,l_up_mouth_bls,763,0.123399,0.069868,0.151944
THAIZ_BODY_PLY_localMouth,C_facial_local_BLS,l_up_mouth_bls,764,0.161079,0.017908,0.142288
THAIZ_BODY_PLY_localMouth,C_facial_local_BLS,l_up_mouth_bls,765,0.197621,-0.050502,0.122135
THAIZ_BODY_PLY_localMouth,C_facial_local_BLS,l_up_mouth_bls,766,0.22161,-0.105484,0.104124
THAIZ_BODY_PLY_localMouth,C_facial_local_BLS,l_up_mouth_bls,767,0.177193,-0.14981,0.048801
THAIZ_BODY_PLY_localMouth,C_facial_local_BLS,l_up_mouth_bls,768,0.218514,-0.144509,0.083435
THAIZ_BODY_PLY_localMouth,C_facial_local_BLS,l_up_mouth_bls,769,2e-06,4e-06,3e-06
THAIZ_BODY_PLY_localMouth,C_facial_local_BLS,l_up_mouth_bls,770,0.003189,0.000695,0.001386
THAIZ_BODY_PLY_localMouth,C_facial_local_BLS,l_up_mouth_bls,771,0.015548,-0.004044,0.002766
THAIZ_BODY_PLY_localMouth,C_facial_local_BLS,l_up_mouth_bls,772,0.032376,-0.011385,0.003537
THAIZ_BODY_PLY_localMouth,C_facial_local_BLS,l_up_mouth_bls,773,0.049316,-0.020992,0.005207
THAIZ_BODY_PLY_localMouth,C_facial_local_BLS,l_up_mouth_bls,774,0.060491,-0.039941,0.00651
THAIZ_BODY_PLY_localMouth,C_facial_local_BLS,l_up_mouth_bls,775,0.060609,-0.03184,0.006349
THAIZ_BODY_PLY_localMouth,C_facial_local_BLS,l_up_mouth_bls,777,0.000214,-0.000433,-0.000131
THAIZ_BODY_PLY_localMouth,C_facial_local_BLS,l_up_mouth_bls,778,0.002634,-0.003442,-0.000517
THAIZ_BODY_PLY_localMouth,C_facial_local_BLS,l_up_mouth_bls,779,0.005128,-0.003281,0.00032
THAIZ_BODY_PLY_localMouth,C_facial_local_BLS,l_up_mouth_bls,781,0.001443,-0.000735,9.2e-05
THAIZ_BODY_PLY_localMouth,C_facial_local_BLS,l_up_mouth_bls,782,4e-06,-2e-06,0.0
THAIZ_BODY_PLY_localMouth,C_facial_local_BLS,l_up_mouth_bls,783,3.4e-05,-1.2e-05,2e-06
THAIZ_BODY_PLY_localMouth,C_facial_local_BLS,l_up_mouth_bls,790,0.004639,-0.007536,0.002592
THAIZ_BODY_PLY_localMouth,C_facial_local_BLS,l_up_mouth_bls,791,0.028985,0.061994,-0.028332
THAIZ_BODY_PLY_localMouth,C_facial_local_BLS,l_up_mouth_bls,792,0.040212,-0.052641,0.013229
THAIZ_BODY_PLY_localMouth,C_facial_local_BLS,l_up_mouth_bls,793,0.034395,-0.044649,0.006805
THAIZ_BODY_PLY_localMouth,C_facial_local_BLS,l_up_mouth_bls,794,0.02117,-0.02194,0.002377
THAIZ_BODY_PLY_localMouth,C_facial_local_BLS,l_up_mouth_bls,795,0.006529,-0.005484,0.00015
THAIZ_BODY_PLY_localMouth,C_facial_local_BLS,l_up_mouth_bls,798,0.000121,-8.6e-05,0.000237
THAIZ_BODY_PLY_localMouth,C_facial_local_BLS,l_up_mouth_bls,799,-0.036897,0.000597,0.049871
THAIZ_BODY_PLY_localMouth,C_facial_local_BLS,l_up_mouth_bls,800,0.010187,0.034308,0.083031
THAIZ_BODY_PLY_localMouth,C_facial_local_BLS,l_up_mouth_bls,801,0.02443,0.020015,0.213202
THAIZ_BODY_PLY_localMouth,C_facial_local_BLS,l_up_mouth_bls,802,-0.00464,-0.100298,0.344294
THAIZ_BODY_PLY_localMouth,C_facial_local_BLS,l_up_mouth_bls,803,-0.013891,-0.151884,0.431589
THAIZ_BODY_PLY_localMouth,C_facial_local_BLS,l_up_mouth_bls,804,-0.036483,-0.128952,0.485268
THAIZ_BODY_PLY_localMouth,C_facial_local_BLS,l_up_mouth_bls,805,-0.03662,-0.041141,0.534981
THAIZ_BODY_PLY_localMouth,C_facial_local_BLS,l_up_mouth_bls,806,-0.04233,0.107957,0.591657
THAIZ_BODY_PLY_localMouth,C_facial_local_BLS,l_up_mouth_bls,807,-0.045435,0.198777,0.682508
THAIZ_BODY_PLY_localMouth,C_facial_local_BLS,l_up_mouth_bls,808,-0.171504,0.315978,0.946142
THAIZ_BODY_PLY_localMouth,C_facial_local_BLS,l_up_mouth_bls,809,-0.145363,0.318389,0.723165
THAIZ_BODY_PLY_localMouth,C_facial_local_BLS,l_up_mouth_bls,810,-0.106392,0.396422,0.557672
THAIZ_BODY_PLY_localMouth,C_facial_local_BLS,l_up_mouth_bls,811,-0.070391,0.373726,0.321586
THAIZ_BODY_PLY_localMouth,C_facial_local_BLS,l_up_mouth_bls,812,-0.078479,0.290869,0.153065
THAIZ_BODY_PLY_localMouth,C_facial_local_BLS,l_up_mouth_bls,813,-0.034892,0.114447,0.076193
THAIZ_BODY_PLY_localMouth,C_facial_local_BLS,l_up_mouth_bls,814,-0.000295,0.001343,0.000567
THAIZ_BODY_PLY_localMouth,C_facial_local_BLS,l_up_mouth_bls,815,-8e-06,4.2e-05,1e-05
THAIZ_BODY_PLY_localMouth,C_facial_local_BLS,l_up_mouth_bls,816,0.050009,0.299678,0.018848
THAIZ_BODY_PLY_localMouth,C_facial_local_BLS,l_up_mouth_bls,817,-0.009898,0.252527,0.064617
THAIZ_BODY_PLY_localMouth,C_facial_local_BLS,l_up_mouth_bls,818,-0.041268,0.226126,0.017971
THAIZ_BODY_PLY_localMouth,C_facial_local_BLS,l_up_mouth_bls,819,-0.041995,0.129356,-0.006448
THAIZ_BODY_PLY_localMouth,C_facial_local_BLS,l_up_mouth_bls,820,-0.032008,0.097636,-0.00847
THAIZ_BODY_PLY_localMouth,C_facial_local_BLS,l_up_mouth_bls,821,-0.024364,0.073712,-0.004493
THAIZ_BODY_PLY_localMouth,C_facial_local_BLS,l_up_mouth_bls,822,-0.008915,0.028118,0.001173
THAIZ_BODY_PLY_localMouth,C_facial_local_BLS,l_up_mouth_bls,823,-0.003179,0.009856,0.001279
THAIZ_BODY_PLY_localMouth,C_facial_local_BLS,l_up_mouth_bls,824,-0.007058,0.023051,0.002075
THAIZ_BODY_PLY_localMouth,C_facial_local_BLS,l_up_mouth_bls,825,-0.015519,0.049998,0.000903
THAIZ_BODY_PLY_localMouth,C_facial_local_BLS,l_up_mouth_bls,826,-0.040937,0.126212,-0.006474
THAIZ_BODY_PLY_localMouth,C_facial_local_BLS,l_up_mouth_bls,827,-0.059315,0.181732,-0.01143
THAIZ_BODY_PLY_localMouth,C_facial_local_BLS,l_up_mouth_bls,828,-0.082731,0.256317,-0.01533
THAIZ_BODY_PLY_localMouth,C_facial_local_BLS,l_up_mouth_bls,829,-0.062618,0.308888,0.010442
THAIZ_BODY_PLY_localMouth,C_facial_local_BLS,l_up_mouth_bls,830,-0.016701,0.271874,0.058388
THAIZ_BODY_PLY_localMouth,C_facial_local_BLS,l_up_mouth_bls,831,-0.033252,0.267056,0.057652
THAIZ_BODY_PLY_localMouth,C_facial_local_BLS,l_up_mouth_bls,832,0.0,4e-06,8e-06
THAIZ_BODY_PLY_localMouth,C_facial_local_BLS,l_up_mouth_bls,833,5e-05,0.00214,0.003816
THAIZ_BODY_PLY_localMouth,C_facial_local_BLS,l_up_mouth_bls,834,-0.026573,0.12297,0.157461
THAIZ_BODY_PLY_localMouth,C_facial_local_BLS,l_up_mouth_bls,835,-0.049345,0.241045,0.266227
THAIZ_BODY_PLY_localMouth,C_facial_local_BLS,l_up_mouth_bls,836,-0.076327,0.389153,0.39528
THAIZ_BODY_PLY_localMouth,C_facial_local_BLS,l_up_mouth_bls,837,-0.099941,0.527502,0.503484
THAIZ_BODY_PLY_localMouth,C_facial_local_BLS,l_up_mouth_bls,838,-0.121785,0.691364,0.608297
THAIZ_BODY_PLY_localMouth,C_facial_local_BLS,l_up_mouth_bls,839,-0.144411,0.907207,0.682209
THAIZ_BODY_PLY_localMouth,C_facial_local_BLS,l_up_mouth_bls,840,-0.016844,0.749911,0.355126
THAIZ_BODY_PLY_localMouth,C_facial_local_BLS,l_up_mouth_bls,841,0.002685,0.508176,0.212472
THAIZ_BODY_PLY_localMouth,C_facial_local_BLS,l_up_mouth_bls,842,0.01014,0.257897,0.096352
THAIZ_BODY_PLY_localMouth,C_facial_local_BLS,l_up_mouth_bls,843,0.002628,0.041434,0.011635
THAIZ_BODY_PLY_localMouth,C_facial_local_BLS,l_up_mouth_bls,859,-6e-06,9.2e-05,1.1e-05
THAIZ_BODY_PLY_localMouth,C_facial_local_BLS,l_up_mouth_bls,860,-0.0,8e-06,1e-06
THAIZ_BODY_PLY_localMouth,C_facial_local_BLS,l_up_mouth_bls,882,-0.013903,0.119118,0.100271
THAIZ_BODY_PLY_localMouth,C_facial_local_BLS,l_up_mouth_bls,883,-0.016151,0.119175,0.109803
THAIZ_BODY_PLY_localMouth,C_facial_local_BLS,l_up_mouth_bls,884,-0.013952,0.098217,0.101983
THAIZ_BODY_PLY_localMouth,C_facial_local_BLS,l_up_mouth_bls,885,-0.004603,0.044779,0.052231
THAIZ_BODY_PLY_localMouth,C_facial_local_BLS,l_up_mouth_bls,886,0.0,5e-06,7e-06
THAIZ_BODY_PLY_localMouth,C_facial_local_BLS,l_up_mouth_bls,888,-0.032889,0.220527,0.08744
THAIZ_BODY_PLY_localMouth,C_facial_local_BLS,l_up_mouth_bls,889,-0.024966,0.176385,0.08366
THAIZ_BODY_PLY_localMouth,C_facial_local_BLS,l_up_mouth_bls,890,-0.015447,0.128084,0.071352
THAIZ_BODY_PLY_localMouth,C_facial_local_BLS,l_up_mouth_bls,891,-0.004146,0.079766,0.053121
THAIZ_BODY_PLY_localMouth,C_facial_local_BLS,l_up_mouth_bls,892,0.010496,0.03614,0.03036
THAIZ_BODY_PLY_localMouth,C_facial_local_BLS,l_up_mouth_bls,893,0.030774,0.000668,0.00655
THAIZ_BODY_PLY_localMouth,C_facial_local_BLS,l_up_mouth_bls,901,-8e-06,2e-06,5e-06
THAIZ_BODY_PLY_localMouth,C_facial_local_BLS,l_up_mouth_bls,902,-0.003773,0.012909,0.001683
THAIZ_BODY_PLY_localMouth,C_facial_local_BLS,l_up_mouth_bls,903,-0.010778,0.059556,0.006582
THAIZ_BODY_PLY_localMouth,C_facial_local_BLS,l_up_mouth_bls,904,-0.018371,0.112262,0.013752
THAIZ_BODY_PLY_localMouth,C_facial_local_BLS,l_up_mouth_bls,905,-0.026624,0.166229,0.022666
THAIZ_BODY_PLY_localMouth,C_facial_local_BLS,l_up_mouth_bls,906,-0.034974,0.217275,0.03096
THAIZ_BODY_PLY_localMouth,C_facial_local_BLS,l_up_mouth_bls,907,-0.039997,0.250917,0.043487
THAIZ_BODY_PLY_localMouth,C_facial_local_BLS,l_up_mouth_bls,908,-0.043153,0.278463,0.067387
THAIZ_BODY_PLY_localMouth,C_facial_local_BLS,l_up_mouth_bls,909,-0.038942,0.255619,0.081775
THAIZ_BODY_PLY_localMouth,C_facial_local_BLS,l_up_mouth_bls,910,-0.009972,0.033451,0.001842
THAIZ_BODY_PLY_localMouth,C_facial_local_BLS,l_up_mouth_bls,911,-0.020165,0.066428,-3e-05
THAIZ_BODY_PLY_localMouth,C_facial_local_BLS,l_up_mouth_bls,912,-0.052442,0.168968,-0.006192
THAIZ_BODY_PLY_localMouth,C_facial_local_BLS,l_up_mouth_bls,913,-0.075573,0.248125,-0.010701
THAIZ_BODY_PLY_localMouth,C_facial_local_BLS,l_up_mouth_bls,914,-0.107211,0.350904,-0.02156
THAIZ_BODY_PLY_localMouth,C_facial_local_BLS,l_up_mouth_bls,915,-0.027222,0.388684,0.019807
THAIZ_BODY_PLY_localMouth,C_facial_local_BLS,l_up_mouth_bls,916,-0.048534,0.311565,0.076215
THAIZ_BODY_PLY_localMouth,C_facial_local_BLS,l_up_mouth_bls,917,-0.035337,0.275344,0.083971
THAIZ_BODY_PLY_localMouth,C_facial_local_BLS,l_up_mouth_bls,918,0.125133,0.305361,0.007767
THAIZ_BODY_PLY_localMouth,C_facial_local_BLS,l_up_mouth_bls,919,-0.033532,0.215101,0.073981
THAIZ_BODY_PLY_localMouth,C_facial_local_BLS,l_up_mouth_bls,920,-0.020921,0.160367,0.024683
THAIZ_BODY_PLY_localMouth,C_facial_local_BLS,l_up_mouth_bls,921,-0.018946,0.084863,0.005218
THAIZ_BODY_PLY_localMouth,C_facial_local_BLS,l_up_mouth_bls,922,-0.010408,0.036739,-0.005509
THAIZ_BODY_PLY_localMouth,C_facial_local_BLS,l_up_mouth_bls,923,-0.010398,0.030547,-0.001814
THAIZ_BODY_PLY_localMouth,C_facial_local_BLS,l_up_mouth_bls,924,-0.003453,0.008864,0.000603
THAIZ_BODY_PLY_localMouth,C_facial_local_BLS,l_up_mouth_bls,925,-0.000648,0.001923,0.000329
THAIZ_BODY_PLY_localMouth,C_facial_local_BLS,l_up_mouth_bls,926,-0.002652,0.037417,0.00459
THAIZ_BODY_PLY_localMouth,C_facial_local_BLS,l_up_mouth_bls,927,-0.006797,0.069046,0.008248
THAIZ_BODY_PLY_localMouth,C_facial_local_BLS,l_up_mouth_bls,928,-0.013004,0.097341,0.012206
THAIZ_BODY_PLY_localMouth,C_facial_local_BLS,l_up_mouth_bls,929,-0.013027,0.103723,0.015621
THAIZ_BODY_PLY_localMouth,C_facial_local_BLS,l_up_mouth_bls,930,-0.003995,0.058508,0.00719
THAIZ_BODY_PLY_localMouth,C_facial_local_BLS,l_up_mouth_bls,931,-0.001334,0.019577,0.002405
THAIZ_BODY_PLY_localMouth,C_facial_local_BLS,l_up_mouth_bls,932,-0.000903,0.01326,0.001629
THAIZ_BODY_PLY_localMouth,C_facial_local_BLS,l_up_mouth_bls,936,-0.000223,0.003273,0.000401
THAIZ_BODY_PLY_localMouth,C_facial_local_BLS,l_up_mouth_bls,938,-0.00019,0.002785,0.000342
THAIZ_BODY_PLY_localMouth,C_facial_local_BLS,l_up_mouth_bls,944,0.000349,0.000253,-0.000798
THAIZ_BODY_PLY_localMouth,C_facial_local_BLS,l_up_mouth_bls,945,0.025216,0.022869,-0.058191
THAIZ_BODY_PLY_localMouth,C_facial_local_BLS,l_up_mouth_bls,946,0.044693,0.039936,-0.078448
THAIZ_BODY_PLY_localMouth,C_facial_local_BLS,l_up_mouth_bls,947,-0.019077,0.026864,-0.008742
THAIZ_BODY_PLY_localMouth,C_facial_local_BLS,l_up_mouth_bls,948,-0.225977,-0.129769,0.175702
THAIZ_BODY_PLY_localMouth,C_facial_local_BLS,l_up_mouth_bls,949,-0.606268,-0.210527,0.487871
THAIZ_BODY_PLY_localMouth,C_facial_local_BLS,l_up_mouth_bls,950,-0.683321,-0.208443,0.595956
THAIZ_BODY_PLY_localMouth,C_facial_local_BLS,l_up_mouth_bls,951,-0.359808,-0.103764,0.442891
THAIZ_BODY_PLY_localMouth,C_facial_local_BLS,l_up_mouth_bls,952,-0.110419,-0.002267,0.232212
THAIZ_BODY_PLY_localMouth,C_facial_local_BLS,l_up_mouth_bls,953,0.000204,0.02158,0.064281
THAIZ_BODY_PLY_localMouth,C_facial_local_BLS,l_up_mouth_bls,954,0.014515,-0.001082,0.007641
THAIZ_BODY_PLY_localMouth,C_facial_local_BLS,l_up_mouth_bls,955,0.000531,-0.001212,0.00028
THAIZ_BODY_PLY_localMouth,C_facial_local_BLS,l_up_mouth_bls,956,2e-05,-3.7e-05,3.8e-05
THAIZ_BODY_PLY_localMouth,C_facial_local_BLS,l_up_mouth_bls,958,0.000129,0.00019,0.00026
THAIZ_BODY_PLY_localMouth,C_facial_local_BLS,l_up_mouth_bls,959,0.00094,0.000356,0.001528
THAIZ_BODY_PLY_localMouth,C_facial_local_BLS,l_up_mouth_bls,960,0.003296,-0.009606,0.003446
THAIZ_BODY_PLY_localMouth,C_facial_local_BLS,l_up_mouth_bls,961,0.004129,0.001271,0.004263
THAIZ_BODY_PLY_localMouth,C_facial_local_BLS,l_up_mouth_bls,962,0.0052,-0.001481,0.003209
THAIZ_BODY_PLY_localMouth,C_facial_local_BLS,l_up_mouth_bls,963,0.005047,-0.001789,0.005528
THAIZ_BODY_PLY_localMouth,C_facial_local_BLS,l_up_mouth_bls,964,0.003688,0.000535,0.004362
THAIZ_BODY_PLY_localMouth,C_facial_local_BLS,l_up_mouth_bls,965,0.002689,-0.001423,0.00441
THAIZ_BODY_PLY_localMouth,C_facial_local_BLS,l_up_mouth_bls,966,0.002075,-0.001709,0.002569
THAIZ_BODY_PLY_localMouth,C_facial_local_BLS,l_up_mouth_bls,967,0.000854,-0.000966,0.000821
THAIZ_BODY_PLY_localMouth,C_facial_local_BLS,l_up_mouth_bls,968,9.5e-05,-0.000165,6.5e-05
THAIZ_BODY_PLY_localMouth,C_facial_local_BLS,l_up_mouth_bls,972,-0.04861,0.32973,0.178019
THAIZ_BODY_PLY_localMouth,C_facial_local_BLS,l_up_mouth_bls,973,-0.037297,0.257266,0.158786
THAIZ_BODY_PLY_localMouth,C_facial_local_BLS,l_up_mouth_bls,974,-0.023735,0.181101,0.124775
THAIZ_BODY_PLY_localMouth,C_facial_local_BLS,l_up_mouth_bls,975,-0.009138,0.109242,0.085302
THAIZ_BODY_PLY_localMouth,C_facial_local_BLS,l_up_mouth_bls,976,0.006909,0.046827,0.043124
THAIZ_BODY_PLY_localMouth,C_facial_local_BLS,l_up_mouth_bls,977,0.026172,0.000156,0.004961
THAIZ_BODY_PLY_localMouth,C_facial_local_BLS,l_up_mouth_bls,986,-6.4e-05,0.002042,6.2e-05
THAIZ_BODY_PLY_localMouth,C_facial_local_BLS,l_up_mouth_bls,987,-0.005903,0.061054,0.008957
THAIZ_BODY_PLY_localMouth,C_facial_local_BLS,l_up_mouth_bls,988,-0.014331,0.139036,0.024488
THAIZ_BODY_PLY_localMouth,C_facial_local_BLS,l_up_mouth_bls,989,-0.025031,0.223944,0.046261
THAIZ_BODY_PLY_localMouth,C_facial_local_BLS,l_up_mouth_bls,990,-0.037075,0.307983,0.070159
THAIZ_BODY_PLY_localMouth,C_facial_local_BLS,l_up_mouth_bls,991,-0.045589,0.364107,0.103594
THAIZ_BODY_PLY_localMouth,C_facial_local_BLS,l_up_mouth_bls,992,-0.058741,0.418738,0.157982
THAIZ_BODY_PLY_localMouth,C_facial_local_BLS,l_up_mouth_bls,993,-0.05606,0.386774,0.177521
THAIZ_BODY_PLY_localMouth,C_facial_local_BLS,l_up_mouth_bls,995,1.4e-05,-4e-06,4.9e-05
THAIZ_BODY_PLY_localMouth,C_facial_local_BLS,l_up_mouth_bls,996,0.000419,-2e-05,0.000943
THAIZ_BODY_PLY_localMouth,C_facial_local_BLS,l_up_mouth_bls,997,0.001282,-3.9e-05,0.002119
THAIZ_BODY_PLY_localMouth,C_facial_local_BLS,l_up_mouth_bls,998,0.005353,0.002178,0.004173
THAIZ_BODY_PLY_localMouth,C_facial_local_BLS,l_up_mouth_bls,999,0.028667,0.04377,0.047316
THAIZ_BODY_PLY_localMouth,C_facial_local_BLS,l_up_mouth_bls,1000,-0.02691,0.053122,0.090437
THAIZ_BODY_PLY_localMouth,C_facial_local_BLS,l_up_mouth_bls,1001,-0.307899,0.042403,0.284636
THAIZ_BODY_PLY_localMouth,C_facial_local_BLS,l_up_mouth_bls,1002,-0.739093,-0.007364,0.470931
THAIZ_BODY_PLY_localMouth,C_facial_local_BLS,l_up_mouth_bls,1003,-0.697351,0.005969,0.447722
THAIZ_BODY_PLY_localMouth,C_facial_local_BLS,l_up_mouth_bls,1004,-0.322389,-0.02277,0.192389
THAIZ_BODY_PLY_localMouth,C_facial_local_BLS,l_up_mouth_bls,1005,-0.031555,0.010507,0.020764
THAIZ_BODY_PLY_localMouth,C_facial_local_BLS,l_up_mouth_bls,1006,0.004458,-0.000353,-0.007779
THAIZ_BODY_PLY_localMouth,C_facial_local_BLS,l_up_mouth_bls,1007,0.000311,-0.000611,-0.001103
THAIZ_BODY_PLY_localMouth,C_facial_local_BLS,l_up_mouth_bls,1008,3e-06,-5e-06,-1.2e-05
THAIZ_BODY_PLY_localMouth,C_facial_local_BLS,l_up_mouth_bls,1013,-0.08206,-0.015008,0.064709
THAIZ_BODY_PLY_localMouth,C_facial_local_BLS,l_up_mouth_bls,1014,0.00465,0.00168,-0.000474
THAIZ_BODY_PLY_localMouth,C_facial_local_BLS,l_up_mouth_bls,1015,0.000413,-0.000344,0.000405
THAIZ_BODY_PLY_localMouth,C_facial_local_BLS,l_up_mouth_bls,1016,1.6e-05,-2.2e-05,2.9e-05
THAIZ_BODY_PLY_localMouth,C_facial_local_BLS,l_up_mouth_bls,1023,4.2e-05,3.3e-05,0.000115
THAIZ_BODY_PLY_localMouth,C_facial_local_BLS,l_up_mouth_bls,1024,0.000371,0.000267,0.000843
THAIZ_BODY_PLY_localMouth,C_facial_local_BLS,l_up_mouth_bls,1025,0.001688,0.002426,0.000861
THAIZ_BODY_PLY_localMouth,C_facial_local_BLS,l_up_mouth_bls,1026,-0.04199,0.05823,0.009079
THAIZ_BODY_PLY_localMouth,C_facial_local_BLS,l_up_mouth_bls,1027,-0.060541,0.061112,0.133603
THAIZ_BODY_PLY_localMouth,C_facial_local_BLS,l_up_mouth_bls,1028,-0.298113,0.082213,0.260128
THAIZ_BODY_PLY_localMouth,C_facial_local_BLS,l_up_mouth_bls,1029,-0.657202,0.072263,0.359009
THAIZ_BODY_PLY_localMouth,C_facial_local_BLS,l_up_mouth_bls,1030,-0.591243,0.055773,0.344206
THAIZ_BODY_PLY_localMouth,C_facial_local_BLS,l_up_mouth_bls,1031,-0.288032,-0.001596,0.196278
THAIZ_BODY_PLY_localMouth,C_facial_local_BLS,l_up_mouth_bls,1032,-0.103342,-0.460797,0.360234
THAIZ_BODY_PLY_localMouth,C_facial_local_BLS,l_up_mouth_bls,1033,-0.06989,-0.5126,0.306629
THAIZ_BODY_PLY_localMouth,C_facial_local_BLS,l_up_mouth_bls,1034,0.001756,-0.384356,0.219509
THAIZ_BODY_PLY_localMouth,C_facial_local_BLS,l_up_mouth_bls,1035,0.068236,-0.202674,0.115749
THAIZ_BODY_PLY_localMouth,C_facial_local_BLS,l_up_mouth_bls,1036,0.081396,-0.079239,0.030158
THAIZ_BODY_PLY_localMouth,C_facial_local_BLS,l_up_mouth_bls,1037,0.039573,-0.022399,-0.000493
THAIZ_BODY_PLY_localMouth,C_facial_local_BLS,l_up_mouth_bls,1038,0.007246,-0.00279,0.002517
THAIZ_BODY_PLY_localMouth,C_facial_local_BLS,l_up_mouth_bls,1039,0.000318,-0.000232,0.00073
THAIZ_BODY_PLY_localMouth,C_facial_local_BLS,l_up_mouth_bls,1040,0.003145,-0.003538,0.010094
THAIZ_BODY_PLY_localMouth,C_facial_local_BLS,l_up_mouth_bls,1041,0.027131,-0.02921,-0.006991
THAIZ_BODY_PLY_localMouth,C_facial_local_BLS,l_up_mouth_bls,1042,-0.007129,0.02503,0.001264
THAIZ_BODY_PLY_localMouth,C_facial_local_BLS,l_up_mouth_bls,1043,-0.015057,0.053457,0.002685
THAIZ_BODY_PLY_localMouth,C_facial_local_BLS,l_up_mouth_bls,1044,-0.050923,0.184077,0.017476
THAIZ_BODY_PLY_localMouth,C_facial_local_BLS,l_up_mouth_bls,1045,-0.078566,0.297359,0.027662
THAIZ_BODY_PLY_localMouth,C_facial_local_BLS,l_up_mouth_bls,1046,-0.088469,0.382471,0.034755
THAIZ_BODY_PLY_localMouth,C_facial_local_BLS,l_up_mouth_bls,1047,-0.067036,0.406624,0.094076
THAIZ_BODY_PLY_localMouth,C_facial_local_BLS,l_up_mouth_bls,1048,-0.066423,0.356896,0.145498
THAIZ_BODY_PLY_localMouth,C_facial_local_BLS,l_up_mouth_bls,1049,-0.077923,0.313775,0.215866
THAIZ_BODY_PLY_localMouth,C_facial_local_BLS,l_up_mouth_bls,1050,-0.078181,0.265184,0.267617
THAIZ_BODY_PLY_localMouth,C_facial_local_BLS,l_up_mouth_bls,1051,-0.05446,0.220422,0.276748
THAIZ_BODY_PLY_localMouth,C_facial_local_BLS,l_up_mouth_bls,1052,0.035557,0.126897,0.366874
THAIZ_BODY_PLY_localMouth,C_facial_local_BLS,l_up_mouth_bls,1053,-0.018204,-0.040455,0.349444
THAIZ_BODY_PLY_localMouth,C_facial_local_BLS,l_up_mouth_bls,1054,-0.06005,-0.312917,0.357846
THAIZ_BODY_PLY_localMouth,C_facial_local_BLS,l_up_mouth_bls,1062,2.2e-05,-5.6e-05,-5.9e-05
THAIZ_BODY_PLY_localMouth,C_facial_local_BLS,l_up_mouth_bls,1065,0.007291,-0.078214,-0.022184
THAIZ_BODY_PLY_localMouth,C_facial_local_BLS,l_up_mouth_bls,1066,0.01306,0.003549,0.021961
THAIZ_BODY_PLY_localMouth,C_facial_local_BLS,l_up_mouth_bls,1069,0.003827,0.003078,0.006462
THAIZ_BODY_PLY_localMouth,C_facial_local_BLS,l_up_mouth_bls,1091,-0.003406,0.011167,0.001274
THAIZ_BODY_PLY_localMouth,C_facial_local_BLS,l_up_mouth_bls,1092,-0.001879,0.005753,0.000967
THAIZ_BODY_PLY_localMouth,C_facial_local_BLS,l_up_mouth_bls,1095,-2e-06,6e-06,1e-06
THAIZ_BODY_PLY_localMouth,C_facial_local_BLS,l_up_mouth_bls,1104,-0.00058,0.001741,0.00031
THAIZ_BODY_PLY_localMouth,C_facial_local_BLS,l_up_mouth_bls,1105,-4e-06,8e-06,2e-06
THAIZ_BODY_PLY_localMouth,C_facial_local_BLS,l_up_mouth_bls,1109,0.016127,-0.04479,-0.011978
THAIZ_BODY_PLY_localMouth,C_facial_local_BLS,l_up_mouth_bls,1110,-0.002953,0.009307,0.001363
THAIZ_BODY_PLY_localMouth,C_facial_local_BLS,l_up_mouth_bls,1114,-0.002584,0.008815,0.000862
THAIZ_BODY_PLY_localMouth,C_facial_local_BLS,l_up_mouth_bls,1155,1e-06,2.3e-05,2.9e-05
THAIZ_BODY_PLY_localMouth,C_facial_local_BLS,l_up_mouth_bls,1156,0.000129,0.003519,0.004724
THAIZ_BODY_PLY_localMouth,C_facial_local_BLS,l_up_mouth_bls,1157,-0.001422,0.023316,0.032123
THAIZ_BODY_PLY_localMouth,C_facial_local_BLS,l_up_mouth_bls,1158,-0.005051,0.038321,0.058324
THAIZ_BODY_PLY_localMouth,C_facial_local_BLS,l_up_mouth_bls,1159,-0.006008,0.028816,0.058482
THAIZ_BODY_PLY_localMouth,C_facial_local_BLS,l_up_mouth_bls,1160,-0.003594,0.015152,0.032999
THAIZ_BODY_PLY_localMouth,C_facial_local_BLS,l_up_mouth_bls,1161,-0.005077,0.01725,0.014567
THAIZ_BODY_PLY_localMouth,C_facial_local_BLS,l_up_mouth_bls,1162,-0.014014,0.05209,0.008237
THAIZ_BODY_PLY_localMouth,C_facial_local_BLS,l_up_mouth_bls,1163,-0.028602,0.101827,0.007181
THAIZ_BODY_PLY_localMouth,C_facial_local_BLS,l_up_mouth_bls,1164,-0.034021,0.116889,0.002023
THAIZ_BODY_PLY_localMouth,C_facial_local_BLS,l_up_mouth_bls,1165,-0.03395,0.10941,-0.002848
THAIZ_BODY_PLY_localMouth,C_facial_local_BLS,l_up_mouth_bls,1166,-0.026691,0.083477,-0.002287
THAIZ_BODY_PLY_localMouth,C_facial_local_BLS,l_up_mouth_bls,1167,-0.016101,0.050203,-0.001035
THAIZ_BODY_PLY_localMouth,C_facial_local_BLS,l_up_mouth_bls,1168,-0.006236,0.021061,-0.000115
THAIZ_BODY_PLY_localMouth,C_facial_local_BLS,l_up_mouth_bls,1169,-0.002166,0.004978,-0.000239
THAIZ_BODY_PLY_localMouth,C_facial_local_BLS,l_up_mouth_bls,1172,-1e-06,1.5e-05,2e-06
THAIZ_BODY_PLY_localMouth,C_facial_local_BLS,l_up_mouth_bls,1184,3.1e-05,0.000267,0.000112
THAIZ_BODY_PLY_localMouth,C_facial_local_BLS,l_up_mouth_bls,1185,0.022124,0.187354,0.083937
THAIZ_BODY_PLY_localMouth,C_facial_local_BLS,l_up_mouth_bls,1186,0.052676,0.502854,0.252489
THAIZ_BODY_PLY_localMouth,C_facial_local_BLS,l_up_mouth_bls,1187,0.067705,0.840592,0.462463
THAIZ_BODY_PLY_localMouth,C_facial_local_BLS,l_up_mouth_bls,1188,-0.168628,0.943219,0.962257
THAIZ_BODY_PLY_localMouth,C_facial_local_BLS,l_up_mouth_bls,1189,-0.139623,0.703302,0.785203
THAIZ_BODY_PLY_localMouth,C_facial_local_BLS,l_up_mouth_bls,1190,-0.110682,0.562384,0.63522
THAIZ_BODY_PLY_localMouth,C_facial_local_BLS,l_up_mouth_bls,1191,-0.077664,0.413453,0.470207
THAIZ_BODY_PLY_localMouth,C_facial_local_BLS,l_up_mouth_bls,1192,-0.058966,0.251928,0.297281
THAIZ_BODY_PLY_localMouth,C_facial_local_BLS,l_up_mouth_bls,1193,-0.032925,0.128411,0.173764
THAIZ_BODY_PLY_localMouth,C_facial_local_BLS,l_up_mouth_bls,1194,-0.007405,0.040227,0.069452
THAIZ_BODY_PLY_localMouth,C_facial_local_BLS,l_up_mouth_bls,1195,1.6e-05,0.003429,0.007227
THAIZ_BODY_PLY_localMouth,C_facial_local_BLS,l_up_mouth_bls,1196,4e-06,1.4e-05,3.8e-05
THAIZ_BODY_PLY_localMouth,C_facial_local_BLS,l_up_mouth_bls,1270,0.063018,-0.02279,-0.010391
THAIZ_BODY_PLY_localMouth,C_facial_local_BLS,l_up_mouth_bls,1271,0.076185,-0.023549,-0.011783
THAIZ_BODY_PLY_localMouth,C_facial_local_BLS,l_up_mouth_bls,1272,0.000223,-8e-06,-8e-05
THAIZ_BODY_PLY_localMouth,C_facial_local_BLS,l_up_mouth_bls,1292,0.000277,-0.000706,2.3e-05
THAIZ_BODY_PLY_localMouth,C_facial_local_BLS,l_up_mouth_bls,1293,0.003958,-0.005776,-3.3e-05
THAIZ_BODY_PLY_localMouth,C_facial_local_BLS,l_up_mouth_bls,1294,0.033863,-0.010301,-0.017485
THAIZ_BODY_PLY_localMouth,C_facial_local_BLS,l_up_mouth_bls,1295,0.042444,0.011448,0.058773
THAIZ_BODY_PLY_localMouth,C_facial_local_BLS,l_up_mouth_bls,1296,0.1051,-0.065844,0.138408
THAIZ_BODY_PLY_localMouth,C_facial_local_BLS,l_up_mouth_bls,1297,0.118164,-0.052872,0.242429
THAIZ_BODY_PLY_localMouth,C_facial_local_BLS,l_up_mouth_bls,1298,0.107975,-0.00706,0.312914
THAIZ_BODY_PLY_localMouth,C_facial_local_BLS,l_up_mouth_bls,1299,0.08527,0.011097,0.353619
THAIZ_BODY_PLY_localMouth,C_facial_local_BLS,l_up_mouth_bls,1300,0.062948,0.12183,0.395053
THAIZ_BODY_PLY_localMouth,C_facial_local_BLS,l_up_mouth_bls,1301,0.068142,0.223916,0.45635
THAIZ_BODY_PLY_localMouth,C_facial_local_BLS,l_up_mouth_bls,1302,0.074083,0.377149,0.532896
THAIZ_BODY_PLY_localMouth,C_facial_local_BLS,l_up_mouth_bls,1303,0.042742,0.761382,0.828123
THAIZ_BODY_PLY_localMouth,C_facial_local_BLS,l_up_mouth_bls,1304,0.035138,0.95593,0.897475
THAIZ_BODY_PLY_localMouth,C_facial_local_BLS,l_up_mouth_bls,1305,-0.027229,0.929485,0.710017
THAIZ_BODY_PLY_localMouth,C_facial_local_BLS,l_up_mouth_bls,1306,-0.064975,0.841509,0.522592
THAIZ_BODY_PLY_localMouth,C_facial_local_BLS,l_up_mouth_bls,1307,-0.070634,0.70978,0.378687
THAIZ_BODY_PLY_localMouth,C_facial_local_BLS,l_up_mouth_bls,1308,-0.066171,0.590948,0.271261
THAIZ_BODY_PLY_localMouth,C_facial_local_BLS,l_up_mouth_bls,1309,-0.060513,0.490291,0.192289
THAIZ_BODY_PLY_localMouth,C_facial_local_BLS,l_up_mouth_bls,1310,-0.053909,0.405653,0.133177
THAIZ_BODY_PLY_localMouth,C_facial_local_BLS,l_up_mouth_bls,1311,-0.042467,0.274248,0.055336
THAIZ_BODY_PLY_localMouth,C_facial_local_BLS,l_up_mouth_bls,1314,0.009253,0.04989,0.037644
THAIZ_BODY_PLY_localMouth,C_facial_local_BLS,l_up_mouth_bls,1315,0.14606,0.485257,0.426625
THAIZ_BODY_PLY_localMouth,C_facial_local_BLS,l_up_mouth_bls,1316,0.092616,0.547669,0.658547
THAIZ_BODY_PLY_localMouth,C_facial_local_BLS,l_up_mouth_bls,1317,0.025066,0.428791,0.89681
THAIZ_BODY_PLY_localMouth,C_facial_local_BLS,l_up_mouth_bls,1318,-0.093762,0.297372,0.829961
THAIZ_BODY_PLY_localMouth,C_facial_local_BLS,l_up_mouth_bls,1319,-0.080862,0.243374,0.600471
THAIZ_BODY_PLY_localMouth,C_facial_local_BLS,l_up_mouth_bls,1320,0.037437,0.200277,0.341855
THAIZ_BODY_PLY_localMouth,C_facial_local_BLS,l_up_mouth_bls,1321,-0.039267,0.102693,0.154886
THAIZ_BODY_PLY_localMouth,C_facial_local_BLS,l_up_mouth_bls,1322,0.008542,0.126967,0.056132
THAIZ_BODY_PLY_localMouth,C_facial_local_BLS,l_up_mouth_bls,1323,0.000828,0.124962,0.021197
THAIZ_BODY_PLY_localMouth,C_facial_local_BLS,l_up_mouth_bls,1324,-0.003986,0.0588,0.007243
THAIZ_BODY_PLY_localMouth,C_facial_local_BLS,l_up_mouth_bls,1325,-0.000216,0.003166,0.000389
THAIZ_BODY_PLY_localMouth,C_facial_local_BLS,l_up_mouth_bls,1330,-0.006809,0.066584,0.013719
THAIZ_BODY_PLY_localMouth,C_facial_local_BLS,l_up_mouth_bls,1331,-0.009829,0.104709,0.023796
THAIZ_BODY_PLY_localMouth,C_facial_local_BLS,l_up_mouth_bls,1332,-0.01187,0.122211,0.048694
THAIZ_BODY_PLY_localMouth,C_facial_local_BLS,l_up_mouth_bls,1333,-0.010543,0.130892,0.056371
THAIZ_BODY_PLY_localMouth,C_facial_local_BLS,l_up_mouth_bls,1334,-0.014621,0.065335,0.039054
THAIZ_BODY_PLY_localMouth,C_facial_local_BLS,l_up_mouth_bls,1335,-0.001726,0.025337,0.003113
THAIZ_BODY_PLY_localMouth,C_facial_local_BLS,l_up_mouth_bls,1336,-0.000162,0.00238,0.000293
THAIZ_BODY_PLY_localMouth,C_facial_local_BLS,l_up_mouth_bls,1342,-0.00011,0.00024,-0.000275
THAIZ_BODY_PLY_localMouth,C_facial_local_BLS,l_up_mouth_bls,1343,-0.000917,0.000722,-0.000737
THAIZ_BODY_PLY_localMouth,C_facial_local_BLS,l_up_mouth_bls,1344,-0.002557,0.020421,0.001459
THAIZ_BODY_PLY_localMouth,C_facial_local_BLS,l_up_mouth_bls,1347,2.4e-05,-2.5e-05,6.3e-05
THAIZ_BODY_PLY_localMouth,C_facial_local_BLS,l_up_mouth_bls,1348,0.000646,-0.000392,0.001091
THAIZ_BODY_PLY_localMouth,C_facial_local_BLS,l_up_mouth_bls,1349,0.002349,-0.001851,0.001374
THAIZ_BODY_PLY_localMouth,C_facial_local_BLS,l_up_mouth_bls,1350,0.010081,0.000149,0.005603
THAIZ_BODY_PLY_localMouth,C_facial_local_BLS,l_up_mouth_bls,1351,0.013428,0.02272,0.041206
THAIZ_BODY_PLY_localMouth,C_facial_local_BLS,l_up_mouth_bls,1352,-0.070942,0.033075,0.163423
THAIZ_BODY_PLY_localMouth,C_facial_local_BLS,l_up_mouth_bls,1353,-0.348054,-0.035312,0.377904
THAIZ_BODY_PLY_localMouth,C_facial_local_BLS,l_up_mouth_bls,1354,-0.719449,-0.111401,0.559154
THAIZ_BODY_PLY_localMouth,C_facial_local_BLS,l_up_mouth_bls,1355,-0.673327,-0.102423,0.493102
THAIZ_BODY_PLY_localMouth,C_facial_local_BLS,l_up_mouth_bls,1356,-0.29157,-0.073314,0.190069
THAIZ_BODY_PLY_localMouth,C_facial_local_BLS,l_up_mouth_bls,1357,-0.027715,0.03757,-0.004797
THAIZ_BODY_PLY_localMouth,C_facial_local_BLS,l_up_mouth_bls,1358,0.028461,0.035581,-0.060707
THAIZ_BODY_PLY_localMouth,C_facial_local_BLS,l_up_mouth_bls,1359,0.008358,0.003778,-0.026786
THAIZ_BODY_PLY_localMouth,C_facial_local_BLS,l_up_mouth_bls,1360,5.5e-05,-2.8e-05,-0.000241
THAIZ_BODY_PLY_localMouth,C_facial_local_BLS,l_up_mouth_bls,1366,-0.000571,0.008385,0.00103
THAIZ_BODY_PLY_localMouth,C_facial_local_BLS,l_up_mouth_bls,1367,-0.000818,0.012009,0.001474
THAIZ_BODY_PLY_localMouth,C_facial_local_BLS,l_up_mouth_bls,1368,-0.000965,0.014168,0.00174
THAIZ_BODY_PLY_localMouth,C_facial_local_BLS,l_up_mouth_bls,1369,-0.000897,0.013168,0.001618
THAIZ_BODY_PLY_localMouth,C_facial_local_BLS,l_up_mouth_bls,1370,-0.000664,0.009743,0.001197
THAIZ_BODY_PLY_localMouth,C_facial_local_BLS,l_up_mouth_bls,1371,-0.000412,0.00605,0.000743
THAIZ_BODY_PLY_localMouth,C_facial_local_BLS,l_up_mouth_bls,1372,-0.000227,0.003326,0.000409
THAIZ_BODY_PLY_localMouth,C_facial_local_BLS,l_up_mouth_bls,1373,-0.000117,0.001724,0.000212
THAIZ_BODY_PLY_localMouth,C_facial_local_BLS,l_up_mouth_bls,1374,-7.5e-05,0.001106,0.000135
THAIZ_BODY_PLY_localMouth,C_facial_local_BLS,l_up_mouth_bls,1375,-6.8e-05,0.000992,0.000122
THAIZ_BODY_PLY_localMouth,C_facial_local_BLS,l_up_mouth_bls,1376,-7.8e-05,0.001144,0.00014
THAIZ_BODY_PLY_localMouth,C_facial_local_BLS,l_up_mouth_bls,1377,-9.4e-05,0.001381,0.00017
THAIZ_BODY_PLY_localMouth,C_facial_local_BLS,l_up_mouth_bls,1378,-0.000175,0.002563,0.000315
THAIZ_BODY_PLY_localMouth,C_facial_local_BLS,l_up_mouth_bls,1379,-0.000282,0.004143,0.000509
THAIZ_BODY_PLY_localMouth,C_facial_local_BLS,l_up_mouth_bls,1380,-0.000403,0.005913,0.000727
THAIZ_BODY_PLY_localMouth,C_facial_local_BLS,l_up_mouth_bls,1381,-0.001778,0.022606,0.002269
THAIZ_BODY_PLY_localMouth,C_facial_local_BLS,l_up_mouth_bls,1382,-0.003633,0.042555,0.003288
THAIZ_BODY_PLY_localMouth,C_facial_local_BLS,l_up_mouth_bls,1383,-0.005019,0.058967,0.004258
THAIZ_BODY_PLY_localMouth,C_facial_local_BLS,l_up_mouth_bls,1384,-0.004247,0.054852,0.004971
THAIZ_BODY_PLY_localMouth,C_facial_local_BLS,l_up_mouth_bls,1385,-0.001994,0.028792,0.003409
THAIZ_BODY_PLY_localMouth,C_facial_local_BLS,l_up_mouth_bls,1386,-0.000645,0.009468,0.001163
THAIZ_BODY_PLY_localMouth,C_facial_local_BLS,l_up_mouth_bls,1387,-7.9e-05,0.00116,0.000143
THAIZ_BODY_PLY_localMouth,C_facial_local_BLS,l_up_mouth_bls,1393,-5.3e-05,0.000656,8.4e-05
THAIZ_BODY_PLY_localMouth,C_facial_local_BLS,l_up_mouth_bls,1394,-0.000303,0.00396,0.0005
THAIZ_BODY_PLY_localMouth,C_facial_local_BLS,l_up_mouth_bls,1395,-0.00073,0.01001,0.001224
THAIZ_BODY_PLY_localMouth,C_facial_local_BLS,l_up_mouth_bls,1396,-0.002429,0.030998,0.003232
THAIZ_BODY_PLY_localMouth,C_facial_local_BLS,l_up_mouth_bls,1397,-0.005367,0.060002,0.004997
THAIZ_BODY_PLY_localMouth,C_facial_local_BLS,l_up_mouth_bls,1398,-0.00979,0.08623,0.007498
THAIZ_BODY_PLY_localMouth,C_facial_local_BLS,l_up_mouth_bls,1399,-0.008626,0.090358,0.010383
THAIZ_BODY_PLY_localMouth,C_facial_local_BLS,l_up_mouth_bls,1400,-0.003282,0.047921,0.005824
THAIZ_BODY_PLY_localMouth,C_facial_local_BLS,l_up_mouth_bls,1401,-0.000966,0.014175,0.001742
THAIZ_BODY_PLY_localMouth,C_facial_local_BLS,l_up_mouth_bls,1402,-8.3e-05,0.001213,0.000149
THAIZ_BODY_PLY_localMouth,C_facial_local_BLS,l_up_mouth_bls,1408,-9e-06,9.9e-05,1.3e-05
THAIZ_BODY_PLY_localMouth,C_facial_local_BLS,l_up_mouth_bls,1409,-0.000264,0.003372,0.000428
THAIZ_BODY_PLY_localMouth,C_facial_local_BLS,l_up_mouth_bls,1410,-0.000851,0.011635,0.001453
THAIZ_BODY_PLY_localMouth,C_facial_local_BLS,l_up_mouth_bls,1411,-0.000986,0.014465,0.001777
THAIZ_BODY_PLY_localMouth,C_facial_local_BLS,l_up_mouth_bls,1412,-0.001717,0.02401,0.002659
THAIZ_BODY_PLY_localMouth,C_facial_local_BLS,l_up_mouth_bls,1413,-0.002307,0.03122,0.003169
THAIZ_BODY_PLY_localMouth,C_facial_local_BLS,l_up_mouth_bls,1414,-0.002028,0.028169,0.003038
THAIZ_BODY_PLY_localMouth,C_facial_local_BLS,l_up_mouth_bls,1415,-0.001143,0.016769,0.002057
THAIZ_BODY_PLY_localMouth,C_facial_local_BLS,l_up_mouth_bls,1416,-0.00048,0.00705,0.000866
THAIZ_BODY_PLY_localMouth,C_facial_local_BLS,l_up_mouth_bls,1417,-0.000124,0.001823,0.000224
THAIZ_BODY_PLY_localMouth,C_facial_local_BLS,l_up_mouth_bls,1418,-1.1e-05,0.000168,2.1e-05
THAIZ_BODY_PLY_localMouth,C_facial_local_BLS,l_up_mouth_bls,1421,-0.0,8e-06,0.0
THAIZ_BODY_PLY_localMouth,C_facial_local_BLS,l_up_mouth_bls,1422,-3.4e-05,0.000504,6.1e-05
THAIZ_BODY_PLY_localMouth,C_facial_local_BLS,l_up_mouth_bls,1423,-0.000117,0.001724,0.000212
THAIZ_BODY_PLY_localMouth,C_facial_local_BLS,l_up_mouth_bls,1424,-0.000293,0.004303,0.000528
THAIZ_BODY_PLY_localMouth,C_facial_local_BLS,l_up_mouth_bls,1425,-0.000548,0.008049,0.000989
THAIZ_BODY_PLY_localMouth,C_facial_local_BLS,l_up_mouth_bls,1428,2.7e-05,-1.9e-05,8.7e-05
THAIZ_BODY_PLY_localMouth,C_facial_local_BLS,l_up_mouth_bls,1429,0.00051,-5.5e-05,0.00128
THAIZ_BODY_PLY_localMouth,C_facial_local_BLS,l_up_mouth_bls,1430,0.001244,-0.001052,0.002461
THAIZ_BODY_PLY_localMouth,C_facial_local_BLS,l_up_mouth_bls,1431,0.007418,0.001426,0.005249
THAIZ_BODY_PLY_localMouth,C_facial_local_BLS,l_up_mouth_bls,1432,0.014566,0.02638,0.037616
THAIZ_BODY_PLY_localMouth,C_facial_local_BLS,l_up_mouth_bls,1433,-0.032796,0.049295,0.112416
THAIZ_BODY_PLY_localMouth,C_facial_local_BLS,l_up_mouth_bls,1434,-0.327346,0.014335,0.317344
THAIZ_BODY_PLY_localMouth,C_facial_local_BLS,l_up_mouth_bls,1435,-0.744911,-0.044112,0.525088
THAIZ_BODY_PLY_localMouth,C_facial_local_BLS,l_up_mouth_bls,1436,-0.723245,-0.03532,0.503366
THAIZ_BODY_PLY_localMouth,C_facial_local_BLS,l_up_mouth_bls,1437,-0.355054,-0.051486,0.21151
THAIZ_BODY_PLY_localMouth,C_facial_local_BLS,l_up_mouth_bls,1438,-0.042445,0.022594,0.012555
THAIZ_BODY_PLY_localMouth,C_facial_local_BLS,l_up_mouth_bls,1439,0.008797,0.007094,-0.030218
THAIZ_BODY_PLY_localMouth,C_facial_local_BLS,l_up_mouth_bls,1440,0.001261,-0.006115,-0.009182
THAIZ_BODY_PLY_localMouth,C_facial_local_BLS,l_up_mouth_bls,1441,8e-06,-7.4e-05,-7.1e-05
THAIZ_BODY_PLY_localMouth,C_facial_local_BLS,l_up_mouth_bls,1447,8.2e-05,-0.000662,-0.000645
THAIZ_BODY_PLY_localMouth,C_facial_local_BLS,l_up_mouth_bls,1450,0.005645,-0.044991,-0.013151
THAIZ_BODY_PLY_localMouth,C_facial_local_BLS,l_up_mouth_bls,1451,0.006853,0.005178,0.014506
THAIZ_BODY_PLY_localMouth,C_facial_local_BLS,l_up_mouth_bls,1452,0.001825,-0.063713,-0.0228
THAIZ_BODY_PLY_localMouth,C_facial_local_BLS,l_up_mouth_bls,1482,-0.00011,0.000332,5.9e-05
THAIZ_BODY_PLY_localMouth,C_facial_local_BLS,l_up_mouth_bls,1484,-0.000278,0.000831,0.000149
THAIZ_BODY_PLY_localMouth,C_facial_local_BLS,l_up_mouth_bls,1491,-0.000182,0.000557,9.3e-05
THAIZ_BODY_PLY_localMouth,C_facial_local_BLS,l_up_mouth_bls,1492,-0.000293,0.00089,0.000152
THAIZ_BODY_PLY_localMouth,C_facial_local_BLS,l_up_mouth_bls,1494,0.001036,0.001251,0.002762
THAIZ_BODY_PLY_localMouth,C_facial_local_BLS,l_up_mouth_bls,1525,-7e-06,9.9e-05,1.2e-05
THAIZ_BODY_PLY_localMouth,C_facial_local_BLS,l_up_mouth_bls,1526,-8.6e-05,0.001259,0.000155
THAIZ_BODY_PLY_localMouth,C_facial_local_BLS,l_up_mouth_bls,1527,-0.000221,0.003235,0.000398
THAIZ_BODY_PLY_localMouth,C_facial_local_BLS,l_up_mouth_bls,1528,-0.000261,0.003838,0.000471
THAIZ_BODY_PLY_localMouth,C_facial_local_BLS,l_up_mouth_bls,1529,-0.000322,0.004723,0.00058
THAIZ_BODY_PLY_localMouth,C_facial_local_BLS,l_up_mouth_bls,1530,-0.000371,0.00544,0.000668
THAIZ_BODY_PLY_localMouth,C_facial_local_BLS,l_up_mouth_bls,1531,-0.000387,0.005684,0.000699
THAIZ_BODY_PLY_localMouth,C_facial_local_BLS,l_up_mouth_bls,1532,0.108438,-0.035808,-0.00076
THAIZ_BODY_PLY_localMouth,C_facial_local_BLS,l_up_mouth_bls,1533,0.041929,-0.00393,0.007488
THAIZ_BODY_PLY_localMouth,C_facial_local_BLS,l_up_mouth_bls,1534,0.013229,0.041496,0.037562
THAIZ_BODY_PLY_localMouth,C_facial_local_BLS,l_up_mouth_bls,1535,-0.005036,0.095239,0.068754
THAIZ_BODY_PLY_localMouth,C_facial_local_BLS,l_up_mouth_bls,1536,-0.018785,0.154749,0.095865
THAIZ_BODY_PLY_localMouth,C_facial_local_BLS,l_up_mouth_bls,1537,-0.030405,0.215459,0.116666
THAIZ_BODY_PLY_localMouth,C_facial_local_BLS,l_up_mouth_bls,1538,-0.039878,0.271674,0.12618
THAIZ_BODY_PLY_localMouth,C_facial_local_BLS,l_up_mouth_bls,1539,-0.046653,0.316257,0.122259
THAIZ_BODY_PLY_localMouth,C_facial_local_BLS,l_up_mouth_bls,1540,-0.050324,0.342803,0.106011
THAIZ_BODY_PLY_localMouth,C_facial_local_BLS,l_up_mouth_bls,1541,-0.048339,0.335498,0.088555
THAIZ_BODY_PLY_localMouth,C_facial_local_BLS,l_up_mouth_bls,1542,-0.043634,0.303937,0.069905
THAIZ_BODY_PLY_localMouth,C_facial_local_BLS,l_up_mouth_bls,1543,-0.037264,0.260585,0.048806
THAIZ_BODY_PLY_localMouth,C_facial_local_BLS,l_up_mouth_bls,1544,-0.026699,0.194643,0.033857
THAIZ_BODY_PLY_localMouth,C_facial_local_BLS,l_up_mouth_bls,1545,-0.016829,0.12685,0.019089
THAIZ_BODY_PLY_localMouth,C_facial_local_BLS,l_up_mouth_bls,1546,-0.008273,0.061841,0.00791
THAIZ_BODY_PLY_localMouth,C_facial_local_BLS,l_up_mouth_bls,1547,-0.000656,0.005704,0.000384
THAIZ_BODY_PLY_localMouth,C_facial_local_BLS,l_up_mouth_bls,6932,-1.5e-05,-0.000122,-3.1e-05
THAIZ_BODY_PLY_localMouth,C_facial_local_BLS,l_up_mouth_bls,6933,-0.00015,-0.000723,-0.000368
THAIZ_BODY_PLY_localMouth,C_facial_local_BLS,l_up_mouth_bls,6934,0.000267,-0.001024,-0.001628
THAIZ_BODY_PLY_localMouth,C_facial_local_BLS,l_up_mouth_bls,6935,0.002727,-0.003119,-0.00951
THAIZ_BODY_PLY_localMouth,C_facial_local_BLS,l_up_mouth_bls,6936,-0.03727,-0.008702,0.001178
THAIZ_BODY_PLY_localMouth,C_facial_local_BLS,l_up_mouth_bls,6937,-0.106028,0.085025,0.103347
THAIZ_BODY_PLY_localMouth,C_facial_local_BLS,l_up_mouth_bls,6938,-0.21322,0.101422,0.161946
THAIZ_BODY_PLY_localMouth,C_facial_local_BLS,l_up_mouth_bls,6939,-0.2449,0.09068,0.135133
THAIZ_BODY_PLY_localMouth,C_facial_local_BLS,l_up_mouth_bls,6940,-0.091678,0.091655,0.053612
THAIZ_BODY_PLY_localMouth,C_facial_local_BLS,l_up_mouth_bls,6941,-0.006157,0.075506,-0.006864
THAIZ_BODY_PLY_localMouth,C_facial_local_BLS,l_up_mouth_bls,6942,0.005499,0.00313,-0.007053
THAIZ_BODY_PLY_localMouth,C_facial_local_BLS,l_up_mouth_bls,6943,-3.1e-05,0.001037,-0.000368
THAIZ_BODY_PLY_localMouth,C_facial_local_BLS,l_up_mouth_bls,6944,-1.6e-05,0.000122,-4.7e-05
THAIZ_BODY_PLY_localMouth,C_facial_local_BLS,l_up_mouth_bls,7009,-2.1e-05,3.3e-05,5e-06
THAIZ_BODY_PLY_localMouth,C_facial_local_BLS,l_up_mouth_bls,7010,-0.0,2e-06,1e-06
THAIZ_BODY_PLY_localMouth,C_facial_local_BLS,l_up_mouth_bls,7224,-1e-05,1.3e-05,1.7e-05
THAIZ_BODY_PLY_localMouth,C_facial_local_BLS,l_up_mouth_bls,7225,-3e-06,3e-06,4e-06
THAIZ_BODY_PLY_localMouth,C_facial_local_BLS,l_up_mouth_bls,7227,2.2e-05,0.000213,-5.3e-05
THAIZ_BODY_PLY_localMouth,C_facial_local_BLS,l_up_mouth_bls,7228,-0.000711,0.002897,-0.000559
THAIZ_BODY_PLY_localMouth,C_facial_local_BLS,l_up_mouth_bls,7229,-0.002029,0.014297,-0.00226
THAIZ_BODY_PLY_localMouth,C_facial_local_BLS,l_up_mouth_bls,7230,-0.003678,0.003496,-0.001159
THAIZ_BODY_PLY_localMouth,C_facial_local_BLS,l_up_mouth_bls,7231,-0.000614,0.006895,0.000164
THAIZ_BODY_PLY_localMouth,C_facial_local_BLS,l_up_mouth_bls,7232,-0.002015,0.001529,0.000231
THAIZ_BODY_PLY_localMouth,C_facial_local_BLS,l_up_mouth_bls,7233,-0.000227,0.000188,5.4e-05
THAIZ_BODY_PLY_localMouth,C_facial_local_BLS,l_up_mouth_bls,7248,-0.011804,0.06648,0.01316
THAIZ_BODY_PLY_localMouth,C_facial_local_BLS,l_up_mouth_bls,7249,-0.009217,0.049482,0.015354
THAIZ_BODY_PLY_localMouth,C_facial_local_BLS,l_up_mouth_bls,7250,-0.006583,0.032408,0.014494
THAIZ_BODY_PLY_localMouth,C_facial_local_BLS,l_up_mouth_bls,7251,-0.003919,0.017486,0.010863
THAIZ_BODY_PLY_localMouth,C_facial_local_BLS,l_up_mouth_bls,7252,-0.001582,0.007686,0.005702
THAIZ_BODY_PLY_localMouth,C_facial_local_BLS,l_up_mouth_bls,7253,-0.000225,0.00134,0.001227
THAIZ_BODY_PLY_localMouth,C_facial_local_BLS,l_up_mouth_bls,7262,0.000223,0.000893,-0.001034
THAIZ_BODY_PLY_localMouth,C_facial_local_BLS,l_up_mouth_bls,7263,-0.003772,0.008967,-0.000141
THAIZ_BODY_PLY_localMouth,C_facial_local_BLS,l_up_mouth_bls,7264,-0.009399,0.027528,0.000547
THAIZ_BODY_PLY_localMouth,C_facial_local_BLS,l_up_mouth_bls,7265,-0.014404,0.049848,-0.001835
THAIZ_BODY_PLY_localMouth,C_facial_local_BLS,l_up_mouth_bls,7266,-0.018872,0.071579,-0.006237
THAIZ_BODY_PLY_localMouth,C_facial_local_BLS,l_up_mouth_bls,7267,-0.021697,0.090122,-0.013298
THAIZ_BODY_PLY_localMouth,C_facial_local_BLS,l_up_mouth_bls,7268,-0.021949,0.100847,-0.016655
THAIZ_BODY_PLY_localMouth,C_facial_local_BLS,l_up_mouth_bls,7269,-0.018426,0.100805,-0.013523
THAIZ_BODY_PLY_localMouth,C_facial_local_BLS,l_up_mouth_bls,7270,-0.016422,0.093562,-0.003337
THAIZ_BODY_PLY_localMouth,C_facial_local_BLS,l_up_mouth_bls,7271,-0.014216,0.082113,0.007051
THAIZ_BODY_PLY_localMouth,C_facial_local_BLS,l_up_mouth_bls,7272,-0.003922,0.009312,0.007696
THAIZ_BODY_PLY_localMouth,C_facial_local_BLS,l_up_mouth_bls,7273,-0.001986,0.003327,0.003366
THAIZ_BODY_PLY_localMouth,C_facial_local_BLS,l_up_mouth_bls,7274,-0.000302,0.000407,0.000528
THAIZ_BODY_PLY_localMouth,C_facial_local_BLS,l_up_mouth_bls,7275,-0.000815,0.000783,0.0015
THAIZ_BODY_PLY_localMouth,C_facial_local_BLS,l_up_mouth_bls,7276,-0.001035,0.00179,0.001759
THAIZ_BODY_PLY_localMouth,C_facial_local_BLS,l_up_mouth_bls,7277,-0.000113,0.000159,0.000195
THAIZ_BODY_PLY_localMouth,C_facial_local_BLS,l_up_mouth_bls,7278,-0.000288,0.0005,0.000512
THAIZ_BODY_PLY_localMouth,C_facial_local_BLS,l_up_mouth_bls,7279,-1.8e-05,2.5e-05,3.1e-05
THAIZ_BODY_PLY_localMouth,C_facial_local_BLS,l_up_mouth_bls,7280,-3.2e-05,5.3e-05,6e-05
THAIZ_BODY_PLY_localMouth,C_facial_local_BLS,l_up_mouth_bls,7281,-1e-06,1e-06,1e-06
THAIZ_BODY_PLY_localMouth,C_facial_local_BLS,l_up_mouth_bls,7302,-0.000148,0.000213,3.5e-05
THAIZ_BODY_PLY_localMouth,C_facial_local_BLS,l_up_mouth_bls,7304,-0.002968,0.005894,0.000791
THAIZ_BODY_PLY_localMouth,C_facial_local_BLS,l_up_mouth_bls,7305,-0.000212,0.000271,8.5e-05
THAIZ_BODY_PLY_localMouth,C_facial_local_BLS,l_up_mouth_bls,7306,-0.008147,0.01953,-0.001226
THAIZ_BODY_PLY_localMouth,C_facial_local_BLS,l_up_mouth_bls,7307,-0.004091,0.006163,0.000233
THAIZ_BODY_PLY_localMouth,C_facial_local_BLS,l_up_mouth_bls,7308,-0.013087,0.033965,-0.005539
THAIZ_BODY_PLY_localMouth,C_facial_local_BLS,l_up_mouth_bls,7309,-0.009146,0.013714,-0.001617
THAIZ_BODY_PLY_localMouth,C_facial_local_BLS,l_up_mouth_bls,7310,-0.017103,0.048209,-0.01165
THAIZ_BODY_PLY_localMouth,C_facial_local_BLS,l_up_mouth_bls,7311,-0.015077,0.020252,-0.007204
THAIZ_BODY_PLY_localMouth,C_facial_local_BLS,l_up_mouth_bls,7312,-0.014739,0.050097,-0.006268
THAIZ_BODY_PLY_localMouth,C_facial_local_BLS,l_up_mouth_bls,7313,-0.007845,0.020155,-0.001028
THAIZ_BODY_PLY_localMouth,C_facial_local_BLS,l_up_mouth_bls,7314,-0.00907,0.036616,-0.007761
THAIZ_BODY_PLY_localMouth,C_facial_local_BLS,l_up_mouth_bls,7315,-0.009961,0.032021,0.010903
THAIZ_BODY_PLY_localMouth,C_facial_local_BLS,l_up_mouth_bls,7316,-0.004563,0.018815,-0.00154
THAIZ_BODY_PLY_localMouth,C_facial_local_BLS,l_up_mouth_bls,7317,-0.006449,0.031136,-0.005627
THAIZ_BODY_PLY_localMouth,C_facial_local_BLS,l_up_mouth_bls,7318,-0.004872,0.028573,0.011746
THAIZ_BODY_PLY_localMouth,C_facial_local_BLS,l_up_mouth_bls,7319,-0.001355,0.008017,0.001305
THAIZ_BODY_PLY_localMouth,C_facial_local_BLS,l_up_mouth_bls,7320,-0.011369,0.077877,0.035822
THAIZ_BODY_PLY_localMouth,C_facial_local_BLS,l_up_mouth_bls,7321,-0.016714,0.107882,0.039212
THAIZ_BODY_PLY_localMouth,C_facial_local_BLS,l_up_mouth_bls,7322,-0.021656,0.135333,0.037485
THAIZ_BODY_PLY_localMouth,C_facial_local_BLS,l_up_mouth_bls,7323,-0.025986,0.15795,0.030405
THAIZ_BODY_PLY_localMouth,C_facial_local_BLS,l_up_mouth_bls,7324,-0.029577,0.173412,0.018955
THAIZ_BODY_PLY_localMouth,C_facial_local_BLS,l_up_mouth_bls,7325,-0.031241,0.164293,0.006752
THAIZ_BODY_PLY_localMouth,C_facial_local_BLS,l_up_mouth_bls,7326,-0.029825,0.144162,0.003169
THAIZ_BODY_PLY_localMouth,C_facial_local_BLS,l_up_mouth_bls,7327,-0.023654,0.114133,0.004743
THAIZ_BODY_PLY_localMouth,C_facial_local_BLS,l_up_mouth_bls,7328,-0.018467,0.080974,0.00417
THAIZ_BODY_PLY_localMouth,C_facial_local_BLS,l_up_mouth_bls,7329,-0.013037,0.046711,0.003691
THAIZ_BODY_PLY_localMouth,C_facial_local_BLS,l_up_mouth_bls,7330,-0.007301,0.015632,0.003254
THAIZ_BODY_PLY_localMouth,C_facial_local_BLS,l_up_mouth_bls,7331,-0.000222,0.00035,-0.000192
THAIZ_BODY_PLY_localMouth,C_facial_local_BLS,l_up_mouth_bls,7339,0.002287,0.006807,0.00607
THAIZ_BODY_PLY_localMouth,C_facial_local_BLS,l_up_mouth_bls,7340,-0.000657,0.023493,0.017249
THAIZ_BODY_PLY_localMouth,C_facial_local_BLS,l_up_mouth_bls,7341,-0.005937,0.047734,0.028325
THAIZ_BODY_PLY_localMouth,C_facial_local_BLS,l_up_mouth_bls,7342,-0.013327,0.102335,0.051541
THAIZ_BODY_PLY_localMouth,C_facial_local_BLS,l_up_mouth_bls,7343,-0.020593,0.140604,0.058334
THAIZ_BODY_PLY_localMouth,C_facial_local_BLS,l_up_mouth_bls,7344,-0.026982,0.175415,0.058592
THAIZ_BODY_PLY_localMouth,C_facial_local_BLS,l_up_mouth_bls,7345,-0.032229,0.203488,0.051951
THAIZ_BODY_PLY_localMouth,C_facial_local_BLS,l_up_mouth_bls,7346,-0.036328,0.222385,0.039176
THAIZ_BODY_PLY_localMouth,C_facial_local_BLS,l_up_mouth_bls,7347,-0.035468,0.204482,0.023035
THAIZ_BODY_PLY_localMouth,C_facial_local_BLS,l_up_mouth_bls,7348,-0.031853,0.178236,0.016073
THAIZ_BODY_PLY_localMouth,C_facial_local_BLS,l_up_mouth_bls,7349,-0.025405,0.139345,0.01298
THAIZ_BODY_PLY_localMouth,C_facial_local_BLS,l_up_mouth_bls,7350,-0.018864,0.096774,0.008695
THAIZ_BODY_PLY_localMouth,C_facial_local_BLS,l_up_mouth_bls,7351,-0.012524,0.054525,0.005139
THAIZ_BODY_PLY_localMouth,C_facial_local_BLS,l_up_mouth_bls,7352,-0.006261,0.016856,0.002738
THAIZ_BODY_PLY_localMouth,C_facial_local_BLS,l_up_mouth_bls,7353,-6.5e-05,0.000119,-5.7e-05
THAIZ_BODY_PLY_localMouth,C_facial_local_BLS,l_up_mouth_bls,7361,0.009759,0.007093,0.00753
THAIZ_BODY_PLY_localMouth,C_facial_local_BLS,l_up_mouth_bls,7362,0.003353,0.030716,0.023756
THAIZ_BODY_PLY_localMouth,C_facial_local_BLS,l_up_mouth_bls,7363,-0.005359,0.063673,0.039771
THAIZ_BODY_PLY_localMouth,C_facial_local_BLS,l_up_mouth_bls,7364,2.3e-05,-7e-06,-9e-06
THAIZ_BODY_PLY_localMouth,C_facial_local_BLS,l_up_mouth_bls,7365,0.003103,-0.001079,-0.001441
THAIZ_BODY_PLY_localMouth,C_facial_local_BLS,l_up_mouth_bls,7366,-0.036602,0.221069,0.030255
THAIZ_BODY_PLY_localMouth,C_facial_local_BLS,l_up_mouth_bls,7367,-0.030931,0.175056,0.010916
THAIZ_BODY_PLY_localMouth,C_facial_local_BLS,l_up_mouth_bls,7368,-4.8e-05,1.8e-05,-2.1e-05
THAIZ_BODY_PLY_localMouth,C_facial_local_BLS,l_up_mouth_bls,7389,-1.1e-05,0.000309,-4.4e-05
THAIZ_BODY_PLY_localMouth,C_facial_local_BLS,l_up_mouth_bls,7390,-0.000796,0.000639,-0.001166
THAIZ_BODY_PLY_localMouth,C_facial_local_BLS,l_up_mouth_bls,7391,-0.000257,0.000285,-1.3e-05
THAIZ_BODY_PLY_localMouth,C_facial_local_BLS,l_up_mouth_bls,7394,-3.1e-05,6.6e-05,7.1e-05
THAIZ_BODY_PLY_localMouth,C_facial_local_BLS,l_up_mouth_bls,7395,-0.000524,0.001477,0.001286
THAIZ_BODY_PLY_localMouth,C_facial_local_BLS,l_up_mouth_bls,7396,-0.001889,0.005463,0.004198
THAIZ_BODY_PLY_localMouth,C_facial_local_BLS,l_up_mouth_bls,7397,-0.003779,0.011696,0.007421
THAIZ_BODY_PLY_localMouth,C_facial_local_BLS,l_up_mouth_bls,7398,-0.005531,0.02258,0.008748
THAIZ_BODY_PLY_localMouth,C_facial_local_BLS,l_up_mouth_bls,7399,-0.00727,0.035619,0.008327
THAIZ_BODY_PLY_localMouth,C_facial_local_BLS,l_up_mouth_bls,7400,-0.008707,0.050274,0.004921
THAIZ_BODY_PLY_localMouth,C_facial_local_BLS,l_up_mouth_bls,7401,-0.009842,0.058509,-0.005159
THAIZ_BODY_PLY_localMouth,C_facial_local_BLS,l_up_mouth_bls,7402,-0.011772,0.06911,-0.019191
THAIZ_BODY_PLY_localMouth,C_facial_local_BLS,l_up_mouth_bls,7403,-0.017708,0.077104,-0.020049
THAIZ_BODY_PLY_localMouth,C_facial_local_BLS,l_up_mouth_bls,7404,-0.018894,0.069473,-0.015028
THAIZ_BODY_PLY_localMouth,C_facial_local_BLS,l_up_mouth_bls,7405,-0.015968,0.052718,-0.007302
THAIZ_BODY_PLY_localMouth,C_facial_local_BLS,l_up_mouth_bls,7406,-0.011525,0.034448,-0.002315
THAIZ_BODY_PLY_localMouth,C_facial_local_BLS,l_up_mouth_bls,7407,-0.0065,0.016556,0.000407
THAIZ_BODY_PLY_localMouth,C_facial_local_BLS,l_up_mouth_bls,7408,-0.001696,0.00373,-0.000363
THAIZ_BODY_PLY_localMouth,C_facial_local_BLS,l_up_mouth_bls,7409,3e-06,1.5e-05,-7e-06
THAIZ_BODY_PLY_localMouth,C_facial_local_BLS,l_up_mouth_bls,7416,-0.016634,0.099363,0.022617
THAIZ_BODY_PLY_localMouth,C_facial_local_BLS,l_up_mouth_bls,7417,-0.020015,0.117898,0.015574
THAIZ_BODY_PLY_localMouth,C_facial_local_BLS,l_up_mouth_bls,7418,-0.023021,0.131242,0.0048
THAIZ_BODY_PLY_localMouth,C_facial_local_BLS,l_up_mouth_bls,7419,-0.024876,0.13508,-0.002662
THAIZ_BODY_PLY_localMouth,C_facial_local_BLS,l_up_mouth_bls,7420,-0.026684,0.130177,-0.004955
THAIZ_BODY_PLY_localMouth,C_facial_local_BLS,l_up_mouth_bls,7421,-0.024819,0.114643,-0.004202
THAIZ_BODY_PLY_localMouth,C_facial_local_BLS,l_up_mouth_bls,7422,-0.021437,0.091958,-0.001239
THAIZ_BODY_PLY_localMouth,C_facial_local_BLS,l_up_mouth_bls,7423,-0.016906,0.065312,0.000587
THAIZ_BODY_PLY_localMouth,C_facial_local_BLS,l_up_mouth_bls,7424,-0.011805,0.037586,0.002014
THAIZ_BODY_PLY_localMouth,C_facial_local_BLS,l_up_mouth_bls,7425,-0.006281,0.012741,0.002143
THAIZ_BODY_PLY_localMouth,C_facial_local_BLS,l_up_mouth_bls,7426,-0.00027,0.000258,0.000134
THAIZ_BODY_PLY_localMouth,C_facial_local_BLS,l_up_mouth_bls,7435,0.000103,0.003888,0.003411
THAIZ_BODY_PLY_localMouth,C_facial_local_BLS,l_up_mouth_bls,7436,-0.001899,0.015255,0.011054
THAIZ_BODY_PLY_localMouth,C_facial_local_BLS,l_up_mouth_bls,7437,-0.005387,0.031986,0.018775
THAIZ_BODY_PLY_localMouth,C_facial_local_BLS,l_up_mouth_bls,7438,-0.009147,0.054582,0.023692
THAIZ_BODY_PLY_localMouth,C_facial_local_BLS,l_up_mouth_bls,7439,-0.012961,0.077691,0.025184
THAIZ_BODY_PLY_localMouth,C_facial_local_BLS,l_up_mouth_bls,7932,-0.004337,-0.003146,-0.00574
THAIZ_BODY_PLY_localMouth,C_facial_local_BLS,l_up_mouth_bls,7934,-0.003667,-0.003103,-0.00333
THAIZ_BODY_PLY_localMouth,C_facial_local_BLS,l_up_mouth_bls,8030,-0.004773,-0.014798,-0.007749
THAIZ_BODY_PLY_localMouth,C_facial_local_BLS,l_up_mouth_bls,8031,-0.000772,-0.005511,-0.003878
THAIZ_BODY_PLY_localMouth,C_facial_local_BLS,l_up_mouth_bls,8043,-0.000829,0.000822,0.00186
THAIZ_BODY_PLY_localMouth,C_facial_local_BLS,l_up_mouth_bls,8044,3.3e-05,4.8e-05,8.1e-05
THAIZ_BODY_PLY_localMouth,C_facial_local_BLS,l_up_mouth_bls,8468,-2e-06,-2e-06,-2e-06
THAIZ_BODY_PLY_localMouth,C_facial_local_BLS,l_up_mouth_bls,8469,-0.017754,-0.022023,-0.014436
THAIZ_BODY_PLY_localMouth,C_facial_local_BLS,l_up_mouth_bls,8470,-0.020251,-0.027201,-0.011499
THAIZ_BODY_PLY_localMouth,C_facial_local_BLS,l_up_mouth_bls,8491,-0.000282,-0.001721,-0.001868
THAIZ_BODY_PLY_localMouth,C_facial_local_BLS,l_up_mouth_bls,8494,-0.000796,-0.037224,-0.014438
THAIZ_BODY_PLY_localMouth,C_facial_local_BLS,l_up_mouth_bls,8495,0.002723,0.00287,0.007358
THAIZ_BODY_PLY_localMouth,C_facial_local_BLS,l_up_mouth_bls,8498,5.1e-05,9.6e-05,0.000286
THAIZ_BODY_PLY_localMouth,C_facial_local_BLS,l_up_mouth_bls,8538,-0.005348,-0.039452,-0.011008
THAIZ_BODY_PLY_localMouth,C_facial_local_BLS,C_body_corrective_bls,551,-0.020517,0.025813,0.006269
THAIZ_BODY_PLY_localMouth,C_facial_local_BLS,C_body_corrective_bls,552,-0.015394,0.005627,0.012078
THAIZ_BODY_PLY_localMouth,C_facial_local_BLS,C_body_corrective_bls,554,-0.045468,0.003895,0.020141
THAIZ_BODY_PLY_localMouth,C_facial_local_BLS,C_body_corrective_bls,605,-0.034284,-0.006229,0.001873
THAIZ_BODY_PLY_localMouth,C_facial_local_BLS,C_body_corrective_bls,608,-0.013094,0.014462,0.013827
THAIZ_BODY_PLY_localMouth,C_facial_local_BLS,C_body_corrective_bls,609,-0.014776,0.008752,0.011685
THAIZ_BODY_PLY_localMouth,C_facial_local_BLS,C_body_corrective_bls,617,-0.000378,-0.003082,-0.001825
THAIZ_BODY_PLY_localMouth,C_facial_local_BLS,C_body_corrective_bls,620,1.4e-05,-4.5e-05,-3.6e-05
THAIZ_BODY_PLY_localMouth,C_facial_local_BLS,C_body_corrective_bls,621,0.002398,-0.011511,-0.023241
THAIZ_BODY_PLY_localMouth,C_facial_local_BLS,C_body_corrective_bls,659,-7.6e-05,6.9e-05,-0.000144
THAIZ_BODY_PLY_localMouth,C_facial_local_BLS,C_body_corrective_bls,660,-0.022921,0.02088,-0.043387
THAIZ_BODY_PLY_localMouth,C_facial_local_BLS,C_body_corrective_bls,661,-0.061567,0.027504,-0.075471
THAIZ_BODY_PLY_localMouth,C_facial_local_BLS,C_body_corrective_bls,662,-0.054789,0.002092,-0.042361
THAIZ_BODY_PLY_localMouth,C_facial_local_BLS,C_body_corrective_bls,663,-0.014592,0.015128,0.035187
THAIZ_BODY_PLY_localMouth,C_facial_local_BLS,C_body_corrective_bls,664,-0.019439,0.025546,0.062857
THAIZ_BODY_PLY_localMouth,C_facial_local_BLS,C_body_corrective_bls,665,-0.10993,0.021853,0.064614
THAIZ_BODY_PLY_localMouth,C_facial_local_BLS,C_body_corrective_bls,666,-0.111995,0.009496,0.060224
THAIZ_BODY_PLY_localMouth,C_facial_local_BLS,C_body_corrective_bls,667,-0.078712,0.009813,0.053537
THAIZ_BODY_PLY_localMouth,C_facial_local_BLS,C_body_corrective_bls,668,-0.069255,0.0108,0.035165
THAIZ_BODY_PLY_localMouth,C_facial_local_BLS,C_body_corrective_bls,686,-0.110136,0.047574,0.08867
THAIZ_BODY_PLY_localMouth,C_facial_local_BLS,C_body_corrective_bls,687,-0.132923,0.101962,0.088534
THAIZ_BODY_PLY_localMouth,C_facial_local_BLS,C_body_corrective_bls,688,-0.100953,0.11394,0.101506
THAIZ_BODY_PLY_localMouth,C_facial_local_BLS,C_body_corrective_bls,689,-0.054828,0.11824,0.110837
THAIZ_BODY_PLY_localMouth,C_facial_local_BLS,C_body_corrective_bls,690,0.022986,0.089808,0.127968
THAIZ_BODY_PLY_localMouth,C_facial_local_BLS,C_body_corrective_bls,691,0.015135,0.066651,0.119067
THAIZ_BODY_PLY_localMouth,C_facial_local_BLS,C_body_corrective_bls,692,0.018772,0.070223,0.163131
THAIZ_BODY_PLY_localMouth,C_facial_local_BLS,C_body_corrective_bls,947,0.001025,0.003105,-0.002434
THAIZ_BODY_PLY_localMouth,C_facial_local_BLS,C_body_corrective_bls,948,-0.002711,0.022519,-0.006363
THAIZ_BODY_PLY_localMouth,C_facial_local_BLS,C_body_corrective_bls,949,-0.132189,0.009706,0.107546
THAIZ_BODY_PLY_localMouth,C_facial_local_BLS,C_body_corrective_bls,950,-0.123,-0.023513,0.101548
THAIZ_BODY_PLY_localMouth,C_facial_local_BLS,C_body_corrective_bls,951,-0.137868,0.011633,0.124707
THAIZ_BODY_PLY_localMouth,C_facial_local_BLS,C_body_corrective_bls,952,-0.122288,0.074941,0.11325
THAIZ_BODY_PLY_localMouth,C_facial_local_BLS,C_body_corrective_bls,953,-0.088025,0.113546,0.097837
THAIZ_BODY_PLY_localMouth,C_facial_local_BLS,C_body_corrective_bls,954,-0.032267,0.101555,0.091283
THAIZ_BODY_PLY_localMouth,C_facial_local_BLS,C_body_corrective_bls,955,-0.063624,0.009953,-0.025747
THAIZ_BODY_PLY_localMouth,C_facial_local_BLS,C_body_corrective_bls,956,-0.008683,0.036159,0.006328
THAIZ_BODY_PLY_localMouth,C_facial_local_BLS,C_body_corrective_bls,957,-0.014727,0.031895,-0.009248
THAIZ_BODY_PLY_localMouth,C_facial_local_BLS,C_body_corrective_bls,958,0.001991,-0.007425,-0.012409
THAIZ_BODY_PLY_localMouth,C_facial_local_BLS,C_body_corrective_bls,959,-0.061248,0.011624,-0.076782
THAIZ_BODY_PLY_localMouth,C_facial_local_BLS,C_body_corrective_bls,960,-0.015731,0.013931,0.072424
THAIZ_BODY_PLY_localMouth,C_facial_local_BLS,C_body_corrective_bls,961,-0.016627,0.111285,0.128004
THAIZ_BODY_PLY_localMouth,C_facial_local_BLS,C_body_corrective_bls,995,-0.040627,0.039989,-0.031662
THAIZ_BODY_PLY_localMouth,C_facial_local_BLS,C_body_corrective_bls,996,-0.080729,0.048251,-0.0513
THAIZ_BODY_PLY_localMouth,C_facial_local_BLS,C_body_corrective_bls,997,-0.08094,0.010155,-0.058156
THAIZ_BODY_PLY_localMouth,C_facial_local_BLS,C_body_corrective_bls,998,-0.045852,-0.00451,-0.02046
THAIZ_BODY_PLY_localMouth,C_facial_local_BLS,C_body_corrective_bls,999,0.001257,0.015926,0.033915
THAIZ_BODY_PLY_localMouth,C_facial_local_BLS,C_body_corrective_bls,1000,-0.106438,0.012871,0.146125
THAIZ_BODY_PLY_localMouth,C_facial_local_BLS,C_body_corrective_bls,1001,-0.157659,0.00186,0.111541
THAIZ_BODY_PLY_localMouth,C_facial_local_BLS,C_body_corrective_bls,1002,-0.159599,0.004339,0.092473
THAIZ_BODY_PLY_localMouth,C_facial_local_BLS,C_body_corrective_bls,1003,-0.123702,0.008,0.080456
THAIZ_BODY_PLY_localMouth,C_facial_local_BLS,C_body_corrective_bls,1004,-0.087685,-0.000161,0.054504
THAIZ_BODY_PLY_localMouth,C_facial_local_BLS,C_body_corrective_bls,1022,-0.005995,0.009438,-0.036124
THAIZ_BODY_PLY_localMouth,C_facial_local_BLS,C_body_corrective_bls,1023,-0.024019,0.009756,-0.06341
THAIZ_BODY_PLY_localMouth,C_facial_local_BLS,C_body_corrective_bls,1024,-0.029983,0.009536,-0.076435
THAIZ_BODY_PLY_localMouth,C_facial_local_BLS,C_body_corrective_bls,1025,-0.067472,0.052166,-0.127918
THAIZ_BODY_PLY_localMouth,C_facial_local_BLS,C_body_corrective_bls,1026,-0.078616,0.049383,-0.035064
THAIZ_BODY_PLY_localMouth,C_facial_local_BLS,C_body_corrective_bls,1027,-0.028925,0.025271,0.048832
THAIZ_BODY_PLY_localMouth,C_facial_local_BLS,C_body_corrective_bls,1028,-0.064761,0.019768,0.014839
THAIZ_BODY_PLY_localMouth,C_facial_local_BLS,C_body_corrective_bls,1029,-0.03433,0.00097,0.015356
THAIZ_BODY_PLY_localMouth,C_facial_local_BLS,C_body_corrective_bls,1030,-0.01858,0.002966,0.011387
THAIZ_BODY_PLY_localMouth,C_facial_local_BLS,C_body_corrective_bls,1031,-0.032011,0.008234,-0.010364
THAIZ_BODY_PLY_localMouth,C_facial_local_BLS,C_body_corrective_bls,1068,-0.000429,0.003532,0.000596
THAIZ_BODY_PLY_localMouth,C_facial_local_BLS,C_body_corrective_bls,1069,0.012771,0.076006,0.183002
THAIZ_BODY_PLY_localMouth,C_facial_local_BLS,C_body_corrective_bls,1106,-0.000602,0.043069,0.024721
THAIZ_BODY_PLY_localMouth,C_facial_local_BLS,C_body_corrective_bls,1112,-0.001859,0.015851,0.002825
THAIZ_BODY_PLY_localMouth,C_facial_local_BLS,C_body_corrective_bls,1346,0.003071,0.052085,-0.002157
THAIZ_BODY_PLY_localMouth,C_facial_local_BLS,C_body_corrective_bls,1347,-0.00274,0.017702,-0.002334
THAIZ_BODY_PLY_localMouth,C_facial_local_BLS,C_body_corrective_bls,1348,-0.050188,0.044284,-0.021665
THAIZ_BODY_PLY_localMouth,C_facial_local_BLS,C_body_corrective_bls,1349,-0.032651,0.015383,-0.008663
THAIZ_BODY_PLY_localMouth,C_facial_local_BLS,C_body_corrective_bls,1350,0.005974,-0.012011,-0.01934
THAIZ_BODY_PLY_localMouth,C_facial_local_BLS,C_body_corrective_bls,1351,-0.000778,-0.002663,7.9e-05
THAIZ_BODY_PLY_localMouth,C_facial_local_BLS,C_body_corrective_bls,1352,-0.148466,-0.011536,0.150877
THAIZ_BODY_PLY_localMouth,C_facial_local_BLS,C_body_corrective_bls,1353,-0.150831,-0.020281,0.132336
THAIZ_BODY_PLY_localMouth,C_facial_local_BLS,C_body_corrective_bls,1354,-0.167809,-0.021752,0.121214
THAIZ_BODY_PLY_localMouth,C_facial_local_BLS,C_body_corrective_bls,1355,-0.162955,0.001348,0.111656
THAIZ_BODY_PLY_localMouth,C_facial_local_BLS,C_body_corrective_bls,1356,-0.079693,-0.007874,0.051881
THAIZ_BODY_PLY_localMouth,C_facial_local_BLS,C_body_corrective_bls,1357,-0.000162,2.9e-05,-6.1e-05
THAIZ_BODY_PLY_localMouth,C_facial_local_BLS,C_body_corrective_bls,1426,-0.009738,0.08313,0.014818
THAIZ_BODY_PLY_localMouth,C_facial_local_BLS,C_body_corrective_bls,1427,-0.016432,0.081959,0.016116
THAIZ_BODY_PLY_localMouth,C_facial_local_BLS,C_body_corrective_bls,1428,-0.041413,0.088899,-0.005501
THAIZ_BODY_PLY_localMouth,C_facial_local_BLS,C_body_corrective_bls,1429,-0.091098,0.076588,-0.023405
THAIZ_BODY_PLY_localMouth,C_facial_local_BLS,C_body_corrective_bls,1430,-0.068507,0.020403,-0.026144
THAIZ_BODY_PLY_localMouth,C_facial_local_BLS,C_body_corrective_bls,1431,-0.04018,0.021319,-0.001049
THAIZ_BODY_PLY_localMouth,C_facial_local_BLS,C_body_corrective_bls,1432,-0.025032,0.023947,0.029513
THAIZ_BODY_PLY_localMouth,C_facial_local_BLS,C_body_corrective_bls,1433,-0.15099,-0.015632,0.166625
THAIZ_BODY_PLY_localMouth,C_facial_local_BLS,C_body_corrective_bls,1434,-0.170377,-0.016256,0.139066
THAIZ_BODY_PLY_localMouth,C_facial_local_BLS,C_body_corrective_bls,1435,-0.176979,-0.01189,0.114245
THAIZ_BODY_PLY_localMouth,C_facial_local_BLS,C_body_corrective_bls,1436,-0.160934,-0.002642,0.100183
THAIZ_BODY_PLY_localMouth,C_facial_local_BLS,C_body_corrective_bls,1437,-0.099408,-0.013157,0.059869
THAIZ_BODY_PLY_localMouth,C_facial_local_BLS,C_body_corrective_bls,1455,0.0,0.042932,0.024853
THAIZ_BODY_PLY_localMouth,C_facial_local_BLS,C_body_corrective_bls,1488,0.0,0.020511,0.00351
THAIZ_BODY_PLY_localMouth,C_facial_local_BLS,C_body_corrective_bls,1490,0.0,0.004119,0.000703
THAIZ_BODY_PLY_localMouth,C_facial_local_BLS,C_body_corrective_bls,1494,0.0,0.077876,0.190462
THAIZ_BODY_PLY_localMouth,C_facial_local_BLS,C_body_corrective_bls,1514,0.0,0.084636,0.014372
THAIZ_BODY_PLY_localMouth,C_facial_local_BLS,C_body_corrective_bls,6937,-0.001498,0.003692,0.000845
THAIZ_BODY_PLY_localMouth,C_facial_local_BLS,C_body_corrective_bls,6938,-0.005084,0.002586,0.000618
THAIZ_BODY_PLY_localMouth,C_facial_local_BLS,C_body_corrective_bls,6939,-0.005793,-0.002588,-0.001947
THAIZ_BODY_PLY_localMouth,C_facial_local_BLS,C_body_corrective_bls,6940,-6.7e-05,-0.002268,-0.001016
THAIZ_BODY_PLY_localMouth,C_facial_local_BLS,C_body_corrective_bls,6943,3e-06,-6e-06,-5e-06
THAIZ_BODY_PLY_localMouth,C_facial_local_BLS,C_body_corrective_bls,7980,0.020517,0.025813,0.006269
THAIZ_BODY_PLY_localMouth,C_facial_local_BLS,C_body_corrective_bls,7981,0.015394,0.005627,0.012078
THAIZ_BODY_PLY_localMouth,C_facial_local_BLS,C_body_corrective_bls,7983,0.045468,0.003895,0.020141
THAIZ_BODY_PLY_localMouth,C_facial_local_BLS,C_body_corrective_bls,8034,0.034284,-0.006229,0.001873
THAIZ_BODY_PLY_localMouth,C_facial_local_BLS,C_body_corrective_bls,8037,0.013094,0.014462,0.013827
THAIZ_BODY_PLY_localMouth,C_facial_local_BLS,C_body_corrective_bls,8038,0.014776,0.008752,0.011685
THAIZ_BODY_PLY_localMouth,C_facial_local_BLS,C_body_corrective_bls,8046,0.000378,-0.003082,-0.001825
THAIZ_BODY_PLY_localMouth,C_facial_local_BLS,C_body_corrective_bls,8049,-1.4e-05,-4.5e-05,-3.6e-05
THAIZ_BODY_PLY_localMouth,C_facial_local_BLS,C_body_corrective_bls,8050,-0.002398,-0.011511,-0.023241
THAIZ_BODY_PLY_localMouth,C_facial_local_BLS,C_body_corrective_bls,8088,7.6e-05,6.9e-05,-0.000144
THAIZ_BODY_PLY_localMouth,C_facial_local_BLS,C_body_corrective_bls,8089,0.022921,0.02088,-0.043387
THAIZ_BODY_PLY_localMouth,C_facial_local_BLS,C_body_corrective_bls,8090,0.061567,0.027504,-0.075471
THAIZ_BODY_PLY_localMouth,C_facial_local_BLS,C_body_corrective_bls,8091,0.054789,0.002092,-0.042361
THAIZ_BODY_PLY_localMouth,C_facial_local_BLS,C_body_corrective_bls,8092,0.014592,0.015128,0.035187
THAIZ_BODY_PLY_localMouth,C_facial_local_BLS,C_body_corrective_bls,8093,0.019439,0.025546,0.062857
THAIZ_BODY_PLY_localMouth,C_facial_local_BLS,C_body_corrective_bls,8094,0.10993,0.021853,0.064614
THAIZ_BODY_PLY_localMouth,C_facial_local_BLS,C_body_corrective_bls,8095,0.111995,0.009496,0.060224
THAIZ_BODY_PLY_localMouth,C_facial_local_BLS,C_body_corrective_bls,8096,0.078712,0.009813,0.053537
THAIZ_BODY_PLY_localMouth,C_facial_local_BLS,C_body_corrective_bls,8097,0.069255,0.0108,0.035165
THAIZ_BODY_PLY_localMouth,C_facial_local_BLS,C_body_corrective_bls,8115,0.110136,0.047574,0.08867
THAIZ_BODY_PLY_localMouth,C_facial_local_BLS,C_body_corrective_bls,8116,0.132923,0.101962,0.088534
THAIZ_BODY_PLY_localMouth,C_facial_local_BLS,C_body_corrective_bls,8117,0.100953,0.11394,0.101506
THAIZ_BODY_PLY_localMouth,C_facial_local_BLS,C_body_corrective_bls,8118,0.054828,0.11824,0.110837
THAIZ_BODY_PLY_localMouth,C_facial_local_BLS,C_body_corrective_bls,8119,-0.022986,0.089808,0.127968
THAIZ_BODY_PLY_localMouth,C_facial_local_BLS,C_body_corrective_bls,8120,-0.015135,0.066651,0.119067
THAIZ_BODY_PLY_localMouth,C_facial_local_BLS,C_body_corrective_bls,8121,-0.018772,0.070223,0.163131
THAIZ_BODY_PLY_localMouth,C_facial_local_BLS,C_body_corrective_bls,8376,-0.001025,0.003105,-0.002434
THAIZ_BODY_PLY_localMouth,C_facial_local_BLS,C_body_corrective_bls,8377,0.002711,0.022519,-0.006363
THAIZ_BODY_PLY_localMouth,C_facial_local_BLS,C_body_corrective_bls,8378,0.132189,0.009706,0.107546
THAIZ_BODY_PLY_localMouth,C_facial_local_BLS,C_body_corrective_bls,8379,0.123,-0.023513,0.101548
THAIZ_BODY_PLY_localMouth,C_facial_local_BLS,C_body_corrective_bls,8380,0.137868,0.011633,0.124707
THAIZ_BODY_PLY_localMouth,C_facial_local_BLS,C_body_corrective_bls,8381,0.122288,0.074941,0.11325
THAIZ_BODY_PLY_localMouth,C_facial_local_BLS,C_body_corrective_bls,8382,0.088025,0.113546,0.097837
THAIZ_BODY_PLY_localMouth,C_facial_local_BLS,C_body_corrective_bls,8383,0.032267,0.101555,0.091283
THAIZ_BODY_PLY_localMouth,C_facial_local_BLS,C_body_corrective_bls,8384,0.063624,0.009953,-0.025747
THAIZ_BODY_PLY_localMouth,C_facial_local_BLS,C_body_corrective_bls,8385,0.008683,0.036159,0.006328
THAIZ_BODY_PLY_localMouth,C_facial_local_BLS,C_body_corrective_bls,8386,0.014727,0.031895,-0.009248
THAIZ_BODY_PLY_localMouth,C_facial_local_BLS,C_body_corrective_bls,8387,-0.001991,-0.007425,-0.012409
THAIZ_BODY_PLY_localMouth,C_facial_local_BLS,C_body_corrective_bls,8388,0.061248,0.011624,-0.076782
THAIZ_BODY_PLY_localMouth,C_facial_local_BLS,C_body_corrective_bls,8389,0.015731,0.013931,0.072424
THAIZ_BODY_PLY_localMouth,C_facial_local_BLS,C_body_corrective_bls,8390,0.016627,0.111285,0.128004
THAIZ_BODY_PLY_localMouth,C_facial_local_BLS,C_body_corrective_bls,8424,0.040627,0.039989,-0.031662
THAIZ_BODY_PLY_localMouth,C_facial_local_BLS,C_body_corrective_bls,8425,0.080729,0.048251,-0.0513
THAIZ_BODY_PLY_localMouth,C_facial_local_BLS,C_body_corrective_bls,8426,0.08094,0.010155,-0.058156
THAIZ_BODY_PLY_localMouth,C_facial_local_BLS,C_body_corrective_bls,8427,0.045852,-0.00451,-0.02046
THAIZ_BODY_PLY_localMouth,C_facial_local_BLS,C_body_corrective_bls,8428,-0.001257,0.015926,0.033915
THAIZ_BODY_PLY_localMouth,C_facial_local_BLS,C_body_corrective_bls,8429,0.106438,0.012871,0.146125
THAIZ_BODY_PLY_localMouth,C_facial_local_BLS,C_body_corrective_bls,8430,0.157659,0.00186,0.111541
THAIZ_BODY_PLY_localMouth,C_facial_local_BLS,C_body_corrective_bls,8431,0.159599,0.004339,0.092473
THAIZ_BODY_PLY_localMouth,C_facial_local_BLS,C_body_corrective_bls,8432,0.123702,0.008,0.080456
THAIZ_BODY_PLY_localMouth,C_facial_local_BLS,C_body_corrective_bls,8433,0.087685,-0.000161,0.054504
THAIZ_BODY_PLY_localMouth,C_facial_local_BLS,C_body_corrective_bls,8451,0.005995,0.009438,-0.036124
THAIZ_BODY_PLY_localMouth,C_facial_local_BLS,C_body_corrective_bls,8452,0.024019,0.009756,-0.06341
THAIZ_BODY_PLY_localMouth,C_facial_local_BLS,C_body_corrective_bls,8453,0.029983,0.009536,-0.076435
THAIZ_BODY_PLY_localMouth,C_facial_local_BLS,C_body_corrective_bls,8454,0.067472,0.052166,-0.127918
THAIZ_BODY_PLY_localMouth,C_facial_local_BLS,C_body_corrective_bls,8455,0.078616,0.049383,-0.035064
THAIZ_BODY_PLY_localMouth,C_facial_local_BLS,C_body_corrective_bls,8456,0.028925,0.025271,0.048832
THAIZ_BODY_PLY_localMouth,C_facial_local_BLS,C_body_corrective_bls,8457,0.064761,0.019768,0.014839
THAIZ_BODY_PLY_localMouth,C_facial_local_BLS,C_body_corrective_bls,8458,0.03433,0.00097,0.015356
THAIZ_BODY_PLY_localMouth,C_facial_local_BLS,C_body_corrective_bls,8459,0.01858,0.002966,0.011387
THAIZ_BODY_PLY_localMouth,C_facial_local_BLS,C_body_corrective_bls,8460,0.032011,0.008234,-0.010364
THAIZ_BODY_PLY_localMouth,C_facial_local_BLS,C_body_corrective_bls,8497,0.000429,0.003532,0.000596
THAIZ_BODY_PLY_localMouth,C_facial_local_BLS,C_body_corrective_bls,8498,-0.012771,0.076006,0.183002
THAIZ_BODY_PLY_localMouth,C_facial_local_BLS,C_body_corrective_bls,8535,0.000602,0.043069,0.024721
THAIZ_BODY_PLY_localMouth,C_facial_local_BLS,C_body_corrective_bls,8541,0.001859,0.015851,0.002825
THAIZ_BODY_PLY_localMouth,C_facial_local_BLS,C_body_corrective_bls,8775,-0.003071,0.052085,-0.002157
THAIZ_BODY_PLY_localMouth,C_facial_local_BLS,C_body_corrective_bls,8776,0.00274,0.017702,-0.002334
THAIZ_BODY_PLY_localMouth,C_facial_local_BLS,C_body_corrective_bls,8777,0.050188,0.044284,-0.021665
THAIZ_BODY_PLY_localMouth,C_facial_local_BLS,C_body_corrective_bls,8778,0.032651,0.015383,-0.008663
THAIZ_BODY_PLY_localMouth,C_facial_local_BLS,C_body_corrective_bls,8779,-0.005974,-0.012011,-0.01934
THAIZ_BODY_PLY_localMouth,C_facial_local_BLS,C_body_corrective_bls,8780,0.000778,-0.002663,7.9e-05
THAIZ_BODY_PLY_localMouth,C_facial_local_BLS,C_body_corrective_bls,8781,0.148466,-0.011536,0.150877
THAIZ_BODY_PLY_localMouth,C_facial_local_BLS,C_body_corrective_bls,8782,0.150831,-0.020281,0.132336
THAIZ_BODY_PLY_localMouth,C_facial_local_BLS,C_body_corrective_bls,8783,0.167809,-0.021752,0.121214
THAIZ_BODY_PLY_localMouth,C_facial_local_BLS,C_body_corrective_bls,8784,0.162955,0.001348,0.111656
THAIZ_BODY_PLY_localMouth,C_facial_local_BLS,C_body_corrective_bls,8785,0.079693,-0.007874,0.051881
THAIZ_BODY_PLY_localMouth,C_facial_local_BLS,C_body_corrective_bls,8786,0.000162,2.9e-05,-6.1e-05
THAIZ_BODY_PLY_localMouth,C_facial_local_BLS,C_body_corrective_bls,8855,0.009738,0.08313,0.014818
THAIZ_BODY_PLY_localMouth,C_facial_local_BLS,C_body_corrective_bls,8856,0.016432,0.081959,0.016116
THAIZ_BODY_PLY_localMouth,C_facial_local_BLS,C_body_corrective_bls,8857,0.041413,0.088899,-0.005501
THAIZ_BODY_PLY_localMouth,C_facial_local_BLS,C_body_corrective_bls,8858,0.091098,0.076588,-0.023405
THAIZ_BODY_PLY_localMouth,C_facial_local_BLS,C_body_corrective_bls,8859,0.068507,0.020403,-0.026144
THAIZ_BODY_PLY_localMouth,C_facial_local_BLS,C_body_corrective_bls,8860,0.04018,0.021319,-0.001049
THAIZ_BODY_PLY_localMouth,C_facial_local_BLS,C_body_corrective_bls,8861,0.025032,0.023947,0.029513
THAIZ_BODY_PLY_localMouth,C_facial_local_BLS,C_body_corrective_bls,8862,0.15099,-0.015632,0.166625
THAIZ_BODY_PLY_localMouth,C_facial_local_BLS,C_body_corrective_bls,8863,0.170377,-0.016256,0.139066
THAIZ_BODY_PLY_localMouth,C_facial_local_BLS,C_body_corrective_bls,8864,0.176979,-0.01189,0.114245
THAIZ_BODY_PLY_localMouth,C_facial_local_BLS,C_body_corrective_bls,8865,0.160934,-0.002642,0.100183
THAIZ_BODY_PLY_localMouth,C_facial_local_BLS,C_body_corrective_bls,8866,0.099408,-0.013157,0.059869
THAIZ_BODY_PLY_localMouth,C_facial_local_BLS,C_body_corrective_bls,14180,-3e-06,-6e-06,-5e-06
THAIZ_BODY_PLY_localMouth,C_facial_local_BLS,C_body_corrective_bls,14184,0.001498,0.003692,0.000845
THAIZ_BODY_PLY_localMouth,C_facial_local_BLS,C_body_corrective_bls,14185,0.005084,0.002586,0.000618
THAIZ_BODY_PLY_localMouth,C_facial_local_BLS,C_body_corrective_bls,14186,0.005793,-0.002588,-0.001947
THAIZ_BODY_PLY_localMouth,C_facial_local_BLS,C_body_corrective_bls,14187,6.7e-05,-0.002268,-0.001016
THAIZ_BODY_PLY_localMouth,C_facial_local_BLS,C_body_corrective_bls,14190,-3e-06,-6e-06,-5e-06
