mesh,bs_node,target,vtx_idx,dx,dy,dz
THAIZ_BODY_PLY,C_facial_local_BLS,l_out_mouth_bls,4,-0.001696,0.001235,0.001421
THAIZ_BODY_PLY,C_facial_local_BLS,l_out_mouth_bls,5,-0.040637,0.030425,0.035963
THAIZ_BODY_PLY,C_facial_local_BLS,l_out_mouth_bls,6,-0.040367,0.031408,0.039835
THAIZ_BODY_PLY,C_facial_local_BLS,l_out_mouth_bls,7,-0.000173,0.00014,0.000192
THAIZ_BODY_PLY,C_facial_local_BLS,l_out_mouth_bls,9,0.135473,-0.061231,0.111806
THAIZ_BODY_PLY,C_facial_local_BLS,l_out_mouth_bls,10,0.033304,-0.031651,0.253521
THAIZ_BODY_PLY,C_facial_local_BLS,l_out_mouth_bls,11,0.033905,0.011347,0.298919
THAIZ_BODY_PLY,C_facial_local_BLS,l_out_mouth_bls,24,-0.000715,0.00051,0.000576
THAIZ_BODY_PLY,C_facial_local_BLS,l_out_mouth_bls,25,-0.059646,0.0434,0.049581
THAIZ_BODY_PLY,C_facial_local_BLS,l_out_mouth_bls,26,-0.140128,0.104423,0.122696
THAIZ_BODY_PLY,C_facial_local_BLS,l_out_mouth_bls,27,-0.102642,0.079258,0.099754
THAIZ_BODY_PLY,C_facial_local_BLS,l_out_mouth_bls,28,-0.001944,0.001555,0.002112
THAIZ_BODY_PLY,C_facial_local_BLS,l_out_mouth_bls,30,0.04234,-0.092675,0.070771
THAIZ_BODY_PLY,C_facial_local_BLS,l_out_mouth_bls,31,-0.000724,-0.000889,0.002784
THAIZ_BODY_PLY,C_facial_local_BLS,l_out_mouth_bls,32,-0.000599,0.014655,0.106259
THAIZ_BODY_PLY,C_facial_local_BLS,l_out_mouth_bls,33,-0.000133,0.000297,0.001307
THAIZ_BODY_PLY,C_facial_local_BLS,l_out_mouth_bls,44,-4e-06,3e-06,3e-06
THAIZ_BODY_PLY,C_facial_local_BLS,l_out_mouth_bls,45,-0.009998,0.007054,0.007819
THAIZ_BODY_PLY,C_facial_local_BLS,l_out_mouth_bls,46,-0.123641,0.088763,0.099279
THAIZ_BODY_PLY,C_facial_local_BLS,l_out_mouth_bls,47,-0.200551,0.146792,0.168405
THAIZ_BODY_PLY,C_facial_local_BLS,l_out_mouth_bls,48,-0.13715,0.103202,0.126194
THAIZ_BODY_PLY,C_facial_local_BLS,l_out_mouth_bls,49,-0.01262,0.009741,0.012794
THAIZ_BODY_PLY,C_facial_local_BLS,l_out_mouth_bls,51,-6.6e-05,-4.1e-05,8.4e-05
THAIZ_BODY_PLY,C_facial_local_BLS,l_out_mouth_bls,52,-0.000869,-0.024229,0.037759
THAIZ_BODY_PLY,C_facial_local_BLS,l_out_mouth_bls,53,-0.032631,0.032765,0.289286
THAIZ_BODY_PLY,C_facial_local_BLS,l_out_mouth_bls,54,0.000616,0.001165,0.009272
THAIZ_BODY_PLY,C_facial_local_BLS,l_out_mouth_bls,66,-0.000452,0.000302,0.000293
THAIZ_BODY_PLY,C_facial_local_BLS,l_out_mouth_bls,67,-0.049055,0.033105,0.032426
THAIZ_BODY_PLY,C_facial_local_BLS,l_out_mouth_bls,68,-0.163899,0.111477,0.111303
THAIZ_BODY_PLY,C_facial_local_BLS,l_out_mouth_bls,69,-0.152435,0.104535,0.108752
THAIZ_BODY_PLY,C_facial_local_BLS,l_out_mouth_bls,70,-0.083256,0.057428,0.062696
THAIZ_BODY_PLY,C_facial_local_BLS,l_out_mouth_bls,71,-0.002336,0.001603,0.001725
THAIZ_BODY_PLY,C_facial_local_BLS,l_out_mouth_bls,75,-0.008431,0.004779,-0.017678
THAIZ_BODY_PLY,C_facial_local_BLS,l_out_mouth_bls,87,-0.001548,0.001022,0.000929
THAIZ_BODY_PLY,C_facial_local_BLS,l_out_mouth_bls,88,-0.050482,0.033405,0.030685
THAIZ_BODY_PLY,C_facial_local_BLS,l_out_mouth_bls,89,-0.087246,0.057852,0.054102
THAIZ_BODY_PLY,C_facial_local_BLS,l_out_mouth_bls,90,-0.065168,0.043242,0.041309
THAIZ_BODY_PLY,C_facial_local_BLS,l_out_mouth_bls,91,-0.020104,0.01333,0.012668
THAIZ_BODY_PLY,C_facial_local_BLS,l_out_mouth_bls,92,-0.00027,0.000179,0.000162
THAIZ_BODY_PLY,C_facial_local_BLS,l_out_mouth_bls,173,-0.000153,0.0001,8.8e-05
THAIZ_BODY_PLY,C_facial_local_BLS,l_out_mouth_bls,174,-0.002399,0.00157,0.001395
THAIZ_BODY_PLY,C_facial_local_BLS,l_out_mouth_bls,175,-0.003652,0.002391,0.002133
THAIZ_BODY_PLY,C_facial_local_BLS,l_out_mouth_bls,176,-0.000526,0.000344,0.000307
THAIZ_BODY_PLY,C_facial_local_BLS,l_out_mouth_bls,177,-5e-06,3e-06,3e-06
THAIZ_BODY_PLY,C_facial_local_BLS,l_out_mouth_bls,348,-2.4e-05,1.6e-05,1.7e-05
THAIZ_BODY_PLY,C_facial_local_BLS,l_out_mouth_bls,349,-0.011171,0.007719,0.008171
THAIZ_BODY_PLY,C_facial_local_BLS,l_out_mouth_bls,350,-0.118217,0.082741,0.088389
THAIZ_BODY_PLY,C_facial_local_BLS,l_out_mouth_bls,351,-0.223244,0.158495,0.173311
THAIZ_BODY_PLY,C_facial_local_BLS,l_out_mouth_bls,352,-0.165743,0.119941,0.138952
THAIZ_BODY_PLY,C_facial_local_BLS,l_out_mouth_bls,353,-0.045387,0.033414,0.041367
THAIZ_BODY_PLY,C_facial_local_BLS,l_out_mouth_bls,356,0.019147,-0.027927,0.021969
THAIZ_BODY_PLY,C_facial_local_BLS,l_out_mouth_bls,357,0.009285,-0.008812,0.26442
THAIZ_BODY_PLY,C_facial_local_BLS,l_out_mouth_bls,358,0.000209,6e-06,0.001371
THAIZ_BODY_PLY,C_facial_local_BLS,l_out_mouth_bls,420,0.005419,-0.000158,0.00441
THAIZ_BODY_PLY,C_facial_local_BLS,l_out_mouth_bls,422,-0.014698,0.010825,0.009067
THAIZ_BODY_PLY,C_facial_local_BLS,l_out_mouth_bls,431,-0.046632,0.033136,0.026773
THAIZ_BODY_PLY,C_facial_local_BLS,l_out_mouth_bls,469,5.8e-05,3.6e-05,1.3e-05
THAIZ_BODY_PLY,C_facial_local_BLS,l_out_mouth_bls,472,0.002786,0.006953,0.005954
THAIZ_BODY_PLY,C_facial_local_BLS,l_out_mouth_bls,473,-0.045176,0.039338,0.034735
THAIZ_BODY_PLY,C_facial_local_BLS,l_out_mouth_bls,474,0.064023,-0.095355,0.085397
THAIZ_BODY_PLY,C_facial_local_BLS,l_out_mouth_bls,475,0.057607,-0.129651,0.095554
THAIZ_BODY_PLY,C_facial_local_BLS,l_out_mouth_bls,476,0.015475,-0.094178,0.077882
THAIZ_BODY_PLY,C_facial_local_BLS,l_out_mouth_bls,477,-0.009513,0.025837,0.019777
THAIZ_BODY_PLY,C_facial_local_BLS,l_out_mouth_bls,478,0.045781,0.018552,0.058169
THAIZ_BODY_PLY,C_facial_local_BLS,l_out_mouth_bls,479,0.094322,0.039991,0.008768
THAIZ_BODY_PLY,C_facial_local_BLS,l_out_mouth_bls,480,-0.010644,0.123003,-0.064449
THAIZ_BODY_PLY,C_facial_local_BLS,l_out_mouth_bls,481,-0.044438,0.098089,0.066696
THAIZ_BODY_PLY,C_facial_local_BLS,l_out_mouth_bls,482,-0.021808,0.052641,-0.087342
THAIZ_BODY_PLY,C_facial_local_BLS,l_out_mouth_bls,483,-0.017719,0.081815,-0.084703
THAIZ_BODY_PLY,C_facial_local_BLS,l_out_mouth_bls,484,0.003096,-0.004657,0.001581
THAIZ_BODY_PLY,C_facial_local_BLS,l_out_mouth_bls,485,-0.000121,9.7e-05,-6.1e-05
THAIZ_BODY_PLY,C_facial_local_BLS,l_out_mouth_bls,486,0.018318,0.097112,0.043475
THAIZ_BODY_PLY,C_facial_local_BLS,l_out_mouth_bls,491,0.072959,0.050304,0.053025
THAIZ_BODY_PLY,C_facial_local_BLS,l_out_mouth_bls,495,0.010288,0.010214,0.005471
THAIZ_BODY_PLY,C_facial_local_BLS,l_out_mouth_bls,496,-0.098137,0.081278,0.064566
THAIZ_BODY_PLY,C_facial_local_BLS,l_out_mouth_bls,497,-0.107091,0.05781,0.164494
THAIZ_BODY_PLY,C_facial_local_BLS,l_out_mouth_bls,498,-0.177478,-0.007774,0.208443
THAIZ_BODY_PLY,C_facial_local_BLS,l_out_mouth_bls,499,-0.196027,-0.120691,0.173956
THAIZ_BODY_PLY,C_facial_local_BLS,l_out_mouth_bls,500,-0.089892,-0.178772,0.081427
THAIZ_BODY_PLY,C_facial_local_BLS,l_out_mouth_bls,510,-0.003433,-0.191538,0.095354
THAIZ_BODY_PLY,C_facial_local_BLS,l_out_mouth_bls,511,-0.042465,-0.076686,0.13831
THAIZ_BODY_PLY,C_facial_local_BLS,l_out_mouth_bls,512,-0.002694,0.04776,0.075431
THAIZ_BODY_PLY,C_facial_local_BLS,l_out_mouth_bls,515,0.000685,0.000285,-3e-05
THAIZ_BODY_PLY,C_facial_local_BLS,l_out_mouth_bls,516,0.004058,0.003403,0.007692
THAIZ_BODY_PLY,C_facial_local_BLS,l_out_mouth_bls,525,-0.514723,-0.035884,0.197858
THAIZ_BODY_PLY,C_facial_local_BLS,l_out_mouth_bls,526,-0.482271,0.072136,0.280561
THAIZ_BODY_PLY,C_facial_local_BLS,l_out_mouth_bls,527,-0.341017,-0.062753,0.240999
THAIZ_BODY_PLY,C_facial_local_BLS,l_out_mouth_bls,528,-0.015462,-0.039039,0.003158
THAIZ_BODY_PLY,C_facial_local_BLS,l_out_mouth_bls,529,-0.182238,0.09552,0.118835
THAIZ_BODY_PLY,C_facial_local_BLS,l_out_mouth_bls,530,0.028338,0.031085,0.067551
THAIZ_BODY_PLY,C_facial_local_BLS,l_out_mouth_bls,531,0.012958,0.005056,-0.007772
THAIZ_BODY_PLY,C_facial_local_BLS,l_out_mouth_bls,532,-0.002532,0.019937,0.013615
THAIZ_BODY_PLY,C_facial_local_BLS,l_out_mouth_bls,533,0.006152,0.037931,0.058399
THAIZ_BODY_PLY,C_facial_local_BLS,l_out_mouth_bls,534,0.006955,0.000978,-0.002267
THAIZ_BODY_PLY,C_facial_local_BLS,l_out_mouth_bls,535,0.001532,0.000893,6.4e-05
THAIZ_BODY_PLY,C_facial_local_BLS,l_out_mouth_bls,536,0.012112,0.002711,0.004627
THAIZ_BODY_PLY,C_facial_local_BLS,l_out_mouth_bls,537,0.013648,-0.015512,0.011654
THAIZ_BODY_PLY,C_facial_local_BLS,l_out_mouth_bls,538,0.009795,-0.04395,0.026047
THAIZ_BODY_PLY,C_facial_local_BLS,l_out_mouth_bls,539,0.016121,0.00084,0.016169
THAIZ_BODY_PLY,C_facial_local_BLS,l_out_mouth_bls,540,-0.005739,-0.04039,0.083067
THAIZ_BODY_PLY,C_facial_local_BLS,l_out_mouth_bls,541,0.165577,0.039606,0.104926
THAIZ_BODY_PLY,C_facial_local_BLS,l_out_mouth_bls,542,-0.021202,-0.057405,0.071348
THAIZ_BODY_PLY,C_facial_local_BLS,l_out_mouth_bls,543,-0.160339,0.114214,0.091681
THAIZ_BODY_PLY,C_facial_local_BLS,l_out_mouth_bls,544,-0.00027,-0.005226,0.003984
THAIZ_BODY_PLY,C_facial_local_BLS,l_out_mouth_bls,545,0.0486,-0.034836,0.075737
THAIZ_BODY_PLY,C_facial_local_BLS,l_out_mouth_bls,546,0.041245,0.037713,0.055328
THAIZ_BODY_PLY,C_facial_local_BLS,l_out_mouth_bls,547,-0.002581,0.001936,0.002288
THAIZ_BODY_PLY,C_facial_local_BLS,l_out_mouth_bls,548,-0.000306,0.000248,0.00034
THAIZ_BODY_PLY,C_facial_local_BLS,l_out_mouth_bls,550,-0.287704,-0.1404,0.12378
THAIZ_BODY_PLY,C_facial_local_BLS,l_out_mouth_bls,551,0.103199,0.024776,0.04667
THAIZ_BODY_PLY,C_facial_local_BLS,l_out_mouth_bls,552,-0.053169,0.037171,0.326408
THAIZ_BODY_PLY,C_facial_local_BLS,l_out_mouth_bls,553,-0.435991,-0.085425,0.048259
THAIZ_BODY_PLY,C_facial_local_BLS,l_out_mouth_bls,554,-0.086101,0.032736,0.345895
THAIZ_BODY_PLY,C_facial_local_BLS,l_out_mouth_bls,555,-0.412936,0.06412,0.193741
THAIZ_BODY_PLY,C_facial_local_BLS,l_out_mouth_bls,556,-0.021633,-0.040869,0.008726
THAIZ_BODY_PLY,C_facial_local_BLS,l_out_mouth_bls,557,-0.044892,-0.040278,0.021528
THAIZ_BODY_PLY,C_facial_local_BLS,l_out_mouth_bls,558,-0.061312,-0.035861,0.038716
THAIZ_BODY_PLY,C_facial_local_BLS,l_out_mouth_bls,559,-0.056759,-0.023452,0.052833
THAIZ_BODY_PLY,C_facial_local_BLS,l_out_mouth_bls,560,0.012658,0.006054,0.076783
THAIZ_BODY_PLY,C_facial_local_BLS,l_out_mouth_bls,561,-0.040852,-0.013786,0.08944
THAIZ_BODY_PLY,C_facial_local_BLS,l_out_mouth_bls,562,0.079735,-0.032313,0.071513
THAIZ_BODY_PLY,C_facial_local_BLS,l_out_mouth_bls,563,-0.110183,0.121722,0.065379
THAIZ_BODY_PLY,C_facial_local_BLS,l_out_mouth_bls,564,-0.022282,0.017357,0.022044
THAIZ_BODY_PLY,C_facial_local_BLS,l_out_mouth_bls,565,-0.010266,-0.035218,-0.005216
THAIZ_BODY_PLY,C_facial_local_BLS,l_out_mouth_bls,576,0.006078,-0.005289,0.008152
THAIZ_BODY_PLY,C_facial_local_BLS,l_out_mouth_bls,579,0.000472,-0.000513,0.001036
THAIZ_BODY_PLY,C_facial_local_BLS,l_out_mouth_bls,582,0.008276,-0.01549,0.010023
THAIZ_BODY_PLY,C_facial_local_BLS,l_out_mouth_bls,583,0.020088,-0.022832,0.020227
THAIZ_BODY_PLY,C_facial_local_BLS,l_out_mouth_bls,584,0.00879,-0.016327,-0.010411
THAIZ_BODY_PLY,C_facial_local_BLS,l_out_mouth_bls,585,0.035314,0.003278,0.001154
THAIZ_BODY_PLY,C_facial_local_BLS,l_out_mouth_bls,586,-0.00199,-0.029868,-0.006708
THAIZ_BODY_PLY,C_facial_local_BLS,l_out_mouth_bls,587,0.003186,-0.006192,0.00225
THAIZ_BODY_PLY,C_facial_local_BLS,l_out_mouth_bls,588,0.009242,-0.014188,0.004157
THAIZ_BODY_PLY,C_facial_local_BLS,l_out_mouth_bls,589,0.026081,-0.000255,-0.004857
THAIZ_BODY_PLY,C_facial_local_BLS,l_out_mouth_bls,590,0.039022,0.014484,0.049827
THAIZ_BODY_PLY,C_facial_local_BLS,l_out_mouth_bls,591,0.037642,-0.034739,0.058235
THAIZ_BODY_PLY,C_facial_local_BLS,l_out_mouth_bls,592,0.206159,-0.010157,0.068237
THAIZ_BODY_PLY,C_facial_local_BLS,l_out_mouth_bls,593,0.02215,0.016037,0.036452
THAIZ_BODY_PLY,C_facial_local_BLS,l_out_mouth_bls,594,0.090824,0.012007,0.04789
THAIZ_BODY_PLY,C_facial_local_BLS,l_out_mouth_bls,595,0.000788,-0.001656,0.001291
THAIZ_BODY_PLY,C_facial_local_BLS,l_out_mouth_bls,596,0.003069,-0.00671,0.003647
THAIZ_BODY_PLY,C_facial_local_BLS,l_out_mouth_bls,597,0.017128,-0.006012,-0.010898
THAIZ_BODY_PLY,C_facial_local_BLS,l_out_mouth_bls,604,-0.18583,0.103415,0.127391
THAIZ_BODY_PLY,C_facial_local_BLS,l_out_mouth_bls,605,-0.022536,0.014901,0.143799
THAIZ_BODY_PLY,C_facial_local_BLS,l_out_mouth_bls,606,-0.261273,0.102079,0.195717
THAIZ_BODY_PLY,C_facial_local_BLS,l_out_mouth_bls,607,-0.073074,0.089856,0.053746
THAIZ_BODY_PLY,C_facial_local_BLS,l_out_mouth_bls,608,-0.031696,0.089558,0.021
THAIZ_BODY_PLY,C_facial_local_BLS,l_out_mouth_bls,609,3.6e-05,4.9e-05,0.000151
THAIZ_BODY_PLY,C_facial_local_BLS,l_out_mouth_bls,610,0.029116,0.010056,-0.045146
THAIZ_BODY_PLY,C_facial_local_BLS,l_out_mouth_bls,611,0.054332,0.031667,-0.07511
THAIZ_BODY_PLY,C_facial_local_BLS,l_out_mouth_bls,612,0.057869,0.020552,-0.062335
THAIZ_BODY_PLY,C_facial_local_BLS,l_out_mouth_bls,613,0.015817,0.00093,-0.017047
THAIZ_BODY_PLY,C_facial_local_BLS,l_out_mouth_bls,646,-0.005881,-0.053297,0.02096
THAIZ_BODY_PLY,C_facial_local_BLS,l_out_mouth_bls,647,-0.017167,-0.06318,0.032355
THAIZ_BODY_PLY,C_facial_local_BLS,l_out_mouth_bls,648,-0.018058,-0.057148,0.040283
THAIZ_BODY_PLY,C_facial_local_BLS,l_out_mouth_bls,649,-0.025778,-0.048229,0.047044
THAIZ_BODY_PLY,C_facial_local_BLS,l_out_mouth_bls,650,-0.038306,-0.036762,0.10292
THAIZ_BODY_PLY,C_facial_local_BLS,l_out_mouth_bls,651,0.013948,-0.021119,0.087108
THAIZ_BODY_PLY,C_facial_local_BLS,l_out_mouth_bls,652,0.040622,-0.013144,0.059298
THAIZ_BODY_PLY,C_facial_local_BLS,l_out_mouth_bls,653,0.034193,-0.009866,0.006893
THAIZ_BODY_PLY,C_facial_local_BLS,l_out_mouth_bls,654,0.022888,-0.009846,-0.001452
THAIZ_BODY_PLY,C_facial_local_BLS,l_out_mouth_bls,655,0.012854,-0.01124,-0.002428
THAIZ_BODY_PLY,C_facial_local_BLS,l_out_mouth_bls,656,0.00777,-0.011212,0.004213
THAIZ_BODY_PLY,C_facial_local_BLS,l_out_mouth_bls,657,0.008832,-0.02348,0.009873
THAIZ_BODY_PLY,C_facial_local_BLS,l_out_mouth_bls,658,0.007985,-0.037398,0.015008
THAIZ_BODY_PLY,C_facial_local_BLS,l_out_mouth_bls,664,0.011413,0.01205,0.057972
THAIZ_BODY_PLY,C_facial_local_BLS,l_out_mouth_bls,665,-0.104006,0.035168,0.282486
THAIZ_BODY_PLY,C_facial_local_BLS,l_out_mouth_bls,666,-0.258184,0.02486,0.431468
THAIZ_BODY_PLY,C_facial_local_BLS,l_out_mouth_bls,667,-0.232655,0.016499,0.353764
THAIZ_BODY_PLY,C_facial_local_BLS,l_out_mouth_bls,668,-0.062137,-0.014384,0.092581
THAIZ_BODY_PLY,C_facial_local_BLS,l_out_mouth_bls,670,-0.040051,0.032467,0.044556
THAIZ_BODY_PLY,C_facial_local_BLS,l_out_mouth_bls,671,-0.080128,0.06243,0.079265
THAIZ_BODY_PLY,C_facial_local_BLS,l_out_mouth_bls,672,-0.013551,0.01042,0.012121
THAIZ_BODY_PLY,C_facial_local_BLS,l_out_mouth_bls,673,0.002216,-0.000625,0.00136
THAIZ_BODY_PLY,C_facial_local_BLS,l_out_mouth_bls,674,0.000448,-0.000177,0.000627
THAIZ_BODY_PLY,C_facial_local_BLS,l_out_mouth_bls,675,1e-06,-0.0,2e-06
THAIZ_BODY_PLY,C_facial_local_BLS,l_out_mouth_bls,676,0.005062,0.012695,0.013907
THAIZ_BODY_PLY,C_facial_local_BLS,l_out_mouth_bls,677,0.058115,0.015551,0.022965
THAIZ_BODY_PLY,C_facial_local_BLS,l_out_mouth_bls,678,0.125224,0.014976,0.053889
THAIZ_BODY_PLY,C_facial_local_BLS,l_out_mouth_bls,679,-0.019412,0.065565,0.072108
THAIZ_BODY_PLY,C_facial_local_BLS,l_out_mouth_bls,680,-0.188802,0.148567,0.123202
THAIZ_BODY_PLY,C_facial_local_BLS,l_out_mouth_bls,681,-0.148368,0.107097,0.094983
THAIZ_BODY_PLY,C_facial_local_BLS,l_out_mouth_bls,682,-0.008209,-0.000759,-0.0026
THAIZ_BODY_PLY,C_facial_local_BLS,l_out_mouth_bls,683,-0.164656,-0.03311,-0.026228
THAIZ_BODY_PLY,C_facial_local_BLS,l_out_mouth_bls,684,-0.142169,-0.04257,-0.152716
THAIZ_BODY_PLY,C_facial_local_BLS,l_out_mouth_bls,685,-0.163801,0.100068,-0.016868
THAIZ_BODY_PLY,C_facial_local_BLS,l_out_mouth_bls,686,-0.124889,0.105433,0.073722
THAIZ_BODY_PLY,C_facial_local_BLS,l_out_mouth_bls,687,-0.002127,0.085855,0.000597
THAIZ_BODY_PLY,C_facial_local_BLS,l_out_mouth_bls,688,0.033619,0.01541,-0.040682
THAIZ_BODY_PLY,C_facial_local_BLS,l_out_mouth_bls,689,0.002109,0.000521,-0.00213
THAIZ_BODY_PLY,C_facial_local_BLS,l_out_mouth_bls,699,3e-05,-2.2e-05,5e-06
THAIZ_BODY_PLY,C_facial_local_BLS,l_out_mouth_bls,724,-0.272501,0.18318,0.222782
THAIZ_BODY_PLY,C_facial_local_BLS,l_out_mouth_bls,725,-0.321167,0.200031,0.271698
THAIZ_BODY_PLY,C_facial_local_BLS,l_out_mouth_bls,726,-0.053945,0.128953,0.079696
THAIZ_BODY_PLY,C_facial_local_BLS,l_out_mouth_bls,727,0.037858,0.062968,0.0656
THAIZ_BODY_PLY,C_facial_local_BLS,l_out_mouth_bls,728,0.117229,0.003269,0.06485
THAIZ_BODY_PLY,C_facial_local_BLS,l_out_mouth_bls,729,0.146965,-0.006419,0.095466
THAIZ_BODY_PLY,C_facial_local_BLS,l_out_mouth_bls,730,0.034291,-0.008461,0.056857
THAIZ_BODY_PLY,C_facial_local_BLS,l_out_mouth_bls,731,0.010466,-0.007571,0.034771
THAIZ_BODY_PLY,C_facial_local_BLS,l_out_mouth_bls,732,-0.182285,0.177159,0.196785
THAIZ_BODY_PLY,C_facial_local_BLS,l_out_mouth_bls,733,-0.20928,0.105735,0.265246
THAIZ_BODY_PLY,C_facial_local_BLS,l_out_mouth_bls,734,0.060586,0.069861,0.063847
THAIZ_BODY_PLY,C_facial_local_BLS,l_out_mouth_bls,735,0.099072,-0.00014,0.048248
THAIZ_BODY_PLY,C_facial_local_BLS,l_out_mouth_bls,736,0.097044,-0.02687,0.063136
THAIZ_BODY_PLY,C_facial_local_BLS,l_out_mouth_bls,737,0.061096,-0.023677,0.070399
THAIZ_BODY_PLY,C_facial_local_BLS,l_out_mouth_bls,738,0.01801,-0.020016,0.033138
THAIZ_BODY_PLY,C_facial_local_BLS,l_out_mouth_bls,739,0.009072,-0.015816,0.017866
THAIZ_BODY_PLY,C_facial_local_BLS,l_out_mouth_bls,740,-0.000322,0.000757,0.000622
THAIZ_BODY_PLY,C_facial_local_BLS,l_out_mouth_bls,748,3e-06,-2e-06,0.0
THAIZ_BODY_PLY,C_facial_local_BLS,l_out_mouth_bls,749,8.7e-05,-3.9e-05,1.6e-05
THAIZ_BODY_PLY,C_facial_local_BLS,l_out_mouth_bls,752,0.044608,-0.018385,0.005545
THAIZ_BODY_PLY,C_facial_local_BLS,l_out_mouth_bls,753,0.027303,-0.018397,0.005116
THAIZ_BODY_PLY,C_facial_local_BLS,l_out_mouth_bls,754,0.039095,-0.024364,0.007315
THAIZ_BODY_PLY,C_facial_local_BLS,l_out_mouth_bls,755,-0.007199,-0.101584,0.023453
THAIZ_BODY_PLY,C_facial_local_BLS,l_out_mouth_bls,756,-0.087094,-0.133054,-0.006402
THAIZ_BODY_PLY,C_facial_local_BLS,l_out_mouth_bls,757,-0.108546,-0.117006,-0.027521
THAIZ_BODY_PLY,C_facial_local_BLS,l_out_mouth_bls,758,-0.148616,-0.105708,-0.014904
THAIZ_BODY_PLY,C_facial_local_BLS,l_out_mouth_bls,759,-0.131169,-0.009559,0.054778
THAIZ_BODY_PLY,C_facial_local_BLS,l_out_mouth_bls,760,0.069224,-0.028968,0.032648
THAIZ_BODY_PLY,C_facial_local_BLS,l_out_mouth_bls,761,0.005027,0.095091,0.154933
THAIZ_BODY_PLY,C_facial_local_BLS,l_out_mouth_bls,762,0.031529,-0.020805,0.01583
THAIZ_BODY_PLY,C_facial_local_BLS,l_out_mouth_bls,763,0.00899,-0.046956,0.007658
THAIZ_BODY_PLY,C_facial_local_BLS,l_out_mouth_bls,764,-0.03146,-0.061918,-0.003209
THAIZ_BODY_PLY,C_facial_local_BLS,l_out_mouth_bls,765,-0.049395,-0.056505,0.003511
THAIZ_BODY_PLY,C_facial_local_BLS,l_out_mouth_bls,766,-0.029036,-0.02724,0.028837
THAIZ_BODY_PLY,C_facial_local_BLS,l_out_mouth_bls,767,0.059204,-0.035115,0.021252
THAIZ_BODY_PLY,C_facial_local_BLS,l_out_mouth_bls,768,0.043491,-0.01605,0.045125
THAIZ_BODY_PLY,C_facial_local_BLS,l_out_mouth_bls,769,0.019566,-0.002348,0.00363
THAIZ_BODY_PLY,C_facial_local_BLS,l_out_mouth_bls,770,0.03593,-0.012607,0.002231
THAIZ_BODY_PLY,C_facial_local_BLS,l_out_mouth_bls,771,0.014612,-0.026412,0.000724
THAIZ_BODY_PLY,C_facial_local_BLS,l_out_mouth_bls,772,0.009788,-0.030453,0.003456
THAIZ_BODY_PLY,C_facial_local_BLS,l_out_mouth_bls,773,0.018277,-0.025873,0.012285
THAIZ_BODY_PLY,C_facial_local_BLS,l_out_mouth_bls,774,0.043279,-0.028146,0.011113
THAIZ_BODY_PLY,C_facial_local_BLS,l_out_mouth_bls,775,0.034093,-0.022342,0.018184
THAIZ_BODY_PLY,C_facial_local_BLS,l_out_mouth_bls,779,0.012568,-0.008684,0.002134
THAIZ_BODY_PLY,C_facial_local_BLS,l_out_mouth_bls,780,0.024583,-0.010694,-0.000528
THAIZ_BODY_PLY,C_facial_local_BLS,l_out_mouth_bls,781,0.02399,-0.016043,0.004049
THAIZ_BODY_PLY,C_facial_local_BLS,l_out_mouth_bls,782,0.027086,-0.016858,0.005235
THAIZ_BODY_PLY,C_facial_local_BLS,l_out_mouth_bls,783,0.032226,-0.018413,0.001756
THAIZ_BODY_PLY,C_facial_local_BLS,l_out_mouth_bls,784,0.012013,-0.003527,-0.000443
THAIZ_BODY_PLY,C_facial_local_BLS,l_out_mouth_bls,785,0.002496,-0.000457,0.000133
THAIZ_BODY_PLY,C_facial_local_BLS,l_out_mouth_bls,786,1.4e-05,-2e-06,2e-06
THAIZ_BODY_PLY,C_facial_local_BLS,l_out_mouth_bls,790,-0.031891,0.036072,-0.020357
THAIZ_BODY_PLY,C_facial_local_BLS,l_out_mouth_bls,791,0.129193,0.000904,-0.100215
THAIZ_BODY_PLY,C_facial_local_BLS,l_out_mouth_bls,792,0.007902,-0.004555,0.000447
THAIZ_BODY_PLY,C_facial_local_BLS,l_out_mouth_bls,793,0.008752,-0.005355,0.001571
THAIZ_BODY_PLY,C_facial_local_BLS,l_out_mouth_bls,794,0.006695,-0.004793,0.001214
THAIZ_BODY_PLY,C_facial_local_BLS,l_out_mouth_bls,795,0.000636,-0.000455,0.000112
THAIZ_BODY_PLY,C_facial_local_BLS,l_out_mouth_bls,799,-0.077457,0.075343,-0.066594
THAIZ_BODY_PLY,C_facial_local_BLS,l_out_mouth_bls,800,0.006326,0.124105,0.005338
THAIZ_BODY_PLY,C_facial_local_BLS,l_out_mouth_bls,801,-0.006375,0.073789,0.068051
THAIZ_BODY_PLY,C_facial_local_BLS,l_out_mouth_bls,802,-0.030846,0.010281,0.141686
THAIZ_BODY_PLY,C_facial_local_BLS,l_out_mouth_bls,803,0.028143,-0.079434,0.07375
THAIZ_BODY_PLY,C_facial_local_BLS,l_out_mouth_bls,804,0.048071,-0.109356,0.121726
THAIZ_BODY_PLY,C_facial_local_BLS,l_out_mouth_bls,805,0.057046,-0.167904,0.221706
THAIZ_BODY_PLY,C_facial_local_BLS,l_out_mouth_bls,806,0.083006,-0.169411,0.208105
THAIZ_BODY_PLY,C_facial_local_BLS,l_out_mouth_bls,807,0.044196,-0.110816,0.146357
THAIZ_BODY_PLY,C_facial_local_BLS,l_out_mouth_bls,808,-0.156284,0.11564,0.161939
THAIZ_BODY_PLY,C_facial_local_BLS,l_out_mouth_bls,809,-0.155061,0.130832,0.126465
THAIZ_BODY_PLY,C_facial_local_BLS,l_out_mouth_bls,810,-0.050428,0.070966,0.080917
THAIZ_BODY_PLY,C_facial_local_BLS,l_out_mouth_bls,811,0.003418,0.00533,0.010338
THAIZ_BODY_PLY,C_facial_local_BLS,l_out_mouth_bls,812,0.000854,0.000558,4.4e-05
THAIZ_BODY_PLY,C_facial_local_BLS,l_out_mouth_bls,816,0.108035,-0.02449,0.017917
THAIZ_BODY_PLY,C_facial_local_BLS,l_out_mouth_bls,817,0.058602,-0.002272,0.065613
THAIZ_BODY_PLY,C_facial_local_BLS,l_out_mouth_bls,818,0.018872,-0.005807,0.033655
THAIZ_BODY_PLY,C_facial_local_BLS,l_out_mouth_bls,819,0.0208,-0.001876,0.008505
THAIZ_BODY_PLY,C_facial_local_BLS,l_out_mouth_bls,820,0.010612,-0.000186,0.006401
THAIZ_BODY_PLY,C_facial_local_BLS,l_out_mouth_bls,821,0.002552,0.000247,0.003023
THAIZ_BODY_PLY,C_facial_local_BLS,l_out_mouth_bls,826,0.000897,0.000282,0.00101
THAIZ_BODY_PLY,C_facial_local_BLS,l_out_mouth_bls,827,0.005609,-0.000248,0.00323
THAIZ_BODY_PLY,C_facial_local_BLS,l_out_mouth_bls,828,0.016556,-0.006832,0.013431
THAIZ_BODY_PLY,C_facial_local_BLS,l_out_mouth_bls,829,0.018569,-0.021929,0.033004
THAIZ_BODY_PLY,C_facial_local_BLS,l_out_mouth_bls,830,0.028104,0.00027,0.072433
THAIZ_BODY_PLY,C_facial_local_BLS,l_out_mouth_bls,831,0.03184,-0.056779,0.048107
THAIZ_BODY_PLY,C_facial_local_BLS,l_out_mouth_bls,837,-2e-06,1e-06,1e-06
THAIZ_BODY_PLY,C_facial_local_BLS,l_out_mouth_bls,859,0.044153,0.006751,0.02115
THAIZ_BODY_PLY,C_facial_local_BLS,l_out_mouth_bls,860,0.042442,-0.010977,0.029926
THAIZ_BODY_PLY,C_facial_local_BLS,l_out_mouth_bls,861,0.031232,-0.033578,0.033197
THAIZ_BODY_PLY,C_facial_local_BLS,l_out_mouth_bls,862,0.033248,-0.01961,0.051381
THAIZ_BODY_PLY,C_facial_local_BLS,l_out_mouth_bls,863,0.100314,-0.005855,0.075035
THAIZ_BODY_PLY,C_facial_local_BLS,l_out_mouth_bls,864,0.183866,0.002598,0.060341
THAIZ_BODY_PLY,C_facial_local_BLS,l_out_mouth_bls,865,0.129868,0.016854,0.023808
THAIZ_BODY_PLY,C_facial_local_BLS,l_out_mouth_bls,866,0.001703,-0.000549,0.001556
THAIZ_BODY_PLY,C_facial_local_BLS,l_out_mouth_bls,912,0.000124,7.7e-05,0.000115
THAIZ_BODY_PLY,C_facial_local_BLS,l_out_mouth_bls,913,0.003019,0.000586,0.001152
THAIZ_BODY_PLY,C_facial_local_BLS,l_out_mouth_bls,914,0.015869,0.002922,0.008107
THAIZ_BODY_PLY,C_facial_local_BLS,l_out_mouth_bls,915,0.026381,-0.004252,0.019947
THAIZ_BODY_PLY,C_facial_local_BLS,l_out_mouth_bls,916,-0.003326,0.018473,0.072644
THAIZ_BODY_PLY,C_facial_local_BLS,l_out_mouth_bls,917,-0.010824,-0.036408,0.099604
THAIZ_BODY_PLY,C_facial_local_BLS,l_out_mouth_bls,918,0.193517,0.035906,-0.017874
THAIZ_BODY_PLY,C_facial_local_BLS,l_out_mouth_bls,919,0.035677,-0.018263,0.086035
THAIZ_BODY_PLY,C_facial_local_BLS,l_out_mouth_bls,920,0.014599,-0.034398,0.060543
THAIZ_BODY_PLY,C_facial_local_BLS,l_out_mouth_bls,921,0.02439,-0.020439,0.023335
THAIZ_BODY_PLY,C_facial_local_BLS,l_out_mouth_bls,922,0.013218,-0.006089,0.010296
THAIZ_BODY_PLY,C_facial_local_BLS,l_out_mouth_bls,923,0.004618,-0.001178,0.00601
THAIZ_BODY_PLY,C_facial_local_BLS,l_out_mouth_bls,924,0.0001,-3.2e-05,0.000234
THAIZ_BODY_PLY,C_facial_local_BLS,l_out_mouth_bls,926,-0.049592,-0.034589,-0.015711
THAIZ_BODY_PLY,C_facial_local_BLS,l_out_mouth_bls,927,-0.068922,-0.031597,-0.007428
THAIZ_BODY_PLY,C_facial_local_BLS,l_out_mouth_bls,928,-0.085142,-0.023246,0.007211
THAIZ_BODY_PLY,C_facial_local_BLS,l_out_mouth_bls,929,-0.076604,0.002944,0.04632
THAIZ_BODY_PLY,C_facial_local_BLS,l_out_mouth_bls,930,-0.041946,0.012748,0.078675
THAIZ_BODY_PLY,C_facial_local_BLS,l_out_mouth_bls,931,0.011769,0.021307,0.07067
THAIZ_BODY_PLY,C_facial_local_BLS,l_out_mouth_bls,932,-0.030898,-0.032611,-0.022261
THAIZ_BODY_PLY,C_facial_local_BLS,l_out_mouth_bls,933,0.029325,0.003663,-0.004611
THAIZ_BODY_PLY,C_facial_local_BLS,l_out_mouth_bls,934,0.022203,0.000104,-0.008275
THAIZ_BODY_PLY,C_facial_local_BLS,l_out_mouth_bls,935,0.000609,-0.016936,-0.020864
THAIZ_BODY_PLY,C_facial_local_BLS,l_out_mouth_bls,936,-0.01799,-0.028802,-0.023011
THAIZ_BODY_PLY,C_facial_local_BLS,l_out_mouth_bls,937,0.014381,-0.00487,-0.01514
THAIZ_BODY_PLY,C_facial_local_BLS,l_out_mouth_bls,938,0.036956,0.02044,0.042408
THAIZ_BODY_PLY,C_facial_local_BLS,l_out_mouth_bls,939,0.040409,0.012063,0.011869
THAIZ_BODY_PLY,C_facial_local_BLS,l_out_mouth_bls,940,0.003461,0.0069,0.006721
THAIZ_BODY_PLY,C_facial_local_BLS,l_out_mouth_bls,941,0.010874,0.015637,0.006285
THAIZ_BODY_PLY,C_facial_local_BLS,l_out_mouth_bls,942,0.046222,0.029706,-0.024521
THAIZ_BODY_PLY,C_facial_local_BLS,l_out_mouth_bls,943,0.022981,0.032784,0.013522
THAIZ_BODY_PLY,C_facial_local_BLS,l_out_mouth_bls,944,-0.07162,0.084189,0.071261
THAIZ_BODY_PLY,C_facial_local_BLS,l_out_mouth_bls,945,-0.200363,0.156098,0.157157
THAIZ_BODY_PLY,C_facial_local_BLS,l_out_mouth_bls,946,-0.141251,0.107008,0.11806
THAIZ_BODY_PLY,C_facial_local_BLS,l_out_mouth_bls,947,-0.005317,0.001968,0.00668
THAIZ_BODY_PLY,C_facial_local_BLS,l_out_mouth_bls,948,-0.17976,0.006427,0.206295
THAIZ_BODY_PLY,C_facial_local_BLS,l_out_mouth_bls,949,-0.167495,0.006267,0.098576
THAIZ_BODY_PLY,C_facial_local_BLS,l_out_mouth_bls,950,-0.143747,0.078305,0.102693
THAIZ_BODY_PLY,C_facial_local_BLS,l_out_mouth_bls,951,-0.09224,0.05821,0.13932
THAIZ_BODY_PLY,C_facial_local_BLS,l_out_mouth_bls,952,0.013417,0.031307,0.01923
THAIZ_BODY_PLY,C_facial_local_BLS,l_out_mouth_bls,953,0.006486,0.001865,-0.010857
THAIZ_BODY_PLY,C_facial_local_BLS,l_out_mouth_bls,963,7.5e-05,0.000248,0.000343
THAIZ_BODY_PLY,C_facial_local_BLS,l_out_mouth_bls,964,0.008202,0.005571,-0.019301
THAIZ_BODY_PLY,C_facial_local_BLS,l_out_mouth_bls,965,0.001908,0.015459,-0.028105
THAIZ_BODY_PLY,C_facial_local_BLS,l_out_mouth_bls,966,-0.001541,0.007431,-0.011017
THAIZ_BODY_PLY,C_facial_local_BLS,l_out_mouth_bls,967,-2.6e-05,7.5e-05,-9e-05
THAIZ_BODY_PLY,C_facial_local_BLS,l_out_mouth_bls,1000,0.003435,0.003546,0.014546
THAIZ_BODY_PLY,C_facial_local_BLS,l_out_mouth_bls,1001,-0.107557,0.036184,0.255188
THAIZ_BODY_PLY,C_facial_local_BLS,l_out_mouth_bls,1002,-0.250934,0.028668,0.398869
THAIZ_BODY_PLY,C_facial_local_BLS,l_out_mouth_bls,1003,-0.260826,0.015451,0.332689
THAIZ_BODY_PLY,C_facial_local_BLS,l_out_mouth_bls,1004,-0.205379,-0.01935,0.189232
THAIZ_BODY_PLY,C_facial_local_BLS,l_out_mouth_bls,1005,-0.000385,7e-05,0.000432
THAIZ_BODY_PLY,C_facial_local_BLS,l_out_mouth_bls,1006,-0.087854,0.068617,0.090531
THAIZ_BODY_PLY,C_facial_local_BLS,l_out_mouth_bls,1007,-0.130818,0.099138,0.121587
THAIZ_BODY_PLY,C_facial_local_BLS,l_out_mouth_bls,1008,-0.028975,0.02421,0.028668
THAIZ_BODY_PLY,C_facial_local_BLS,l_out_mouth_bls,1009,0.008617,-0.001281,0.006653
THAIZ_BODY_PLY,C_facial_local_BLS,l_out_mouth_bls,1010,0.007502,-0.00131,0.006439
THAIZ_BODY_PLY,C_facial_local_BLS,l_out_mouth_bls,1011,0.003076,-0.000507,0.004039
THAIZ_BODY_PLY,C_facial_local_BLS,l_out_mouth_bls,1012,0.00076,-0.000122,0.001378
THAIZ_BODY_PLY,C_facial_local_BLS,l_out_mouth_bls,1014,-0.008361,0.006773,0.009303
THAIZ_BODY_PLY,C_facial_local_BLS,l_out_mouth_bls,1015,-0.045209,0.03522,0.044725
THAIZ_BODY_PLY,C_facial_local_BLS,l_out_mouth_bls,1016,-0.005544,0.004157,0.004915
THAIZ_BODY_PLY,C_facial_local_BLS,l_out_mouth_bls,1017,1.7e-05,-1e-05,1.5e-05
THAIZ_BODY_PLY,C_facial_local_BLS,l_out_mouth_bls,1018,1.1e-05,-8e-06,1.4e-05
THAIZ_BODY_PLY,C_facial_local_BLS,l_out_mouth_bls,1027,0.020659,0.005884,0.051095
THAIZ_BODY_PLY,C_facial_local_BLS,l_out_mouth_bls,1028,-0.06623,0.029794,0.226524
THAIZ_BODY_PLY,C_facial_local_BLS,l_out_mouth_bls,1029,-0.183258,0.030974,0.382998
THAIZ_BODY_PLY,C_facial_local_BLS,l_out_mouth_bls,1030,-0.143407,0.027105,0.320587
THAIZ_BODY_PLY,C_facial_local_BLS,l_out_mouth_bls,1031,0.057752,-0.008237,-0.007519
THAIZ_BODY_PLY,C_facial_local_BLS,l_out_mouth_bls,1032,-0.216121,-0.045515,0.091941
THAIZ_BODY_PLY,C_facial_local_BLS,l_out_mouth_bls,1033,-0.274037,0.046414,0.200126
THAIZ_BODY_PLY,C_facial_local_BLS,l_out_mouth_bls,1034,-0.173907,0.082869,0.177556
THAIZ_BODY_PLY,C_facial_local_BLS,l_out_mouth_bls,1035,-0.048899,0.075546,0.067427
THAIZ_BODY_PLY,C_facial_local_BLS,l_out_mouth_bls,1036,0.064462,0.027742,-0.101103
THAIZ_BODY_PLY,C_facial_local_BLS,l_out_mouth_bls,1037,0.046014,0.00275,-0.084941
THAIZ_BODY_PLY,C_facial_local_BLS,l_out_mouth_bls,1038,0.003228,-0.000742,-0.003148
THAIZ_BODY_PLY,C_facial_local_BLS,l_out_mouth_bls,1045,0.00108,0.001402,-0.000512
THAIZ_BODY_PLY,C_facial_local_BLS,l_out_mouth_bls,1046,0.004531,0.010302,-0.000352
THAIZ_BODY_PLY,C_facial_local_BLS,l_out_mouth_bls,1047,0.00862,0.012285,0.014548
THAIZ_BODY_PLY,C_facial_local_BLS,l_out_mouth_bls,1048,-0.011238,0.057181,0.0702
THAIZ_BODY_PLY,C_facial_local_BLS,l_out_mouth_bls,1049,-0.032349,0.118229,0.094186
THAIZ_BODY_PLY,C_facial_local_BLS,l_out_mouth_bls,1050,-0.111741,0.165896,0.184982
THAIZ_BODY_PLY,C_facial_local_BLS,l_out_mouth_bls,1051,-0.225077,0.228021,0.217814
THAIZ_BODY_PLY,C_facial_local_BLS,l_out_mouth_bls,1052,-0.157283,0.033129,0.137102
THAIZ_BODY_PLY,C_facial_local_BLS,l_out_mouth_bls,1053,-0.020444,-0.114456,0.019563
THAIZ_BODY_PLY,C_facial_local_BLS,l_out_mouth_bls,1054,-0.040692,-0.058338,-0.000138
THAIZ_BODY_PLY,C_facial_local_BLS,l_out_mouth_bls,1094,7e-06,-2.4e-05,2.2e-05
THAIZ_BODY_PLY,C_facial_local_BLS,l_out_mouth_bls,1096,0.000509,-0.001707,0.000795
THAIZ_BODY_PLY,C_facial_local_BLS,l_out_mouth_bls,1097,0.002452,-0.007797,0.003425
THAIZ_BODY_PLY,C_facial_local_BLS,l_out_mouth_bls,1098,0.003432,-0.009284,0.007801
THAIZ_BODY_PLY,C_facial_local_BLS,l_out_mouth_bls,1099,0.001896,0.006359,0.009905
THAIZ_BODY_PLY,C_facial_local_BLS,l_out_mouth_bls,1102,0.00076,0.005263,0.003387
THAIZ_BODY_PLY,C_facial_local_BLS,l_out_mouth_bls,1103,0.003079,-0.004495,0.01189
THAIZ_BODY_PLY,C_facial_local_BLS,l_out_mouth_bls,1107,1e-05,-2e-06,2.3e-05
THAIZ_BODY_PLY,C_facial_local_BLS,l_out_mouth_bls,1111,0.00096,0.002191,0.002518
THAIZ_BODY_PLY,C_facial_local_BLS,l_out_mouth_bls,1167,0.000201,3.5e-05,0.000344
THAIZ_BODY_PLY,C_facial_local_BLS,l_out_mouth_bls,1168,0.001257,-0.000292,0.002041
THAIZ_BODY_PLY,C_facial_local_BLS,l_out_mouth_bls,1169,0.002404,-0.001875,0.003757
THAIZ_BODY_PLY,C_facial_local_BLS,l_out_mouth_bls,1170,0.006905,-0.01527,0.005609
THAIZ_BODY_PLY,C_facial_local_BLS,l_out_mouth_bls,1171,0.004826,-0.021871,-0.008617
THAIZ_BODY_PLY,C_facial_local_BLS,l_out_mouth_bls,1172,-0.007298,-0.022814,-0.022457
THAIZ_BODY_PLY,C_facial_local_BLS,l_out_mouth_bls,1189,-0.00015,0.000104,8.6e-05
THAIZ_BODY_PLY,C_facial_local_BLS,l_out_mouth_bls,1190,-0.0004,0.000289,0.000247
THAIZ_BODY_PLY,C_facial_local_BLS,l_out_mouth_bls,1191,-6e-06,4e-06,4e-06
THAIZ_BODY_PLY,C_facial_local_BLS,l_out_mouth_bls,1294,0.020454,-0.021024,0.000601
THAIZ_BODY_PLY,C_facial_local_BLS,l_out_mouth_bls,1295,0.061022,-0.005885,-0.001617
THAIZ_BODY_PLY,C_facial_local_BLS,l_out_mouth_bls,1296,0.054248,-0.005474,0.036263
THAIZ_BODY_PLY,C_facial_local_BLS,l_out_mouth_bls,1297,-0.101694,0.111856,0.086754
THAIZ_BODY_PLY,C_facial_local_BLS,l_out_mouth_bls,1298,-0.205261,0.021565,-0.071452
THAIZ_BODY_PLY,C_facial_local_BLS,l_out_mouth_bls,1299,-0.271081,-0.128153,-0.066677
THAIZ_BODY_PLY,C_facial_local_BLS,l_out_mouth_bls,1300,-0.122122,-0.124473,-0.020432
THAIZ_BODY_PLY,C_facial_local_BLS,l_out_mouth_bls,1301,-0.021658,-0.134245,0.023894
THAIZ_BODY_PLY,C_facial_local_BLS,l_out_mouth_bls,1302,0.043838,-0.099427,0.045268
THAIZ_BODY_PLY,C_facial_local_BLS,l_out_mouth_bls,1303,0.011241,0.001155,0.025005
THAIZ_BODY_PLY,C_facial_local_BLS,l_out_mouth_bls,1304,0.002146,0.000223,0.004073
THAIZ_BODY_PLY,C_facial_local_BLS,l_out_mouth_bls,1313,0.000287,-3.4e-05,7.7e-05
THAIZ_BODY_PLY,C_facial_local_BLS,l_out_mouth_bls,1314,0.022793,-0.006495,0.013752
THAIZ_BODY_PLY,C_facial_local_BLS,l_out_mouth_bls,1315,0.058805,-0.007317,0.04131
THAIZ_BODY_PLY,C_facial_local_BLS,l_out_mouth_bls,1316,0.05769,-0.032377,0.058062
THAIZ_BODY_PLY,C_facial_local_BLS,l_out_mouth_bls,1317,0.044987,-0.021069,0.063823
THAIZ_BODY_PLY,C_facial_local_BLS,l_out_mouth_bls,1318,0.019637,-0.0322,0.117985
THAIZ_BODY_PLY,C_facial_local_BLS,l_out_mouth_bls,1319,-0.181293,0.083563,0.193664
THAIZ_BODY_PLY,C_facial_local_BLS,l_out_mouth_bls,1320,-0.276243,0.163684,0.208773
THAIZ_BODY_PLY,C_facial_local_BLS,l_out_mouth_bls,1321,-0.285336,0.187174,0.184392
THAIZ_BODY_PLY,C_facial_local_BLS,l_out_mouth_bls,1322,-0.101101,0.154333,0.047678
THAIZ_BODY_PLY,C_facial_local_BLS,l_out_mouth_bls,1323,-0.062238,0.102859,0.082417
THAIZ_BODY_PLY,C_facial_local_BLS,l_out_mouth_bls,1324,0.093891,0.021156,0.054166
THAIZ_BODY_PLY,C_facial_local_BLS,l_out_mouth_bls,1325,0.203624,-0.004677,0.083955
THAIZ_BODY_PLY,C_facial_local_BLS,l_out_mouth_bls,1326,0.159875,0.00187,0.071959
THAIZ_BODY_PLY,C_facial_local_BLS,l_out_mouth_bls,1327,0.075889,0.009723,0.067059
THAIZ_BODY_PLY,C_facial_local_BLS,l_out_mouth_bls,1328,0.01901,0.010938,0.047069
THAIZ_BODY_PLY,C_facial_local_BLS,l_out_mouth_bls,1329,0.003041,0.003529,0.016818
THAIZ_BODY_PLY,C_facial_local_BLS,l_out_mouth_bls,1330,0.011973,-0.044868,0.027394
THAIZ_BODY_PLY,C_facial_local_BLS,l_out_mouth_bls,1331,0.0076,-0.051885,0.044684
THAIZ_BODY_PLY,C_facial_local_BLS,l_out_mouth_bls,1332,0.015238,-0.03816,0.056739
THAIZ_BODY_PLY,C_facial_local_BLS,l_out_mouth_bls,1333,0.029269,-0.057452,0.030435
THAIZ_BODY_PLY,C_facial_local_BLS,l_out_mouth_bls,1334,-0.015984,-0.053081,0.100119
THAIZ_BODY_PLY,C_facial_local_BLS,l_out_mouth_bls,1335,0.015367,-0.035724,0.08785
THAIZ_BODY_PLY,C_facial_local_BLS,l_out_mouth_bls,1336,0.037238,-0.031394,0.057232
THAIZ_BODY_PLY,C_facial_local_BLS,l_out_mouth_bls,1337,0.034677,-0.027084,0.033067
THAIZ_BODY_PLY,C_facial_local_BLS,l_out_mouth_bls,1338,0.028628,-0.017498,0.007539
THAIZ_BODY_PLY,C_facial_local_BLS,l_out_mouth_bls,1339,0.016253,-0.012896,0.002587
THAIZ_BODY_PLY,C_facial_local_BLS,l_out_mouth_bls,1340,0.007108,-0.010168,0.002857
THAIZ_BODY_PLY,C_facial_local_BLS,l_out_mouth_bls,1341,0.002802,-0.004262,0.004371
THAIZ_BODY_PLY,C_facial_local_BLS,l_out_mouth_bls,1342,0.004841,-0.00588,0.006383
THAIZ_BODY_PLY,C_facial_local_BLS,l_out_mouth_bls,1343,0.009125,-0.011103,0.011212
THAIZ_BODY_PLY,C_facial_local_BLS,l_out_mouth_bls,1344,0.016846,-0.022488,0.017161
THAIZ_BODY_PLY,C_facial_local_BLS,l_out_mouth_bls,1351,0.000634,-1.7e-05,-0.001099
THAIZ_BODY_PLY,C_facial_local_BLS,l_out_mouth_bls,1352,0.006327,0.008147,0.010737
THAIZ_BODY_PLY,C_facial_local_BLS,l_out_mouth_bls,1353,-0.096013,0.036555,0.17995
THAIZ_BODY_PLY,C_facial_local_BLS,l_out_mouth_bls,1354,-0.176746,0.049731,0.230928
THAIZ_BODY_PLY,C_facial_local_BLS,l_out_mouth_bls,1355,-0.227458,0.007359,0.22163
THAIZ_BODY_PLY,C_facial_local_BLS,l_out_mouth_bls,1356,-0.223913,-0.018573,0.201721
THAIZ_BODY_PLY,C_facial_local_BLS,l_out_mouth_bls,1357,-0.006448,0.000879,0.006688
THAIZ_BODY_PLY,C_facial_local_BLS,l_out_mouth_bls,1358,-0.138284,0.103485,0.12132
THAIZ_BODY_PLY,C_facial_local_BLS,l_out_mouth_bls,1359,-0.199089,0.147519,0.161324
THAIZ_BODY_PLY,C_facial_local_BLS,l_out_mouth_bls,1360,-0.062272,0.057397,0.066741
THAIZ_BODY_PLY,C_facial_local_BLS,l_out_mouth_bls,1361,0.023295,0.001864,0.020394
THAIZ_BODY_PLY,C_facial_local_BLS,l_out_mouth_bls,1362,0.034548,-0.005147,0.008652
THAIZ_BODY_PLY,C_facial_local_BLS,l_out_mouth_bls,1363,0.01148,0.001258,0.014786
THAIZ_BODY_PLY,C_facial_local_BLS,l_out_mouth_bls,1364,0.00415,0.000724,0.008377
THAIZ_BODY_PLY,C_facial_local_BLS,l_out_mouth_bls,1365,0.001055,0.000281,0.002659
THAIZ_BODY_PLY,C_facial_local_BLS,l_out_mouth_bls,1366,0.008713,-0.051446,0.012298
THAIZ_BODY_PLY,C_facial_local_BLS,l_out_mouth_bls,1367,0.006079,-0.055029,0.01499
THAIZ_BODY_PLY,C_facial_local_BLS,l_out_mouth_bls,1368,0.004806,-0.056963,0.015719
THAIZ_BODY_PLY,C_facial_local_BLS,l_out_mouth_bls,1369,0.005199,-0.05674,0.016133
THAIZ_BODY_PLY,C_facial_local_BLS,l_out_mouth_bls,1370,0.010033,-0.055013,0.013274
THAIZ_BODY_PLY,C_facial_local_BLS,l_out_mouth_bls,1371,0.009989,-0.050377,0.015144
THAIZ_BODY_PLY,C_facial_local_BLS,l_out_mouth_bls,1372,0.011309,-0.045655,0.014897
THAIZ_BODY_PLY,C_facial_local_BLS,l_out_mouth_bls,1373,0.01431,-0.043158,0.010454
THAIZ_BODY_PLY,C_facial_local_BLS,l_out_mouth_bls,1374,0.013656,-0.041035,0.008596
THAIZ_BODY_PLY,C_facial_local_BLS,l_out_mouth_bls,1375,0.012141,-0.039926,0.009226
THAIZ_BODY_PLY,C_facial_local_BLS,l_out_mouth_bls,1376,0.010028,-0.040007,0.008475
THAIZ_BODY_PLY,C_facial_local_BLS,l_out_mouth_bls,1377,0.009955,-0.03956,0.008932
THAIZ_BODY_PLY,C_facial_local_BLS,l_out_mouth_bls,1378,0.010765,-0.041985,0.009766
THAIZ_BODY_PLY,C_facial_local_BLS,l_out_mouth_bls,1379,0.011947,-0.043849,0.013925
THAIZ_BODY_PLY,C_facial_local_BLS,l_out_mouth_bls,1380,0.010145,-0.047225,0.012821
THAIZ_BODY_PLY,C_facial_local_BLS,l_out_mouth_bls,1381,-0.016388,-0.062607,0.007608
THAIZ_BODY_PLY,C_facial_local_BLS,l_out_mouth_bls,1382,-0.030667,-0.067334,0.016186
THAIZ_BODY_PLY,C_facial_local_BLS,l_out_mouth_bls,1383,-0.046567,-0.06566,0.027105
THAIZ_BODY_PLY,C_facial_local_BLS,l_out_mouth_bls,1384,-0.046048,-0.04987,0.063702
THAIZ_BODY_PLY,C_facial_local_BLS,l_out_mouth_bls,1385,-0.018749,-0.0294,0.074144
THAIZ_BODY_PLY,C_facial_local_BLS,l_out_mouth_bls,1386,0.011521,-0.015267,0.065506
THAIZ_BODY_PLY,C_facial_local_BLS,l_out_mouth_bls,1387,0.030572,-0.011871,0.041613
THAIZ_BODY_PLY,C_facial_local_BLS,l_out_mouth_bls,1388,0.032493,-0.016847,0.019408
THAIZ_BODY_PLY,C_facial_local_BLS,l_out_mouth_bls,1389,0.025057,-0.021532,0.006598
THAIZ_BODY_PLY,C_facial_local_BLS,l_out_mouth_bls,1390,0.017865,-0.023781,0.003622
THAIZ_BODY_PLY,C_facial_local_BLS,l_out_mouth_bls,1391,0.010557,-0.027204,0.000498
THAIZ_BODY_PLY,C_facial_local_BLS,l_out_mouth_bls,1392,0.005077,-0.033859,-0.001907
THAIZ_BODY_PLY,C_facial_local_BLS,l_out_mouth_bls,1393,0.002014,-0.039504,-0.003737
THAIZ_BODY_PLY,C_facial_local_BLS,l_out_mouth_bls,1394,-0.002908,-0.0472,-0.002963
THAIZ_BODY_PLY,C_facial_local_BLS,l_out_mouth_bls,1395,-0.008325,-0.055091,-0.000306
THAIZ_BODY_PLY,C_facial_local_BLS,l_out_mouth_bls,1396,-0.050741,-0.051332,-0.014701
THAIZ_BODY_PLY,C_facial_local_BLS,l_out_mouth_bls,1397,-0.06957,-0.05072,-0.005133
THAIZ_BODY_PLY,C_facial_local_BLS,l_out_mouth_bls,1398,-0.086766,-0.040209,0.009622
THAIZ_BODY_PLY,C_facial_local_BLS,l_out_mouth_bls,1399,-0.08164,-0.007762,0.062746
THAIZ_BODY_PLY,C_facial_local_BLS,l_out_mouth_bls,1400,-0.036755,0.013103,0.079512
THAIZ_BODY_PLY,C_facial_local_BLS,l_out_mouth_bls,1401,0.00863,0.022332,0.072694
THAIZ_BODY_PLY,C_facial_local_BLS,l_out_mouth_bls,1402,0.035062,0.017354,0.042027
THAIZ_BODY_PLY,C_facial_local_BLS,l_out_mouth_bls,1403,0.03874,0.00438,0.013436
THAIZ_BODY_PLY,C_facial_local_BLS,l_out_mouth_bls,1404,0.028454,-0.006326,-0.001232
THAIZ_BODY_PLY,C_facial_local_BLS,l_out_mouth_bls,1405,0.020614,-0.011596,-0.004258
THAIZ_BODY_PLY,C_facial_local_BLS,l_out_mouth_bls,1406,0.012305,-0.016829,-0.009205
THAIZ_BODY_PLY,C_facial_local_BLS,l_out_mouth_bls,1407,-0.000368,-0.025251,-0.016409
THAIZ_BODY_PLY,C_facial_local_BLS,l_out_mouth_bls,1408,-0.007331,-0.030361,-0.020104
THAIZ_BODY_PLY,C_facial_local_BLS,l_out_mouth_bls,1409,-0.018381,-0.037312,-0.022488
THAIZ_BODY_PLY,C_facial_local_BLS,l_out_mouth_bls,1410,-0.032312,-0.044384,-0.02228
THAIZ_BODY_PLY,C_facial_local_BLS,l_out_mouth_bls,1411,0.003569,-0.05551,0.012127
THAIZ_BODY_PLY,C_facial_local_BLS,l_out_mouth_bls,1412,-0.0037,-0.062052,0.015607
THAIZ_BODY_PLY,C_facial_local_BLS,l_out_mouth_bls,1413,-0.011093,-0.066263,0.01865
THAIZ_BODY_PLY,C_facial_local_BLS,l_out_mouth_bls,1414,-0.009126,-0.061938,0.034206
THAIZ_BODY_PLY,C_facial_local_BLS,l_out_mouth_bls,1415,0.000466,-0.052761,0.040384
THAIZ_BODY_PLY,C_facial_local_BLS,l_out_mouth_bls,1416,0.012298,-0.04274,0.038719
THAIZ_BODY_PLY,C_facial_local_BLS,l_out_mouth_bls,1417,0.02064,-0.036166,0.028346
THAIZ_BODY_PLY,C_facial_local_BLS,l_out_mouth_bls,1418,0.022123,-0.033064,0.01645
THAIZ_BODY_PLY,C_facial_local_BLS,l_out_mouth_bls,1419,0.017933,-0.032737,0.007771
THAIZ_BODY_PLY,C_facial_local_BLS,l_out_mouth_bls,1420,0.014418,-0.032684,0.006295
THAIZ_BODY_PLY,C_facial_local_BLS,l_out_mouth_bls,1421,0.010181,-0.034142,0.004646
THAIZ_BODY_PLY,C_facial_local_BLS,l_out_mouth_bls,1422,0.009108,-0.036477,0.007858
THAIZ_BODY_PLY,C_facial_local_BLS,l_out_mouth_bls,1423,0.0088,-0.040392,0.007578
THAIZ_BODY_PLY,C_facial_local_BLS,l_out_mouth_bls,1424,0.00766,-0.044955,0.008511
THAIZ_BODY_PLY,C_facial_local_BLS,l_out_mouth_bls,1425,0.006861,-0.049782,0.009086
THAIZ_BODY_PLY,C_facial_local_BLS,l_out_mouth_bls,1433,0.004559,0.0017,0.01309
THAIZ_BODY_PLY,C_facial_local_BLS,l_out_mouth_bls,1434,-0.107874,0.033196,0.229998
THAIZ_BODY_PLY,C_facial_local_BLS,l_out_mouth_bls,1435,-0.221318,0.035514,0.323622
THAIZ_BODY_PLY,C_facial_local_BLS,l_out_mouth_bls,1436,-0.24933,0.008534,0.267791
THAIZ_BODY_PLY,C_facial_local_BLS,l_out_mouth_bls,1437,-0.242361,-0.03447,0.183525
THAIZ_BODY_PLY,C_facial_local_BLS,l_out_mouth_bls,1438,-0.00435,0.000353,0.004047
THAIZ_BODY_PLY,C_facial_local_BLS,l_out_mouth_bls,1439,-0.120527,0.090318,0.111752
THAIZ_BODY_PLY,C_facial_local_BLS,l_out_mouth_bls,1440,-0.177056,0.128944,0.150553
THAIZ_BODY_PLY,C_facial_local_BLS,l_out_mouth_bls,1441,-0.052736,0.039482,0.056283
THAIZ_BODY_PLY,C_facial_local_BLS,l_out_mouth_bls,1442,0.017852,-0.008169,0.017605
THAIZ_BODY_PLY,C_facial_local_BLS,l_out_mouth_bls,1443,0.018456,-0.007006,0.015916
THAIZ_BODY_PLY,C_facial_local_BLS,l_out_mouth_bls,1444,0.008348,-0.002494,0.011626
THAIZ_BODY_PLY,C_facial_local_BLS,l_out_mouth_bls,1445,0.003018,-0.000567,0.005885
THAIZ_BODY_PLY,C_facial_local_BLS,l_out_mouth_bls,1446,0.000634,-7e-06,0.001522
THAIZ_BODY_PLY,C_facial_local_BLS,l_out_mouth_bls,1473,1e-06,-5.7e-05,2.7e-05
THAIZ_BODY_PLY,C_facial_local_BLS,l_out_mouth_bls,1474,9.1e-05,-0.002741,0.000931
THAIZ_BODY_PLY,C_facial_local_BLS,l_out_mouth_bls,1475,0.000456,-0.00404,0.002875
THAIZ_BODY_PLY,C_facial_local_BLS,l_out_mouth_bls,1478,0.000789,-0.001991,0.004306
THAIZ_BODY_PLY,C_facial_local_BLS,l_out_mouth_bls,1479,0.000397,0.001582,0.001891
THAIZ_BODY_PLY,C_facial_local_BLS,l_out_mouth_bls,1487,6.2e-05,0.000183,0.000216
THAIZ_BODY_PLY,C_facial_local_BLS,l_out_mouth_bls,1496,0.000161,0.001241,0.000696
THAIZ_BODY_PLY,C_facial_local_BLS,l_out_mouth_bls,1509,0.000702,0.00049,0.003607
THAIZ_BODY_PLY,C_facial_local_BLS,l_out_mouth_bls,1510,4.8e-05,1.7e-05,0.000152
THAIZ_BODY_PLY,C_facial_local_BLS,l_out_mouth_bls,1511,1e-06,0.0,3e-06
THAIZ_BODY_PLY,C_facial_local_BLS,l_out_mouth_bls,1517,0.000116,-0.000208,0.000302
THAIZ_BODY_PLY,C_facial_local_BLS,l_out_mouth_bls,1518,0.001364,-0.002764,0.003185
THAIZ_BODY_PLY,C_facial_local_BLS,l_out_mouth_bls,1519,0.003526,-0.006161,0.004062
THAIZ_BODY_PLY,C_facial_local_BLS,l_out_mouth_bls,1520,0.008587,-0.011938,0.001641
THAIZ_BODY_PLY,C_facial_local_BLS,l_out_mouth_bls,1521,0.012007,-0.011693,-0.011164
THAIZ_BODY_PLY,C_facial_local_BLS,l_out_mouth_bls,1522,0.007361,-0.010517,-0.018836
THAIZ_BODY_PLY,C_facial_local_BLS,l_out_mouth_bls,1523,0.00604,-0.020909,-0.012642
THAIZ_BODY_PLY,C_facial_local_BLS,l_out_mouth_bls,1524,0.007834,-0.029913,0.000317
THAIZ_BODY_PLY,C_facial_local_BLS,l_out_mouth_bls,1525,0.009364,-0.034638,0.007083
THAIZ_BODY_PLY,C_facial_local_BLS,l_out_mouth_bls,1526,0.00992,-0.039585,0.009582
THAIZ_BODY_PLY,C_facial_local_BLS,l_out_mouth_bls,1527,0.010852,-0.043768,0.009922
THAIZ_BODY_PLY,C_facial_local_BLS,l_out_mouth_bls,1528,0.010864,-0.045712,0.009203
THAIZ_BODY_PLY,C_facial_local_BLS,l_out_mouth_bls,1529,0.010734,-0.047367,0.011426
THAIZ_BODY_PLY,C_facial_local_BLS,l_out_mouth_bls,1530,0.010005,-0.048997,0.0121
THAIZ_BODY_PLY,C_facial_local_BLS,l_out_mouth_bls,1531,0.009607,-0.050882,0.009714
THAIZ_BODY_PLY,C_facial_local_BLS,l_out_mouth_bls,6933,-0.002396,0.001794,0.002124
THAIZ_BODY_PLY,C_facial_local_BLS,l_out_mouth_bls,6934,-0.011189,0.008716,0.011069
THAIZ_BODY_PLY,C_facial_local_BLS,l_out_mouth_bls,6935,-2.7e-05,2.2e-05,3e-05
THAIZ_BODY_PLY,C_facial_local_BLS,l_out_mouth_bls,6937,0.138189,0.026725,0.108408
THAIZ_BODY_PLY,C_facial_local_BLS,l_out_mouth_bls,6938,0.026562,0.016502,0.315215
THAIZ_BODY_PLY,C_facial_local_BLS,l_out_mouth_bls,6939,-0.02455,0.007268,0.323366
THAIZ_BODY_PLY,C_facial_local_BLS,l_out_mouth_bls,6940,0.00022,-0.00036,0.001321
THAIZ_BODY_PLY,C_facial_local_BLS,l_out_mouth_bls,8160,-0.0,-1e-06,5e-06
THAIZ_BODY_PLY,C_facial_local_BLS,l_out_mouth_bls,8168,-6e-06,-1.6e-05,1.6e-05
THAIZ_BODY_PLY,C_facial_local_BLS,l_out_mouth_bls,8526,-9.8e-05,-0.000416,0.000142
THAIZ_BODY_PLY,C_facial_local_BLS,l_out_mouth_bls,8527,-0.000142,-0.00098,0.000736
THAIZ_BODY_PLY,C_facial_local_BLS,l_out_mouth_bls,8528,3.2e-05,0.000123,0.000143
THAIZ_BODY_PLY,C_facial_local_BLS,l_out_mouth_bls,8532,4.7e-05,-0.000425,0.00105
THAIZ_BODY_PLY,C_facial_local_BLS,l_out_mouth_bls,8758,9.9e-05,0.000109,0.000611
THAIZ_BODY_PLY,C_facial_local_BLS,l_up_mouth_bls,5,5e-06,5e-06,-2e-06
THAIZ_BODY_PLY,C_facial_local_BLS,l_up_mouth_bls,6,0.000644,0.000713,-0.000252
THAIZ_BODY_PLY,C_facial_local_BLS,l_up_mouth_bls,7,0.004732,0.005665,-0.001735
THAIZ_BODY_PLY,C_facial_local_BLS,l_up_mouth_bls,8,0.010485,0.019602,0.003571
THAIZ_BODY_PLY,C_facial_local_BLS,l_up_mouth_bls,9,0.019524,0.069919,0.046476
THAIZ_BODY_PLY,C_facial_local_BLS,l_up_mouth_bls,10,0.023215,0.165491,0.146618
THAIZ_BODY_PLY,C_facial_local_BLS,l_up_mouth_bls,11,-0.012688,0.132228,0.179282
THAIZ_BODY_PLY,C_facial_local_BLS,l_up_mouth_bls,12,0.041066,0.055937,0.034262
THAIZ_BODY_PLY,C_facial_local_BLS,l_up_mouth_bls,13,0.017943,0.018727,0.000353
THAIZ_BODY_PLY,C_facial_local_BLS,l_up_mouth_bls,14,0.001997,0.001889,-0.000771
THAIZ_BODY_PLY,C_facial_local_BLS,l_up_mouth_bls,15,4.8e-05,5.2e-05,-1.7e-05
THAIZ_BODY_PLY,C_facial_local_BLS,l_up_mouth_bls,26,0.002862,0.00893,-0.000962
THAIZ_BODY_PLY,C_facial_local_BLS,l_up_mouth_bls,27,0.013638,0.038204,-0.005913
THAIZ_BODY_PLY,C_facial_local_BLS,l_up_mouth_bls,28,0.01705,0.049104,-0.004046
THAIZ_BODY_PLY,C_facial_local_BLS,l_up_mouth_bls,29,0.006365,0.069619,0.032039
THAIZ_BODY_PLY,C_facial_local_BLS,l_up_mouth_bls,30,0.006618,0.145721,0.11783
THAIZ_BODY_PLY,C_facial_local_BLS,l_up_mouth_bls,31,0.004286,0.242815,0.233314
THAIZ_BODY_PLY,C_facial_local_BLS,l_up_mouth_bls,32,0.013389,0.233793,0.22662
THAIZ_BODY_PLY,C_facial_local_BLS,l_up_mouth_bls,33,0.046103,0.096341,0.051424
THAIZ_BODY_PLY,C_facial_local_BLS,l_up_mouth_bls,34,0.02399,0.036735,0.006607
THAIZ_BODY_PLY,C_facial_local_BLS,l_up_mouth_bls,35,0.00588,0.006879,-0.001465
THAIZ_BODY_PLY,C_facial_local_BLS,l_up_mouth_bls,36,2.2e-05,2.3e-05,-1e-05
THAIZ_BODY_PLY,C_facial_local_BLS,l_up_mouth_bls,46,0.001979,0.007961,-0.000398
THAIZ_BODY_PLY,C_facial_local_BLS,l_up_mouth_bls,47,0.016513,0.059123,-0.004766
THAIZ_BODY_PLY,C_facial_local_BLS,l_up_mouth_bls,48,0.034105,0.114389,-0.010487
THAIZ_BODY_PLY,C_facial_local_BLS,l_up_mouth_bls,49,0.022365,0.105705,0.011026
THAIZ_BODY_PLY,C_facial_local_BLS,l_up_mouth_bls,50,-0.009458,0.114093,0.081432
THAIZ_BODY_PLY,C_facial_local_BLS,l_up_mouth_bls,51,-0.010731,0.167616,0.160288
THAIZ_BODY_PLY,C_facial_local_BLS,l_up_mouth_bls,52,0.003931,0.206281,0.216936
THAIZ_BODY_PLY,C_facial_local_BLS,l_up_mouth_bls,53,0.028281,0.181662,0.185415
THAIZ_BODY_PLY,C_facial_local_BLS,l_up_mouth_bls,54,0.049373,0.107528,0.047307
THAIZ_BODY_PLY,C_facial_local_BLS,l_up_mouth_bls,55,0.02801,0.045394,0.0042
THAIZ_BODY_PLY,C_facial_local_BLS,l_up_mouth_bls,56,0.009785,0.01324,-0.002083
THAIZ_BODY_PLY,C_facial_local_BLS,l_up_mouth_bls,57,4.1e-05,5.5e-05,-1.3e-05
THAIZ_BODY_PLY,C_facial_local_BLS,l_up_mouth_bls,67,-0.000665,0.000485,0.00161
THAIZ_BODY_PLY,C_facial_local_BLS,l_up_mouth_bls,68,-0.004685,0.003795,0.011573
THAIZ_BODY_PLY,C_facial_local_BLS,l_up_mouth_bls,69,-0.00842,0.007901,0.021472
THAIZ_BODY_PLY,C_facial_local_BLS,l_up_mouth_bls,70,-0.005541,0.015423,0.022938
THAIZ_BODY_PLY,C_facial_local_BLS,l_up_mouth_bls,71,0.002644,0.028048,0.023141
THAIZ_BODY_PLY,C_facial_local_BLS,l_up_mouth_bls,72,0.014085,0.035927,0.015121
THAIZ_BODY_PLY,C_facial_local_BLS,l_up_mouth_bls,73,0.023454,0.041426,0.004671
THAIZ_BODY_PLY,C_facial_local_BLS,l_up_mouth_bls,74,0.026049,0.050175,-0.001955
THAIZ_BODY_PLY,C_facial_local_BLS,l_up_mouth_bls,75,0.019397,0.047482,-0.008872
THAIZ_BODY_PLY,C_facial_local_BLS,l_up_mouth_bls,76,0.008299,0.019515,-0.005028
THAIZ_BODY_PLY,C_facial_local_BLS,l_up_mouth_bls,77,0.001312,0.002386,-0.000569
THAIZ_BODY_PLY,C_facial_local_BLS,l_up_mouth_bls,87,-2e-06,0.0,5e-06
THAIZ_BODY_PLY,C_facial_local_BLS,l_up_mouth_bls,88,-0.000386,0.000201,0.000875
THAIZ_BODY_PLY,C_facial_local_BLS,l_up_mouth_bls,89,-0.000146,8.4e-05,0.000337
THAIZ_BODY_PLY,C_facial_local_BLS,l_up_mouth_bls,90,0.001435,0.003317,-0.000413
THAIZ_BODY_PLY,C_facial_local_BLS,l_up_mouth_bls,91,0.003474,0.009359,-0.001121
THAIZ_BODY_PLY,C_facial_local_BLS,l_up_mouth_bls,92,0.004143,0.01666,-0.000836
THAIZ_BODY_PLY,C_facial_local_BLS,l_up_mouth_bls,93,0.003282,0.021047,0.000315
THAIZ_BODY_PLY,C_facial_local_BLS,l_up_mouth_bls,94,0.001502,0.019917,0.000156
THAIZ_BODY_PLY,C_facial_local_BLS,l_up_mouth_bls,95,-1.8e-05,0.009751,-0.000909
THAIZ_BODY_PLY,C_facial_local_BLS,l_up_mouth_bls,96,-0.000185,0.001021,-0.000179
THAIZ_BODY_PLY,C_facial_local_BLS,l_up_mouth_bls,176,-1e-06,0.0,0.0
THAIZ_BODY_PLY,C_facial_local_BLS,l_up_mouth_bls,177,-0.00035,0.000138,4.7e-05
THAIZ_BODY_PLY,C_facial_local_BLS,l_up_mouth_bls,178,-0.000767,0.000329,8.2e-05
THAIZ_BODY_PLY,C_facial_local_BLS,l_up_mouth_bls,179,-0.000575,0.000365,1e-06
THAIZ_BODY_PLY,C_facial_local_BLS,l_up_mouth_bls,180,-9.2e-05,6.4e-05,-1e-05
THAIZ_BODY_PLY,C_facial_local_BLS,l_up_mouth_bls,350,0.001111,0.00622,-5.9e-05
THAIZ_BODY_PLY,C_facial_local_BLS,l_up_mouth_bls,351,0.005363,0.032535,0.00193
THAIZ_BODY_PLY,C_facial_local_BLS,l_up_mouth_bls,352,0.004528,0.049917,0.013567
THAIZ_BODY_PLY,C_facial_local_BLS,l_up_mouth_bls,353,-0.007319,0.046255,0.038092
THAIZ_BODY_PLY,C_facial_local_BLS,l_up_mouth_bls,354,-0.01814,0.064875,0.074427
THAIZ_BODY_PLY,C_facial_local_BLS,l_up_mouth_bls,355,-0.00246,0.086099,0.087152
THAIZ_BODY_PLY,C_facial_local_BLS,l_up_mouth_bls,356,0.019283,0.078109,0.076903
THAIZ_BODY_PLY,C_facial_local_BLS,l_up_mouth_bls,357,0.037408,0.077216,0.059076
THAIZ_BODY_PLY,C_facial_local_BLS,l_up_mouth_bls,358,0.042824,0.063231,0.006344
THAIZ_BODY_PLY,C_facial_local_BLS,l_up_mouth_bls,359,0.023902,0.034914,-0.005205
THAIZ_BODY_PLY,C_facial_local_BLS,l_up_mouth_bls,360,0.007852,0.01067,-0.003081
THAIZ_BODY_PLY,C_facial_local_BLS,l_up_mouth_bls,361,4e-05,5.3e-05,-1.6e-05
THAIZ_BODY_PLY,C_facial_local_BLS,l_up_mouth_bls,391,-0.100699,0.561551,0.478324
THAIZ_BODY_PLY,C_facial_local_BLS,l_up_mouth_bls,392,-0.036009,0.207795,0.221076
THAIZ_BODY_PLY,C_facial_local_BLS,l_up_mouth_bls,400,-0.1184,0.74482,0.54561
THAIZ_BODY_PLY,C_facial_local_BLS,l_up_mouth_bls,401,-0.116478,0.86324,0.489541
THAIZ_BODY_PLY,C_facial_local_BLS,l_up_mouth_bls,402,-0.054218,0.757083,0.179463
THAIZ_BODY_PLY,C_facial_local_BLS,l_up_mouth_bls,403,-0.058283,0.574034,0.095912
THAIZ_BODY_PLY,C_facial_local_BLS,l_up_mouth_bls,404,0.003809,0.310197,0.06457
THAIZ_BODY_PLY,C_facial_local_BLS,l_up_mouth_bls,419,0.2969,0.998228,0.682727
THAIZ_BODY_PLY,C_facial_local_BLS,l_up_mouth_bls,420,0.652364,0.820607,0.714759
THAIZ_BODY_PLY,C_facial_local_BLS,l_up_mouth_bls,421,-0.127156,0.879238,1.290868
THAIZ_BODY_PLY,C_facial_local_BLS,l_up_mouth_bls,422,-0.127804,0.468856,0.672859
THAIZ_BODY_PLY,C_facial_local_BLS,l_up_mouth_bls,423,-0.073433,0.230822,0.297349
THAIZ_BODY_PLY,C_facial_local_BLS,l_up_mouth_bls,424,6e-06,1.4e-05,4.5e-05
THAIZ_BODY_PLY,C_facial_local_BLS,l_up_mouth_bls,425,-0.003482,0.105356,0.067975
THAIZ_BODY_PLY,C_facial_local_BLS,l_up_mouth_bls,426,0.079463,0.359786,0.23323
THAIZ_BODY_PLY,C_facial_local_BLS,l_up_mouth_bls,427,-1e-06,0.008433,0.003759
THAIZ_BODY_PLY,C_facial_local_BLS,l_up_mouth_bls,431,-0.149133,0.635969,0.94864
THAIZ_BODY_PLY,C_facial_local_BLS,l_up_mouth_bls,433,2.4e-05,0.000739,0.000834
THAIZ_BODY_PLY,C_facial_local_BLS,l_up_mouth_bls,435,-0.002318,0.031205,0.033494
THAIZ_BODY_PLY,C_facial_local_BLS,l_up_mouth_bls,441,0.0,4e-06,5e-06
THAIZ_BODY_PLY,C_facial_local_BLS,l_up_mouth_bls,442,6e-06,0.005623,0.006747
THAIZ_BODY_PLY,C_facial_local_BLS,l_up_mouth_bls,443,-0.015415,0.096592,0.115372
THAIZ_BODY_PLY,C_facial_local_BLS,l_up_mouth_bls,444,-0.033433,0.099751,0.167635
THAIZ_BODY_PLY,C_facial_local_BLS,l_up_mouth_bls,445,-0.069069,0.44143,0.298954
THAIZ_BODY_PLY,C_facial_local_BLS,l_up_mouth_bls,446,-0.028767,0.195824,0.170835
THAIZ_BODY_PLY,C_facial_local_BLS,l_up_mouth_bls,447,-0.001474,0.047108,0.045094
THAIZ_BODY_PLY,C_facial_local_BLS,l_up_mouth_bls,448,0.003684,0.006659,0.007227
THAIZ_BODY_PLY,C_facial_local_BLS,l_up_mouth_bls,455,2e-06,0.000205,4e-06
THAIZ_BODY_PLY,C_facial_local_BLS,l_up_mouth_bls,456,-0.054706,0.322868,0.01727
THAIZ_BODY_PLY,C_facial_local_BLS,l_up_mouth_bls,457,-0.083218,0.489086,0.017324
THAIZ_BODY_PLY,C_facial_local_BLS,l_up_mouth_bls,458,-0.065426,0.542306,0.054461
THAIZ_BODY_PLY,C_facial_local_BLS,l_up_mouth_bls,459,-0.07783,0.60713,0.226398
THAIZ_BODY_PLY,C_facial_local_BLS,l_up_mouth_bls,460,-0.073561,0.548176,0.29903
THAIZ_BODY_PLY,C_facial_local_BLS,l_up_mouth_bls,463,0.003732,0.10518,0.018611
THAIZ_BODY_PLY,C_facial_local_BLS,l_up_mouth_bls,464,-0.001777,0.139801,0.010448
THAIZ_BODY_PLY,C_facial_local_BLS,l_up_mouth_bls,469,-0.075811,0.263786,0.231655
THAIZ_BODY_PLY,C_facial_local_BLS,l_up_mouth_bls,470,-0.03373,0.100612,0.125033
THAIZ_BODY_PLY,C_facial_local_BLS,l_up_mouth_bls,471,1e-06,2e-06,7e-06
THAIZ_BODY_PLY,C_facial_local_BLS,l_up_mouth_bls,472,-0.104295,0.362994,0.390483
THAIZ_BODY_PLY,C_facial_local_BLS,l_up_mouth_bls,473,-0.130264,0.433712,0.589994
THAIZ_BODY_PLY,C_facial_local_BLS,l_up_mouth_bls,474,0.047826,0.284633,0.884244
THAIZ_BODY_PLY,C_facial_local_BLS,l_up_mouth_bls,475,-0.014054,0.230131,0.598377
THAIZ_BODY_PLY,C_facial_local_BLS,l_up_mouth_bls,476,-0.045712,0.17494,0.406047
THAIZ_BODY_PLY,C_facial_local_BLS,l_up_mouth_bls,477,-0.049851,0.127519,0.272163
THAIZ_BODY_PLY,C_facial_local_BLS,l_up_mouth_bls,478,1.9e-05,0.003029,0.000969
THAIZ_BODY_PLY,C_facial_local_BLS,l_up_mouth_bls,481,0.000906,0.0229,0.003912
THAIZ_BODY_PLY,C_facial_local_BLS,l_up_mouth_bls,486,-0.04741,0.106006,0.166089
THAIZ_BODY_PLY,C_facial_local_BLS,l_up_mouth_bls,491,-0.044398,0.115406,0.077507
THAIZ_BODY_PLY,C_facial_local_BLS,l_up_mouth_bls,495,-0.126165,0.607249,1.273462
THAIZ_BODY_PLY,C_facial_local_BLS,l_up_mouth_bls,496,-0.132864,0.472347,0.88216
THAIZ_BODY_PLY,C_facial_local_BLS,l_up_mouth_bls,497,-0.042666,0.133463,0.106521
THAIZ_BODY_PLY,C_facial_local_BLS,l_up_mouth_bls,498,-0.091762,0.092799,0.214314
THAIZ_BODY_PLY,C_facial_local_BLS,l_up_mouth_bls,499,-0.116798,0.074091,0.319527
THAIZ_BODY_PLY,C_facial_local_BLS,l_up_mouth_bls,500,-0.106921,0.094366,0.424086
THAIZ_BODY_PLY,C_facial_local_BLS,l_up_mouth_bls,510,-0.079545,0.14067,0.520096
THAIZ_BODY_PLY,C_facial_local_BLS,l_up_mouth_bls,511,-0.078503,0.211927,0.612435
THAIZ_BODY_PLY,C_facial_local_BLS,l_up_mouth_bls,512,-0.091692,0.350234,0.295172
THAIZ_BODY_PLY,C_facial_local_BLS,l_up_mouth_bls,513,-0.04251,0.150612,0.035674
THAIZ_BODY_PLY,C_facial_local_BLS,l_up_mouth_bls,514,-0.00058,0.002584,0.000285
THAIZ_BODY_PLY,C_facial_local_BLS,l_up_mouth_bls,515,-0.0885,0.328392,0.069028
THAIZ_BODY_PLY,C_facial_local_BLS,l_up_mouth_bls,516,-0.095233,0.352076,0.20084
THAIZ_BODY_PLY,C_facial_local_BLS,l_up_mouth_bls,525,-0.243165,-0.241924,0.290484
THAIZ_BODY_PLY,C_facial_local_BLS,l_up_mouth_bls,526,-0.165361,-0.123968,0.223706
THAIZ_BODY_PLY,C_facial_local_BLS,l_up_mouth_bls,527,-0.23923,-0.285869,0.296874
THAIZ_BODY_PLY,C_facial_local_BLS,l_up_mouth_bls,528,-0.190053,-0.150403,0.273385
THAIZ_BODY_PLY,C_facial_local_BLS,l_up_mouth_bls,529,-0.133444,-0.052618,0.233926
THAIZ_BODY_PLY,C_facial_local_BLS,l_up_mouth_bls,530,-0.007418,0.265099,0.12013
THAIZ_BODY_PLY,C_facial_local_BLS,l_up_mouth_bls,531,-0.083085,0.382338,0.101931
THAIZ_BODY_PLY,C_facial_local_BLS,l_up_mouth_bls,532,-0.075146,0.365369,0.186088
THAIZ_BODY_PLY,C_facial_local_BLS,l_up_mouth_bls,533,-0.064809,0.336552,0.112655
THAIZ_BODY_PLY,C_facial_local_BLS,l_up_mouth_bls,534,-0.092583,0.387673,0.066495
THAIZ_BODY_PLY,C_facial_local_BLS,l_up_mouth_bls,535,-0.073719,0.277566,0.00523
THAIZ_BODY_PLY,C_facial_local_BLS,l_up_mouth_bls,536,-0.082285,0.370658,0.007161
THAIZ_BODY_PLY,C_facial_local_BLS,l_up_mouth_bls,537,-0.004745,0.013434,-0.003382
THAIZ_BODY_PLY,C_facial_local_BLS,l_up_mouth_bls,538,-0.010954,0.073239,0.012627
THAIZ_BODY_PLY,C_facial_local_BLS,l_up_mouth_bls,539,-0.041931,0.391621,0.048361
THAIZ_BODY_PLY,C_facial_local_BLS,l_up_mouth_bls,540,-0.053126,0.170434,0.073573
THAIZ_BODY_PLY,C_facial_local_BLS,l_up_mouth_bls,541,0.202029,0.19427,0.021528
THAIZ_BODY_PLY,C_facial_local_BLS,l_up_mouth_bls,542,-0.015255,0.124847,0.026093
THAIZ_BODY_PLY,C_facial_local_BLS,l_up_mouth_bls,543,0.028646,0.015775,0.0443
THAIZ_BODY_PLY,C_facial_local_BLS,l_up_mouth_bls,544,-0.109899,-0.3733,0.108526
THAIZ_BODY_PLY,C_facial_local_BLS,l_up_mouth_bls,545,-0.001351,0.019821,0.002435
THAIZ_BODY_PLY,C_facial_local_BLS,l_up_mouth_bls,546,-0.001724,0.047436,0.005224
THAIZ_BODY_PLY,C_facial_local_BLS,l_up_mouth_bls,547,2.6e-05,2.9e-05,-1.2e-05
THAIZ_BODY_PLY,C_facial_local_BLS,l_up_mouth_bls,548,0.007593,0.004541,-0.004081
THAIZ_BODY_PLY,C_facial_local_BLS,l_up_mouth_bls,549,-0.00427,0.014059,0.009104
THAIZ_BODY_PLY,C_facial_local_BLS,l_up_mouth_bls,550,-0.24143,-0.377103,0.20741
THAIZ_BODY_PLY,C_facial_local_BLS,l_up_mouth_bls,551,-0.118862,0.02385,0.096198
THAIZ_BODY_PLY,C_facial_local_BLS,l_up_mouth_bls,552,-0.234171,0.029251,0.177636
THAIZ_BODY_PLY,C_facial_local_BLS,l_up_mouth_bls,553,-0.305962,-0.225539,0.303547
THAIZ_BODY_PLY,C_facial_local_BLS,l_up_mouth_bls,554,-0.266018,0.050905,0.17896
THAIZ_BODY_PLY,C_facial_local_BLS,l_up_mouth_bls,555,-0.198151,-0.093203,0.250385
THAIZ_BODY_PLY,C_facial_local_BLS,l_up_mouth_bls,556,-0.003956,0.04972,0.007457
THAIZ_BODY_PLY,C_facial_local_BLS,l_up_mouth_bls,557,-0.008153,0.081247,0.014061
THAIZ_BODY_PLY,C_facial_local_BLS,l_up_mouth_bls,558,-0.016899,0.099277,0.021303
THAIZ_BODY_PLY,C_facial_local_BLS,l_up_mouth_bls,559,-0.027727,0.09836,0.037357
THAIZ_BODY_PLY,C_facial_local_BLS,l_up_mouth_bls,560,-0.001682,0.024696,0.003034
THAIZ_BODY_PLY,C_facial_local_BLS,l_up_mouth_bls,561,-0.006079,0.066114,0.011848
THAIZ_BODY_PLY,C_facial_local_BLS,l_up_mouth_bls,562,-0.004951,0.081994,0.022561
THAIZ_BODY_PLY,C_facial_local_BLS,l_up_mouth_bls,563,0.019445,0.098828,0.007656
THAIZ_BODY_PLY,C_facial_local_BLS,l_up_mouth_bls,564,0.000626,0.00063,-0.000327
THAIZ_BODY_PLY,C_facial_local_BLS,l_up_mouth_bls,565,-0.001027,0.01505,0.00185
THAIZ_BODY_PLY,C_facial_local_BLS,l_up_mouth_bls,566,-0.004163,0.017096,0.001474
THAIZ_BODY_PLY,C_facial_local_BLS,l_up_mouth_bls,567,3.6e-05,0.000797,0.002159
THAIZ_BODY_PLY,C_facial_local_BLS,l_up_mouth_bls,568,9.6e-05,0.002483,0.006203
THAIZ_BODY_PLY,C_facial_local_BLS,l_up_mouth_bls,569,3.6e-05,0.000407,0.00063
THAIZ_BODY_PLY,C_facial_local_BLS,l_up_mouth_bls,576,-0.004861,0.008035,-0.000788
THAIZ_BODY_PLY,C_facial_local_BLS,l_up_mouth_bls,577,-0.053154,0.187152,0.003672
THAIZ_BODY_PLY,C_facial_local_BLS,l_up_mouth_bls,578,-0.019943,0.068235,0.00141
THAIZ_BODY_PLY,C_facial_local_BLS,l_up_mouth_bls,579,-0.001228,0.001197,-0.000173
THAIZ_BODY_PLY,C_facial_local_BLS,l_up_mouth_bls,580,-0.000132,0.000392,6.9e-05
THAIZ_BODY_PLY,C_facial_local_BLS,l_up_mouth_bls,581,-0.010143,0.034606,0.001406
THAIZ_BODY_PLY,C_facial_local_BLS,l_up_mouth_bls,586,-0.000142,0.002083,0.000257
THAIZ_BODY_PLY,C_facial_local_BLS,l_up_mouth_bls,590,-0.000362,0.00531,0.000652
THAIZ_BODY_PLY,C_facial_local_BLS,l_up_mouth_bls,591,-0.000111,0.001633,0.0002
THAIZ_BODY_PLY,C_facial_local_BLS,l_up_mouth_bls,592,-7.6e-05,0.001559,0.000176
THAIZ_BODY_PLY,C_facial_local_BLS,l_up_mouth_bls,604,-0.087455,0.002797,0.139071
THAIZ_BODY_PLY,C_facial_local_BLS,l_up_mouth_bls,605,-0.030109,0.063541,0.062718
THAIZ_BODY_PLY,C_facial_local_BLS,l_up_mouth_bls,606,-0.071295,-0.000784,0.121021
THAIZ_BODY_PLY,C_facial_local_BLS,l_up_mouth_bls,607,0.007482,0.044647,0.009332
THAIZ_BODY_PLY,C_facial_local_BLS,l_up_mouth_bls,608,-0.004442,0.039153,0.026028
THAIZ_BODY_PLY,C_facial_local_BLS,l_up_mouth_bls,609,0.009357,0.023332,0.005505
THAIZ_BODY_PLY,C_facial_local_BLS,l_up_mouth_bls,611,0.001541,0.004226,-0.000308
THAIZ_BODY_PLY,C_facial_local_BLS,l_up_mouth_bls,612,0.002518,0.006705,-0.000491
THAIZ_BODY_PLY,C_facial_local_BLS,l_up_mouth_bls,617,0.004467,0.004066,-0.002122
THAIZ_BODY_PLY,C_facial_local_BLS,l_up_mouth_bls,621,0.000123,0.000126,-5.4e-05
THAIZ_BODY_PLY,C_facial_local_BLS,l_up_mouth_bls,628,-0.079845,0.520771,0.383302
THAIZ_BODY_PLY,C_facial_local_BLS,l_up_mouth_bls,629,-0.031969,0.21958,0.204207
THAIZ_BODY_PLY,C_facial_local_BLS,l_up_mouth_bls,630,-0.003606,0.045836,0.0456
THAIZ_BODY_PLY,C_facial_local_BLS,l_up_mouth_bls,631,0.000299,0.004254,0.004454
THAIZ_BODY_PLY,C_facial_local_BLS,l_up_mouth_bls,640,0.002196,0.132276,0.015065
THAIZ_BODY_PLY,C_facial_local_BLS,l_up_mouth_bls,641,-0.023798,0.328331,0.034749
THAIZ_BODY_PLY,C_facial_local_BLS,l_up_mouth_bls,642,-0.078036,0.54422,0.044229
THAIZ_BODY_PLY,C_facial_local_BLS,l_up_mouth_bls,643,-0.06259,0.65273,0.095853
THAIZ_BODY_PLY,C_facial_local_BLS,l_up_mouth_bls,644,-0.089369,0.743694,0.336605
THAIZ_BODY_PLY,C_facial_local_BLS,l_up_mouth_bls,645,-0.088518,0.664191,0.410006
THAIZ_BODY_PLY,C_facial_local_BLS,l_up_mouth_bls,646,-0.005083,0.058198,0.011243
THAIZ_BODY_PLY,C_facial_local_BLS,l_up_mouth_bls,647,-0.008148,0.08975,0.018539
THAIZ_BODY_PLY,C_facial_local_BLS,l_up_mouth_bls,648,-0.018486,0.102608,0.031535
THAIZ_BODY_PLY,C_facial_local_BLS,l_up_mouth_bls,649,-0.026824,0.104944,0.052784
THAIZ_BODY_PLY,C_facial_local_BLS,l_up_mouth_bls,650,-0.009379,0.066866,0.025668
THAIZ_BODY_PLY,C_facial_local_BLS,l_up_mouth_bls,651,-0.001762,0.025864,0.003178
THAIZ_BODY_PLY,C_facial_local_BLS,l_up_mouth_bls,652,-0.000277,0.004066,0.0005
THAIZ_BODY_PLY,C_facial_local_BLS,l_up_mouth_bls,657,-5.1e-05,6.6e-05,-5.8e-05
THAIZ_BODY_PLY,C_facial_local_BLS,l_up_mouth_bls,658,-0.001567,0.020256,0.002495
THAIZ_BODY_PLY,C_facial_local_BLS,l_up_mouth_bls,662,0.00114,0.001175,-0.000526
THAIZ_BODY_PLY,C_facial_local_BLS,l_up_mouth_bls,663,0.009602,0.010752,-0.003899
THAIZ_BODY_PLY,C_facial_local_BLS,l_up_mouth_bls,664,-0.007649,0.043252,0.023695
THAIZ_BODY_PLY,C_facial_local_BLS,l_up_mouth_bls,665,-0.111298,0.11056,0.121045
THAIZ_BODY_PLY,C_facial_local_BLS,l_up_mouth_bls,666,-0.413383,0.066331,0.27202
THAIZ_BODY_PLY,C_facial_local_BLS,l_up_mouth_bls,667,-0.423507,0.014621,0.24715
THAIZ_BODY_PLY,C_facial_local_BLS,l_up_mouth_bls,668,-0.222308,-0.00629,0.109421
THAIZ_BODY_PLY,C_facial_local_BLS,l_up_mouth_bls,669,-0.024545,0.001982,0.017665
THAIZ_BODY_PLY,C_facial_local_BLS,l_up_mouth_bls,670,-0.003214,4.5e-05,0.001265
THAIZ_BODY_PLY,C_facial_local_BLS,l_up_mouth_bls,671,-0.000292,-2.6e-05,0.000102
THAIZ_BODY_PLY,C_facial_local_BLS,l_up_mouth_bls,672,-4e-06,-1e-06,1e-06
THAIZ_BODY_PLY,C_facial_local_BLS,l_up_mouth_bls,679,0.000646,0.01233,0.000469
THAIZ_BODY_PLY,C_facial_local_BLS,l_up_mouth_bls,680,0.007306,0.048701,-0.020521
THAIZ_BODY_PLY,C_facial_local_BLS,l_up_mouth_bls,681,0.019683,0.007319,-0.020549
THAIZ_BODY_PLY,C_facial_local_BLS,l_up_mouth_bls,682,-0.143908,-0.097812,0.078829
THAIZ_BODY_PLY,C_facial_local_BLS,l_up_mouth_bls,683,-0.27666,-0.065165,0.233546
THAIZ_BODY_PLY,C_facial_local_BLS,l_up_mouth_bls,684,-0.301837,-0.002467,0.332267
THAIZ_BODY_PLY,C_facial_local_BLS,l_up_mouth_bls,685,-0.188159,0.058955,0.293549
THAIZ_BODY_PLY,C_facial_local_BLS,l_up_mouth_bls,686,-0.076866,0.06626,0.154237
THAIZ_BODY_PLY,C_facial_local_BLS,l_up_mouth_bls,687,-0.007157,0.052977,0.040215
THAIZ_BODY_PLY,C_facial_local_BLS,l_up_mouth_bls,688,0.00402,0.011298,0.000192
THAIZ_BODY_PLY,C_facial_local_BLS,l_up_mouth_bls,689,4e-06,7e-06,-1e-06
THAIZ_BODY_PLY,C_facial_local_BLS,l_up_mouth_bls,706,0.000304,0.026821,0.000777
THAIZ_BODY_PLY,C_facial_local_BLS,l_up_mouth_bls,707,0.000176,0.010681,0.000903
THAIZ_BODY_PLY,C_facial_local_BLS,l_up_mouth_bls,708,5e-05,0.001387,0.000222
THAIZ_BODY_PLY,C_facial_local_BLS,l_up_mouth_bls,724,-0.120467,0.221801,0.553653
THAIZ_BODY_PLY,C_facial_local_BLS,l_up_mouth_bls,725,-0.032,0.182818,0.159863
THAIZ_BODY_PLY,C_facial_local_BLS,l_up_mouth_bls,726,-0.009627,0.151113,0.076236
THAIZ_BODY_PLY,C_facial_local_BLS,l_up_mouth_bls,727,-0.003038,0.109469,0.036257
THAIZ_BODY_PLY,C_facial_local_BLS,l_up_mouth_bls,728,-0.002994,0.044038,0.00545
THAIZ_BODY_PLY,C_facial_local_BLS,l_up_mouth_bls,729,-0.000169,0.002487,0.000305
THAIZ_BODY_PLY,C_facial_local_BLS,l_up_mouth_bls,732,-0.112259,0.305755,0.421642
THAIZ_BODY_PLY,C_facial_local_BLS,l_up_mouth_bls,733,-0.029987,0.218636,0.155102
THAIZ_BODY_PLY,C_facial_local_BLS,l_up_mouth_bls,734,0.056886,0.188413,0.05252
THAIZ_BODY_PLY,C_facial_local_BLS,l_up_mouth_bls,735,-0.000364,0.097216,0.035755
THAIZ_BODY_PLY,C_facial_local_BLS,l_up_mouth_bls,736,-0.001816,0.026657,0.003274
THAIZ_BODY_PLY,C_facial_local_BLS,l_up_mouth_bls,737,-0.00012,0.001762,0.000216
THAIZ_BODY_PLY,C_facial_local_BLS,l_up_mouth_bls,740,-0.111929,0.386057,0.45189
THAIZ_BODY_PLY,C_facial_local_BLS,l_up_mouth_bls,741,-0.071282,0.382455,0.365044
THAIZ_BODY_PLY,C_facial_local_BLS,l_up_mouth_bls,742,-0.057213,0.360856,0.304284
THAIZ_BODY_PLY,C_facial_local_BLS,l_up_mouth_bls,743,-0.049584,0.311123,0.24552
THAIZ_BODY_PLY,C_facial_local_BLS,l_up_mouth_bls,755,0.146865,0.309739,0.411447
THAIZ_BODY_PLY,C_facial_local_BLS,l_up_mouth_bls,756,0.049986,0.197236,0.30857
THAIZ_BODY_PLY,C_facial_local_BLS,l_up_mouth_bls,757,0.009956,0.123886,0.211888
THAIZ_BODY_PLY,C_facial_local_BLS,l_up_mouth_bls,758,-0.003579,0.065499,0.127361
THAIZ_BODY_PLY,C_facial_local_BLS,l_up_mouth_bls,759,-0.006631,0.017975,0.060293
THAIZ_BODY_PLY,C_facial_local_BLS,l_up_mouth_bls,760,-4.7e-05,-0.000107,9.4e-05
THAIZ_BODY_PLY,C_facial_local_BLS,l_up_mouth_bls,761,-0.004459,-0.00942,0.008816
THAIZ_BODY_PLY,C_facial_local_BLS,l_up_mouth_bls,762,0.040497,0.102461,0.123682
THAIZ_BODY_PLY,C_facial_local_BLS,l_up_mouth_bls,763,0.021295,0.095912,0.126084
THAIZ_BODY_PLY,C_facial_local_BLS,l_up_mouth_bls,764,0.00397,0.065798,0.084081
THAIZ_BODY_PLY,C_facial_local_BLS,l_up_mouth_bls,765,0.008438,0.009536,0.027574
THAIZ_BODY_PLY,C_facial_local_BLS,l_up_mouth_bls,766,0.001873,-0.000707,0.001717
THAIZ_BODY_PLY,C_facial_local_BLS,l_up_mouth_bls,769,2e-06,4e-06,3e-06
THAIZ_BODY_PLY,C_facial_local_BLS,l_up_mouth_bls,770,0.00079,0.001276,0.001085
THAIZ_BODY_PLY,C_facial_local_BLS,l_up_mouth_bls,771,0.001002,0.000228,0.001046
THAIZ_BODY_PLY,C_facial_local_BLS,l_up_mouth_bls,772,2.3e-05,-3e-06,3.3e-05
THAIZ_BODY_PLY,C_facial_local_BLS,l_up_mouth_bls,801,-0.000637,0.013541,0.004381
THAIZ_BODY_PLY,C_facial_local_BLS,l_up_mouth_bls,802,-0.046864,0.113241,0.09945
THAIZ_BODY_PLY,C_facial_local_BLS,l_up_mouth_bls,803,-0.068647,0.111086,0.196591
THAIZ_BODY_PLY,C_facial_local_BLS,l_up_mouth_bls,804,-0.082379,0.120166,0.305286
THAIZ_BODY_PLY,C_facial_local_BLS,l_up_mouth_bls,805,-0.085469,0.155018,0.432725
THAIZ_BODY_PLY,C_facial_local_BLS,l_up_mouth_bls,806,-0.057437,0.190378,0.589779
THAIZ_BODY_PLY,C_facial_local_BLS,l_up_mouth_bls,807,-0.044587,0.237489,0.783586
THAIZ_BODY_PLY,C_facial_local_BLS,l_up_mouth_bls,808,-0.163103,0.332462,0.897307
THAIZ_BODY_PLY,C_facial_local_BLS,l_up_mouth_bls,809,-0.133202,0.330337,0.664975
THAIZ_BODY_PLY,C_facial_local_BLS,l_up_mouth_bls,810,-0.108161,0.393047,0.467495
THAIZ_BODY_PLY,C_facial_local_BLS,l_up_mouth_bls,811,-0.100209,0.350271,0.292034
THAIZ_BODY_PLY,C_facial_local_BLS,l_up_mouth_bls,812,-0.079041,0.290104,0.152779
THAIZ_BODY_PLY,C_facial_local_BLS,l_up_mouth_bls,813,-0.034892,0.114447,0.076193
THAIZ_BODY_PLY,C_facial_local_BLS,l_up_mouth_bls,814,-0.000295,0.001343,0.000567
THAIZ_BODY_PLY,C_facial_local_BLS,l_up_mouth_bls,815,-8e-06,4.2e-05,1e-05
THAIZ_BODY_PLY,C_facial_local_BLS,l_up_mouth_bls,816,0.050009,0.299678,0.018848
THAIZ_BODY_PLY,C_facial_local_BLS,l_up_mouth_bls,817,-0.009898,0.252527,0.064617
THAIZ_BODY_PLY,C_facial_local_BLS,l_up_mouth_bls,818,-0.041268,0.226126,0.017971
THAIZ_BODY_PLY,C_facial_local_BLS,l_up_mouth_bls,819,-0.041995,0.129356,-0.006448
THAIZ_BODY_PLY,C_facial_local_BLS,l_up_mouth_bls,820,-0.032008,0.097636,-0.00847
THAIZ_BODY_PLY,C_facial_local_BLS,l_up_mouth_bls,821,-0.024364,0.073712,-0.004493
THAIZ_BODY_PLY,C_facial_local_BLS,l_up_mouth_bls,822,-0.008915,0.028118,0.001173
THAIZ_BODY_PLY,C_facial_local_BLS,l_up_mouth_bls,823,-0.003179,0.009856,0.001279
THAIZ_BODY_PLY,C_facial_local_BLS,l_up_mouth_bls,824,-0.007058,0.023051,0.002075
THAIZ_BODY_PLY,C_facial_local_BLS,l_up_mouth_bls,825,-0.015519,0.049998,0.000903
THAIZ_BODY_PLY,C_facial_local_BLS,l_up_mouth_bls,826,-0.040937,0.126212,-0.006474
THAIZ_BODY_PLY,C_facial_local_BLS,l_up_mouth_bls,827,-0.059315,0.181732,-0.01143
THAIZ_BODY_PLY,C_facial_local_BLS,l_up_mouth_bls,828,-0.082731,0.256317,-0.01533
THAIZ_BODY_PLY,C_facial_local_BLS,l_up_mouth_bls,829,-0.062618,0.308888,0.010442
THAIZ_BODY_PLY,C_facial_local_BLS,l_up_mouth_bls,830,-0.016701,0.271874,0.058388
THAIZ_BODY_PLY,C_facial_local_BLS,l_up_mouth_bls,831,-0.033252,0.267056,0.057652
THAIZ_BODY_PLY,C_facial_local_BLS,l_up_mouth_bls,832,0.0,4e-06,8e-06
THAIZ_BODY_PLY,C_facial_local_BLS,l_up_mouth_bls,833,5e-05,0.00214,0.003816
THAIZ_BODY_PLY,C_facial_local_BLS,l_up_mouth_bls,834,-0.025844,0.120498,0.162541
THAIZ_BODY_PLY,C_facial_local_BLS,l_up_mouth_bls,835,-0.055699,0.236987,0.29422
THAIZ_BODY_PLY,C_facial_local_BLS,l_up_mouth_bls,836,-0.088938,0.38833,0.433138
THAIZ_BODY_PLY,C_facial_local_BLS,l_up_mouth_bls,837,-0.122772,0.566141,0.577919
THAIZ_BODY_PLY,C_facial_local_BLS,l_up_mouth_bls,838,-0.158002,0.776762,0.717633
THAIZ_BODY_PLY,C_facial_local_BLS,l_up_mouth_bls,839,-0.153357,0.936507,0.694844
THAIZ_BODY_PLY,C_facial_local_BLS,l_up_mouth_bls,840,-0.015588,0.851051,0.317307
THAIZ_BODY_PLY,C_facial_local_BLS,l_up_mouth_bls,841,-0.008034,0.570857,0.180163
THAIZ_BODY_PLY,C_facial_local_BLS,l_up_mouth_bls,842,0.017262,0.270087,0.088206
THAIZ_BODY_PLY,C_facial_local_BLS,l_up_mouth_bls,843,0.002627,0.038395,0.010471
THAIZ_BODY_PLY,C_facial_local_BLS,l_up_mouth_bls,859,-6e-06,9.2e-05,1.1e-05
THAIZ_BODY_PLY,C_facial_local_BLS,l_up_mouth_bls,860,-0.0,8e-06,1e-06
THAIZ_BODY_PLY,C_facial_local_BLS,l_up_mouth_bls,882,-0.012975,0.108689,0.099532
THAIZ_BODY_PLY,C_facial_local_BLS,l_up_mouth_bls,883,-0.014306,0.114941,0.111155
THAIZ_BODY_PLY,C_facial_local_BLS,l_up_mouth_bls,884,-0.012965,0.097193,0.102963
THAIZ_BODY_PLY,C_facial_local_BLS,l_up_mouth_bls,885,-0.004603,0.044779,0.052231
THAIZ_BODY_PLY,C_facial_local_BLS,l_up_mouth_bls,886,0.0,5e-06,7e-06
THAIZ_BODY_PLY,C_facial_local_BLS,l_up_mouth_bls,888,-0.058534,0.194721,0.142905
THAIZ_BODY_PLY,C_facial_local_BLS,l_up_mouth_bls,889,-0.040642,0.124717,0.102875
THAIZ_BODY_PLY,C_facial_local_BLS,l_up_mouth_bls,890,-0.020657,0.071208,0.063405
THAIZ_BODY_PLY,C_facial_local_BLS,l_up_mouth_bls,891,-0.005422,0.037593,0.035296
THAIZ_BODY_PLY,C_facial_local_BLS,l_up_mouth_bls,892,0.008804,0.013952,0.015695
THAIZ_BODY_PLY,C_facial_local_BLS,l_up_mouth_bls,893,0.027452,-0.005347,0.000887
THAIZ_BODY_PLY,C_facial_local_BLS,l_up_mouth_bls,901,-8e-06,2e-06,5e-06
THAIZ_BODY_PLY,C_facial_local_BLS,l_up_mouth_bls,902,-0.002649,0.006328,0.000944
THAIZ_BODY_PLY,C_facial_local_BLS,l_up_mouth_bls,903,-0.012423,0.034059,0.009212
THAIZ_BODY_PLY,C_facial_local_BLS,l_up_mouth_bls,904,-0.039209,0.120495,0.020469
THAIZ_BODY_PLY,C_facial_local_BLS,l_up_mouth_bls,905,-0.05379,0.232944,-0.003858
THAIZ_BODY_PLY,C_facial_local_BLS,l_up_mouth_bls,906,-0.057041,0.305268,-0.018673
THAIZ_BODY_PLY,C_facial_local_BLS,l_up_mouth_bls,907,-0.054654,0.303077,-0.006793
THAIZ_BODY_PLY,C_facial_local_BLS,l_up_mouth_bls,908,-0.060501,0.310364,0.072825
THAIZ_BODY_PLY,C_facial_local_BLS,l_up_mouth_bls,909,-0.054594,0.262841,0.124079
THAIZ_BODY_PLY,C_facial_local_BLS,l_up_mouth_bls,910,-0.009972,0.033451,0.001842
THAIZ_BODY_PLY,C_facial_local_BLS,l_up_mouth_bls,911,-0.020165,0.066428,-3e-05
THAIZ_BODY_PLY,C_facial_local_BLS,l_up_mouth_bls,912,-0.052442,0.168968,-0.006192
THAIZ_BODY_PLY,C_facial_local_BLS,l_up_mouth_bls,913,-0.075573,0.248125,-0.010701
THAIZ_BODY_PLY,C_facial_local_BLS,l_up_mouth_bls,914,-0.107211,0.350904,-0.02156
THAIZ_BODY_PLY,C_facial_local_BLS,l_up_mouth_bls,915,-0.032462,0.3882,0.018028
THAIZ_BODY_PLY,C_facial_local_BLS,l_up_mouth_bls,916,-0.048534,0.311565,0.076215
THAIZ_BODY_PLY,C_facial_local_BLS,l_up_mouth_bls,917,-0.035337,0.275344,0.083971
THAIZ_BODY_PLY,C_facial_local_BLS,l_up_mouth_bls,918,0.125133,0.305361,0.007767
THAIZ_BODY_PLY,C_facial_local_BLS,l_up_mouth_bls,919,-0.033532,0.215101,0.073981
THAIZ_BODY_PLY,C_facial_local_BLS,l_up_mouth_bls,920,-0.020921,0.160367,0.024683
THAIZ_BODY_PLY,C_facial_local_BLS,l_up_mouth_bls,921,-0.018946,0.084863,0.005218
THAIZ_BODY_PLY,C_facial_local_BLS,l_up_mouth_bls,922,-0.010408,0.036739,-0.005509
THAIZ_BODY_PLY,C_facial_local_BLS,l_up_mouth_bls,923,-0.010398,0.030547,-0.001814
THAIZ_BODY_PLY,C_facial_local_BLS,l_up_mouth_bls,924,-0.003453,0.008864,0.000603
THAIZ_BODY_PLY,C_facial_local_BLS,l_up_mouth_bls,925,-0.000648,0.001923,0.000329
THAIZ_BODY_PLY,C_facial_local_BLS,l_up_mouth_bls,926,-0.002652,0.037417,0.00459
THAIZ_BODY_PLY,C_facial_local_BLS,l_up_mouth_bls,927,-0.006797,0.069046,0.008248
THAIZ_BODY_PLY,C_facial_local_BLS,l_up_mouth_bls,928,-0.013004,0.097341,0.012206
THAIZ_BODY_PLY,C_facial_local_BLS,l_up_mouth_bls,929,-0.013027,0.103723,0.015621
THAIZ_BODY_PLY,C_facial_local_BLS,l_up_mouth_bls,930,-0.003995,0.058508,0.00719
THAIZ_BODY_PLY,C_facial_local_BLS,l_up_mouth_bls,931,-0.001334,0.019577,0.002405
THAIZ_BODY_PLY,C_facial_local_BLS,l_up_mouth_bls,932,-0.000903,0.01326,0.001629
THAIZ_BODY_PLY,C_facial_local_BLS,l_up_mouth_bls,936,-0.000223,0.003273,0.000401
THAIZ_BODY_PLY,C_facial_local_BLS,l_up_mouth_bls,938,-0.00019,0.002785,0.000342
THAIZ_BODY_PLY,C_facial_local_BLS,l_up_mouth_bls,944,0.000349,0.000253,-0.000798
THAIZ_BODY_PLY,C_facial_local_BLS,l_up_mouth_bls,945,0.02521,0.022862,-0.058199
THAIZ_BODY_PLY,C_facial_local_BLS,l_up_mouth_bls,946,0.044298,0.039714,-0.078899
THAIZ_BODY_PLY,C_facial_local_BLS,l_up_mouth_bls,947,-0.021247,0.026971,-0.01053
THAIZ_BODY_PLY,C_facial_local_BLS,l_up_mouth_bls,948,-0.125353,-0.029892,0.114247
THAIZ_BODY_PLY,C_facial_local_BLS,l_up_mouth_bls,949,-0.276456,0.0698,0.320832
THAIZ_BODY_PLY,C_facial_local_BLS,l_up_mouth_bls,950,-0.154108,0.176422,0.342165
THAIZ_BODY_PLY,C_facial_local_BLS,l_up_mouth_bls,951,-0.041424,0.125846,0.154168
THAIZ_BODY_PLY,C_facial_local_BLS,l_up_mouth_bls,952,0.008141,0.067001,0.038166
THAIZ_BODY_PLY,C_facial_local_BLS,l_up_mouth_bls,953,0.009107,0.018792,-0.000386
THAIZ_BODY_PLY,C_facial_local_BLS,l_up_mouth_bls,954,0.000504,0.000873,-0.000176
THAIZ_BODY_PLY,C_facial_local_BLS,l_up_mouth_bls,959,9e-06,1e-05,-4e-06
THAIZ_BODY_PLY,C_facial_local_BLS,l_up_mouth_bls,972,-0.068216,0.345703,0.232989
THAIZ_BODY_PLY,C_facial_local_BLS,l_up_mouth_bls,973,-0.048073,0.244939,0.19149
THAIZ_BODY_PLY,C_facial_local_BLS,l_up_mouth_bls,974,-0.026946,0.154153,0.132031
THAIZ_BODY_PLY,C_facial_local_BLS,l_up_mouth_bls,975,-0.00959,0.086705,0.078125
THAIZ_BODY_PLY,C_facial_local_BLS,l_up_mouth_bls,976,0.006359,0.037275,0.036496
THAIZ_BODY_PLY,C_facial_local_BLS,l_up_mouth_bls,977,0.025955,0.0,0.004772
THAIZ_BODY_PLY,C_facial_local_BLS,l_up_mouth_bls,986,2.1e-05,0.001173,-5.8e-05
THAIZ_BODY_PLY,C_facial_local_BLS,l_up_mouth_bls,987,0.000398,0.037808,-0.000389
THAIZ_BODY_PLY,C_facial_local_BLS,l_up_mouth_bls,988,-0.011589,0.145325,0.007767
THAIZ_BODY_PLY,C_facial_local_BLS,l_up_mouth_bls,989,-0.047381,0.296829,-0.002322
THAIZ_BODY_PLY,C_facial_local_BLS,l_up_mouth_bls,990,-0.054561,0.411406,-0.004651
THAIZ_BODY_PLY,C_facial_local_BLS,l_up_mouth_bls,991,-0.046238,0.423552,0.023888
THAIZ_BODY_PLY,C_facial_local_BLS,l_up_mouth_bls,992,-0.071937,0.468101,0.152164
THAIZ_BODY_PLY,C_facial_local_BLS,l_up_mouth_bls,993,-0.07192,0.424506,0.21871
THAIZ_BODY_PLY,C_facial_local_BLS,l_up_mouth_bls,997,1.7e-05,2e-05,-7e-06
THAIZ_BODY_PLY,C_facial_local_BLS,l_up_mouth_bls,998,0.001874,0.002071,-0.000835
THAIZ_BODY_PLY,C_facial_local_BLS,l_up_mouth_bls,999,0.010844,0.015103,-0.002778
THAIZ_BODY_PLY,C_facial_local_BLS,l_up_mouth_bls,1000,-0.008641,0.053816,0.035283
THAIZ_BODY_PLY,C_facial_local_BLS,l_up_mouth_bls,1001,-0.110726,0.127166,0.150312
THAIZ_BODY_PLY,C_facial_local_BLS,l_up_mouth_bls,1002,-0.388809,0.101757,0.328449
THAIZ_BODY_PLY,C_facial_local_BLS,l_up_mouth_bls,1003,-0.435921,0.03859,0.295623
THAIZ_BODY_PLY,C_facial_local_BLS,l_up_mouth_bls,1004,-0.241062,0.004504,0.119747
THAIZ_BODY_PLY,C_facial_local_BLS,l_up_mouth_bls,1005,-0.033023,0.011646,0.0177
THAIZ_BODY_PLY,C_facial_local_BLS,l_up_mouth_bls,1006,0.003866,-6.1e-05,-0.0086
THAIZ_BODY_PLY,C_facial_local_BLS,l_up_mouth_bls,1007,0.000283,-0.000598,-0.001154
THAIZ_BODY_PLY,C_facial_local_BLS,l_up_mouth_bls,1008,3e-06,-5e-06,-1.2e-05
THAIZ_BODY_PLY,C_facial_local_BLS,l_up_mouth_bls,1013,-0.010963,0.002153,0.007668
THAIZ_BODY_PLY,C_facial_local_BLS,l_up_mouth_bls,1014,0.003899,0.004102,-0.002139
THAIZ_BODY_PLY,C_facial_local_BLS,l_up_mouth_bls,1015,0.000181,0.000211,-0.0001
THAIZ_BODY_PLY,C_facial_local_BLS,l_up_mouth_bls,1016,5e-06,7e-06,-3e-06
THAIZ_BODY_PLY,C_facial_local_BLS,l_up_mouth_bls,1025,0.00052,0.000535,-0.00024
THAIZ_BODY_PLY,C_facial_local_BLS,l_up_mouth_bls,1026,0.007716,0.007572,-0.003655
THAIZ_BODY_PLY,C_facial_local_BLS,l_up_mouth_bls,1027,-8.5e-05,0.032891,0.012266
THAIZ_BODY_PLY,C_facial_local_BLS,l_up_mouth_bls,1028,-0.079084,0.087172,0.085352
THAIZ_BODY_PLY,C_facial_local_BLS,l_up_mouth_bls,1029,-0.355566,0.057691,0.210488
THAIZ_BODY_PLY,C_facial_local_BLS,l_up_mouth_bls,1030,-0.346475,0.014833,0.196341
THAIZ_BODY_PLY,C_facial_local_BLS,l_up_mouth_bls,1031,-0.177404,0.000224,0.087225
THAIZ_BODY_PLY,C_facial_local_BLS,l_up_mouth_bls,1032,-0.155523,-0.058137,0.309519
THAIZ_BODY_PLY,C_facial_local_BLS,l_up_mouth_bls,1033,-0.114636,-0.01278,0.216655
THAIZ_BODY_PLY,C_facial_local_BLS,l_up_mouth_bls,1034,-0.045655,0.057763,0.1087
THAIZ_BODY_PLY,C_facial_local_BLS,l_up_mouth_bls,1035,0.014709,0.036121,-0.001762
THAIZ_BODY_PLY,C_facial_local_BLS,l_up_mouth_bls,1036,0.000487,0.001388,-8.8e-05
THAIZ_BODY_PLY,C_facial_local_BLS,l_up_mouth_bls,1042,-0.007129,0.02503,0.001264
THAIZ_BODY_PLY,C_facial_local_BLS,l_up_mouth_bls,1043,-0.015057,0.053457,0.002685
THAIZ_BODY_PLY,C_facial_local_BLS,l_up_mouth_bls,1044,-0.050923,0.184077,0.017476
THAIZ_BODY_PLY,C_facial_local_BLS,l_up_mouth_bls,1045,-0.078566,0.297359,0.027662
THAIZ_BODY_PLY,C_facial_local_BLS,l_up_mouth_bls,1046,-0.089374,0.381527,0.034729
THAIZ_BODY_PLY,C_facial_local_BLS,l_up_mouth_bls,1047,-0.095356,0.389112,0.099114
THAIZ_BODY_PLY,C_facial_local_BLS,l_up_mouth_bls,1048,-0.072606,0.356556,0.144928
THAIZ_BODY_PLY,C_facial_local_BLS,l_up_mouth_bls,1049,-0.077923,0.313775,0.215866
THAIZ_BODY_PLY,C_facial_local_BLS,l_up_mouth_bls,1050,-0.078188,0.265177,0.267552
THAIZ_BODY_PLY,C_facial_local_BLS,l_up_mouth_bls,1051,-0.056125,0.219186,0.274951
THAIZ_BODY_PLY,C_facial_local_BLS,l_up_mouth_bls,1052,0.024299,0.154401,0.374938
THAIZ_BODY_PLY,C_facial_local_BLS,l_up_mouth_bls,1053,-0.061655,0.069478,0.381383
THAIZ_BODY_PLY,C_facial_local_BLS,l_up_mouth_bls,1054,-0.140411,-0.016389,0.385497
THAIZ_BODY_PLY,C_facial_local_BLS,l_up_mouth_bls,1091,-0.003406,0.011167,0.001274
THAIZ_BODY_PLY,C_facial_local_BLS,l_up_mouth_bls,1092,-0.001879,0.005753,0.000967
THAIZ_BODY_PLY,C_facial_local_BLS,l_up_mouth_bls,1095,-2e-06,6e-06,1e-06
THAIZ_BODY_PLY,C_facial_local_BLS,l_up_mouth_bls,1104,-0.00058,0.001741,0.00031
THAIZ_BODY_PLY,C_facial_local_BLS,l_up_mouth_bls,1105,-4e-06,8e-06,2e-06
THAIZ_BODY_PLY,C_facial_local_BLS,l_up_mouth_bls,1110,-0.002953,0.009307,0.001363
THAIZ_BODY_PLY,C_facial_local_BLS,l_up_mouth_bls,1114,-0.002584,0.008815,0.000862
THAIZ_BODY_PLY,C_facial_local_BLS,l_up_mouth_bls,1155,1e-06,2.3e-05,2.9e-05
THAIZ_BODY_PLY,C_facial_local_BLS,l_up_mouth_bls,1156,0.000129,0.003519,0.004724
THAIZ_BODY_PLY,C_facial_local_BLS,l_up_mouth_bls,1157,-0.001422,0.023316,0.032123
THAIZ_BODY_PLY,C_facial_local_BLS,l_up_mouth_bls,1158,-0.005051,0.038321,0.058324
THAIZ_BODY_PLY,C_facial_local_BLS,l_up_mouth_bls,1159,-0.006007,0.028814,0.05848
THAIZ_BODY_PLY,C_facial_local_BLS,l_up_mouth_bls,1160,-0.003594,0.015152,0.032999
THAIZ_BODY_PLY,C_facial_local_BLS,l_up_mouth_bls,1161,-0.005077,0.01725,0.014567
THAIZ_BODY_PLY,C_facial_local_BLS,l_up_mouth_bls,1162,-0.014014,0.05209,0.008237
THAIZ_BODY_PLY,C_facial_local_BLS,l_up_mouth_bls,1163,-0.028602,0.101827,0.007181
THAIZ_BODY_PLY,C_facial_local_BLS,l_up_mouth_bls,1164,-0.034021,0.116889,0.002023
THAIZ_BODY_PLY,C_facial_local_BLS,l_up_mouth_bls,1165,-0.03395,0.10941,-0.002848
THAIZ_BODY_PLY,C_facial_local_BLS,l_up_mouth_bls,1166,-0.026691,0.083477,-0.002287
THAIZ_BODY_PLY,C_facial_local_BLS,l_up_mouth_bls,1167,-0.016101,0.050203,-0.001035
THAIZ_BODY_PLY,C_facial_local_BLS,l_up_mouth_bls,1168,-0.006236,0.021061,-0.000115
THAIZ_BODY_PLY,C_facial_local_BLS,l_up_mouth_bls,1169,-0.002166,0.004978,-0.000239
THAIZ_BODY_PLY,C_facial_local_BLS,l_up_mouth_bls,1172,-1e-06,1.5e-05,2e-06
THAIZ_BODY_PLY,C_facial_local_BLS,l_up_mouth_bls,1184,3.1e-05,0.000267,0.000112
THAIZ_BODY_PLY,C_facial_local_BLS,l_up_mouth_bls,1185,0.022124,0.187354,0.083937
THAIZ_BODY_PLY,C_facial_local_BLS,l_up_mouth_bls,1186,0.060088,0.504883,0.260036
THAIZ_BODY_PLY,C_facial_local_BLS,l_up_mouth_bls,1187,0.102171,0.899895,0.510468
THAIZ_BODY_PLY,C_facial_local_BLS,l_up_mouth_bls,1188,-0.169413,0.944881,0.964456
THAIZ_BODY_PLY,C_facial_local_BLS,l_up_mouth_bls,1189,-0.181001,0.738274,0.889033
THAIZ_BODY_PLY,C_facial_local_BLS,l_up_mouth_bls,1190,-0.134002,0.53145,0.658995
THAIZ_BODY_PLY,C_facial_local_BLS,l_up_mouth_bls,1191,-0.100581,0.369203,0.474809
THAIZ_BODY_PLY,C_facial_local_BLS,l_up_mouth_bls,1192,-0.066612,0.227255,0.32069
THAIZ_BODY_PLY,C_facial_local_BLS,l_up_mouth_bls,1193,-0.032242,0.116951,0.182328
THAIZ_BODY_PLY,C_facial_local_BLS,l_up_mouth_bls,1194,-0.007402,0.040221,0.069449
THAIZ_BODY_PLY,C_facial_local_BLS,l_up_mouth_bls,1195,1.6e-05,0.003429,0.007227
THAIZ_BODY_PLY,C_facial_local_BLS,l_up_mouth_bls,1196,4e-06,1.4e-05,3.8e-05
THAIZ_BODY_PLY,C_facial_local_BLS,l_up_mouth_bls,1270,0.063018,-0.02279,-0.010391
THAIZ_BODY_PLY,C_facial_local_BLS,l_up_mouth_bls,1271,0.076185,-0.023549,-0.011783
THAIZ_BODY_PLY,C_facial_local_BLS,l_up_mouth_bls,1272,0.000223,-8e-06,-8e-05
THAIZ_BODY_PLY,C_facial_local_BLS,l_up_mouth_bls,1296,-0.000129,-0.000305,0.000257
THAIZ_BODY_PLY,C_facial_local_BLS,l_up_mouth_bls,1297,-0.012163,0.015704,0.035741
THAIZ_BODY_PLY,C_facial_local_BLS,l_up_mouth_bls,1298,-0.024675,0.065535,0.118042
THAIZ_BODY_PLY,C_facial_local_BLS,l_up_mouth_bls,1299,-0.021921,0.106368,0.211574
THAIZ_BODY_PLY,C_facial_local_BLS,l_up_mouth_bls,1300,-0.006734,0.163037,0.329244
THAIZ_BODY_PLY,C_facial_local_BLS,l_up_mouth_bls,1301,0.033286,0.244252,0.488245
THAIZ_BODY_PLY,C_facial_local_BLS,l_up_mouth_bls,1302,0.141358,0.334068,0.712499
THAIZ_BODY_PLY,C_facial_local_BLS,l_up_mouth_bls,1303,0.322501,0.84473,1.286589
THAIZ_BODY_PLY,C_facial_local_BLS,l_up_mouth_bls,1304,0.070664,0.997402,0.975793
THAIZ_BODY_PLY,C_facial_local_BLS,l_up_mouth_bls,1305,-0.028588,0.940718,0.720662
THAIZ_BODY_PLY,C_facial_local_BLS,l_up_mouth_bls,1306,-0.072164,0.891577,0.487874
THAIZ_BODY_PLY,C_facial_local_BLS,l_up_mouth_bls,1307,-0.083234,0.805522,0.313447
THAIZ_BODY_PLY,C_facial_local_BLS,l_up_mouth_bls,1308,-0.070565,0.70192,0.188531
THAIZ_BODY_PLY,C_facial_local_BLS,l_up_mouth_bls,1309,-0.066161,0.581577,0.117888
THAIZ_BODY_PLY,C_facial_local_BLS,l_up_mouth_bls,1310,-0.052217,0.451384,0.070258
THAIZ_BODY_PLY,C_facial_local_BLS,l_up_mouth_bls,1311,-0.045501,0.318471,0.015826
THAIZ_BODY_PLY,C_facial_local_BLS,l_up_mouth_bls,1314,0.004834,0.044333,0.03183
THAIZ_BODY_PLY,C_facial_local_BLS,l_up_mouth_bls,1315,0.410975,0.477847,0.510643
THAIZ_BODY_PLY,C_facial_local_BLS,l_up_mouth_bls,1316,0.339572,0.480968,0.973381
THAIZ_BODY_PLY,C_facial_local_BLS,l_up_mouth_bls,1317,0.099561,0.363455,1.148478
THAIZ_BODY_PLY,C_facial_local_BLS,l_up_mouth_bls,1318,-0.079299,0.292122,0.88766
THAIZ_BODY_PLY,C_facial_local_BLS,l_up_mouth_bls,1319,-0.124932,0.261867,0.628311
THAIZ_BODY_PLY,C_facial_local_BLS,l_up_mouth_bls,1320,0.031626,0.192665,0.337811
THAIZ_BODY_PLY,C_facial_local_BLS,l_up_mouth_bls,1321,-0.039866,0.103019,0.152858
THAIZ_BODY_PLY,C_facial_local_BLS,l_up_mouth_bls,1322,0.0085,0.126841,0.05593
THAIZ_BODY_PLY,C_facial_local_BLS,l_up_mouth_bls,1323,0.000828,0.124962,0.021197
THAIZ_BODY_PLY,C_facial_local_BLS,l_up_mouth_bls,1324,-0.003986,0.0588,0.007243
THAIZ_BODY_PLY,C_facial_local_BLS,l_up_mouth_bls,1325,-0.000216,0.003166,0.000389
THAIZ_BODY_PLY,C_facial_local_BLS,l_up_mouth_bls,1330,-0.006809,0.066584,0.013719
THAIZ_BODY_PLY,C_facial_local_BLS,l_up_mouth_bls,1331,-0.009829,0.104709,0.023796
THAIZ_BODY_PLY,C_facial_local_BLS,l_up_mouth_bls,1332,-0.01187,0.122211,0.048694
THAIZ_BODY_PLY,C_facial_local_BLS,l_up_mouth_bls,1333,-0.010543,0.130892,0.056371
THAIZ_BODY_PLY,C_facial_local_BLS,l_up_mouth_bls,1334,-0.014621,0.065335,0.039054
THAIZ_BODY_PLY,C_facial_local_BLS,l_up_mouth_bls,1335,-0.001726,0.025337,0.003113
THAIZ_BODY_PLY,C_facial_local_BLS,l_up_mouth_bls,1336,-0.000162,0.00238,0.000293
THAIZ_BODY_PLY,C_facial_local_BLS,l_up_mouth_bls,1342,-0.00011,0.00024,-0.000275
THAIZ_BODY_PLY,C_facial_local_BLS,l_up_mouth_bls,1343,-0.000917,0.000722,-0.000737
THAIZ_BODY_PLY,C_facial_local_BLS,l_up_mouth_bls,1344,-0.002557,0.020421,0.001459
THAIZ_BODY_PLY,C_facial_local_BLS,l_up_mouth_bls,1350,0.00147,0.002091,-0.000569
THAIZ_BODY_PLY,C_facial_local_BLS,l_up_mouth_bls,1351,0.012778,0.021309,-0.00111
THAIZ_BODY_PLY,C_facial_local_BLS,l_up_mouth_bls,1352,0.013471,0.066867,0.035394
THAIZ_BODY_PLY,C_facial_local_BLS,l_up_mouth_bls,1353,-0.038322,0.138057,0.150405
THAIZ_BODY_PLY,C_facial_local_BLS,l_up_mouth_bls,1354,-0.283573,0.211338,0.402794
THAIZ_BODY_PLY,C_facial_local_BLS,l_up_mouth_bls,1355,-0.356218,0.070402,0.321451
THAIZ_BODY_PLY,C_facial_local_BLS,l_up_mouth_bls,1356,-0.189697,0.001636,0.114214
THAIZ_BODY_PLY,C_facial_local_BLS,l_up_mouth_bls,1357,-0.028763,0.038144,-0.007409
THAIZ_BODY_PLY,C_facial_local_BLS,l_up_mouth_bls,1358,0.028084,0.035494,-0.061157
THAIZ_BODY_PLY,C_facial_local_BLS,l_up_mouth_bls,1359,0.008354,0.003776,-0.026792
THAIZ_BODY_PLY,C_facial_local_BLS,l_up_mouth_bls,1360,5.5e-05,-2.8e-05,-0.000241
THAIZ_BODY_PLY,C_facial_local_BLS,l_up_mouth_bls,1366,-0.000571,0.008385,0.00103
THAIZ_BODY_PLY,C_facial_local_BLS,l_up_mouth_bls,1367,-0.000818,0.012009,0.001474
THAIZ_BODY_PLY,C_facial_local_BLS,l_up_mouth_bls,1368,-0.000965,0.014168,0.00174
THAIZ_BODY_PLY,C_facial_local_BLS,l_up_mouth_bls,1369,-0.000897,0.013168,0.001618
THAIZ_BODY_PLY,C_facial_local_BLS,l_up_mouth_bls,1370,-0.000664,0.009743,0.001197
THAIZ_BODY_PLY,C_facial_local_BLS,l_up_mouth_bls,1371,-0.000412,0.00605,0.000743
THAIZ_BODY_PLY,C_facial_local_BLS,l_up_mouth_bls,1372,-0.000227,0.003326,0.000409
THAIZ_BODY_PLY,C_facial_local_BLS,l_up_mouth_bls,1373,-0.000117,0.001724,0.000212
THAIZ_BODY_PLY,C_facial_local_BLS,l_up_mouth_bls,1374,-7.5e-05,0.001106,0.000135
THAIZ_BODY_PLY,C_facial_local_BLS,l_up_mouth_bls,1375,-6.8e-05,0.000992,0.000122
THAIZ_BODY_PLY,C_facial_local_BLS,l_up_mouth_bls,1376,-7.8e-05,0.001144,0.00014
THAIZ_BODY_PLY,C_facial_local_BLS,l_up_mouth_bls,1377,-9.4e-05,0.001381,0.00017
THAIZ_BODY_PLY,C_facial_local_BLS,l_up_mouth_bls,1378,-0.000175,0.002563,0.000315
THAIZ_BODY_PLY,C_facial_local_BLS,l_up_mouth_bls,1379,-0.000282,0.004143,0.000509
THAIZ_BODY_PLY,C_facial_local_BLS,l_up_mouth_bls,1380,-0.000403,0.005913,0.000727
THAIZ_BODY_PLY,C_facial_local_BLS,l_up_mouth_bls,1381,-0.001778,0.022606,0.002269
THAIZ_BODY_PLY,C_facial_local_BLS,l_up_mouth_bls,1382,-0.003633,0.042555,0.003288
THAIZ_BODY_PLY,C_facial_local_BLS,l_up_mouth_bls,1383,-0.005019,0.058967,0.004258
THAIZ_BODY_PLY,C_facial_local_BLS,l_up_mouth_bls,1384,-0.004247,0.054852,0.004971
THAIZ_BODY_PLY,C_facial_local_BLS,l_up_mouth_bls,1385,-0.001994,0.028792,0.003409
THAIZ_BODY_PLY,C_facial_local_BLS,l_up_mouth_bls,1386,-0.000645,0.009468,0.001163
THAIZ_BODY_PLY,C_facial_local_BLS,l_up_mouth_bls,1387,-7.9e-05,0.00116,0.000143
THAIZ_BODY_PLY,C_facial_local_BLS,l_up_mouth_bls,1393,-5.3e-05,0.000656,8.4e-05
THAIZ_BODY_PLY,C_facial_local_BLS,l_up_mouth_bls,1394,-0.000303,0.00396,0.0005
THAIZ_BODY_PLY,C_facial_local_BLS,l_up_mouth_bls,1395,-0.00073,0.01001,0.001224
THAIZ_BODY_PLY,C_facial_local_BLS,l_up_mouth_bls,1396,-0.002429,0.030998,0.003232
THAIZ_BODY_PLY,C_facial_local_BLS,l_up_mouth_bls,1397,-0.005367,0.060002,0.004997
THAIZ_BODY_PLY,C_facial_local_BLS,l_up_mouth_bls,1398,-0.00979,0.08623,0.007498
THAIZ_BODY_PLY,C_facial_local_BLS,l_up_mouth_bls,1399,-0.008626,0.090358,0.010383
THAIZ_BODY_PLY,C_facial_local_BLS,l_up_mouth_bls,1400,-0.003282,0.047921,0.005824
THAIZ_BODY_PLY,C_facial_local_BLS,l_up_mouth_bls,1401,-0.000966,0.014175,0.001742
THAIZ_BODY_PLY,C_facial_local_BLS,l_up_mouth_bls,1402,-8.3e-05,0.001213,0.000149
THAIZ_BODY_PLY,C_facial_local_BLS,l_up_mouth_bls,1408,-9e-06,9.9e-05,1.3e-05
THAIZ_BODY_PLY,C_facial_local_BLS,l_up_mouth_bls,1409,-0.000264,0.003372,0.000428
THAIZ_BODY_PLY,C_facial_local_BLS,l_up_mouth_bls,1410,-0.000851,0.011635,0.001453
THAIZ_BODY_PLY,C_facial_local_BLS,l_up_mouth_bls,1411,-0.000986,0.014465,0.001777
THAIZ_BODY_PLY,C_facial_local_BLS,l_up_mouth_bls,1412,-0.001717,0.02401,0.002659
THAIZ_BODY_PLY,C_facial_local_BLS,l_up_mouth_bls,1413,-0.002307,0.03122,0.003169
THAIZ_BODY_PLY,C_facial_local_BLS,l_up_mouth_bls,1414,-0.002028,0.028169,0.003038
THAIZ_BODY_PLY,C_facial_local_BLS,l_up_mouth_bls,1415,-0.001143,0.016769,0.002057
THAIZ_BODY_PLY,C_facial_local_BLS,l_up_mouth_bls,1416,-0.00048,0.00705,0.000866
THAIZ_BODY_PLY,C_facial_local_BLS,l_up_mouth_bls,1417,-0.000124,0.001823,0.000224
THAIZ_BODY_PLY,C_facial_local_BLS,l_up_mouth_bls,1418,-1.1e-05,0.000168,2.1e-05
THAIZ_BODY_PLY,C_facial_local_BLS,l_up_mouth_bls,1421,-0.0,8e-06,0.0
THAIZ_BODY_PLY,C_facial_local_BLS,l_up_mouth_bls,1422,-3.4e-05,0.000504,6.1e-05
THAIZ_BODY_PLY,C_facial_local_BLS,l_up_mouth_bls,1423,-0.000117,0.001724,0.000212
THAIZ_BODY_PLY,C_facial_local_BLS,l_up_mouth_bls,1424,-0.000293,0.004303,0.000528
THAIZ_BODY_PLY,C_facial_local_BLS,l_up_mouth_bls,1425,-0.000548,0.008049,0.000989
THAIZ_BODY_PLY,C_facial_local_BLS,l_up_mouth_bls,1430,7e-06,9e-06,-3e-06
THAIZ_BODY_PLY,C_facial_local_BLS,l_up_mouth_bls,1431,0.002158,0.002655,-0.000899
THAIZ_BODY_PLY,C_facial_local_BLS,l_up_mouth_bls,1432,0.012317,0.019783,-0.000979
THAIZ_BODY_PLY,C_facial_local_BLS,l_up_mouth_bls,1433,0.005149,0.064298,0.038308
THAIZ_BODY_PLY,C_facial_local_BLS,l_up_mouth_bls,1434,-0.057624,0.141793,0.150589
THAIZ_BODY_PLY,C_facial_local_BLS,l_up_mouth_bls,1435,-0.363285,0.150853,0.386345
THAIZ_BODY_PLY,C_facial_local_BLS,l_up_mouth_bls,1436,-0.425824,0.06173,0.33873
THAIZ_BODY_PLY,C_facial_local_BLS,l_up_mouth_bls,1437,-0.259387,0.000471,0.134696
THAIZ_BODY_PLY,C_facial_local_BLS,l_up_mouth_bls,1438,-0.043692,0.023482,0.010091
THAIZ_BODY_PLY,C_facial_local_BLS,l_up_mouth_bls,1439,0.008406,0.007133,-0.030718
THAIZ_BODY_PLY,C_facial_local_BLS,l_up_mouth_bls,1440,0.001258,-0.006116,-0.009188
THAIZ_BODY_PLY,C_facial_local_BLS,l_up_mouth_bls,1441,8e-06,-7.4e-05,-7.1e-05
THAIZ_BODY_PLY,C_facial_local_BLS,l_up_mouth_bls,1482,-0.00011,0.000332,5.9e-05
THAIZ_BODY_PLY,C_facial_local_BLS,l_up_mouth_bls,1484,-0.000278,0.000831,0.000149
THAIZ_BODY_PLY,C_facial_local_BLS,l_up_mouth_bls,1491,-0.000182,0.000557,9.3e-05
THAIZ_BODY_PLY,C_facial_local_BLS,l_up_mouth_bls,1492,-0.000293,0.00089,0.000152
THAIZ_BODY_PLY,C_facial_local_BLS,l_up_mouth_bls,1525,-7e-06,9.9e-05,1.2e-05
THAIZ_BODY_PLY,C_facial_local_BLS,l_up_mouth_bls,1526,-8.6e-05,0.001259,0.000155
THAIZ_BODY_PLY,C_facial_local_BLS,l_up_mouth_bls,1527,-0.000221,0.003235,0.000398
THAIZ_BODY_PLY,C_facial_local_BLS,l_up_mouth_bls,1528,-0.000261,0.003838,0.000471
THAIZ_BODY_PLY,C_facial_local_BLS,l_up_mouth_bls,1529,-0.000322,0.004723,0.00058
THAIZ_BODY_PLY,C_facial_local_BLS,l_up_mouth_bls,1530,-0.000371,0.00544,0.000668
THAIZ_BODY_PLY,C_facial_local_BLS,l_up_mouth_bls,1531,-0.000387,0.005684,0.000699
THAIZ_BODY_PLY,C_facial_local_BLS,l_up_mouth_bls,1532,0.108438,-0.035808,-0.00076
THAIZ_BODY_PLY,C_facial_local_BLS,l_up_mouth_bls,1533,0.039199,-0.006355,0.004762
THAIZ_BODY_PLY,C_facial_local_BLS,l_up_mouth_bls,1534,0.011489,0.024623,0.026374
THAIZ_BODY_PLY,C_facial_local_BLS,l_up_mouth_bls,1535,-0.006712,0.061118,0.055648
THAIZ_BODY_PLY,C_facial_local_BLS,l_up_mouth_bls,1536,-0.024304,0.109354,0.094373
THAIZ_BODY_PLY,C_facial_local_BLS,l_up_mouth_bls,1537,-0.046024,0.179353,0.142993
THAIZ_BODY_PLY,C_facial_local_BLS,l_up_mouth_bls,1538,-0.065747,0.262492,0.181816
THAIZ_BODY_PLY,C_facial_local_BLS,l_up_mouth_bls,1539,-0.064916,0.335007,0.159095
THAIZ_BODY_PLY,C_facial_local_BLS,l_up_mouth_bls,1540,-0.070987,0.380535,0.110076
THAIZ_BODY_PLY,C_facial_local_BLS,l_up_mouth_bls,1541,-0.057318,0.381587,0.036891
THAIZ_BODY_PLY,C_facial_local_BLS,l_up_mouth_bls,1542,-0.056676,0.359245,0.010106
THAIZ_BODY_PLY,C_facial_local_BLS,l_up_mouth_bls,1543,-0.064613,0.360551,-0.008258
THAIZ_BODY_PLY,C_facial_local_BLS,l_up_mouth_bls,1544,-0.058398,0.269005,0.000745
THAIZ_BODY_PLY,C_facial_local_BLS,l_up_mouth_bls,1545,-0.032783,0.142037,0.015764
THAIZ_BODY_PLY,C_facial_local_BLS,l_up_mouth_bls,1546,-0.002159,0.038375,0.001236
THAIZ_BODY_PLY,C_facial_local_BLS,l_up_mouth_bls,1547,-0.000168,0.002745,6.9e-05
THAIZ_BODY_PLY,C_facial_local_BLS,l_up_mouth_bls,6933,5.6e-05,4.8e-05,-2.3e-05
THAIZ_BODY_PLY,C_facial_local_BLS,l_up_mouth_bls,6934,0.001079,0.000834,-0.000516
THAIZ_BODY_PLY,C_facial_local_BLS,l_up_mouth_bls,6935,0.008011,0.005011,-0.00409
THAIZ_BODY_PLY,C_facial_local_BLS,l_up_mouth_bls,6936,0.013401,0.012478,0.00608
THAIZ_BODY_PLY,C_facial_local_BLS,l_up_mouth_bls,6937,-0.015146,0.040703,0.085447
THAIZ_BODY_PLY,C_facial_local_BLS,l_up_mouth_bls,6938,-0.110702,0.047242,0.17598
THAIZ_BODY_PLY,C_facial_local_BLS,l_up_mouth_bls,6939,-0.132832,0.051557,0.149888
THAIZ_BODY_PLY,C_facial_local_BLS,l_up_mouth_bls,6940,0.039939,0.042081,0.031797
THAIZ_BODY_PLY,C_facial_local_BLS,l_up_mouth_bls,6941,0.017989,0.015362,-0.000527
THAIZ_BODY_PLY,C_facial_local_BLS,l_up_mouth_bls,6942,0.002699,0.002357,-0.000661
THAIZ_BODY_PLY,C_facial_local_BLS,l_up_mouth_bls,6943,0.000127,0.000127,-2.3e-05
THAIZ_BODY_PLY,C_facial_local_BLS,l_up_mouth_bls,7224,-1e-05,1.3e-05,1.7e-05
THAIZ_BODY_PLY,C_facial_local_BLS,l_up_mouth_bls,7225,-3e-06,3e-06,4e-06
THAIZ_BODY_PLY,C_facial_local_BLS,l_up_mouth_bls,7227,2.2e-05,0.000213,-5.3e-05
THAIZ_BODY_PLY,C_facial_local_BLS,l_up_mouth_bls,7228,-0.000484,0.002079,-0.000387
THAIZ_BODY_PLY,C_facial_local_BLS,l_up_mouth_bls,7229,-0.000405,0.012889,-0.000901
THAIZ_BODY_PLY,C_facial_local_BLS,l_up_mouth_bls,7230,-0.003485,0.00343,-0.0011
THAIZ_BODY_PLY,C_facial_local_BLS,l_up_mouth_bls,7231,-2.8e-05,0.007466,2.6e-05
THAIZ_BODY_PLY,C_facial_local_BLS,l_up_mouth_bls,7232,-0.001775,0.001117,0.000321
THAIZ_BODY_PLY,C_facial_local_BLS,l_up_mouth_bls,7233,-7e-06,-9e-06,2e-06
THAIZ_BODY_PLY,C_facial_local_BLS,l_up_mouth_bls,7248,-0.019708,0.009499,0.017152
THAIZ_BODY_PLY,C_facial_local_BLS,l_up_mouth_bls,7249,-0.011383,0.018847,0.017879
THAIZ_BODY_PLY,C_facial_local_BLS,l_up_mouth_bls,7250,-0.00524,0.009654,0.008848
THAIZ_BODY_PLY,C_facial_local_BLS,l_up_mouth_bls,7251,-0.002069,0.004011,0.003914
THAIZ_BODY_PLY,C_facial_local_BLS,l_up_mouth_bls,7252,-0.000572,0.001324,0.00137
THAIZ_BODY_PLY,C_facial_local_BLS,l_up_mouth_bls,7253,-7.7e-05,0.00024,0.000262
THAIZ_BODY_PLY,C_facial_local_BLS,l_up_mouth_bls,7262,0.000223,0.000893,-0.001034
THAIZ_BODY_PLY,C_facial_local_BLS,l_up_mouth_bls,7263,0.002191,0.004665,-0.009998
THAIZ_BODY_PLY,C_facial_local_BLS,l_up_mouth_bls,7264,-0.01882,0.011815,0.029598
THAIZ_BODY_PLY,C_facial_local_BLS,l_up_mouth_bls,7265,-0.023763,0.061847,0.002937
THAIZ_BODY_PLY,C_facial_local_BLS,l_up_mouth_bls,7266,-0.04453,0.103902,-0.063972
THAIZ_BODY_PLY,C_facial_local_BLS,l_up_mouth_bls,7267,-0.025291,0.123122,-0.107307
THAIZ_BODY_PLY,C_facial_local_BLS,l_up_mouth_bls,7268,-0.024373,0.130207,-0.103849
THAIZ_BODY_PLY,C_facial_local_BLS,l_up_mouth_bls,7269,0.007251,0.094548,-0.097291
THAIZ_BODY_PLY,C_facial_local_BLS,l_up_mouth_bls,7270,-0.007066,0.045126,-0.048814
THAIZ_BODY_PLY,C_facial_local_BLS,l_up_mouth_bls,7271,-0.007208,0.012857,-0.026979
THAIZ_BODY_PLY,C_facial_local_BLS,l_up_mouth_bls,7272,-0.004035,0.006634,0.00814
THAIZ_BODY_PLY,C_facial_local_BLS,l_up_mouth_bls,7273,-0.001919,0.003145,0.003224
THAIZ_BODY_PLY,C_facial_local_BLS,l_up_mouth_bls,7274,-0.000302,0.000407,0.000528
THAIZ_BODY_PLY,C_facial_local_BLS,l_up_mouth_bls,7275,-0.000815,0.000783,0.0015
THAIZ_BODY_PLY,C_facial_local_BLS,l_up_mouth_bls,7276,-0.000943,0.001539,0.001575
THAIZ_BODY_PLY,C_facial_local_BLS,l_up_mouth_bls,7277,-0.000113,0.000159,0.000195
THAIZ_BODY_PLY,C_facial_local_BLS,l_up_mouth_bls,7278,-0.000246,0.000397,0.000427
THAIZ_BODY_PLY,C_facial_local_BLS,l_up_mouth_bls,7279,-1.8e-05,2.5e-05,3.1e-05
THAIZ_BODY_PLY,C_facial_local_BLS,l_up_mouth_bls,7280,-3e-05,5.1e-05,5.7e-05
THAIZ_BODY_PLY,C_facial_local_BLS,l_up_mouth_bls,7281,-1e-06,1e-06,1e-06
THAIZ_BODY_PLY,C_facial_local_BLS,l_up_mouth_bls,7302,-3.3e-05,2.6e-05,5e-06
THAIZ_BODY_PLY,C_facial_local_BLS,l_up_mouth_bls,7304,-0.000678,9.6e-05,0.001146
THAIZ_BODY_PLY,C_facial_local_BLS,l_up_mouth_bls,7306,-0.007129,0.00775,0.00758
THAIZ_BODY_PLY,C_facial_local_BLS,l_up_mouth_bls,7307,-0.001535,-3.3e-05,0.00088
THAIZ_BODY_PLY,C_facial_local_BLS,l_up_mouth_bls,7308,-0.020083,0.033706,0.002
THAIZ_BODY_PLY,C_facial_local_BLS,l_up_mouth_bls,7309,-0.010193,0.009945,0.001362
THAIZ_BODY_PLY,C_facial_local_BLS,l_up_mouth_bls,7310,-0.018686,0.055131,-0.016249
THAIZ_BODY_PLY,C_facial_local_BLS,l_up_mouth_bls,7311,-0.014916,0.020057,-0.007143
THAIZ_BODY_PLY,C_facial_local_BLS,l_up_mouth_bls,7312,-0.013944,0.05027,-0.005298
THAIZ_BODY_PLY,C_facial_local_BLS,l_up_mouth_bls,7313,-0.006856,0.020543,-0.000907
THAIZ_BODY_PLY,C_facial_local_BLS,l_up_mouth_bls,7314,-0.008293,0.036782,-0.007289
THAIZ_BODY_PLY,C_facial_local_BLS,l_up_mouth_bls,7315,-0.010131,0.031839,0.012221
THAIZ_BODY_PLY,C_facial_local_BLS,l_up_mouth_bls,7316,-0.004154,0.018341,-0.001273
THAIZ_BODY_PLY,C_facial_local_BLS,l_up_mouth_bls,7317,-0.004903,0.031452,-0.004553
THAIZ_BODY_PLY,C_facial_local_BLS,l_up_mouth_bls,7318,-0.004656,0.030256,0.013325
THAIZ_BODY_PLY,C_facial_local_BLS,l_up_mouth_bls,7319,-0.001355,0.008017,0.001305
THAIZ_BODY_PLY,C_facial_local_BLS,l_up_mouth_bls,7320,-0.012961,0.029716,0.028146
THAIZ_BODY_PLY,C_facial_local_BLS,l_up_mouth_bls,7321,-0.024817,0.05457,0.050366
THAIZ_BODY_PLY,C_facial_local_BLS,l_up_mouth_bls,7322,-0.033857,0.092574,0.081745
THAIZ_BODY_PLY,C_facial_local_BLS,l_up_mouth_bls,7323,-0.023383,0.148681,0.057432
THAIZ_BODY_PLY,C_facial_local_BLS,l_up_mouth_bls,7324,-0.034806,0.189847,0.028095
THAIZ_BODY_PLY,C_facial_local_BLS,l_up_mouth_bls,7325,-0.046692,0.193402,-0.048863
THAIZ_BODY_PLY,C_facial_local_BLS,l_up_mouth_bls,7326,-0.060608,0.179271,-0.071835
THAIZ_BODY_PLY,C_facial_local_BLS,l_up_mouth_bls,7327,-0.049155,0.133856,-0.028558
THAIZ_BODY_PLY,C_facial_local_BLS,l_up_mouth_bls,7328,-0.035185,0.060368,0.035509
THAIZ_BODY_PLY,C_facial_local_BLS,l_up_mouth_bls,7329,-0.012031,0.018154,0.041752
THAIZ_BODY_PLY,C_facial_local_BLS,l_up_mouth_bls,7330,-0.009086,0.005915,0.003627
THAIZ_BODY_PLY,C_facial_local_BLS,l_up_mouth_bls,7331,-0.000222,0.00035,-0.000192
THAIZ_BODY_PLY,C_facial_local_BLS,l_up_mouth_bls,7339,0.001553,0.000636,0.001011
THAIZ_BODY_PLY,C_facial_local_BLS,l_up_mouth_bls,7340,-0.000201,0.005076,0.005402
THAIZ_BODY_PLY,C_facial_local_BLS,l_up_mouth_bls,7341,-0.004788,0.013424,0.013311
THAIZ_BODY_PLY,C_facial_local_BLS,l_up_mouth_bls,7342,-0.016863,0.045061,0.042041
THAIZ_BODY_PLY,C_facial_local_BLS,l_up_mouth_bls,7343,-0.033223,0.083381,0.072938
THAIZ_BODY_PLY,C_facial_local_BLS,l_up_mouth_bls,7344,-0.047697,0.137895,0.111724
THAIZ_BODY_PLY,C_facial_local_BLS,l_up_mouth_bls,7345,-0.035413,0.203305,0.078553
THAIZ_BODY_PLY,C_facial_local_BLS,l_up_mouth_bls,7346,-0.044972,0.246344,0.034491
THAIZ_BODY_PLY,C_facial_local_BLS,l_up_mouth_bls,7347,-0.04437,0.245022,-0.023973
THAIZ_BODY_PLY,C_facial_local_BLS,l_up_mouth_bls,7348,-0.049249,0.241916,-0.038045
THAIZ_BODY_PLY,C_facial_local_BLS,l_up_mouth_bls,7349,-0.046079,0.188429,-0.011295
THAIZ_BODY_PLY,C_facial_local_BLS,l_up_mouth_bls,7350,-0.033756,0.089768,0.030404
THAIZ_BODY_PLY,C_facial_local_BLS,l_up_mouth_bls,7351,-0.026421,0.02852,0.019117
THAIZ_BODY_PLY,C_facial_local_BLS,l_up_mouth_bls,7352,-0.004198,0.011823,-0.000655
THAIZ_BODY_PLY,C_facial_local_BLS,l_up_mouth_bls,7353,-6.5e-05,0.000119,-5.7e-05
THAIZ_BODY_PLY,C_facial_local_BLS,l_up_mouth_bls,7361,0.007699,-0.000335,0.0012
THAIZ_BODY_PLY,C_facial_local_BLS,l_up_mouth_bls,7362,0.002669,0.008682,0.009484
THAIZ_BODY_PLY,C_facial_local_BLS,l_up_mouth_bls,7363,-0.005585,0.023035,0.022362
THAIZ_BODY_PLY,C_facial_local_BLS,l_up_mouth_bls,7364,2.3e-05,-7e-06,-9e-06
THAIZ_BODY_PLY,C_facial_local_BLS,l_up_mouth_bls,7365,0.003103,-0.001079,-0.001441
THAIZ_BODY_PLY,C_facial_local_BLS,l_up_mouth_bls,7366,-0.031101,0.255873,-0.007383
THAIZ_BODY_PLY,C_facial_local_BLS,l_up_mouth_bls,7367,-0.026483,0.196957,-0.035615
THAIZ_BODY_PLY,C_facial_local_BLS,l_up_mouth_bls,7390,3.7e-05,0.000824,-7e-06
THAIZ_BODY_PLY,C_facial_local_BLS,l_up_mouth_bls,7391,1.4e-05,0.000313,-3e-06
THAIZ_BODY_PLY,C_facial_local_BLS,l_up_mouth_bls,7394,-2.1e-05,3.9e-05,4.3e-05
THAIZ_BODY_PLY,C_facial_local_BLS,l_up_mouth_bls,7395,-0.000216,0.000408,0.000434
THAIZ_BODY_PLY,C_facial_local_BLS,l_up_mouth_bls,7396,-0.00091,0.001596,0.001602
THAIZ_BODY_PLY,C_facial_local_BLS,l_up_mouth_bls,7397,-0.002432,0.004139,0.003988
THAIZ_BODY_PLY,C_facial_local_BLS,l_up_mouth_bls,7398,-0.005601,0.009784,0.008835
THAIZ_BODY_PLY,C_facial_local_BLS,l_up_mouth_bls,7399,-0.009551,0.008581,0.020291
THAIZ_BODY_PLY,C_facial_local_BLS,l_up_mouth_bls,7400,-0.00439,0.019104,0.005051
THAIZ_BODY_PLY,C_facial_local_BLS,l_up_mouth_bls,7401,-0.007878,0.013904,0.001432
THAIZ_BODY_PLY,C_facial_local_BLS,l_up_mouth_bls,7402,0.004227,0.041157,-0.025292
THAIZ_BODY_PLY,C_facial_local_BLS,l_up_mouth_bls,7403,-0.014475,0.09285,-0.031672
THAIZ_BODY_PLY,C_facial_local_BLS,l_up_mouth_bls,7404,-0.015987,0.097299,-0.04818
THAIZ_BODY_PLY,C_facial_local_BLS,l_up_mouth_bls,7405,-0.03163,0.074687,-0.019434
THAIZ_BODY_PLY,C_facial_local_BLS,l_up_mouth_bls,7406,-0.014196,0.036762,0.01396
THAIZ_BODY_PLY,C_facial_local_BLS,l_up_mouth_bls,7407,-0.006402,0.00265,0.010272
THAIZ_BODY_PLY,C_facial_local_BLS,l_up_mouth_bls,7408,-0.000407,0.000741,-0.001512
THAIZ_BODY_PLY,C_facial_local_BLS,l_up_mouth_bls,7409,3e-06,1.5e-05,-7e-06
THAIZ_BODY_PLY,C_facial_local_BLS,l_up_mouth_bls,7416,-0.022314,0.055367,0.058394
THAIZ_BODY_PLY,C_facial_local_BLS,l_up_mouth_bls,7417,-0.015976,0.099886,0.051097
THAIZ_BODY_PLY,C_facial_local_BLS,l_up_mouth_bls,7418,-0.024177,0.133334,0.019021
THAIZ_BODY_PLY,C_facial_local_BLS,l_up_mouth_bls,7419,-0.010342,0.1331,-0.040037
THAIZ_BODY_PLY,C_facial_local_BLS,l_up_mouth_bls,7420,-0.037446,0.156898,-0.05146
THAIZ_BODY_PLY,C_facial_local_BLS,l_up_mouth_bls,7421,-0.03124,0.13835,-0.057766
THAIZ_BODY_PLY,C_facial_local_BLS,l_up_mouth_bls,7422,-0.043394,0.116099,-0.024485
THAIZ_BODY_PLY,C_facial_local_BLS,l_up_mouth_bls,7423,-0.038941,0.065884,0.038627
THAIZ_BODY_PLY,C_facial_local_BLS,l_up_mouth_bls,7424,-0.021026,0.007192,0.038725
THAIZ_BODY_PLY,C_facial_local_BLS,l_up_mouth_bls,7425,-0.007026,0.004046,0.001499
THAIZ_BODY_PLY,C_facial_local_BLS,l_up_mouth_bls,7426,-0.00027,0.000258,0.000134
THAIZ_BODY_PLY,C_facial_local_BLS,l_up_mouth_bls,7435,0.000117,0.000485,0.000571
THAIZ_BODY_PLY,C_facial_local_BLS,l_up_mouth_bls,7436,-0.000796,0.002825,0.002945
THAIZ_BODY_PLY,C_facial_local_BLS,l_up_mouth_bls,7437,-0.003458,0.007776,0.007682
THAIZ_BODY_PLY,C_facial_local_BLS,l_up_mouth_bls,7438,-0.008905,0.018313,0.017137
THAIZ_BODY_PLY,C_facial_local_BLS,l_up_mouth_bls,7439,-0.016919,0.034501,0.032393
THAIZ_BODY_PLY_localMouth,C_facial_local_BLS,l_out_mouth_bls,4,-0.001696,0.001235,0.001421
THAIZ_BODY_PLY_localMouth,C_facial_local_BLS,l_out_mouth_bls,5,-0.040637,0.030425,0.035963
THAIZ_BODY_PLY_localMouth,C_facial_local_BLS,l_out_mouth_bls,6,-0.040367,0.031408,0.039835
THAIZ_BODY_PLY_localMouth,C_facial_local_BLS,l_out_mouth_bls,7,-0.000173,0.00014,0.000192
THAIZ_BODY_PLY_localMouth,C_facial_local_BLS,l_out_mouth_bls,9,0.135473,-0.061231,0.111806
THAIZ_BODY_PLY_localMouth,C_facial_local_BLS,l_out_mouth_bls,10,0.033304,-0.031651,0.253521
THAIZ_BODY_PLY_localMouth,C_facial_local_BLS,l_out_mouth_bls,11,0.033905,0.011347,0.298919
THAIZ_BODY_PLY_localMouth,C_facial_local_BLS,l_out_mouth_bls,24,-0.000715,0.00051,0.000576
THAIZ_BODY_PLY_localMouth,C_facial_local_BLS,l_out_mouth_bls,25,-0.059646,0.0434,0.049581
THAIZ_BODY_PLY_localMouth,C_facial_local_BLS,l_out_mouth_bls,26,-0.140128,0.104423,0.122696
THAIZ_BODY_PLY_localMouth,C_facial_local_BLS,l_out_mouth_bls,27,-0.102642,0.079258,0.099754
THAIZ_BODY_PLY_localMouth,C_facial_local_BLS,l_out_mouth_bls,28,-0.001944,0.001555,0.002112
THAIZ_BODY_PLY_localMouth,C_facial_local_BLS,l_out_mouth_bls,30,0.04234,-0.092675,0.070771
THAIZ_BODY_PLY_localMouth,C_facial_local_BLS,l_out_mouth_bls,31,-0.000724,-0.000889,0.002784
THAIZ_BODY_PLY_localMouth,C_facial_local_BLS,l_out_mouth_bls,32,-0.000599,0.014655,0.106259
THAIZ_BODY_PLY_localMouth,C_facial_local_BLS,l_out_mouth_bls,33,-0.000133,0.000297,0.001307
THAIZ_BODY_PLY_localMouth,C_facial_local_BLS,l_out_mouth_bls,44,-4e-06,3e-06,3e-06
THAIZ_BODY_PLY_localMouth,C_facial_local_BLS,l_out_mouth_bls,45,-0.009998,0.007054,0.007819
THAIZ_BODY_PLY_localMouth,C_facial_local_BLS,l_out_mouth_bls,46,-0.123641,0.088763,0.099279
THAIZ_BODY_PLY_localMouth,C_facial_local_BLS,l_out_mouth_bls,47,-0.200551,0.146792,0.168405
THAIZ_BODY_PLY_localMouth,C_facial_local_BLS,l_out_mouth_bls,48,-0.13715,0.103202,0.126194
THAIZ_BODY_PLY_localMouth,C_facial_local_BLS,l_out_mouth_bls,49,-0.01262,0.009741,0.012794
THAIZ_BODY_PLY_localMouth,C_facial_local_BLS,l_out_mouth_bls,51,-6.6e-05,-4.1e-05,8.4e-05
THAIZ_BODY_PLY_localMouth,C_facial_local_BLS,l_out_mouth_bls,52,-0.000869,-0.024229,0.037759
THAIZ_BODY_PLY_localMouth,C_facial_local_BLS,l_out_mouth_bls,53,-0.032631,0.032765,0.289286
THAIZ_BODY_PLY_localMouth,C_facial_local_BLS,l_out_mouth_bls,54,0.000616,0.001165,0.009272
THAIZ_BODY_PLY_localMouth,C_facial_local_BLS,l_out_mouth_bls,66,-0.000452,0.000302,0.000293
THAIZ_BODY_PLY_localMouth,C_facial_local_BLS,l_out_mouth_bls,67,-0.049055,0.033105,0.032426
THAIZ_BODY_PLY_localMouth,C_facial_local_BLS,l_out_mouth_bls,68,-0.163899,0.111477,0.111303
THAIZ_BODY_PLY_localMouth,C_facial_local_BLS,l_out_mouth_bls,69,-0.152435,0.104535,0.108752
THAIZ_BODY_PLY_localMouth,C_facial_local_BLS,l_out_mouth_bls,70,-0.083256,0.057428,0.062696
THAIZ_BODY_PLY_localMouth,C_facial_local_BLS,l_out_mouth_bls,71,-0.002336,0.001603,0.001725
THAIZ_BODY_PLY_localMouth,C_facial_local_BLS,l_out_mouth_bls,75,-0.008431,0.004779,-0.017678
THAIZ_BODY_PLY_localMouth,C_facial_local_BLS,l_out_mouth_bls,87,-0.001548,0.001022,0.000929
THAIZ_BODY_PLY_localMouth,C_facial_local_BLS,l_out_mouth_bls,88,-0.050482,0.033405,0.030685
THAIZ_BODY_PLY_localMouth,C_facial_local_BLS,l_out_mouth_bls,89,-0.087246,0.057852,0.054102
THAIZ_BODY_PLY_localMouth,C_facial_local_BLS,l_out_mouth_bls,90,-0.065168,0.043242,0.041309
THAIZ_BODY_PLY_localMouth,C_facial_local_BLS,l_out_mouth_bls,91,-0.020104,0.01333,0.012668
THAIZ_BODY_PLY_localMouth,C_facial_local_BLS,l_out_mouth_bls,92,-0.00027,0.000179,0.000162
THAIZ_BODY_PLY_localMouth,C_facial_local_BLS,l_out_mouth_bls,173,-0.000153,0.0001,8.8e-05
THAIZ_BODY_PLY_localMouth,C_facial_local_BLS,l_out_mouth_bls,174,-0.002399,0.00157,0.001395
THAIZ_BODY_PLY_localMouth,C_facial_local_BLS,l_out_mouth_bls,175,-0.003652,0.002391,0.002133
THAIZ_BODY_PLY_localMouth,C_facial_local_BLS,l_out_mouth_bls,176,-0.000526,0.000344,0.000307
THAIZ_BODY_PLY_localMouth,C_facial_local_BLS,l_out_mouth_bls,177,-5e-06,3e-06,3e-06
THAIZ_BODY_PLY_localMouth,C_facial_local_BLS,l_out_mouth_bls,348,-2.4e-05,1.6e-05,1.7e-05
THAIZ_BODY_PLY_localMouth,C_facial_local_BLS,l_out_mouth_bls,349,-0.011171,0.007719,0.008171
THAIZ_BODY_PLY_localMouth,C_facial_local_BLS,l_out_mouth_bls,350,-0.118217,0.082741,0.088389
THAIZ_BODY_PLY_localMouth,C_facial_local_BLS,l_out_mouth_bls,351,-0.223244,0.158495,0.173311
THAIZ_BODY_PLY_localMouth,C_facial_local_BLS,l_out_mouth_bls,352,-0.165743,0.119941,0.138952
THAIZ_BODY_PLY_localMouth,C_facial_local_BLS,l_out_mouth_bls,353,-0.045387,0.033414,0.041367
THAIZ_BODY_PLY_localMouth,C_facial_local_BLS,l_out_mouth_bls,356,0.019147,-0.027927,0.021969
THAIZ_BODY_PLY_localMouth,C_facial_local_BLS,l_out_mouth_bls,357,0.009285,-0.008812,0.26442
THAIZ_BODY_PLY_localMouth,C_facial_local_BLS,l_out_mouth_bls,358,0.000209,6e-06,0.001371
THAIZ_BODY_PLY_localMouth,C_facial_local_BLS,l_out_mouth_bls,420,0.005419,-0.000158,0.00441
THAIZ_BODY_PLY_localMouth,C_facial_local_BLS,l_out_mouth_bls,422,-0.014698,0.010825,0.009067
THAIZ_BODY_PLY_localMouth,C_facial_local_BLS,l_out_mouth_bls,431,-0.046632,0.033136,0.026773
THAIZ_BODY_PLY_localMouth,C_facial_local_BLS,l_out_mouth_bls,469,5.8e-05,3.6e-05,1.3e-05
THAIZ_BODY_PLY_localMouth,C_facial_local_BLS,l_out_mouth_bls,472,0.002786,0.006953,0.005954
THAIZ_BODY_PLY_localMouth,C_facial_local_BLS,l_out_mouth_bls,473,-0.045176,0.039338,0.034735
THAIZ_BODY_PLY_localMouth,C_facial_local_BLS,l_out_mouth_bls,474,0.064023,-0.095355,0.085397
THAIZ_BODY_PLY_localMouth,C_facial_local_BLS,l_out_mouth_bls,475,0.057607,-0.129651,0.095554
THAIZ_BODY_PLY_localMouth,C_facial_local_BLS,l_out_mouth_bls,476,0.015475,-0.094178,0.077882
THAIZ_BODY_PLY_localMouth,C_facial_local_BLS,l_out_mouth_bls,477,-0.009513,0.025837,0.019777
THAIZ_BODY_PLY_localMouth,C_facial_local_BLS,l_out_mouth_bls,478,0.045781,0.018552,0.058169
THAIZ_BODY_PLY_localMouth,C_facial_local_BLS,l_out_mouth_bls,479,0.094322,0.039991,0.008768
THAIZ_BODY_PLY_localMouth,C_facial_local_BLS,l_out_mouth_bls,480,-0.010644,0.123003,-0.064449
THAIZ_BODY_PLY_localMouth,C_facial_local_BLS,l_out_mouth_bls,481,-0.044438,0.098089,0.066696
THAIZ_BODY_PLY_localMouth,C_facial_local_BLS,l_out_mouth_bls,482,-0.021808,0.052641,-0.087342
THAIZ_BODY_PLY_localMouth,C_facial_local_BLS,l_out_mouth_bls,483,-0.017719,0.081815,-0.084703
THAIZ_BODY_PLY_localMouth,C_facial_local_BLS,l_out_mouth_bls,484,0.003096,-0.004657,0.001581
THAIZ_BODY_PLY_localMouth,C_facial_local_BLS,l_out_mouth_bls,485,-0.000121,9.7e-05,-6.1e-05
THAIZ_BODY_PLY_localMouth,C_facial_local_BLS,l_out_mouth_bls,486,0.018318,0.097112,0.043475
THAIZ_BODY_PLY_localMouth,C_facial_local_BLS,l_out_mouth_bls,491,0.072959,0.050304,0.053025
THAIZ_BODY_PLY_localMouth,C_facial_local_BLS,l_out_mouth_bls,495,0.010288,0.010214,0.005471
THAIZ_BODY_PLY_localMouth,C_facial_local_BLS,l_out_mouth_bls,496,-0.098137,0.081278,0.064566
THAIZ_BODY_PLY_localMouth,C_facial_local_BLS,l_out_mouth_bls,497,-0.107091,0.05781,0.164494
THAIZ_BODY_PLY_localMouth,C_facial_local_BLS,l_out_mouth_bls,498,-0.177478,-0.007774,0.208443
THAIZ_BODY_PLY_localMouth,C_facial_local_BLS,l_out_mouth_bls,499,-0.196027,-0.120691,0.173956
THAIZ_BODY_PLY_localMouth,C_facial_local_BLS,l_out_mouth_bls,500,-0.089892,-0.178772,0.081427
THAIZ_BODY_PLY_localMouth,C_facial_local_BLS,l_out_mouth_bls,510,-0.003433,-0.191538,0.095354
THAIZ_BODY_PLY_localMouth,C_facial_local_BLS,l_out_mouth_bls,511,-0.042465,-0.076686,0.13831
THAIZ_BODY_PLY_localMouth,C_facial_local_BLS,l_out_mouth_bls,512,-0.002694,0.04776,0.075431
THAIZ_BODY_PLY_localMouth,C_facial_local_BLS,l_out_mouth_bls,515,0.000685,0.000285,-3e-05
THAIZ_BODY_PLY_localMouth,C_facial_local_BLS,l_out_mouth_bls,516,0.004058,0.003403,0.007692
THAIZ_BODY_PLY_localMouth,C_facial_local_BLS,l_out_mouth_bls,525,-0.514723,-0.035884,0.197858
THAIZ_BODY_PLY_localMouth,C_facial_local_BLS,l_out_mouth_bls,526,-0.482271,0.072136,0.280561
THAIZ_BODY_PLY_localMouth,C_facial_local_BLS,l_out_mouth_bls,527,-0.341017,-0.062753,0.240999
THAIZ_BODY_PLY_localMouth,C_facial_local_BLS,l_out_mouth_bls,528,-0.015462,-0.039039,0.003158
THAIZ_BODY_PLY_localMouth,C_facial_local_BLS,l_out_mouth_bls,529,-0.182238,0.09552,0.118835
THAIZ_BODY_PLY_localMouth,C_facial_local_BLS,l_out_mouth_bls,530,0.028338,0.031085,0.067551
THAIZ_BODY_PLY_localMouth,C_facial_local_BLS,l_out_mouth_bls,531,0.012958,0.005056,-0.007772
THAIZ_BODY_PLY_localMouth,C_facial_local_BLS,l_out_mouth_bls,532,-0.002532,0.019937,0.013615
THAIZ_BODY_PLY_localMouth,C_facial_local_BLS,l_out_mouth_bls,533,0.006152,0.037931,0.058399
THAIZ_BODY_PLY_localMouth,C_facial_local_BLS,l_out_mouth_bls,534,0.006955,0.000978,-0.002267
THAIZ_BODY_PLY_localMouth,C_facial_local_BLS,l_out_mouth_bls,535,0.001532,0.000893,6.4e-05
THAIZ_BODY_PLY_localMouth,C_facial_local_BLS,l_out_mouth_bls,536,0.012112,0.002711,0.004627
THAIZ_BODY_PLY_localMouth,C_facial_local_BLS,l_out_mouth_bls,537,0.013648,-0.015512,0.011654
THAIZ_BODY_PLY_localMouth,C_facial_local_BLS,l_out_mouth_bls,538,0.009795,-0.04395,0.026047
THAIZ_BODY_PLY_localMouth,C_facial_local_BLS,l_out_mouth_bls,539,0.016121,0.00084,0.016169
THAIZ_BODY_PLY_localMouth,C_facial_local_BLS,l_out_mouth_bls,540,-0.005739,-0.04039,0.083067
THAIZ_BODY_PLY_localMouth,C_facial_local_BLS,l_out_mouth_bls,541,0.165577,0.039606,0.104926
THAIZ_BODY_PLY_localMouth,C_facial_local_BLS,l_out_mouth_bls,542,-0.021202,-0.057405,0.071348
THAIZ_BODY_PLY_localMouth,C_facial_local_BLS,l_out_mouth_bls,543,-0.160339,0.114214,0.091681
THAIZ_BODY_PLY_localMouth,C_facial_local_BLS,l_out_mouth_bls,544,-0.00027,-0.005226,0.003984
THAIZ_BODY_PLY_localMouth,C_facial_local_BLS,l_out_mouth_bls,545,0.0486,-0.034836,0.075737
THAIZ_BODY_PLY_localMouth,C_facial_local_BLS,l_out_mouth_bls,546,0.041245,0.037713,0.055328
THAIZ_BODY_PLY_localMouth,C_facial_local_BLS,l_out_mouth_bls,547,-0.002581,0.001936,0.002288
THAIZ_BODY_PLY_localMouth,C_facial_local_BLS,l_out_mouth_bls,548,-0.000306,0.000248,0.00034
THAIZ_BODY_PLY_localMouth,C_facial_local_BLS,l_out_mouth_bls,550,-0.287704,-0.1404,0.12378
THAIZ_BODY_PLY_localMouth,C_facial_local_BLS,l_out_mouth_bls,551,0.103199,0.024776,0.04667
THAIZ_BODY_PLY_localMouth,C_facial_local_BLS,l_out_mouth_bls,552,-0.053169,0.037171,0.326408
THAIZ_BODY_PLY_localMouth,C_facial_local_BLS,l_out_mouth_bls,553,-0.435991,-0.085425,0.048259
THAIZ_BODY_PLY_localMouth,C_facial_local_BLS,l_out_mouth_bls,554,-0.086101,0.032736,0.345895
THAIZ_BODY_PLY_localMouth,C_facial_local_BLS,l_out_mouth_bls,555,-0.412936,0.06412,0.193741
THAIZ_BODY_PLY_localMouth,C_facial_local_BLS,l_out_mouth_bls,556,-0.021633,-0.040869,0.008726
THAIZ_BODY_PLY_localMouth,C_facial_local_BLS,l_out_mouth_bls,557,-0.044892,-0.040278,0.021528
THAIZ_BODY_PLY_localMouth,C_facial_local_BLS,l_out_mouth_bls,558,-0.061312,-0.035861,0.038716
THAIZ_BODY_PLY_localMouth,C_facial_local_BLS,l_out_mouth_bls,559,-0.056759,-0.023452,0.052833
THAIZ_BODY_PLY_localMouth,C_facial_local_BLS,l_out_mouth_bls,560,0.012658,0.006054,0.076783
THAIZ_BODY_PLY_localMouth,C_facial_local_BLS,l_out_mouth_bls,561,-0.040852,-0.013786,0.08944
THAIZ_BODY_PLY_localMouth,C_facial_local_BLS,l_out_mouth_bls,562,0.079735,-0.032313,0.071513
THAIZ_BODY_PLY_localMouth,C_facial_local_BLS,l_out_mouth_bls,563,-0.110183,0.121722,0.065379
THAIZ_BODY_PLY_localMouth,C_facial_local_BLS,l_out_mouth_bls,564,-0.022282,0.017357,0.022044
THAIZ_BODY_PLY_localMouth,C_facial_local_BLS,l_out_mouth_bls,565,-0.010266,-0.035218,-0.005216
THAIZ_BODY_PLY_localMouth,C_facial_local_BLS,l_out_mouth_bls,576,0.006078,-0.005289,0.008152
THAIZ_BODY_PLY_localMouth,C_facial_local_BLS,l_out_mouth_bls,579,0.000472,-0.000513,0.001036
THAIZ_BODY_PLY_localMouth,C_facial_local_BLS,l_out_mouth_bls,582,0.008276,-0.01549,0.010023
THAIZ_BODY_PLY_localMouth,C_facial_local_BLS,l_out_mouth_bls,583,0.020088,-0.022832,0.020227
THAIZ_BODY_PLY_localMouth,C_facial_local_BLS,l_out_mouth_bls,584,0.00879,-0.016327,-0.010411
THAIZ_BODY_PLY_localMouth,C_facial_local_BLS,l_out_mouth_bls,585,0.035314,0.003278,0.001154
THAIZ_BODY_PLY_localMouth,C_facial_local_BLS,l_out_mouth_bls,586,-0.00199,-0.029868,-0.006708
THAIZ_BODY_PLY_localMouth,C_facial_local_BLS,l_out_mouth_bls,587,0.003186,-0.006192,0.00225
THAIZ_BODY_PLY_localMouth,C_facial_local_BLS,l_out_mouth_bls,588,0.009242,-0.014188,0.004157
THAIZ_BODY_PLY_localMouth,C_facial_local_BLS,l_out_mouth_bls,589,0.026081,-0.000255,-0.004857
THAIZ_BODY_PLY_localMouth,C_facial_local_BLS,l_out_mouth_bls,590,0.039022,0.014484,0.049827
THAIZ_BODY_PLY_localMouth,C_facial_local_BLS,l_out_mouth_bls,591,0.037642,-0.034739,0.058235
THAIZ_BODY_PLY_localMouth,C_facial_local_BLS,l_out_mouth_bls,592,0.206159,-0.010157,0.068237
THAIZ_BODY_PLY_localMouth,C_facial_local_BLS,l_out_mouth_bls,593,0.02215,0.016037,0.036452
THAIZ_BODY_PLY_localMouth,C_facial_local_BLS,l_out_mouth_bls,594,0.090824,0.012007,0.04789
THAIZ_BODY_PLY_localMouth,C_facial_local_BLS,l_out_mouth_bls,595,0.000788,-0.001656,0.001291
THAIZ_BODY_PLY_localMouth,C_facial_local_BLS,l_out_mouth_bls,596,0.003069,-0.00671,0.003647
THAIZ_BODY_PLY_localMouth,C_facial_local_BLS,l_out_mouth_bls,597,0.017128,-0.006012,-0.010898
THAIZ_BODY_PLY_localMouth,C_facial_local_BLS,l_out_mouth_bls,604,-0.18583,0.103415,0.127391
THAIZ_BODY_PLY_localMouth,C_facial_local_BLS,l_out_mouth_bls,605,-0.022536,0.014901,0.143799
THAIZ_BODY_PLY_localMouth,C_facial_local_BLS,l_out_mouth_bls,606,-0.261273,0.102079,0.195717
THAIZ_BODY_PLY_localMouth,C_facial_local_BLS,l_out_mouth_bls,607,-0.073074,0.089856,0.053746
THAIZ_BODY_PLY_localMouth,C_facial_local_BLS,l_out_mouth_bls,608,-0.031696,0.089558,0.021
THAIZ_BODY_PLY_localMouth,C_facial_local_BLS,l_out_mouth_bls,609,3.6e-05,4.9e-05,0.000151
THAIZ_BODY_PLY_localMouth,C_facial_local_BLS,l_out_mouth_bls,610,0.029116,0.010056,-0.045146
THAIZ_BODY_PLY_localMouth,C_facial_local_BLS,l_out_mouth_bls,611,0.054332,0.031667,-0.07511
THAIZ_BODY_PLY_localMouth,C_facial_local_BLS,l_out_mouth_bls,612,0.057869,0.020552,-0.062335
THAIZ_BODY_PLY_localMouth,C_facial_local_BLS,l_out_mouth_bls,613,0.015817,0.00093,-0.017047
THAIZ_BODY_PLY_localMouth,C_facial_local_BLS,l_out_mouth_bls,646,-0.005881,-0.053297,0.02096
THAIZ_BODY_PLY_localMouth,C_facial_local_BLS,l_out_mouth_bls,647,-0.017167,-0.06318,0.032355
THAIZ_BODY_PLY_localMouth,C_facial_local_BLS,l_out_mouth_bls,648,-0.018058,-0.057148,0.040283
THAIZ_BODY_PLY_localMouth,C_facial_local_BLS,l_out_mouth_bls,649,-0.025778,-0.048229,0.047044
THAIZ_BODY_PLY_localMouth,C_facial_local_BLS,l_out_mouth_bls,650,-0.038306,-0.036762,0.10292
THAIZ_BODY_PLY_localMouth,C_facial_local_BLS,l_out_mouth_bls,651,0.013948,-0.021119,0.087108
THAIZ_BODY_PLY_localMouth,C_facial_local_BLS,l_out_mouth_bls,652,0.040622,-0.013144,0.059298
THAIZ_BODY_PLY_localMouth,C_facial_local_BLS,l_out_mouth_bls,653,0.034193,-0.009866,0.006893
THAIZ_BODY_PLY_localMouth,C_facial_local_BLS,l_out_mouth_bls,654,0.022888,-0.009846,-0.001452
THAIZ_BODY_PLY_localMouth,C_facial_local_BLS,l_out_mouth_bls,655,0.012854,-0.01124,-0.002428
THAIZ_BODY_PLY_localMouth,C_facial_local_BLS,l_out_mouth_bls,656,0.00777,-0.011212,0.004213
THAIZ_BODY_PLY_localMouth,C_facial_local_BLS,l_out_mouth_bls,657,0.008832,-0.02348,0.009873
THAIZ_BODY_PLY_localMouth,C_facial_local_BLS,l_out_mouth_bls,658,0.007985,-0.037398,0.015008
THAIZ_BODY_PLY_localMouth,C_facial_local_BLS,l_out_mouth_bls,664,0.011413,0.01205,0.057972
THAIZ_BODY_PLY_localMouth,C_facial_local_BLS,l_out_mouth_bls,665,-0.104006,0.035168,0.282486
THAIZ_BODY_PLY_localMouth,C_facial_local_BLS,l_out_mouth_bls,666,-0.258184,0.02486,0.431468
THAIZ_BODY_PLY_localMouth,C_facial_local_BLS,l_out_mouth_bls,667,-0.232655,0.016499,0.353764
THAIZ_BODY_PLY_localMouth,C_facial_local_BLS,l_out_mouth_bls,668,-0.062137,-0.014384,0.092581
THAIZ_BODY_PLY_localMouth,C_facial_local_BLS,l_out_mouth_bls,670,-0.040051,0.032467,0.044556
THAIZ_BODY_PLY_localMouth,C_facial_local_BLS,l_out_mouth_bls,671,-0.080128,0.06243,0.079265
THAIZ_BODY_PLY_localMouth,C_facial_local_BLS,l_out_mouth_bls,672,-0.013551,0.01042,0.012121
THAIZ_BODY_PLY_localMouth,C_facial_local_BLS,l_out_mouth_bls,673,0.002216,-0.000625,0.00136
THAIZ_BODY_PLY_localMouth,C_facial_local_BLS,l_out_mouth_bls,674,0.000448,-0.000177,0.000627
THAIZ_BODY_PLY_localMouth,C_facial_local_BLS,l_out_mouth_bls,675,1e-06,-0.0,2e-06
THAIZ_BODY_PLY_localMouth,C_facial_local_BLS,l_out_mouth_bls,676,0.005062,0.012695,0.013907
THAIZ_BODY_PLY_localMouth,C_facial_local_BLS,l_out_mouth_bls,677,0.058115,0.015551,0.022965
THAIZ_BODY_PLY_localMouth,C_facial_local_BLS,l_out_mouth_bls,678,0.125224,0.014976,0.053889
THAIZ_BODY_PLY_localMouth,C_facial_local_BLS,l_out_mouth_bls,679,-0.019412,0.065565,0.072108
THAIZ_BODY_PLY_localMouth,C_facial_local_BLS,l_out_mouth_bls,680,-0.188802,0.148567,0.123202
THAIZ_BODY_PLY_localMouth,C_facial_local_BLS,l_out_mouth_bls,681,-0.148368,0.107097,0.094983
THAIZ_BODY_PLY_localMouth,C_facial_local_BLS,l_out_mouth_bls,682,-0.008209,-0.000759,-0.0026
THAIZ_BODY_PLY_localMouth,C_facial_local_BLS,l_out_mouth_bls,683,-0.164656,-0.03311,-0.026228
THAIZ_BODY_PLY_localMouth,C_facial_local_BLS,l_out_mouth_bls,684,-0.142169,-0.04257,-0.152716
THAIZ_BODY_PLY_localMouth,C_facial_local_BLS,l_out_mouth_bls,685,-0.163801,0.100068,-0.016868
THAIZ_BODY_PLY_localMouth,C_facial_local_BLS,l_out_mouth_bls,686,-0.124889,0.105433,0.073722
THAIZ_BODY_PLY_localMouth,C_facial_local_BLS,l_out_mouth_bls,687,-0.002127,0.085855,0.000597
THAIZ_BODY_PLY_localMouth,C_facial_local_BLS,l_out_mouth_bls,688,0.033619,0.01541,-0.040682
THAIZ_BODY_PLY_localMouth,C_facial_local_BLS,l_out_mouth_bls,689,0.002109,0.000521,-0.00213
THAIZ_BODY_PLY_localMouth,C_facial_local_BLS,l_out_mouth_bls,699,3e-05,-2.2e-05,5e-06
THAIZ_BODY_PLY_localMouth,C_facial_local_BLS,l_out_mouth_bls,724,-0.272501,0.18318,0.222782
THAIZ_BODY_PLY_localMouth,C_facial_local_BLS,l_out_mouth_bls,725,-0.321167,0.200031,0.271698
THAIZ_BODY_PLY_localMouth,C_facial_local_BLS,l_out_mouth_bls,726,-0.053945,0.128953,0.079696
THAIZ_BODY_PLY_localMouth,C_facial_local_BLS,l_out_mouth_bls,727,0.037858,0.062968,0.0656
THAIZ_BODY_PLY_localMouth,C_facial_local_BLS,l_out_mouth_bls,728,0.117229,0.003269,0.06485
THAIZ_BODY_PLY_localMouth,C_facial_local_BLS,l_out_mouth_bls,729,0.146965,-0.006419,0.095466
THAIZ_BODY_PLY_localMouth,C_facial_local_BLS,l_out_mouth_bls,730,0.034291,-0.008461,0.056857
THAIZ_BODY_PLY_localMouth,C_facial_local_BLS,l_out_mouth_bls,731,0.010466,-0.007571,0.034771
THAIZ_BODY_PLY_localMouth,C_facial_local_BLS,l_out_mouth_bls,732,-0.182285,0.177159,0.196785
THAIZ_BODY_PLY_localMouth,C_facial_local_BLS,l_out_mouth_bls,733,-0.20928,0.105735,0.265246
THAIZ_BODY_PLY_localMouth,C_facial_local_BLS,l_out_mouth_bls,734,0.060586,0.069861,0.063847
THAIZ_BODY_PLY_localMouth,C_facial_local_BLS,l_out_mouth_bls,735,0.099072,-0.00014,0.048248
THAIZ_BODY_PLY_localMouth,C_facial_local_BLS,l_out_mouth_bls,736,0.097044,-0.02687,0.063136
THAIZ_BODY_PLY_localMouth,C_facial_local_BLS,l_out_mouth_bls,737,0.061096,-0.023677,0.070399
THAIZ_BODY_PLY_localMouth,C_facial_local_BLS,l_out_mouth_bls,738,0.01801,-0.020016,0.033138
THAIZ_BODY_PLY_localMouth,C_facial_local_BLS,l_out_mouth_bls,739,0.009072,-0.015816,0.017866
THAIZ_BODY_PLY_localMouth,C_facial_local_BLS,l_out_mouth_bls,740,-0.000322,0.000757,0.000622
THAIZ_BODY_PLY_localMouth,C_facial_local_BLS,l_out_mouth_bls,748,3e-06,-2e-06,0.0
THAIZ_BODY_PLY_localMouth,C_facial_local_BLS,l_out_mouth_bls,749,8.7e-05,-3.9e-05,1.6e-05
THAIZ_BODY_PLY_localMouth,C_facial_local_BLS,l_out_mouth_bls,752,0.044608,-0.018385,0.005545
THAIZ_BODY_PLY_localMouth,C_facial_local_BLS,l_out_mouth_bls,753,0.027303,-0.018397,0.005116
THAIZ_BODY_PLY_localMouth,C_facial_local_BLS,l_out_mouth_bls,754,0.039095,-0.024364,0.007315
THAIZ_BODY_PLY_localMouth,C_facial_local_BLS,l_out_mouth_bls,755,-0.007199,-0.101584,0.023453
THAIZ_BODY_PLY_localMouth,C_facial_local_BLS,l_out_mouth_bls,756,-0.087094,-0.133054,-0.006402
THAIZ_BODY_PLY_localMouth,C_facial_local_BLS,l_out_mouth_bls,757,-0.108546,-0.117006,-0.027521
THAIZ_BODY_PLY_localMouth,C_facial_local_BLS,l_out_mouth_bls,758,-0.148616,-0.105708,-0.014904
THAIZ_BODY_PLY_localMouth,C_facial_local_BLS,l_out_mouth_bls,759,-0.131169,-0.009559,0.054778
THAIZ_BODY_PLY_localMouth,C_facial_local_BLS,l_out_mouth_bls,760,0.069224,-0.028968,0.032648
THAIZ_BODY_PLY_localMouth,C_facial_local_BLS,l_out_mouth_bls,761,0.005027,0.095091,0.154933
THAIZ_BODY_PLY_localMouth,C_facial_local_BLS,l_out_mouth_bls,762,0.031529,-0.020805,0.01583
THAIZ_BODY_PLY_localMouth,C_facial_local_BLS,l_out_mouth_bls,763,0.00899,-0.046956,0.007658
THAIZ_BODY_PLY_localMouth,C_facial_local_BLS,l_out_mouth_bls,764,-0.03146,-0.061918,-0.003209
THAIZ_BODY_PLY_localMouth,C_facial_local_BLS,l_out_mouth_bls,765,-0.049395,-0.056505,0.003511
THAIZ_BODY_PLY_localMouth,C_facial_local_BLS,l_out_mouth_bls,766,-0.029036,-0.02724,0.028837
THAIZ_BODY_PLY_localMouth,C_facial_local_BLS,l_out_mouth_bls,767,0.059204,-0.035115,0.021252
THAIZ_BODY_PLY_localMouth,C_facial_local_BLS,l_out_mouth_bls,768,0.043491,-0.01605,0.045125
THAIZ_BODY_PLY_localMouth,C_facial_local_BLS,l_out_mouth_bls,769,0.019566,-0.002348,0.00363
THAIZ_BODY_PLY_localMouth,C_facial_local_BLS,l_out_mouth_bls,770,0.03593,-0.012607,0.002231
THAIZ_BODY_PLY_localMouth,C_facial_local_BLS,l_out_mouth_bls,771,0.014612,-0.026412,0.000724
THAIZ_BODY_PLY_localMouth,C_facial_local_BLS,l_out_mouth_bls,772,0.009788,-0.030453,0.003456
THAIZ_BODY_PLY_localMouth,C_facial_local_BLS,l_out_mouth_bls,773,0.018277,-0.025873,0.012285
THAIZ_BODY_PLY_localMouth,C_facial_local_BLS,l_out_mouth_bls,774,0.043279,-0.028146,0.011113
THAIZ_BODY_PLY_localMouth,C_facial_local_BLS,l_out_mouth_bls,775,0.034093,-0.022342,0.018184
THAIZ_BODY_PLY_localMouth,C_facial_local_BLS,l_out_mouth_bls,779,0.012568,-0.008684,0.002134
THAIZ_BODY_PLY_localMouth,C_facial_local_BLS,l_out_mouth_bls,780,0.024583,-0.010694,-0.000528
THAIZ_BODY_PLY_localMouth,C_facial_local_BLS,l_out_mouth_bls,781,0.02399,-0.016043,0.004049
THAIZ_BODY_PLY_localMouth,C_facial_local_BLS,l_out_mouth_bls,782,0.027086,-0.016858,0.005235
THAIZ_BODY_PLY_localMouth,C_facial_local_BLS,l_out_mouth_bls,783,0.032226,-0.018413,0.001756
THAIZ_BODY_PLY_localMouth,C_facial_local_BLS,l_out_mouth_bls,784,0.012013,-0.003527,-0.000443
THAIZ_BODY_PLY_localMouth,C_facial_local_BLS,l_out_mouth_bls,785,0.002496,-0.000457,0.000133
THAIZ_BODY_PLY_localMouth,C_facial_local_BLS,l_out_mouth_bls,786,1.4e-05,-2e-06,2e-06
THAIZ_BODY_PLY_localMouth,C_facial_local_BLS,l_out_mouth_bls,790,-0.031891,0.036072,-0.020357
THAIZ_BODY_PLY_localMouth,C_facial_local_BLS,l_out_mouth_bls,791,0.129193,0.000904,-0.100215
THAIZ_BODY_PLY_localMouth,C_facial_local_BLS,l_out_mouth_bls,792,0.007902,-0.004555,0.000447
THAIZ_BODY_PLY_localMouth,C_facial_local_BLS,l_out_mouth_bls,793,0.008752,-0.005355,0.001571
THAIZ_BODY_PLY_localMouth,C_facial_local_BLS,l_out_mouth_bls,794,0.006695,-0.004793,0.001214
THAIZ_BODY_PLY_localMouth,C_facial_local_BLS,l_out_mouth_bls,795,0.000636,-0.000455,0.000112
THAIZ_BODY_PLY_localMouth,C_facial_local_BLS,l_out_mouth_bls,799,-0.077457,0.075343,-0.066594
THAIZ_BODY_PLY_localMouth,C_facial_local_BLS,l_out_mouth_bls,800,0.006326,0.124105,0.005338
THAIZ_BODY_PLY_localMouth,C_facial_local_BLS,l_out_mouth_bls,801,-0.006375,0.073789,0.068051
THAIZ_BODY_PLY_localMouth,C_facial_local_BLS,l_out_mouth_bls,802,-0.030846,0.010281,0.141686
THAIZ_BODY_PLY_localMouth,C_facial_local_BLS,l_out_mouth_bls,803,0.028143,-0.079434,0.07375
THAIZ_BODY_PLY_localMouth,C_facial_local_BLS,l_out_mouth_bls,804,0.048071,-0.109356,0.121726
THAIZ_BODY_PLY_localMouth,C_facial_local_BLS,l_out_mouth_bls,805,0.057046,-0.167904,0.221706
THAIZ_BODY_PLY_localMouth,C_facial_local_BLS,l_out_mouth_bls,806,0.083006,-0.169411,0.208105
THAIZ_BODY_PLY_localMouth,C_facial_local_BLS,l_out_mouth_bls,807,0.044196,-0.110816,0.146357
THAIZ_BODY_PLY_localMouth,C_facial_local_BLS,l_out_mouth_bls,808,-0.156284,0.11564,0.161939
THAIZ_BODY_PLY_localMouth,C_facial_local_BLS,l_out_mouth_bls,809,-0.155061,0.130832,0.126465
THAIZ_BODY_PLY_localMouth,C_facial_local_BLS,l_out_mouth_bls,810,-0.050428,0.070966,0.080917
THAIZ_BODY_PLY_localMouth,C_facial_local_BLS,l_out_mouth_bls,811,0.003418,0.00533,0.010338
THAIZ_BODY_PLY_localMouth,C_facial_local_BLS,l_out_mouth_bls,812,0.000854,0.000558,4.4e-05
THAIZ_BODY_PLY_localMouth,C_facial_local_BLS,l_out_mouth_bls,816,0.108035,-0.02449,0.017917
THAIZ_BODY_PLY_localMouth,C_facial_local_BLS,l_out_mouth_bls,817,0.058602,-0.002272,0.065613
THAIZ_BODY_PLY_localMouth,C_facial_local_BLS,l_out_mouth_bls,818,0.018872,-0.005807,0.033655
THAIZ_BODY_PLY_localMouth,C_facial_local_BLS,l_out_mouth_bls,819,0.0208,-0.001876,0.008505
THAIZ_BODY_PLY_localMouth,C_facial_local_BLS,l_out_mouth_bls,820,0.010612,-0.000186,0.006401
THAIZ_BODY_PLY_localMouth,C_facial_local_BLS,l_out_mouth_bls,821,0.002552,0.000247,0.003023
THAIZ_BODY_PLY_localMouth,C_facial_local_BLS,l_out_mouth_bls,826,0.000897,0.000282,0.00101
THAIZ_BODY_PLY_localMouth,C_facial_local_BLS,l_out_mouth_bls,827,0.005609,-0.000248,0.00323
THAIZ_BODY_PLY_localMouth,C_facial_local_BLS,l_out_mouth_bls,828,0.016556,-0.006832,0.013431
THAIZ_BODY_PLY_localMouth,C_facial_local_BLS,l_out_mouth_bls,829,0.018569,-0.021929,0.033004
THAIZ_BODY_PLY_localMouth,C_facial_local_BLS,l_out_mouth_bls,830,0.028104,0.00027,0.072433
THAIZ_BODY_PLY_localMouth,C_facial_local_BLS,l_out_mouth_bls,831,0.03184,-0.056779,0.048107
THAIZ_BODY_PLY_localMouth,C_facial_local_BLS,l_out_mouth_bls,837,-2e-06,1e-06,1e-06
THAIZ_BODY_PLY_localMouth,C_facial_local_BLS,l_out_mouth_bls,859,0.044153,0.006751,0.02115
THAIZ_BODY_PLY_localMouth,C_facial_local_BLS,l_out_mouth_bls,860,0.042442,-0.010977,0.029926
THAIZ_BODY_PLY_localMouth,C_facial_local_BLS,l_out_mouth_bls,861,0.031232,-0.033578,0.033197
THAIZ_BODY_PLY_localMouth,C_facial_local_BLS,l_out_mouth_bls,862,0.033248,-0.01961,0.051381
THAIZ_BODY_PLY_localMouth,C_facial_local_BLS,l_out_mouth_bls,863,0.100314,-0.005855,0.075035
THAIZ_BODY_PLY_localMouth,C_facial_local_BLS,l_out_mouth_bls,864,0.183866,0.002598,0.060341
THAIZ_BODY_PLY_localMouth,C_facial_local_BLS,l_out_mouth_bls,865,0.129868,0.016854,0.023808
THAIZ_BODY_PLY_localMouth,C_facial_local_BLS,l_out_mouth_bls,866,0.001703,-0.000549,0.001556
THAIZ_BODY_PLY_localMouth,C_facial_local_BLS,l_out_mouth_bls,912,0.000124,7.7e-05,0.000115
THAIZ_BODY_PLY_localMouth,C_facial_local_BLS,l_out_mouth_bls,913,0.003019,0.000586,0.001152
THAIZ_BODY_PLY_localMouth,C_facial_local_BLS,l_out_mouth_bls,914,0.015869,0.002922,0.008107
THAIZ_BODY_PLY_localMouth,C_facial_local_BLS,l_out_mouth_bls,915,0.026381,-0.004252,0.019947
THAIZ_BODY_PLY_localMouth,C_facial_local_BLS,l_out_mouth_bls,916,-0.003326,0.018473,0.072644
THAIZ_BODY_PLY_localMouth,C_facial_local_BLS,l_out_mouth_bls,917,-0.010824,-0.036408,0.099604
THAIZ_BODY_PLY_localMouth,C_facial_local_BLS,l_out_mouth_bls,918,0.193517,0.035906,-0.017874
THAIZ_BODY_PLY_localMouth,C_facial_local_BLS,l_out_mouth_bls,919,0.035677,-0.018263,0.086035
THAIZ_BODY_PLY_localMouth,C_facial_local_BLS,l_out_mouth_bls,920,0.014599,-0.034398,0.060543
THAIZ_BODY_PLY_localMouth,C_facial_local_BLS,l_out_mouth_bls,921,0.02439,-0.020439,0.023335
THAIZ_BODY_PLY_localMouth,C_facial_local_BLS,l_out_mouth_bls,922,0.013218,-0.006089,0.010296
THAIZ_BODY_PLY_localMouth,C_facial_local_BLS,l_out_mouth_bls,923,0.004618,-0.001178,0.00601
THAIZ_BODY_PLY_localMouth,C_facial_local_BLS,l_out_mouth_bls,924,0.0001,-3.2e-05,0.000234
THAIZ_BODY_PLY_localMouth,C_facial_local_BLS,l_out_mouth_bls,926,-0.049592,-0.034589,-0.015711
THAIZ_BODY_PLY_localMouth,C_facial_local_BLS,l_out_mouth_bls,927,-0.068922,-0.031597,-0.007428
THAIZ_BODY_PLY_localMouth,C_facial_local_BLS,l_out_mouth_bls,928,-0.085142,-0.023246,0.007211
THAIZ_BODY_PLY_localMouth,C_facial_local_BLS,l_out_mouth_bls,929,-0.076604,0.002944,0.04632
THAIZ_BODY_PLY_localMouth,C_facial_local_BLS,l_out_mouth_bls,930,-0.041946,0.012748,0.078675
THAIZ_BODY_PLY_localMouth,C_facial_local_BLS,l_out_mouth_bls,931,0.011769,0.021307,0.07067
THAIZ_BODY_PLY_localMouth,C_facial_local_BLS,l_out_mouth_bls,932,-0.030898,-0.032611,-0.022261
THAIZ_BODY_PLY_localMouth,C_facial_local_BLS,l_out_mouth_bls,933,0.029325,0.003663,-0.004611
THAIZ_BODY_PLY_localMouth,C_facial_local_BLS,l_out_mouth_bls,934,0.022203,0.000104,-0.008275
THAIZ_BODY_PLY_localMouth,C_facial_local_BLS,l_out_mouth_bls,935,0.000609,-0.016936,-0.020864
THAIZ_BODY_PLY_localMouth,C_facial_local_BLS,l_out_mouth_bls,936,-0.01799,-0.028802,-0.023011
THAIZ_BODY_PLY_localMouth,C_facial_local_BLS,l_out_mouth_bls,937,0.014381,-0.00487,-0.01514
THAIZ_BODY_PLY_localMouth,C_facial_local_BLS,l_out_mouth_bls,938,0.036956,0.02044,0.042408
THAIZ_BODY_PLY_localMouth,C_facial_local_BLS,l_out_mouth_bls,939,0.040409,0.012063,0.011869
THAIZ_BODY_PLY_localMouth,C_facial_local_BLS,l_out_mouth_bls,940,0.003461,0.0069,0.006721
THAIZ_BODY_PLY_localMouth,C_facial_local_BLS,l_out_mouth_bls,941,0.010874,0.015637,0.006285
THAIZ_BODY_PLY_localMouth,C_facial_local_BLS,l_out_mouth_bls,942,0.046222,0.029706,-0.024521
THAIZ_BODY_PLY_localMouth,C_facial_local_BLS,l_out_mouth_bls,943,0.022981,0.032784,0.013522
THAIZ_BODY_PLY_localMouth,C_facial_local_BLS,l_out_mouth_bls,944,-0.07162,0.084189,0.071261
THAIZ_BODY_PLY_localMouth,C_facial_local_BLS,l_out_mouth_bls,945,-0.200363,0.156098,0.157157
THAIZ_BODY_PLY_localMouth,C_facial_local_BLS,l_out_mouth_bls,946,-0.141251,0.107008,0.11806
THAIZ_BODY_PLY_localMouth,C_facial_local_BLS,l_out_mouth_bls,947,-0.005317,0.001968,0.00668
THAIZ_BODY_PLY_localMouth,C_facial_local_BLS,l_out_mouth_bls,948,-0.17976,0.006427,0.206295
THAIZ_BODY_PLY_localMouth,C_facial_local_BLS,l_out_mouth_bls,949,-0.167495,0.006267,0.098576
THAIZ_BODY_PLY_localMouth,C_facial_local_BLS,l_out_mouth_bls,950,-0.143747,0.078305,0.102693
THAIZ_BODY_PLY_localMouth,C_facial_local_BLS,l_out_mouth_bls,951,-0.09224,0.05821,0.13932
THAIZ_BODY_PLY_localMouth,C_facial_local_BLS,l_out_mouth_bls,952,0.013417,0.031307,0.01923
THAIZ_BODY_PLY_localMouth,C_facial_local_BLS,l_out_mouth_bls,953,0.006486,0.001865,-0.010857
THAIZ_BODY_PLY_localMouth,C_facial_local_BLS,l_out_mouth_bls,963,7.5e-05,0.000248,0.000343
THAIZ_BODY_PLY_localMouth,C_facial_local_BLS,l_out_mouth_bls,964,0.008202,0.005571,-0.019301
THAIZ_BODY_PLY_localMouth,C_facial_local_BLS,l_out_mouth_bls,965,0.001908,0.015459,-0.028105
THAIZ_BODY_PLY_localMouth,C_facial_local_BLS,l_out_mouth_bls,966,-0.001541,0.007431,-0.011017
THAIZ_BODY_PLY_localMouth,C_facial_local_BLS,l_out_mouth_bls,967,-2.6e-05,7.5e-05,-9e-05
THAIZ_BODY_PLY_localMouth,C_facial_local_BLS,l_out_mouth_bls,1000,0.003435,0.003546,0.014546
THAIZ_BODY_PLY_localMouth,C_facial_local_BLS,l_out_mouth_bls,1001,-0.107557,0.036184,0.255188
THAIZ_BODY_PLY_localMouth,C_facial_local_BLS,l_out_mouth_bls,1002,-0.250934,0.028668,0.398869
THAIZ_BODY_PLY_localMouth,C_facial_local_BLS,l_out_mouth_bls,1003,-0.260826,0.015451,0.332689
THAIZ_BODY_PLY_localMouth,C_facial_local_BLS,l_out_mouth_bls,1004,-0.205379,-0.01935,0.189232
THAIZ_BODY_PLY_localMouth,C_facial_local_BLS,l_out_mouth_bls,1005,-0.000385,7e-05,0.000432
THAIZ_BODY_PLY_localMouth,C_facial_local_BLS,l_out_mouth_bls,1006,-0.087854,0.068617,0.090531
THAIZ_BODY_PLY_localMouth,C_facial_local_BLS,l_out_mouth_bls,1007,-0.130818,0.099138,0.121587
THAIZ_BODY_PLY_localMouth,C_facial_local_BLS,l_out_mouth_bls,1008,-0.028975,0.02421,0.028668
THAIZ_BODY_PLY_localMouth,C_facial_local_BLS,l_out_mouth_bls,1009,0.008617,-0.001281,0.006653
THAIZ_BODY_PLY_localMouth,C_facial_local_BLS,l_out_mouth_bls,1010,0.007502,-0.00131,0.006439
THAIZ_BODY_PLY_localMouth,C_facial_local_BLS,l_out_mouth_bls,1011,0.003076,-0.000507,0.004039
THAIZ_BODY_PLY_localMouth,C_facial_local_BLS,l_out_mouth_bls,1012,0.00076,-0.000122,0.001378
THAIZ_BODY_PLY_localMouth,C_facial_local_BLS,l_out_mouth_bls,1014,-0.008361,0.006773,0.009303
THAIZ_BODY_PLY_localMouth,C_facial_local_BLS,l_out_mouth_bls,1015,-0.045209,0.03522,0.044725
THAIZ_BODY_PLY_localMouth,C_facial_local_BLS,l_out_mouth_bls,1016,-0.005544,0.004157,0.004915
THAIZ_BODY_PLY_localMouth,C_facial_local_BLS,l_out_mouth_bls,1017,1.7e-05,-1e-05,1.5e-05
THAIZ_BODY_PLY_localMouth,C_facial_local_BLS,l_out_mouth_bls,1018,1.1e-05,-8e-06,1.4e-05
THAIZ_BODY_PLY_localMouth,C_facial_local_BLS,l_out_mouth_bls,1027,0.020659,0.005884,0.051095
THAIZ_BODY_PLY_localMouth,C_facial_local_BLS,l_out_mouth_bls,1028,-0.06623,0.029794,0.226524
THAIZ_BODY_PLY_localMouth,C_facial_local_BLS,l_out_mouth_bls,1029,-0.183258,0.030974,0.382998
THAIZ_BODY_PLY_localMouth,C_facial_local_BLS,l_out_mouth_bls,1030,-0.143407,0.027105,0.320587
THAIZ_BODY_PLY_localMouth,C_facial_local_BLS,l_out_mouth_bls,1031,0.057752,-0.008237,-0.007519
THAIZ_BODY_PLY_localMouth,C_facial_local_BLS,l_out_mouth_bls,1032,-0.216121,-0.045515,0.091941
THAIZ_BODY_PLY_localMouth,C_facial_local_BLS,l_out_mouth_bls,1033,-0.274037,0.046414,0.200126
THAIZ_BODY_PLY_localMouth,C_facial_local_BLS,l_out_mouth_bls,1034,-0.173907,0.082869,0.177556
THAIZ_BODY_PLY_localMouth,C_facial_local_BLS,l_out_mouth_bls,1035,-0.048899,0.075546,0.067427
THAIZ_BODY_PLY_localMouth,C_facial_local_BLS,l_out_mouth_bls,1036,0.064462,0.027742,-0.101103
THAIZ_BODY_PLY_localMouth,C_facial_local_BLS,l_out_mouth_bls,1037,0.046014,0.00275,-0.084941
THAIZ_BODY_PLY_localMouth,C_facial_local_BLS,l_out_mouth_bls,1038,0.003228,-0.000742,-0.003148
THAIZ_BODY_PLY_localMouth,C_facial_local_BLS,l_out_mouth_bls,1045,0.00108,0.001402,-0.000512
THAIZ_BODY_PLY_localMouth,C_facial_local_BLS,l_out_mouth_bls,1046,0.004531,0.010302,-0.000352
THAIZ_BODY_PLY_localMouth,C_facial_local_BLS,l_out_mouth_bls,1047,0.00862,0.012285,0.014548
THAIZ_BODY_PLY_localMouth,C_facial_local_BLS,l_out_mouth_bls,1048,-0.011238,0.057181,0.0702
THAIZ_BODY_PLY_localMouth,C_facial_local_BLS,l_out_mouth_bls,1049,-0.032349,0.118229,0.094186
THAIZ_BODY_PLY_localMouth,C_facial_local_BLS,l_out_mouth_bls,1050,-0.111741,0.165896,0.184982
THAIZ_BODY_PLY_localMouth,C_facial_local_BLS,l_out_mouth_bls,1051,-0.225077,0.228021,0.217814
THAIZ_BODY_PLY_localMouth,C_facial_local_BLS,l_out_mouth_bls,1052,-0.157283,0.033129,0.137102
THAIZ_BODY_PLY_localMouth,C_facial_local_BLS,l_out_mouth_bls,1053,-0.020444,-0.114456,0.019563
THAIZ_BODY_PLY_localMouth,C_facial_local_BLS,l_out_mouth_bls,1054,-0.040692,-0.058338,-0.000138
THAIZ_BODY_PLY_localMouth,C_facial_local_BLS,l_out_mouth_bls,1094,7e-06,-2.4e-05,2.2e-05
THAIZ_BODY_PLY_localMouth,C_facial_local_BLS,l_out_mouth_bls,1096,0.000509,-0.001707,0.000795
THAIZ_BODY_PLY_localMouth,C_facial_local_BLS,l_out_mouth_bls,1097,0.002452,-0.007797,0.003425
THAIZ_BODY_PLY_localMouth,C_facial_local_BLS,l_out_mouth_bls,1098,0.003432,-0.009284,0.007801
THAIZ_BODY_PLY_localMouth,C_facial_local_BLS,l_out_mouth_bls,1099,0.001896,0.006359,0.009905
THAIZ_BODY_PLY_localMouth,C_facial_local_BLS,l_out_mouth_bls,1102,0.00076,0.005263,0.003387
THAIZ_BODY_PLY_localMouth,C_facial_local_BLS,l_out_mouth_bls,1103,0.003079,-0.004495,0.01189
THAIZ_BODY_PLY_localMouth,C_facial_local_BLS,l_out_mouth_bls,1107,1e-05,-2e-06,2.3e-05
THAIZ_BODY_PLY_localMouth,C_facial_local_BLS,l_out_mouth_bls,1111,0.00096,0.002191,0.002518
THAIZ_BODY_PLY_localMouth,C_facial_local_BLS,l_out_mouth_bls,1167,0.000201,3.5e-05,0.000344
THAIZ_BODY_PLY_localMouth,C_facial_local_BLS,l_out_mouth_bls,1168,0.001257,-0.000292,0.002041
THAIZ_BODY_PLY_localMouth,C_facial_local_BLS,l_out_mouth_bls,1169,0.002404,-0.001875,0.003757
THAIZ_BODY_PLY_localMouth,C_facial_local_BLS,l_out_mouth_bls,1170,0.006905,-0.01527,0.005609
THAIZ_BODY_PLY_localMouth,C_facial_local_BLS,l_out_mouth_bls,1171,0.004826,-0.021871,-0.008617
THAIZ_BODY_PLY_localMouth,C_facial_local_BLS,l_out_mouth_bls,1172,-0.007298,-0.022814,-0.022457
THAIZ_BODY_PLY_localMouth,C_facial_local_BLS,l_out_mouth_bls,1189,-0.00015,0.000104,8.6e-05
THAIZ_BODY_PLY_localMouth,C_facial_local_BLS,l_out_mouth_bls,1190,-0.0004,0.000289,0.000247
THAIZ_BODY_PLY_localMouth,C_facial_local_BLS,l_out_mouth_bls,1191,-6e-06,4e-06,4e-06
THAIZ_BODY_PLY_localMouth,C_facial_local_BLS,l_out_mouth_bls,1294,0.020454,-0.021024,0.000601
THAIZ_BODY_PLY_localMouth,C_facial_local_BLS,l_out_mouth_bls,1295,0.061022,-0.005885,-0.001617
THAIZ_BODY_PLY_localMouth,C_facial_local_BLS,l_out_mouth_bls,1296,0.054248,-0.005474,0.036263
THAIZ_BODY_PLY_localMouth,C_facial_local_BLS,l_out_mouth_bls,1297,-0.101694,0.111856,0.086754
THAIZ_BODY_PLY_localMouth,C_facial_local_BLS,l_out_mouth_bls,1298,-0.205261,0.021565,-0.071452
THAIZ_BODY_PLY_localMouth,C_facial_local_BLS,l_out_mouth_bls,1299,-0.271081,-0.128153,-0.066677
THAIZ_BODY_PLY_localMouth,C_facial_local_BLS,l_out_mouth_bls,1300,-0.122122,-0.124473,-0.020432
THAIZ_BODY_PLY_localMouth,C_facial_local_BLS,l_out_mouth_bls,1301,-0.021658,-0.134245,0.023894
THAIZ_BODY_PLY_localMouth,C_facial_local_BLS,l_out_mouth_bls,1302,0.043838,-0.099427,0.045268
THAIZ_BODY_PLY_localMouth,C_facial_local_BLS,l_out_mouth_bls,1303,0.011241,0.001155,0.025005
THAIZ_BODY_PLY_localMouth,C_facial_local_BLS,l_out_mouth_bls,1304,0.002146,0.000223,0.004073
THAIZ_BODY_PLY_localMouth,C_facial_local_BLS,l_out_mouth_bls,1313,0.000287,-3.4e-05,7.7e-05
THAIZ_BODY_PLY_localMouth,C_facial_local_BLS,l_out_mouth_bls,1314,0.022793,-0.006495,0.013752
THAIZ_BODY_PLY_localMouth,C_facial_local_BLS,l_out_mouth_bls,1315,0.058805,-0.007317,0.04131
THAIZ_BODY_PLY_localMouth,C_facial_local_BLS,l_out_mouth_bls,1316,0.05769,-0.032377,0.058062
THAIZ_BODY_PLY_localMouth,C_facial_local_BLS,l_out_mouth_bls,1317,0.044987,-0.021069,0.063823
THAIZ_BODY_PLY_localMouth,C_facial_local_BLS,l_out_mouth_bls,1318,0.019637,-0.0322,0.117985
THAIZ_BODY_PLY_localMouth,C_facial_local_BLS,l_out_mouth_bls,1319,-0.181293,0.083563,0.193664
THAIZ_BODY_PLY_localMouth,C_facial_local_BLS,l_out_mouth_bls,1320,-0.276243,0.163684,0.208773
THAIZ_BODY_PLY_localMouth,C_facial_local_BLS,l_out_mouth_bls,1321,-0.285336,0.187174,0.184392
THAIZ_BODY_PLY_localMouth,C_facial_local_BLS,l_out_mouth_bls,1322,-0.101101,0.154333,0.047678
THAIZ_BODY_PLY_localMouth,C_facial_local_BLS,l_out_mouth_bls,1323,-0.062238,0.102859,0.082417
THAIZ_BODY_PLY_localMouth,C_facial_local_BLS,l_out_mouth_bls,1324,0.093891,0.021156,0.054166
THAIZ_BODY_PLY_localMouth,C_facial_local_BLS,l_out_mouth_bls,1325,0.203624,-0.004677,0.083955
THAIZ_BODY_PLY_localMouth,C_facial_local_BLS,l_out_mouth_bls,1326,0.159875,0.00187,0.071959
THAIZ_BODY_PLY_localMouth,C_facial_local_BLS,l_out_mouth_bls,1327,0.075889,0.009723,0.067059
THAIZ_BODY_PLY_localMouth,C_facial_local_BLS,l_out_mouth_bls,1328,0.01901,0.010938,0.047069
THAIZ_BODY_PLY_localMouth,C_facial_local_BLS,l_out_mouth_bls,1329,0.003041,0.003529,0.016818
THAIZ_BODY_PLY_localMouth,C_facial_local_BLS,l_out_mouth_bls,1330,0.011973,-0.044868,0.027394
THAIZ_BODY_PLY_localMouth,C_facial_local_BLS,l_out_mouth_bls,1331,0.0076,-0.051885,0.044684
THAIZ_BODY_PLY_localMouth,C_facial_local_BLS,l_out_mouth_bls,1332,0.015238,-0.03816,0.056739
THAIZ_BODY_PLY_localMouth,C_facial_local_BLS,l_out_mouth_bls,1333,0.029269,-0.057452,0.030435
THAIZ_BODY_PLY_localMouth,C_facial_local_BLS,l_out_mouth_bls,1334,-0.015984,-0.053081,0.100119
THAIZ_BODY_PLY_localMouth,C_facial_local_BLS,l_out_mouth_bls,1335,0.015367,-0.035724,0.08785
THAIZ_BODY_PLY_localMouth,C_facial_local_BLS,l_out_mouth_bls,1336,0.037238,-0.031394,0.057232
THAIZ_BODY_PLY_localMouth,C_facial_local_BLS,l_out_mouth_bls,1337,0.034677,-0.027084,0.033067
THAIZ_BODY_PLY_localMouth,C_facial_local_BLS,l_out_mouth_bls,1338,0.028628,-0.017498,0.007539
THAIZ_BODY_PLY_localMouth,C_facial_local_BLS,l_out_mouth_bls,1339,0.016253,-0.012896,0.002587
THAIZ_BODY_PLY_localMouth,C_facial_local_BLS,l_out_mouth_bls,1340,0.007108,-0.010168,0.002857
THAIZ_BODY_PLY_localMouth,C_facial_local_BLS,l_out_mouth_bls,1341,0.002802,-0.004262,0.004371
THAIZ_BODY_PLY_localMouth,C_facial_local_BLS,l_out_mouth_bls,1342,0.004841,-0.00588,0.006383
THAIZ_BODY_PLY_localMouth,C_facial_local_BLS,l_out_mouth_bls,1343,0.009125,-0.011103,0.011212
THAIZ_BODY_PLY_localMouth,C_facial_local_BLS,l_out_mouth_bls,1344,0.016846,-0.022488,0.017161
THAIZ_BODY_PLY_localMouth,C_facial_local_BLS,l_out_mouth_bls,1351,0.000634,-1.7e-05,-0.001099
THAIZ_BODY_PLY_localMouth,C_facial_local_BLS,l_out_mouth_bls,1352,0.006327,0.008147,0.010737
THAIZ_BODY_PLY_localMouth,C_facial_local_BLS,l_out_mouth_bls,1353,-0.096013,0.036555,0.17995
THAIZ_BODY_PLY_localMouth,C_facial_local_BLS,l_out_mouth_bls,1354,-0.176746,0.049731,0.230928
THAIZ_BODY_PLY_localMouth,C_facial_local_BLS,l_out_mouth_bls,1355,-0.227458,0.007359,0.22163
THAIZ_BODY_PLY_localMouth,C_facial_local_BLS,l_out_mouth_bls,1356,-0.223913,-0.018573,0.201721
THAIZ_BODY_PLY_localMouth,C_facial_local_BLS,l_out_mouth_bls,1357,-0.006448,0.000879,0.006688
THAIZ_BODY_PLY_localMouth,C_facial_local_BLS,l_out_mouth_bls,1358,-0.138284,0.103485,0.12132
THAIZ_BODY_PLY_localMouth,C_facial_local_BLS,l_out_mouth_bls,1359,-0.199089,0.147519,0.161324
THAIZ_BODY_PLY_localMouth,C_facial_local_BLS,l_out_mouth_bls,1360,-0.062272,0.057397,0.066741
THAIZ_BODY_PLY_localMouth,C_facial_local_BLS,l_out_mouth_bls,1361,0.023295,0.001864,0.020394
THAIZ_BODY_PLY_localMouth,C_facial_local_BLS,l_out_mouth_bls,1362,0.034548,-0.005147,0.008652
THAIZ_BODY_PLY_localMouth,C_facial_local_BLS,l_out_mouth_bls,1363,0.01148,0.001258,0.014786
THAIZ_BODY_PLY_localMouth,C_facial_local_BLS,l_out_mouth_bls,1364,0.00415,0.000724,0.008377
THAIZ_BODY_PLY_localMouth,C_facial_local_BLS,l_out_mouth_bls,1365,0.001055,0.000281,0.002659
THAIZ_BODY_PLY_localMouth,C_facial_local_BLS,l_out_mouth_bls,1366,0.008713,-0.051446,0.012298
THAIZ_BODY_PLY_localMouth,C_facial_local_BLS,l_out_mouth_bls,1367,0.006079,-0.055029,0.01499
THAIZ_BODY_PLY_localMouth,C_facial_local_BLS,l_out_mouth_bls,1368,0.004806,-0.056963,0.015719
THAIZ_BODY_PLY_localMouth,C_facial_local_BLS,l_out_mouth_bls,1369,0.005199,-0.05674,0.016133
THAIZ_BODY_PLY_localMouth,C_facial_local_BLS,l_out_mouth_bls,1370,0.010033,-0.055013,0.013274
THAIZ_BODY_PLY_localMouth,C_facial_local_BLS,l_out_mouth_bls,1371,0.009989,-0.050377,0.015144
THAIZ_BODY_PLY_localMouth,C_facial_local_BLS,l_out_mouth_bls,1372,0.011309,-0.045655,0.014897
THAIZ_BODY_PLY_localMouth,C_facial_local_BLS,l_out_mouth_bls,1373,0.01431,-0.043158,0.010454
THAIZ_BODY_PLY_localMouth,C_facial_local_BLS,l_out_mouth_bls,1374,0.013656,-0.041035,0.008596
THAIZ_BODY_PLY_localMouth,C_facial_local_BLS,l_out_mouth_bls,1375,0.012141,-0.039926,0.009226
THAIZ_BODY_PLY_localMouth,C_facial_local_BLS,l_out_mouth_bls,1376,0.010028,-0.040007,0.008475
THAIZ_BODY_PLY_localMouth,C_facial_local_BLS,l_out_mouth_bls,1377,0.009955,-0.03956,0.008932
THAIZ_BODY_PLY_localMouth,C_facial_local_BLS,l_out_mouth_bls,1378,0.010765,-0.041985,0.009766
THAIZ_BODY_PLY_localMouth,C_facial_local_BLS,l_out_mouth_bls,1379,0.011947,-0.043849,0.013925
THAIZ_BODY_PLY_localMouth,C_facial_local_BLS,l_out_mouth_bls,1380,0.010145,-0.047225,0.012821
THAIZ_BODY_PLY_localMouth,C_facial_local_BLS,l_out_mouth_bls,1381,-0.016388,-0.062607,0.007608
THAIZ_BODY_PLY_localMouth,C_facial_local_BLS,l_out_mouth_bls,1382,-0.030667,-0.067334,0.016186
THAIZ_BODY_PLY_localMouth,C_facial_local_BLS,l_out_mouth_bls,1383,-0.046567,-0.06566,0.027105
THAIZ_BODY_PLY_localMouth,C_facial_local_BLS,l_out_mouth_bls,1384,-0.046048,-0.04987,0.063702
THAIZ_BODY_PLY_localMouth,C_facial_local_BLS,l_out_mouth_bls,1385,-0.018749,-0.0294,0.074144
THAIZ_BODY_PLY_localMouth,C_facial_local_BLS,l_out_mouth_bls,1386,0.011521,-0.015267,0.065506
THAIZ_BODY_PLY_localMouth,C_facial_local_BLS,l_out_mouth_bls,1387,0.030572,-0.011871,0.041613
THAIZ_BODY_PLY_localMouth,C_facial_local_BLS,l_out_mouth_bls,1388,0.032493,-0.016847,0.019408
THAIZ_BODY_PLY_localMouth,C_facial_local_BLS,l_out_mouth_bls,1389,0.025057,-0.021532,0.006598
THAIZ_BODY_PLY_localMouth,C_facial_local_BLS,l_out_mouth_bls,1390,0.017865,-0.023781,0.003622
THAIZ_BODY_PLY_localMouth,C_facial_local_BLS,l_out_mouth_bls,1391,0.010557,-0.027204,0.000498
THAIZ_BODY_PLY_localMouth,C_facial_local_BLS,l_out_mouth_bls,1392,0.005077,-0.033859,-0.001907
THAIZ_BODY_PLY_localMouth,C_facial_local_BLS,l_out_mouth_bls,1393,0.002014,-0.039504,-0.003737
THAIZ_BODY_PLY_localMouth,C_facial_local_BLS,l_out_mouth_bls,1394,-0.002908,-0.0472,-0.002963
THAIZ_BODY_PLY_localMouth,C_facial_local_BLS,l_out_mouth_bls,1395,-0.008325,-0.055091,-0.000306
THAIZ_BODY_PLY_localMouth,C_facial_local_BLS,l_out_mouth_bls,1396,-0.050741,-0.051332,-0.014701
THAIZ_BODY_PLY_localMouth,C_facial_local_BLS,l_out_mouth_bls,1397,-0.06957,-0.05072,-0.005133
THAIZ_BODY_PLY_localMouth,C_facial_local_BLS,l_out_mouth_bls,1398,-0.086766,-0.040209,0.009622
THAIZ_BODY_PLY_localMouth,C_facial_local_BLS,l_out_mouth_bls,1399,-0.08164,-0.007762,0.062746
THAIZ_BODY_PLY_localMouth,C_facial_local_BLS,l_out_mouth_bls,1400,-0.036755,0.013103,0.079512
THAIZ_BODY_PLY_localMouth,C_facial_local_BLS,l_out_mouth_bls,1401,0.00863,0.022332,0.072694
THAIZ_BODY_PLY_localMouth,C_facial_local_BLS,l_out_mouth_bls,1402,0.035062,0.017354,0.042027
THAIZ_BODY_PLY_localMouth,C_facial_local_BLS,l_out_mouth_bls,1403,0.03874,0.00438,0.013436
THAIZ_BODY_PLY_localMouth,C_facial_local_BLS,l_out_mouth_bls,1404,0.028454,-0.006326,-0.001232
THAIZ_BODY_PLY_localMouth,C_facial_local_BLS,l_out_mouth_bls,1405,0.020614,-0.011596,-0.004258
THAIZ_BODY_PLY_localMouth,C_facial_local_BLS,l_out_mouth_bls,1406,0.012305,-0.016829,-0.009205
THAIZ_BODY_PLY_localMouth,C_facial_local_BLS,l_out_mouth_bls,1407,-0.000368,-0.025251,-0.016409
THAIZ_BODY_PLY_localMouth,C_facial_local_BLS,l_out_mouth_bls,1408,-0.007331,-0.030361,-0.020104
THAIZ_BODY_PLY_localMouth,C_facial_local_BLS,l_out_mouth_bls,1409,-0.018381,-0.037312,-0.022488
THAIZ_BODY_PLY_localMouth,C_facial_local_BLS,l_out_mouth_bls,1410,-0.032312,-0.044384,-0.02228
THAIZ_BODY_PLY_localMouth,C_facial_local_BLS,l_out_mouth_bls,1411,0.003569,-0.05551,0.012127
THAIZ_BODY_PLY_localMouth,C_facial_local_BLS,l_out_mouth_bls,1412,-0.0037,-0.062052,0.015607
THAIZ_BODY_PLY_localMouth,C_facial_local_BLS,l_out_mouth_bls,1413,-0.011093,-0.066263,0.01865
THAIZ_BODY_PLY_localMouth,C_facial_local_BLS,l_out_mouth_bls,1414,-0.009126,-0.061938,0.034206
THAIZ_BODY_PLY_localMouth,C_facial_local_BLS,l_out_mouth_bls,1415,0.000466,-0.052761,0.040384
THAIZ_BODY_PLY_localMouth,C_facial_local_BLS,l_out_mouth_bls,1416,0.012298,-0.04274,0.038719
THAIZ_BODY_PLY_localMouth,C_facial_local_BLS,l_out_mouth_bls,1417,0.02064,-0.036166,0.028346
THAIZ_BODY_PLY_localMouth,C_facial_local_BLS,l_out_mouth_bls,1418,0.022123,-0.033064,0.01645
THAIZ_BODY_PLY_localMouth,C_facial_local_BLS,l_out_mouth_bls,1419,0.017933,-0.032737,0.007771
THAIZ_BODY_PLY_localMouth,C_facial_local_BLS,l_out_mouth_bls,1420,0.014418,-0.032684,0.006295
THAIZ_BODY_PLY_localMouth,C_facial_local_BLS,l_out_mouth_bls,1421,0.010181,-0.034142,0.004646
THAIZ_BODY_PLY_localMouth,C_facial_local_BLS,l_out_mouth_bls,1422,0.009108,-0.036477,0.007858
THAIZ_BODY_PLY_localMouth,C_facial_local_BLS,l_out_mouth_bls,1423,0.0088,-0.040392,0.007578
THAIZ_BODY_PLY_localMouth,C_facial_local_BLS,l_out_mouth_bls,1424,0.00766,-0.044955,0.008511
THAIZ_BODY_PLY_localMouth,C_facial_local_BLS,l_out_mouth_bls,1425,0.006861,-0.049782,0.009086
THAIZ_BODY_PLY_localMouth,C_facial_local_BLS,l_out_mouth_bls,1433,0.004559,0.0017,0.01309
THAIZ_BODY_PLY_localMouth,C_facial_local_BLS,l_out_mouth_bls,1434,-0.107874,0.033196,0.229998
THAIZ_BODY_PLY_localMouth,C_facial_local_BLS,l_out_mouth_bls,1435,-0.221318,0.035514,0.323622
THAIZ_BODY_PLY_localMouth,C_facial_local_BLS,l_out_mouth_bls,1436,-0.24933,0.008534,0.267791
THAIZ_BODY_PLY_localMouth,C_facial_local_BLS,l_out_mouth_bls,1437,-0.242361,-0.03447,0.183525
THAIZ_BODY_PLY_localMouth,C_facial_local_BLS,l_out_mouth_bls,1438,-0.00435,0.000353,0.004047
THAIZ_BODY_PLY_localMouth,C_facial_local_BLS,l_out_mouth_bls,1439,-0.120527,0.090318,0.111752
THAIZ_BODY_PLY_localMouth,C_facial_local_BLS,l_out_mouth_bls,1440,-0.177056,0.128944,0.150553
THAIZ_BODY_PLY_localMouth,C_facial_local_BLS,l_out_mouth_bls,1441,-0.052736,0.039482,0.056283
THAIZ_BODY_PLY_localMouth,C_facial_local_BLS,l_out_mouth_bls,1442,0.017852,-0.008169,0.017605
THAIZ_BODY_PLY_localMouth,C_facial_local_BLS,l_out_mouth_bls,1443,0.018456,-0.007006,0.015916
THAIZ_BODY_PLY_localMouth,C_facial_local_BLS,l_out_mouth_bls,1444,0.008348,-0.002494,0.011626
THAIZ_BODY_PLY_localMouth,C_facial_local_BLS,l_out_mouth_bls,1445,0.003018,-0.000567,0.005885
THAIZ_BODY_PLY_localMouth,C_facial_local_BLS,l_out_mouth_bls,1446,0.000634,-7e-06,0.001522
THAIZ_BODY_PLY_localMouth,C_facial_local_BLS,l_out_mouth_bls,1473,1e-06,-5.7e-05,2.7e-05
THAIZ_BODY_PLY_localMouth,C_facial_local_BLS,l_out_mouth_bls,1474,9.1e-05,-0.002741,0.000931
THAIZ_BODY_PLY_localMouth,C_facial_local_BLS,l_out_mouth_bls,1475,0.000456,-0.00404,0.002875
THAIZ_BODY_PLY_localMouth,C_facial_local_BLS,l_out_mouth_bls,1478,0.000789,-0.001991,0.004306
THAIZ_BODY_PLY_localMouth,C_facial_local_BLS,l_out_mouth_bls,1479,0.000397,0.001582,0.001891
THAIZ_BODY_PLY_localMouth,C_facial_local_BLS,l_out_mouth_bls,1487,6.2e-05,0.000183,0.000216
THAIZ_BODY_PLY_localMouth,C_facial_local_BLS,l_out_mouth_bls,1496,0.000161,0.001241,0.000696
THAIZ_BODY_PLY_localMouth,C_facial_local_BLS,l_out_mouth_bls,1509,0.000702,0.00049,0.003607
THAIZ_BODY_PLY_localMouth,C_facial_local_BLS,l_out_mouth_bls,1510,4.8e-05,1.7e-05,0.000152
THAIZ_BODY_PLY_localMouth,C_facial_local_BLS,l_out_mouth_bls,1511,1e-06,0.0,3e-06
THAIZ_BODY_PLY_localMouth,C_facial_local_BLS,l_out_mouth_bls,1517,0.000116,-0.000208,0.000302
THAIZ_BODY_PLY_localMouth,C_facial_local_BLS,l_out_mouth_bls,1518,0.001364,-0.002764,0.003185
THAIZ_BODY_PLY_localMouth,C_facial_local_BLS,l_out_mouth_bls,1519,0.003526,-0.006161,0.004062
THAIZ_BODY_PLY_localMouth,C_facial_local_BLS,l_out_mouth_bls,1520,0.008587,-0.011938,0.001641
THAIZ_BODY_PLY_localMouth,C_facial_local_BLS,l_out_mouth_bls,1521,0.012007,-0.011693,-0.011164
THAIZ_BODY_PLY_localMouth,C_facial_local_BLS,l_out_mouth_bls,1522,0.007361,-0.010517,-0.018836
THAIZ_BODY_PLY_localMouth,C_facial_local_BLS,l_out_mouth_bls,1523,0.00604,-0.020909,-0.012642
THAIZ_BODY_PLY_localMouth,C_facial_local_BLS,l_out_mouth_bls,1524,0.007834,-0.029913,0.000317
THAIZ_BODY_PLY_localMouth,C_facial_local_BLS,l_out_mouth_bls,1525,0.009364,-0.034638,0.007083
THAIZ_BODY_PLY_localMouth,C_facial_local_BLS,l_out_mouth_bls,1526,0.00992,-0.039585,0.009582
THAIZ_BODY_PLY_localMouth,C_facial_local_BLS,l_out_mouth_bls,1527,0.010852,-0.043768,0.009922
THAIZ_BODY_PLY_localMouth,C_facial_local_BLS,l_out_mouth_bls,1528,0.010864,-0.045712,0.009203
THAIZ_BODY_PLY_localMouth,C_facial_local_BLS,l_out_mouth_bls,1529,0.010734,-0.047367,0.011426
THAIZ_BODY_PLY_localMouth,C_facial_local_BLS,l_out_mouth_bls,1530,0.010005,-0.048997,0.0121
THAIZ_BODY_PLY_localMouth,C_facial_local_BLS,l_out_mouth_bls,1531,0.009607,-0.050882,0.009714
THAIZ_BODY_PLY_localMouth,C_facial_local_BLS,l_out_mouth_bls,6933,-0.002396,0.001794,0.002124
THAIZ_BODY_PLY_localMouth,C_facial_local_BLS,l_out_mouth_bls,6934,-0.011189,0.008716,0.011069
THAIZ_BODY_PLY_localMouth,C_facial_local_BLS,l_out_mouth_bls,6935,-2.7e-05,2.2e-05,3e-05
THAIZ_BODY_PLY_localMouth,C_facial_local_BLS,l_out_mouth_bls,6937,0.138189,0.026725,0.108408
THAIZ_BODY_PLY_localMouth,C_facial_local_BLS,l_out_mouth_bls,6938,0.026562,0.016502,0.315215
THAIZ_BODY_PLY_localMouth,C_facial_local_BLS,l_out_mouth_bls,6939,-0.02455,0.007268,0.323366
THAIZ_BODY_PLY_localMouth,C_facial_local_BLS,l_out_mouth_bls,6940,0.00022,-0.00036,0.001321
THAIZ_BODY_PLY_localMouth,C_facial_local_BLS,l_out_mouth_bls,8160,-0.0,-1e-06,5e-06
THAIZ_BODY_PLY_localMouth,C_facial_local_BLS,l_out_mouth_bls,8168,-6e-06,-1.6e-05,1.6e-05
THAIZ_BODY_PLY_localMouth,C_facial_local_BLS,l_out_mouth_bls,8526,-9.8e-05,-0.000416,0.000142
THAIZ_BODY_PLY_localMouth,C_facial_local_BLS,l_out_mouth_bls,8527,-0.000142,-0.00098,0.000736
THAIZ_BODY_PLY_localMouth,C_facial_local_BLS,l_out_mouth_bls,8528,3.2e-05,0.000123,0.000143
THAIZ_BODY_PLY_localMouth,C_facial_local_BLS,l_out_mouth_bls,8532,4.7e-05,-0.000425,0.00105
THAIZ_BODY_PLY_localMouth,C_facial_local_BLS,l_out_mouth_bls,8758,9.9e-05,0.000109,0.000611
THAIZ_BODY_PLY_localMouth,C_facial_local_BLS,l_up_mouth_bls,5,5e-06,5e-06,-2e-06
THAIZ_BODY_PLY_localMouth,C_facial_local_BLS,l_up_mouth_bls,6,0.000644,0.000713,-0.000252
THAIZ_BODY_PLY_localMouth,C_facial_local_BLS,l_up_mouth_bls,7,0.004732,0.005665,-0.001735
THAIZ_BODY_PLY_localMouth,C_facial_local_BLS,l_up_mouth_bls,8,0.010485,0.019602,0.003571
THAIZ_BODY_PLY_localMouth,C_facial_local_BLS,l_up_mouth_bls,9,0.019524,0.069919,0.046476
THAIZ_BODY_PLY_localMouth,C_facial_local_BLS,l_up_mouth_bls,10,0.023215,0.165491,0.146618
THAIZ_BODY_PLY_localMouth,C_facial_local_BLS,l_up_mouth_bls,11,-0.012688,0.132228,0.179282
THAIZ_BODY_PLY_localMouth,C_facial_local_BLS,l_up_mouth_bls,12,0.041066,0.055937,0.034262
THAIZ_BODY_PLY_localMouth,C_facial_local_BLS,l_up_mouth_bls,13,0.017943,0.018727,0.000353
THAIZ_BODY_PLY_localMouth,C_facial_local_BLS,l_up_mouth_bls,14,0.001997,0.001889,-0.000771
THAIZ_BODY_PLY_localMouth,C_facial_local_BLS,l_up_mouth_bls,15,4.8e-05,5.2e-05,-1.7e-05
THAIZ_BODY_PLY_localMouth,C_facial_local_BLS,l_up_mouth_bls,26,0.002862,0.00893,-0.000962
THAIZ_BODY_PLY_localMouth,C_facial_local_BLS,l_up_mouth_bls,27,0.013638,0.038204,-0.005913
THAIZ_BODY_PLY_localMouth,C_facial_local_BLS,l_up_mouth_bls,28,0.01705,0.049104,-0.004046
THAIZ_BODY_PLY_localMouth,C_facial_local_BLS,l_up_mouth_bls,29,0.006365,0.069619,0.032039
THAIZ_BODY_PLY_localMouth,C_facial_local_BLS,l_up_mouth_bls,30,0.006618,0.145721,0.11783
THAIZ_BODY_PLY_localMouth,C_facial_local_BLS,l_up_mouth_bls,31,0.004286,0.242815,0.233314
THAIZ_BODY_PLY_localMouth,C_facial_local_BLS,l_up_mouth_bls,32,0.013389,0.233793,0.22662
THAIZ_BODY_PLY_localMouth,C_facial_local_BLS,l_up_mouth_bls,33,0.046103,0.096341,0.051424
THAIZ_BODY_PLY_localMouth,C_facial_local_BLS,l_up_mouth_bls,34,0.02399,0.036735,0.006607
THAIZ_BODY_PLY_localMouth,C_facial_local_BLS,l_up_mouth_bls,35,0.00588,0.006879,-0.001465
THAIZ_BODY_PLY_localMouth,C_facial_local_BLS,l_up_mouth_bls,36,2.2e-05,2.3e-05,-1e-05
THAIZ_BODY_PLY_localMouth,C_facial_local_BLS,l_up_mouth_bls,46,0.001979,0.007961,-0.000398
THAIZ_BODY_PLY_localMouth,C_facial_local_BLS,l_up_mouth_bls,47,0.016513,0.059123,-0.004766
THAIZ_BODY_PLY_localMouth,C_facial_local_BLS,l_up_mouth_bls,48,0.034105,0.114389,-0.010487
THAIZ_BODY_PLY_localMouth,C_facial_local_BLS,l_up_mouth_bls,49,0.022365,0.105705,0.011026
THAIZ_BODY_PLY_localMouth,C_facial_local_BLS,l_up_mouth_bls,50,-0.009458,0.114093,0.081432
THAIZ_BODY_PLY_localMouth,C_facial_local_BLS,l_up_mouth_bls,51,-0.010731,0.167616,0.160288
THAIZ_BODY_PLY_localMouth,C_facial_local_BLS,l_up_mouth_bls,52,0.003931,0.206281,0.216936
THAIZ_BODY_PLY_localMouth,C_facial_local_BLS,l_up_mouth_bls,53,0.028281,0.181662,0.185415
THAIZ_BODY_PLY_localMouth,C_facial_local_BLS,l_up_mouth_bls,54,0.049373,0.107528,0.047307
THAIZ_BODY_PLY_localMouth,C_facial_local_BLS,l_up_mouth_bls,55,0.02801,0.045394,0.0042
THAIZ_BODY_PLY_localMouth,C_facial_local_BLS,l_up_mouth_bls,56,0.009785,0.01324,-0.002083
THAIZ_BODY_PLY_localMouth,C_facial_local_BLS,l_up_mouth_bls,57,4.1e-05,5.5e-05,-1.3e-05
THAIZ_BODY_PLY_localMouth,C_facial_local_BLS,l_up_mouth_bls,67,-0.000665,0.000485,0.00161
THAIZ_BODY_PLY_localMouth,C_facial_local_BLS,l_up_mouth_bls,68,-0.004685,0.003795,0.011573
THAIZ_BODY_PLY_localMouth,C_facial_local_BLS,l_up_mouth_bls,69,-0.00842,0.007901,0.021472
THAIZ_BODY_PLY_localMouth,C_facial_local_BLS,l_up_mouth_bls,70,-0.005541,0.015423,0.022938
THAIZ_BODY_PLY_localMouth,C_facial_local_BLS,l_up_mouth_bls,71,0.002644,0.028048,0.023141
THAIZ_BODY_PLY_localMouth,C_facial_local_BLS,l_up_mouth_bls,72,0.014085,0.035927,0.015121
THAIZ_BODY_PLY_localMouth,C_facial_local_BLS,l_up_mouth_bls,73,0.023454,0.041426,0.004671
THAIZ_BODY_PLY_localMouth,C_facial_local_BLS,l_up_mouth_bls,74,0.026049,0.050175,-0.001955
THAIZ_BODY_PLY_localMouth,C_facial_local_BLS,l_up_mouth_bls,75,0.019397,0.047482,-0.008872
THAIZ_BODY_PLY_localMouth,C_facial_local_BLS,l_up_mouth_bls,76,0.008299,0.019515,-0.005028
THAIZ_BODY_PLY_localMouth,C_facial_local_BLS,l_up_mouth_bls,77,0.001312,0.002386,-0.000569
THAIZ_BODY_PLY_localMouth,C_facial_local_BLS,l_up_mouth_bls,87,-2e-06,0.0,5e-06
THAIZ_BODY_PLY_localMouth,C_facial_local_BLS,l_up_mouth_bls,88,-0.000386,0.000201,0.000875
THAIZ_BODY_PLY_localMouth,C_facial_local_BLS,l_up_mouth_bls,89,-0.000146,8.4e-05,0.000337
THAIZ_BODY_PLY_localMouth,C_facial_local_BLS,l_up_mouth_bls,90,0.001435,0.003317,-0.000413
THAIZ_BODY_PLY_localMouth,C_facial_local_BLS,l_up_mouth_bls,91,0.003474,0.009359,-0.001121
THAIZ_BODY_PLY_localMouth,C_facial_local_BLS,l_up_mouth_bls,92,0.004143,0.01666,-0.000836
THAIZ_BODY_PLY_localMouth,C_facial_local_BLS,l_up_mouth_bls,93,0.003282,0.021047,0.000315
THAIZ_BODY_PLY_localMouth,C_facial_local_BLS,l_up_mouth_bls,94,0.001502,0.019917,0.000156
THAIZ_BODY_PLY_localMouth,C_facial_local_BLS,l_up_mouth_bls,95,-1.8e-05,0.009751,-0.000909
THAIZ_BODY_PLY_localMouth,C_facial_local_BLS,l_up_mouth_bls,96,-0.000185,0.001021,-0.000179
THAIZ_BODY_PLY_localMouth,C_facial_local_BLS,l_up_mouth_bls,176,-1e-06,0.0,0.0
THAIZ_BODY_PLY_localMouth,C_facial_local_BLS,l_up_mouth_bls,177,-0.00035,0.000138,4.7e-05
THAIZ_BODY_PLY_localMouth,C_facial_local_BLS,l_up_mouth_bls,178,-0.000767,0.000329,8.2e-05
THAIZ_BODY_PLY_localMouth,C_facial_local_BLS,l_up_mouth_bls,179,-0.000575,0.000365,1e-06
THAIZ_BODY_PLY_localMouth,C_facial_local_BLS,l_up_mouth_bls,180,-9.2e-05,6.4e-05,-1e-05
THAIZ_BODY_PLY_localMouth,C_facial_local_BLS,l_up_mouth_bls,350,0.001111,0.00622,-5.9e-05
THAIZ_BODY_PLY_localMouth,C_facial_local_BLS,l_up_mouth_bls,351,0.005363,0.032535,0.00193
THAIZ_BODY_PLY_localMouth,C_facial_local_BLS,l_up_mouth_bls,352,0.004528,0.049917,0.013567
THAIZ_BODY_PLY_localMouth,C_facial_local_BLS,l_up_mouth_bls,353,-0.007319,0.046255,0.038092
THAIZ_BODY_PLY_localMouth,C_facial_local_BLS,l_up_mouth_bls,354,-0.01814,0.064875,0.074427
THAIZ_BODY_PLY_localMouth,C_facial_local_BLS,l_up_mouth_bls,355,-0.00246,0.086099,0.087152
THAIZ_BODY_PLY_localMouth,C_facial_local_BLS,l_up_mouth_bls,356,0.019283,0.078109,0.076903
THAIZ_BODY_PLY_localMouth,C_facial_local_BLS,l_up_mouth_bls,357,0.037408,0.077216,0.059076
THAIZ_BODY_PLY_localMouth,C_facial_local_BLS,l_up_mouth_bls,358,0.042824,0.063231,0.006344
THAIZ_BODY_PLY_localMouth,C_facial_local_BLS,l_up_mouth_bls,359,0.023902,0.034914,-0.005205
THAIZ_BODY_PLY_localMouth,C_facial_local_BLS,l_up_mouth_bls,360,0.007852,0.01067,-0.003081
THAIZ_BODY_PLY_localMouth,C_facial_local_BLS,l_up_mouth_bls,361,4e-05,5.3e-05,-1.6e-05
THAIZ_BODY_PLY_localMouth,C_facial_local_BLS,l_up_mouth_bls,391,-0.100699,0.561551,0.478324
THAIZ_BODY_PLY_localMouth,C_facial_local_BLS,l_up_mouth_bls,392,-0.036009,0.207795,0.221076
THAIZ_BODY_PLY_localMouth,C_facial_local_BLS,l_up_mouth_bls,400,-0.1184,0.74482,0.54561
THAIZ_BODY_PLY_localMouth,C_facial_local_BLS,l_up_mouth_bls,401,-0.116478,0.86324,0.489541
THAIZ_BODY_PLY_localMouth,C_facial_local_BLS,l_up_mouth_bls,402,-0.054218,0.757083,0.179463
THAIZ_BODY_PLY_localMouth,C_facial_local_BLS,l_up_mouth_bls,403,-0.058283,0.574034,0.095912
THAIZ_BODY_PLY_localMouth,C_facial_local_BLS,l_up_mouth_bls,404,0.003809,0.310197,0.06457
THAIZ_BODY_PLY_localMouth,C_facial_local_BLS,l_up_mouth_bls,419,0.2969,0.998228,0.682727
THAIZ_BODY_PLY_localMouth,C_facial_local_BLS,l_up_mouth_bls,420,0.652364,0.820607,0.714759
THAIZ_BODY_PLY_localMouth,C_facial_local_BLS,l_up_mouth_bls,421,-0.127156,0.879238,1.290868
THAIZ_BODY_PLY_localMouth,C_facial_local_BLS,l_up_mouth_bls,422,-0.127804,0.468856,0.672859
THAIZ_BODY_PLY_localMouth,C_facial_local_BLS,l_up_mouth_bls,423,-0.073433,0.230822,0.297349
THAIZ_BODY_PLY_localMouth,C_facial_local_BLS,l_up_mouth_bls,424,6e-06,1.4e-05,4.5e-05
THAIZ_BODY_PLY_localMouth,C_facial_local_BLS,l_up_mouth_bls,425,-0.003482,0.105356,0.067975
THAIZ_BODY_PLY_localMouth,C_facial_local_BLS,l_up_mouth_bls,426,0.079463,0.359786,0.23323
THAIZ_BODY_PLY_localMouth,C_facial_local_BLS,l_up_mouth_bls,427,-1e-06,0.008433,0.003759
THAIZ_BODY_PLY_localMouth,C_facial_local_BLS,l_up_mouth_bls,431,-0.149133,0.635969,0.94864
THAIZ_BODY_PLY_localMouth,C_facial_local_BLS,l_up_mouth_bls,433,2.4e-05,0.000739,0.000834
THAIZ_BODY_PLY_localMouth,C_facial_local_BLS,l_up_mouth_bls,435,-0.002318,0.031205,0.033494
THAIZ_BODY_PLY_localMouth,C_facial_local_BLS,l_up_mouth_bls,441,0.0,4e-06,5e-06
THAIZ_BODY_PLY_localMouth,C_facial_local_BLS,l_up_mouth_bls,442,6e-06,0.005623,0.006747
THAIZ_BODY_PLY_localMouth,C_facial_local_BLS,l_up_mouth_bls,443,-0.015415,0.096592,0.115372
THAIZ_BODY_PLY_localMouth,C_facial_local_BLS,l_up_mouth_bls,444,-0.033433,0.099751,0.167635
THAIZ_BODY_PLY_localMouth,C_facial_local_BLS,l_up_mouth_bls,445,-0.069069,0.44143,0.298954
THAIZ_BODY_PLY_localMouth,C_facial_local_BLS,l_up_mouth_bls,446,-0.028767,0.195824,0.170835
THAIZ_BODY_PLY_localMouth,C_facial_local_BLS,l_up_mouth_bls,447,-0.001474,0.047108,0.045094
THAIZ_BODY_PLY_localMouth,C_facial_local_BLS,l_up_mouth_bls,448,0.003684,0.006659,0.007227
THAIZ_BODY_PLY_localMouth,C_facial_local_BLS,l_up_mouth_bls,455,2e-06,0.000205,4e-06
THAIZ_BODY_PLY_localMouth,C_facial_local_BLS,l_up_mouth_bls,456,-0.054706,0.322868,0.01727
THAIZ_BODY_PLY_localMouth,C_facial_local_BLS,l_up_mouth_bls,457,-0.083218,0.489086,0.017324
THAIZ_BODY_PLY_localMouth,C_facial_local_BLS,l_up_mouth_bls,458,-0.065426,0.542306,0.054461
THAIZ_BODY_PLY_localMouth,C_facial_local_BLS,l_up_mouth_bls,459,-0.07783,0.60713,0.226398
THAIZ_BODY_PLY_localMouth,C_facial_local_BLS,l_up_mouth_bls,460,-0.073561,0.548176,0.29903
THAIZ_BODY_PLY_localMouth,C_facial_local_BLS,l_up_mouth_bls,463,0.003732,0.10518,0.018611
THAIZ_BODY_PLY_localMouth,C_facial_local_BLS,l_up_mouth_bls,464,-0.001777,0.139801,0.010448
THAIZ_BODY_PLY_localMouth,C_facial_local_BLS,l_up_mouth_bls,469,-0.075811,0.263786,0.231655
THAIZ_BODY_PLY_localMouth,C_facial_local_BLS,l_up_mouth_bls,470,-0.03373,0.100612,0.125033
THAIZ_BODY_PLY_localMouth,C_facial_local_BLS,l_up_mouth_bls,471,1e-06,2e-06,7e-06
THAIZ_BODY_PLY_localMouth,C_facial_local_BLS,l_up_mouth_bls,472,-0.104295,0.362994,0.390483
THAIZ_BODY_PLY_localMouth,C_facial_local_BLS,l_up_mouth_bls,473,-0.130264,0.433712,0.589994
THAIZ_BODY_PLY_localMouth,C_facial_local_BLS,l_up_mouth_bls,474,0.047826,0.284633,0.884244
THAIZ_BODY_PLY_localMouth,C_facial_local_BLS,l_up_mouth_bls,475,-0.014054,0.230131,0.598377
THAIZ_BODY_PLY_localMouth,C_facial_local_BLS,l_up_mouth_bls,476,-0.045712,0.17494,0.406047
THAIZ_BODY_PLY_localMouth,C_facial_local_BLS,l_up_mouth_bls,477,-0.049851,0.127519,0.272163
THAIZ_BODY_PLY_localMouth,C_facial_local_BLS,l_up_mouth_bls,478,1.9e-05,0.003029,0.000969
THAIZ_BODY_PLY_localMouth,C_facial_local_BLS,l_up_mouth_bls,481,0.000906,0.0229,0.003912
THAIZ_BODY_PLY_localMouth,C_facial_local_BLS,l_up_mouth_bls,486,-0.04741,0.106006,0.166089
THAIZ_BODY_PLY_localMouth,C_facial_local_BLS,l_up_mouth_bls,491,-0.044398,0.115406,0.077507
THAIZ_BODY_PLY_localMouth,C_facial_local_BLS,l_up_mouth_bls,495,-0.126165,0.607249,1.273462
THAIZ_BODY_PLY_localMouth,C_facial_local_BLS,l_up_mouth_bls,496,-0.132864,0.472347,0.88216
THAIZ_BODY_PLY_localMouth,C_facial_local_BLS,l_up_mouth_bls,497,-0.042666,0.133463,0.106521
THAIZ_BODY_PLY_localMouth,C_facial_local_BLS,l_up_mouth_bls,498,-0.091762,0.092799,0.214314
THAIZ_BODY_PLY_localMouth,C_facial_local_BLS,l_up_mouth_bls,499,-0.116798,0.074091,0.319527
THAIZ_BODY_PLY_localMouth,C_facial_local_BLS,l_up_mouth_bls,500,-0.106921,0.094366,0.424086
THAIZ_BODY_PLY_localMouth,C_facial_local_BLS,l_up_mouth_bls,510,-0.079545,0.14067,0.520096
THAIZ_BODY_PLY_localMouth,C_facial_local_BLS,l_up_mouth_bls,511,-0.078503,0.211927,0.612435
THAIZ_BODY_PLY_localMouth,C_facial_local_BLS,l_up_mouth_bls,512,-0.091692,0.350234,0.295172
THAIZ_BODY_PLY_localMouth,C_facial_local_BLS,l_up_mouth_bls,513,-0.04251,0.150612,0.035674
THAIZ_BODY_PLY_localMouth,C_facial_local_BLS,l_up_mouth_bls,514,-0.00058,0.002584,0.000285
THAIZ_BODY_PLY_localMouth,C_facial_local_BLS,l_up_mouth_bls,515,-0.0885,0.328392,0.069028
THAIZ_BODY_PLY_localMouth,C_facial_local_BLS,l_up_mouth_bls,516,-0.095233,0.352076,0.20084
THAIZ_BODY_PLY_localMouth,C_facial_local_BLS,l_up_mouth_bls,525,-0.243165,-0.241924,0.290484
THAIZ_BODY_PLY_localMouth,C_facial_local_BLS,l_up_mouth_bls,526,-0.165361,-0.123968,0.223706
THAIZ_BODY_PLY_localMouth,C_facial_local_BLS,l_up_mouth_bls,527,-0.23923,-0.285869,0.296874
THAIZ_BODY_PLY_localMouth,C_facial_local_BLS,l_up_mouth_bls,528,-0.190053,-0.150403,0.273385
THAIZ_BODY_PLY_localMouth,C_facial_local_BLS,l_up_mouth_bls,529,-0.133444,-0.052618,0.233926
THAIZ_BODY_PLY_localMouth,C_facial_local_BLS,l_up_mouth_bls,530,-0.007418,0.265099,0.12013
THAIZ_BODY_PLY_localMouth,C_facial_local_BLS,l_up_mouth_bls,531,-0.083085,0.382338,0.101931
THAIZ_BODY_PLY_localMouth,C_facial_local_BLS,l_up_mouth_bls,532,-0.075146,0.365369,0.186088
THAIZ_BODY_PLY_localMouth,C_facial_local_BLS,l_up_mouth_bls,533,-0.064809,0.336552,0.112655
THAIZ_BODY_PLY_localMouth,C_facial_local_BLS,l_up_mouth_bls,534,-0.092583,0.387673,0.066495
THAIZ_BODY_PLY_localMouth,C_facial_local_BLS,l_up_mouth_bls,535,-0.073719,0.277566,0.00523
THAIZ_BODY_PLY_localMouth,C_facial_local_BLS,l_up_mouth_bls,536,-0.082285,0.370658,0.007161
THAIZ_BODY_PLY_localMouth,C_facial_local_BLS,l_up_mouth_bls,537,-0.004745,0.013434,-0.003382
THAIZ_BODY_PLY_localMouth,C_facial_local_BLS,l_up_mouth_bls,538,-0.010954,0.073239,0.012627
THAIZ_BODY_PLY_localMouth,C_facial_local_BLS,l_up_mouth_bls,539,-0.041931,0.391621,0.048361
THAIZ_BODY_PLY_localMouth,C_facial_local_BLS,l_up_mouth_bls,540,-0.053126,0.170434,0.073573
THAIZ_BODY_PLY_localMouth,C_facial_local_BLS,l_up_mouth_bls,541,0.202029,0.19427,0.021528
THAIZ_BODY_PLY_localMouth,C_facial_local_BLS,l_up_mouth_bls,542,-0.015255,0.124847,0.026093
THAIZ_BODY_PLY_localMouth,C_facial_local_BLS,l_up_mouth_bls,543,0.028646,0.015775,0.0443
THAIZ_BODY_PLY_localMouth,C_facial_local_BLS,l_up_mouth_bls,544,-0.109899,-0.3733,0.108526
THAIZ_BODY_PLY_localMouth,C_facial_local_BLS,l_up_mouth_bls,545,-0.001351,0.019821,0.002435
THAIZ_BODY_PLY_localMouth,C_facial_local_BLS,l_up_mouth_bls,546,-0.001724,0.047436,0.005224
THAIZ_BODY_PLY_localMouth,C_facial_local_BLS,l_up_mouth_bls,547,2.6e-05,2.9e-05,-1.2e-05
THAIZ_BODY_PLY_localMouth,C_facial_local_BLS,l_up_mouth_bls,548,0.007593,0.004541,-0.004081
THAIZ_BODY_PLY_localMouth,C_facial_local_BLS,l_up_mouth_bls,549,-0.00427,0.014059,0.009104
THAIZ_BODY_PLY_localMouth,C_facial_local_BLS,l_up_mouth_bls,550,-0.24143,-0.377103,0.20741
THAIZ_BODY_PLY_localMouth,C_facial_local_BLS,l_up_mouth_bls,551,-0.118862,0.02385,0.096198
THAIZ_BODY_PLY_localMouth,C_facial_local_BLS,l_up_mouth_bls,552,-0.234171,0.029251,0.177636
THAIZ_BODY_PLY_localMouth,C_facial_local_BLS,l_up_mouth_bls,553,-0.305962,-0.225539,0.303547
THAIZ_BODY_PLY_localMouth,C_facial_local_BLS,l_up_mouth_bls,554,-0.266018,0.050905,0.17896
THAIZ_BODY_PLY_localMouth,C_facial_local_BLS,l_up_mouth_bls,555,-0.198151,-0.093203,0.250385
THAIZ_BODY_PLY_localMouth,C_facial_local_BLS,l_up_mouth_bls,556,-0.003956,0.04972,0.007457
THAIZ_BODY_PLY_localMouth,C_facial_local_BLS,l_up_mouth_bls,557,-0.008153,0.081247,0.014061
THAIZ_BODY_PLY_localMouth,C_facial_local_BLS,l_up_mouth_bls,558,-0.016899,0.099277,0.021303
THAIZ_BODY_PLY_localMouth,C_facial_local_BLS,l_up_mouth_bls,559,-0.027727,0.09836,0.037357
THAIZ_BODY_PLY_localMouth,C_facial_local_BLS,l_up_mouth_bls,560,-0.001682,0.024696,0.003034
THAIZ_BODY_PLY_localMouth,C_facial_local_BLS,l_up_mouth_bls,561,-0.006079,0.066114,0.011848
THAIZ_BODY_PLY_localMouth,C_facial_local_BLS,l_up_mouth_bls,562,-0.004951,0.081994,0.022561
THAIZ_BODY_PLY_localMouth,C_facial_local_BLS,l_up_mouth_bls,563,0.019445,0.098828,0.007656
THAIZ_BODY_PLY_localMouth,C_facial_local_BLS,l_up_mouth_bls,564,0.000626,0.00063,-0.000327
THAIZ_BODY_PLY_localMouth,C_facial_local_BLS,l_up_mouth_bls,565,-0.001027,0.01505,0.00185
THAIZ_BODY_PLY_localMouth,C_facial_local_BLS,l_up_mouth_bls,566,-0.004163,0.017096,0.001474
THAIZ_BODY_PLY_localMouth,C_facial_local_BLS,l_up_mouth_bls,567,3.6e-05,0.000797,0.002159
THAIZ_BODY_PLY_localMouth,C_facial_local_BLS,l_up_mouth_bls,568,9.6e-05,0.002483,0.006203
THAIZ_BODY_PLY_localMouth,C_facial_local_BLS,l_up_mouth_bls,569,3.6e-05,0.000407,0.00063
THAIZ_BODY_PLY_localMouth,C_facial_local_BLS,l_up_mouth_bls,576,-0.004861,0.008035,-0.000788
THAIZ_BODY_PLY_localMouth,C_facial_local_BLS,l_up_mouth_bls,577,-0.053154,0.187152,0.003672
THAIZ_BODY_PLY_localMouth,C_facial_local_BLS,l_up_mouth_bls,578,-0.019943,0.068235,0.00141
THAIZ_BODY_PLY_localMouth,C_facial_local_BLS,l_up_mouth_bls,579,-0.001228,0.001197,-0.000173
THAIZ_BODY_PLY_localMouth,C_facial_local_BLS,l_up_mouth_bls,580,-0.000132,0.000392,6.9e-05
THAIZ_BODY_PLY_localMouth,C_facial_local_BLS,l_up_mouth_bls,581,-0.010143,0.034606,0.001406
THAIZ_BODY_PLY_localMouth,C_facial_local_BLS,l_up_mouth_bls,586,-0.000142,0.002083,0.000257
THAIZ_BODY_PLY_localMouth,C_facial_local_BLS,l_up_mouth_bls,590,-0.000362,0.00531,0.000652
THAIZ_BODY_PLY_localMouth,C_facial_local_BLS,l_up_mouth_bls,591,-0.000111,0.001633,0.0002
THAIZ_BODY_PLY_localMouth,C_facial_local_BLS,l_up_mouth_bls,592,-7.6e-05,0.001559,0.000176
THAIZ_BODY_PLY_localMouth,C_facial_local_BLS,l_up_mouth_bls,604,-0.087455,0.002797,0.139071
THAIZ_BODY_PLY_localMouth,C_facial_local_BLS,l_up_mouth_bls,605,-0.030109,0.063541,0.062718
THAIZ_BODY_PLY_localMouth,C_facial_local_BLS,l_up_mouth_bls,606,-0.071295,-0.000784,0.121021
THAIZ_BODY_PLY_localMouth,C_facial_local_BLS,l_up_mouth_bls,607,0.007482,0.044647,0.009332
THAIZ_BODY_PLY_localMouth,C_facial_local_BLS,l_up_mouth_bls,608,-0.004442,0.039153,0.026028
THAIZ_BODY_PLY_localMouth,C_facial_local_BLS,l_up_mouth_bls,609,0.009357,0.023332,0.005505
THAIZ_BODY_PLY_localMouth,C_facial_local_BLS,l_up_mouth_bls,611,0.001541,0.004226,-0.000308
THAIZ_BODY_PLY_localMouth,C_facial_local_BLS,l_up_mouth_bls,612,0.002518,0.006705,-0.000491
THAIZ_BODY_PLY_localMouth,C_facial_local_BLS,l_up_mouth_bls,617,0.004467,0.004066,-0.002122
THAIZ_BODY_PLY_localMouth,C_facial_local_BLS,l_up_mouth_bls,621,0.000123,0.000126,-5.4e-05
THAIZ_BODY_PLY_localMouth,C_facial_local_BLS,l_up_mouth_bls,628,-0.079845,0.520771,0.383302
THAIZ_BODY_PLY_localMouth,C_facial_local_BLS,l_up_mouth_bls,629,-0.031969,0.21958,0.204207
THAIZ_BODY_PLY_localMouth,C_facial_local_BLS,l_up_mouth_bls,630,-0.003606,0.045836,0.0456
THAIZ_BODY_PLY_localMouth,C_facial_local_BLS,l_up_mouth_bls,631,0.000299,0.004254,0.004454
THAIZ_BODY_PLY_localMouth,C_facial_local_BLS,l_up_mouth_bls,640,0.002196,0.132276,0.015065
THAIZ_BODY_PLY_localMouth,C_facial_local_BLS,l_up_mouth_bls,641,-0.023798,0.328331,0.034749
THAIZ_BODY_PLY_localMouth,C_facial_local_BLS,l_up_mouth_bls,642,-0.078036,0.54422,0.044229
THAIZ_BODY_PLY_localMouth,C_facial_local_BLS,l_up_mouth_bls,643,-0.06259,0.65273,0.095853
THAIZ_BODY_PLY_localMouth,C_facial_local_BLS,l_up_mouth_bls,644,-0.089369,0.743694,0.336605
THAIZ_BODY_PLY_localMouth,C_facial_local_BLS,l_up_mouth_bls,645,-0.088518,0.664191,0.410006
THAIZ_BODY_PLY_localMouth,C_facial_local_BLS,l_up_mouth_bls,646,-0.005083,0.058198,0.011243
THAIZ_BODY_PLY_localMouth,C_facial_local_BLS,l_up_mouth_bls,647,-0.008148,0.08975,0.018539
THAIZ_BODY_PLY_localMouth,C_facial_local_BLS,l_up_mouth_bls,648,-0.018486,0.102608,0.031535
THAIZ_BODY_PLY_localMouth,C_facial_local_BLS,l_up_mouth_bls,649,-0.026824,0.104944,0.052784
THAIZ_BODY_PLY_localMouth,C_facial_local_BLS,l_up_mouth_bls,650,-0.009379,0.066866,0.025668
THAIZ_BODY_PLY_localMouth,C_facial_local_BLS,l_up_mouth_bls,651,-0.001762,0.025864,0.003178
THAIZ_BODY_PLY_localMouth,C_facial_local_BLS,l_up_mouth_bls,652,-0.000277,0.004066,0.0005
THAIZ_BODY_PLY_localMouth,C_facial_local_BLS,l_up_mouth_bls,657,-5.1e-05,6.6e-05,-5.8e-05
THAIZ_BODY_PLY_localMouth,C_facial_local_BLS,l_up_mouth_bls,658,-0.001567,0.020256,0.002495
THAIZ_BODY_PLY_localMouth,C_facial_local_BLS,l_up_mouth_bls,662,0.00114,0.001175,-0.000526
THAIZ_BODY_PLY_localMouth,C_facial_local_BLS,l_up_mouth_bls,663,0.009602,0.010752,-0.003899
THAIZ_BODY_PLY_localMouth,C_facial_local_BLS,l_up_mouth_bls,664,-0.007649,0.043252,0.023695
THAIZ_BODY_PLY_localMouth,C_facial_local_BLS,l_up_mouth_bls,665,-0.111298,0.11056,0.121045
THAIZ_BODY_PLY_localMouth,C_facial_local_BLS,l_up_mouth_bls,666,-0.413383,0.066331,0.27202
THAIZ_BODY_PLY_localMouth,C_facial_local_BLS,l_up_mouth_bls,667,-0.423507,0.014621,0.24715
THAIZ_BODY_PLY_localMouth,C_facial_local_BLS,l_up_mouth_bls,668,-0.222308,-0.00629,0.109421
THAIZ_BODY_PLY_localMouth,C_facial_local_BLS,l_up_mouth_bls,669,-0.024545,0.001982,0.017665
THAIZ_BODY_PLY_localMouth,C_facial_local_BLS,l_up_mouth_bls,670,-0.003214,4.5e-05,0.001265
THAIZ_BODY_PLY_localMouth,C_facial_local_BLS,l_up_mouth_bls,671,-0.000292,-2.6e-05,0.000102
THAIZ_BODY_PLY_localMouth,C_facial_local_BLS,l_up_mouth_bls,672,-4e-06,-1e-06,1e-06
THAIZ_BODY_PLY_localMouth,C_facial_local_BLS,l_up_mouth_bls,679,0.000646,0.01233,0.000469
THAIZ_BODY_PLY_localMouth,C_facial_local_BLS,l_up_mouth_bls,680,0.007306,0.048701,-0.020521
THAIZ_BODY_PLY_localMouth,C_facial_local_BLS,l_up_mouth_bls,681,0.019683,0.007319,-0.020549
THAIZ_BODY_PLY_localMouth,C_facial_local_BLS,l_up_mouth_bls,682,-0.143908,-0.097812,0.078829
THAIZ_BODY_PLY_localMouth,C_facial_local_BLS,l_up_mouth_bls,683,-0.27666,-0.065165,0.233546
THAIZ_BODY_PLY_localMouth,C_facial_local_BLS,l_up_mouth_bls,684,-0.301837,-0.002467,0.332267
THAIZ_BODY_PLY_localMouth,C_facial_local_BLS,l_up_mouth_bls,685,-0.188159,0.058955,0.293549
THAIZ_BODY_PLY_localMouth,C_facial_local_BLS,l_up_mouth_bls,686,-0.076866,0.06626,0.154237
THAIZ_BODY_PLY_localMouth,C_facial_local_BLS,l_up_mouth_bls,687,-0.007157,0.052977,0.040215
THAIZ_BODY_PLY_localMouth,C_facial_local_BLS,l_up_mouth_bls,688,0.00402,0.011298,0.000192
THAIZ_BODY_PLY_localMouth,C_facial_local_BLS,l_up_mouth_bls,689,4e-06,7e-06,-1e-06
THAIZ_BODY_PLY_localMouth,C_facial_local_BLS,l_up_mouth_bls,706,0.000304,0.026821,0.000777
THAIZ_BODY_PLY_localMouth,C_facial_local_BLS,l_up_mouth_bls,707,0.000176,0.010681,0.000903
THAIZ_BODY_PLY_localMouth,C_facial_local_BLS,l_up_mouth_bls,708,5e-05,0.001387,0.000222
THAIZ_BODY_PLY_localMouth,C_facial_local_BLS,l_up_mouth_bls,724,-0.120467,0.221801,0.553653
THAIZ_BODY_PLY_localMouth,C_facial_local_BLS,l_up_mouth_bls,725,-0.032,0.182818,0.159863
THAIZ_BODY_PLY_localMouth,C_facial_local_BLS,l_up_mouth_bls,726,-0.009627,0.151113,0.076236
THAIZ_BODY_PLY_localMouth,C_facial_local_BLS,l_up_mouth_bls,727,-0.003038,0.109469,0.036257
THAIZ_BODY_PLY_localMouth,C_facial_local_BLS,l_up_mouth_bls,728,-0.002994,0.044038,0.00545
THAIZ_BODY_PLY_localMouth,C_facial_local_BLS,l_up_mouth_bls,729,-0.000169,0.002487,0.000305
THAIZ_BODY_PLY_localMouth,C_facial_local_BLS,l_up_mouth_bls,732,-0.112259,0.305755,0.421642
THAIZ_BODY_PLY_localMouth,C_facial_local_BLS,l_up_mouth_bls,733,-0.029987,0.218636,0.155102
THAIZ_BODY_PLY_localMouth,C_facial_local_BLS,l_up_mouth_bls,734,0.056886,0.188413,0.05252
THAIZ_BODY_PLY_localMouth,C_facial_local_BLS,l_up_mouth_bls,735,-0.000364,0.097216,0.035755
THAIZ_BODY_PLY_localMouth,C_facial_local_BLS,l_up_mouth_bls,736,-0.001816,0.026657,0.003274
THAIZ_BODY_PLY_localMouth,C_facial_local_BLS,l_up_mouth_bls,737,-0.00012,0.001762,0.000216
THAIZ_BODY_PLY_localMouth,C_facial_local_BLS,l_up_mouth_bls,740,-0.111929,0.386057,0.45189
THAIZ_BODY_PLY_localMouth,C_facial_local_BLS,l_up_mouth_bls,741,-0.071282,0.382455,0.365044
THAIZ_BODY_PLY_localMouth,C_facial_local_BLS,l_up_mouth_bls,742,-0.057213,0.360856,0.304284
THAIZ_BODY_PLY_localMouth,C_facial_local_BLS,l_up_mouth_bls,743,-0.049584,0.311123,0.24552
THAIZ_BODY_PLY_localMouth,C_facial_local_BLS,l_up_mouth_bls,755,0.146865,0.309739,0.411447
THAIZ_BODY_PLY_localMouth,C_facial_local_BLS,l_up_mouth_bls,756,0.049986,0.197236,0.30857
THAIZ_BODY_PLY_localMouth,C_facial_local_BLS,l_up_mouth_bls,757,0.009956,0.123886,0.211888
THAIZ_BODY_PLY_localMouth,C_facial_local_BLS,l_up_mouth_bls,758,-0.003579,0.065499,0.127361
THAIZ_BODY_PLY_localMouth,C_facial_local_BLS,l_up_mouth_bls,759,-0.006631,0.017975,0.060293
THAIZ_BODY_PLY_localMouth,C_facial_local_BLS,l_up_mouth_bls,760,-4.7e-05,-0.000107,9.4e-05
THAIZ_BODY_PLY_localMouth,C_facial_local_BLS,l_up_mouth_bls,761,-0.004459,-0.00942,0.008816
THAIZ_BODY_PLY_localMouth,C_facial_local_BLS,l_up_mouth_bls,762,0.040497,0.102461,0.123682
THAIZ_BODY_PLY_localMouth,C_facial_local_BLS,l_up_mouth_bls,763,0.021295,0.095912,0.126084
THAIZ_BODY_PLY_localMouth,C_facial_local_BLS,l_up_mouth_bls,764,0.00397,0.065798,0.084081
THAIZ_BODY_PLY_localMouth,C_facial_local_BLS,l_up_mouth_bls,765,0.008438,0.009536,0.027574
THAIZ_BODY_PLY_localMouth,C_facial_local_BLS,l_up_mouth_bls,766,0.001873,-0.000707,0.001717
THAIZ_BODY_PLY_localMouth,C_facial_local_BLS,l_up_mouth_bls,769,2e-06,4e-06,3e-06
THAIZ_BODY_PLY_localMouth,C_facial_local_BLS,l_up_mouth_bls,770,0.00079,0.001276,0.001085
THAIZ_BODY_PLY_localMouth,C_facial_local_BLS,l_up_mouth_bls,771,0.001002,0.000228,0.001046
THAIZ_BODY_PLY_localMouth,C_facial_local_BLS,l_up_mouth_bls,772,2.3e-05,-3e-06,3.3e-05
THAIZ_BODY_PLY_localMouth,C_facial_local_BLS,l_up_mouth_bls,801,-0.000637,0.013541,0.004381
THAIZ_BODY_PLY_localMouth,C_facial_local_BLS,l_up_mouth_bls,802,-0.046864,0.113241,0.09945
THAIZ_BODY_PLY_localMouth,C_facial_local_BLS,l_up_mouth_bls,803,-0.068647,0.111086,0.196591
THAIZ_BODY_PLY_localMouth,C_facial_local_BLS,l_up_mouth_bls,804,-0.082379,0.120166,0.305286
THAIZ_BODY_PLY_localMouth,C_facial_local_BLS,l_up_mouth_bls,805,-0.085469,0.155018,0.432725
THAIZ_BODY_PLY_localMouth,C_facial_local_BLS,l_up_mouth_bls,806,-0.057437,0.190378,0.589779
THAIZ_BODY_PLY_localMouth,C_facial_local_BLS,l_up_mouth_bls,807,-0.044587,0.237489,0.783586
THAIZ_BODY_PLY_localMouth,C_facial_local_BLS,l_up_mouth_bls,808,-0.163103,0.332462,0.897307
THAIZ_BODY_PLY_localMouth,C_facial_local_BLS,l_up_mouth_bls,809,-0.133202,0.330337,0.664975
THAIZ_BODY_PLY_localMouth,C_facial_local_BLS,l_up_mouth_bls,810,-0.108161,0.393047,0.467495
THAIZ_BODY_PLY_localMouth,C_facial_local_BLS,l_up_mouth_bls,811,-0.100209,0.350271,0.292034
THAIZ_BODY_PLY_localMouth,C_facial_local_BLS,l_up_mouth_bls,812,-0.079041,0.290104,0.152779
THAIZ_BODY_PLY_localMouth,C_facial_local_BLS,l_up_mouth_bls,813,-0.034892,0.114447,0.076193
THAIZ_BODY_PLY_localMouth,C_facial_local_BLS,l_up_mouth_bls,814,-0.000295,0.001343,0.000567
THAIZ_BODY_PLY_localMouth,C_facial_local_BLS,l_up_mouth_bls,815,-8e-06,4.2e-05,1e-05
THAIZ_BODY_PLY_localMouth,C_facial_local_BLS,l_up_mouth_bls,816,0.050009,0.299678,0.018848
THAIZ_BODY_PLY_localMouth,C_facial_local_BLS,l_up_mouth_bls,817,-0.009898,0.252527,0.064617
THAIZ_BODY_PLY_localMouth,C_facial_local_BLS,l_up_mouth_bls,818,-0.041268,0.226126,0.017971
THAIZ_BODY_PLY_localMouth,C_facial_local_BLS,l_up_mouth_bls,819,-0.041995,0.129356,-0.006448
THAIZ_BODY_PLY_localMouth,C_facial_local_BLS,l_up_mouth_bls,820,-0.032008,0.097636,-0.00847
THAIZ_BODY_PLY_localMouth,C_facial_local_BLS,l_up_mouth_bls,821,-0.024364,0.073712,-0.004493
THAIZ_BODY_PLY_localMouth,C_facial_local_BLS,l_up_mouth_bls,822,-0.008915,0.028118,0.001173
THAIZ_BODY_PLY_localMouth,C_facial_local_BLS,l_up_mouth_bls,823,-0.003179,0.009856,0.001279
THAIZ_BODY_PLY_localMouth,C_facial_local_BLS,l_up_mouth_bls,824,-0.007058,0.023051,0.002075
THAIZ_BODY_PLY_localMouth,C_facial_local_BLS,l_up_mouth_bls,825,-0.015519,0.049998,0.000903
THAIZ_BODY_PLY_localMouth,C_facial_local_BLS,l_up_mouth_bls,826,-0.040937,0.126212,-0.006474
THAIZ_BODY_PLY_localMouth,C_facial_local_BLS,l_up_mouth_bls,827,-0.059315,0.181732,-0.01143
THAIZ_BODY_PLY_localMouth,C_facial_local_BLS,l_up_mouth_bls,828,-0.082731,0.256317,-0.01533
THAIZ_BODY_PLY_localMouth,C_facial_local_BLS,l_up_mouth_bls,829,-0.062618,0.308888,0.010442
THAIZ_BODY_PLY_localMouth,C_facial_local_BLS,l_up_mouth_bls,830,-0.016701,0.271874,0.058388
THAIZ_BODY_PLY_localMouth,C_facial_local_BLS,l_up_mouth_bls,831,-0.033252,0.267056,0.057652
THAIZ_BODY_PLY_localMouth,C_facial_local_BLS,l_up_mouth_bls,832,0.0,4e-06,8e-06
THAIZ_BODY_PLY_localMouth,C_facial_local_BLS,l_up_mouth_bls,833,5e-05,0.00214,0.003816
THAIZ_BODY_PLY_localMouth,C_facial_local_BLS,l_up_mouth_bls,834,-0.025844,0.120498,0.162541
THAIZ_BODY_PLY_localMouth,C_facial_local_BLS,l_up_mouth_bls,835,-0.055699,0.236987,0.29422
THAIZ_BODY_PLY_localMouth,C_facial_local_BLS,l_up_mouth_bls,836,-0.088938,0.38833,0.433138
THAIZ_BODY_PLY_localMouth,C_facial_local_BLS,l_up_mouth_bls,837,-0.122772,0.566141,0.577919
THAIZ_BODY_PLY_localMouth,C_facial_local_BLS,l_up_mouth_bls,838,-0.158002,0.776762,0.717633
THAIZ_BODY_PLY_localMouth,C_facial_local_BLS,l_up_mouth_bls,839,-0.153357,0.936507,0.694844
THAIZ_BODY_PLY_localMouth,C_facial_local_BLS,l_up_mouth_bls,840,-0.015588,0.851051,0.317307
THAIZ_BODY_PLY_localMouth,C_facial_local_BLS,l_up_mouth_bls,841,-0.008034,0.570857,0.180163
THAIZ_BODY_PLY_localMouth,C_facial_local_BLS,l_up_mouth_bls,842,0.017262,0.270087,0.088206
THAIZ_BODY_PLY_localMouth,C_facial_local_BLS,l_up_mouth_bls,843,0.002627,0.038395,0.010471
THAIZ_BODY_PLY_localMouth,C_facial_local_BLS,l_up_mouth_bls,859,-6e-06,9.2e-05,1.1e-05
THAIZ_BODY_PLY_localMouth,C_facial_local_BLS,l_up_mouth_bls,860,-0.0,8e-06,1e-06
THAIZ_BODY_PLY_localMouth,C_facial_local_BLS,l_up_mouth_bls,882,-0.012975,0.108689,0.099532
THAIZ_BODY_PLY_localMouth,C_facial_local_BLS,l_up_mouth_bls,883,-0.014306,0.114941,0.111155
THAIZ_BODY_PLY_localMouth,C_facial_local_BLS,l_up_mouth_bls,884,-0.012965,0.097193,0.102963
THAIZ_BODY_PLY_localMouth,C_facial_local_BLS,l_up_mouth_bls,885,-0.004603,0.044779,0.052231
THAIZ_BODY_PLY_localMouth,C_facial_local_BLS,l_up_mouth_bls,886,0.0,5e-06,7e-06
THAIZ_BODY_PLY_localMouth,C_facial_local_BLS,l_up_mouth_bls,888,-0.058534,0.194721,0.142905
THAIZ_BODY_PLY_localMouth,C_facial_local_BLS,l_up_mouth_bls,889,-0.040642,0.124717,0.102875
THAIZ_BODY_PLY_localMouth,C_facial_local_BLS,l_up_mouth_bls,890,-0.020657,0.071208,0.063405
THAIZ_BODY_PLY_localMouth,C_facial_local_BLS,l_up_mouth_bls,891,-0.005422,0.037593,0.035296
THAIZ_BODY_PLY_localMouth,C_facial_local_BLS,l_up_mouth_bls,892,0.008804,0.013952,0.015695
THAIZ_BODY_PLY_localMouth,C_facial_local_BLS,l_up_mouth_bls,893,0.027452,-0.005347,0.000887
THAIZ_BODY_PLY_localMouth,C_facial_local_BLS,l_up_mouth_bls,901,-8e-06,2e-06,5e-06
THAIZ_BODY_PLY_localMouth,C_facial_local_BLS,l_up_mouth_bls,902,-0.002649,0.006328,0.000944
THAIZ_BODY_PLY_localMouth,C_facial_local_BLS,l_up_mouth_bls,903,-0.012423,0.034059,0.009212
THAIZ_BODY_PLY_localMouth,C_facial_local_BLS,l_up_mouth_bls,904,-0.039209,0.120495,0.020469
THAIZ_BODY_PLY_localMouth,C_facial_local_BLS,l_up_mouth_bls,905,-0.05379,0.232944,-0.003858
THAIZ_BODY_PLY_localMouth,C_facial_local_BLS,l_up_mouth_bls,906,-0.057041,0.305268,-0.018673
THAIZ_BODY_PLY_localMouth,C_facial_local_BLS,l_up_mouth_bls,907,-0.054654,0.303077,-0.006793
THAIZ_BODY_PLY_localMouth,C_facial_local_BLS,l_up_mouth_bls,908,-0.060501,0.310364,0.072825
THAIZ_BODY_PLY_localMouth,C_facial_local_BLS,l_up_mouth_bls,909,-0.054594,0.262841,0.124079
THAIZ_BODY_PLY_localMouth,C_facial_local_BLS,l_up_mouth_bls,910,-0.009972,0.033451,0.001842
THAIZ_BODY_PLY_localMouth,C_facial_local_BLS,l_up_mouth_bls,911,-0.020165,0.066428,-3e-05
THAIZ_BODY_PLY_localMouth,C_facial_local_BLS,l_up_mouth_bls,912,-0.052442,0.168968,-0.006192
THAIZ_BODY_PLY_localMouth,C_facial_local_BLS,l_up_mouth_bls,913,-0.075573,0.248125,-0.010701
THAIZ_BODY_PLY_localMouth,C_facial_local_BLS,l_up_mouth_bls,914,-0.107211,0.350904,-0.02156
THAIZ_BODY_PLY_localMouth,C_facial_local_BLS,l_up_mouth_bls,915,-0.032462,0.3882,0.018028
THAIZ_BODY_PLY_localMouth,C_facial_local_BLS,l_up_mouth_bls,916,-0.048534,0.311565,0.076215
THAIZ_BODY_PLY_localMouth,C_facial_local_BLS,l_up_mouth_bls,917,-0.035337,0.275344,0.083971
THAIZ_BODY_PLY_localMouth,C_facial_local_BLS,l_up_mouth_bls,918,0.125133,0.305361,0.007767
THAIZ_BODY_PLY_localMouth,C_facial_local_BLS,l_up_mouth_bls,919,-0.033532,0.215101,0.073981
THAIZ_BODY_PLY_localMouth,C_facial_local_BLS,l_up_mouth_bls,920,-0.020921,0.160367,0.024683
THAIZ_BODY_PLY_localMouth,C_facial_local_BLS,l_up_mouth_bls,921,-0.018946,0.084863,0.005218
THAIZ_BODY_PLY_localMouth,C_facial_local_BLS,l_up_mouth_bls,922,-0.010408,0.036739,-0.005509
THAIZ_BODY_PLY_localMouth,C_facial_local_BLS,l_up_mouth_bls,923,-0.010398,0.030547,-0.001814
THAIZ_BODY_PLY_localMouth,C_facial_local_BLS,l_up_mouth_bls,924,-0.003453,0.008864,0.000603
THAIZ_BODY_PLY_localMouth,C_facial_local_BLS,l_up_mouth_bls,925,-0.000648,0.001923,0.000329
THAIZ_BODY_PLY_localMouth,C_facial_local_BLS,l_up_mouth_bls,926,-0.002652,0.037417,0.00459
THAIZ_BODY_PLY_localMouth,C_facial_local_BLS,l_up_mouth_bls,927,-0.006797,0.069046,0.008248
THAIZ_BODY_PLY_localMouth,C_facial_local_BLS,l_up_mouth_bls,928,-0.013004,0.097341,0.012206
THAIZ_BODY_PLY_localMouth,C_facial_local_BLS,l_up_mouth_bls,929,-0.013027,0.103723,0.015621
THAIZ_BODY_PLY_localMouth,C_facial_local_BLS,l_up_mouth_bls,930,-0.003995,0.058508,0.00719
THAIZ_BODY_PLY_localMouth,C_facial_local_BLS,l_up_mouth_bls,931,-0.001334,0.019577,0.002405
THAIZ_BODY_PLY_localMouth,C_facial_local_BLS,l_up_mouth_bls,932,-0.000903,0.01326,0.001629
THAIZ_BODY_PLY_localMouth,C_facial_local_BLS,l_up_mouth_bls,936,-0.000223,0.003273,0.000401
THAIZ_BODY_PLY_localMouth,C_facial_local_BLS,l_up_mouth_bls,938,-0.00019,0.002785,0.000342
THAIZ_BODY_PLY_localMouth,C_facial_local_BLS,l_up_mouth_bls,944,0.000349,0.000253,-0.000798
THAIZ_BODY_PLY_localMouth,C_facial_local_BLS,l_up_mouth_bls,945,0.02521,0.022862,-0.058199
THAIZ_BODY_PLY_localMouth,C_facial_local_BLS,l_up_mouth_bls,946,0.044298,0.039714,-0.078899
THAIZ_BODY_PLY_localMouth,C_facial_local_BLS,l_up_mouth_bls,947,-0.021247,0.026971,-0.01053
THAIZ_BODY_PLY_localMouth,C_facial_local_BLS,l_up_mouth_bls,948,-0.125353,-0.029892,0.114247
THAIZ_BODY_PLY_localMouth,C_facial_local_BLS,l_up_mouth_bls,949,-0.276456,0.0698,0.320832
THAIZ_BODY_PLY_localMouth,C_facial_local_BLS,l_up_mouth_bls,950,-0.154108,0.176422,0.342165
THAIZ_BODY_PLY_localMouth,C_facial_local_BLS,l_up_mouth_bls,951,-0.041424,0.125846,0.154168
THAIZ_BODY_PLY_localMouth,C_facial_local_BLS,l_up_mouth_bls,952,0.008141,0.067001,0.038166
THAIZ_BODY_PLY_localMouth,C_facial_local_BLS,l_up_mouth_bls,953,0.009107,0.018792,-0.000386
THAIZ_BODY_PLY_localMouth,C_facial_local_BLS,l_up_mouth_bls,954,0.000504,0.000873,-0.000176
THAIZ_BODY_PLY_localMouth,C_facial_local_BLS,l_up_mouth_bls,959,9e-06,1e-05,-4e-06
THAIZ_BODY_PLY_localMouth,C_facial_local_BLS,l_up_mouth_bls,972,-0.068216,0.345703,0.232989
THAIZ_BODY_PLY_localMouth,C_facial_local_BLS,l_up_mouth_bls,973,-0.048073,0.244939,0.19149
THAIZ_BODY_PLY_localMouth,C_facial_local_BLS,l_up_mouth_bls,974,-0.026946,0.154153,0.132031
THAIZ_BODY_PLY_localMouth,C_facial_local_BLS,l_up_mouth_bls,975,-0.00959,0.086705,0.078125
THAIZ_BODY_PLY_localMouth,C_facial_local_BLS,l_up_mouth_bls,976,0.006359,0.037275,0.036496
THAIZ_BODY_PLY_localMouth,C_facial_local_BLS,l_up_mouth_bls,977,0.025955,0.0,0.004772
THAIZ_BODY_PLY_localMouth,C_facial_local_BLS,l_up_mouth_bls,986,2.1e-05,0.001173,-5.8e-05
THAIZ_BODY_PLY_localMouth,C_facial_local_BLS,l_up_mouth_bls,987,0.000398,0.037808,-0.000389
THAIZ_BODY_PLY_localMouth,C_facial_local_BLS,l_up_mouth_bls,988,-0.011589,0.145325,0.007767
THAIZ_BODY_PLY_localMouth,C_facial_local_BLS,l_up_mouth_bls,989,-0.047381,0.296829,-0.002322
THAIZ_BODY_PLY_localMouth,C_facial_local_BLS,l_up_mouth_bls,990,-0.054561,0.411406,-0.004651
THAIZ_BODY_PLY_localMouth,C_facial_local_BLS,l_up_mouth_bls,991,-0.046238,0.423552,0.023888
THAIZ_BODY_PLY_localMouth,C_facial_local_BLS,l_up_mouth_bls,992,-0.071937,0.468101,0.152164
THAIZ_BODY_PLY_localMouth,C_facial_local_BLS,l_up_mouth_bls,993,-0.07192,0.424506,0.21871
THAIZ_BODY_PLY_localMouth,C_facial_local_BLS,l_up_mouth_bls,997,1.7e-05,2e-05,-7e-06
THAIZ_BODY_PLY_localMouth,C_facial_local_BLS,l_up_mouth_bls,998,0.001874,0.002071,-0.000835
THAIZ_BODY_PLY_localMouth,C_facial_local_BLS,l_up_mouth_bls,999,0.010844,0.015103,-0.002778
THAIZ_BODY_PLY_localMouth,C_facial_local_BLS,l_up_mouth_bls,1000,-0.008641,0.053816,0.035283
THAIZ_BODY_PLY_localMouth,C_facial_local_BLS,l_up_mouth_bls,1001,-0.110726,0.127166,0.150312
THAIZ_BODY_PLY_localMouth,C_facial_local_BLS,l_up_mouth_bls,1002,-0.388809,0.101757,0.328449
THAIZ_BODY_PLY_localMouth,C_facial_local_BLS,l_up_mouth_bls,1003,-0.435921,0.03859,0.295623
THAIZ_BODY_PLY_localMouth,C_facial_local_BLS,l_up_mouth_bls,1004,-0.241062,0.004504,0.119747
THAIZ_BODY_PLY_localMouth,C_facial_local_BLS,l_up_mouth_bls,1005,-0.033023,0.011646,0.0177
THAIZ_BODY_PLY_localMouth,C_facial_local_BLS,l_up_mouth_bls,1006,0.003866,-6.1e-05,-0.0086
THAIZ_BODY_PLY_localMouth,C_facial_local_BLS,l_up_mouth_bls,1007,0.000283,-0.000598,-0.001154
THAIZ_BODY_PLY_localMouth,C_facial_local_BLS,l_up_mouth_bls,1008,3e-06,-5e-06,-1.2e-05
THAIZ_BODY_PLY_localMouth,C_facial_local_BLS,l_up_mouth_bls,1013,-0.010963,0.002153,0.007668
THAIZ_BODY_PLY_localMouth,C_facial_local_BLS,l_up_mouth_bls,1014,0.003899,0.004102,-0.002139
THAIZ_BODY_PLY_localMouth,C_facial_local_BLS,l_up_mouth_bls,1015,0.000181,0.000211,-0.0001
THAIZ_BODY_PLY_localMouth,C_facial_local_BLS,l_up_mouth_bls,1016,5e-06,7e-06,-3e-06
THAIZ_BODY_PLY_localMouth,C_facial_local_BLS,l_up_mouth_bls,1025,0.00052,0.000535,-0.00024
THAIZ_BODY_PLY_localMouth,C_facial_local_BLS,l_up_mouth_bls,1026,0.007716,0.007572,-0.003655
THAIZ_BODY_PLY_localMouth,C_facial_local_BLS,l_up_mouth_bls,1027,-8.5e-05,0.032891,0.012266
THAIZ_BODY_PLY_localMouth,C_facial_local_BLS,l_up_mouth_bls,1028,-0.079084,0.087172,0.085352
THAIZ_BODY_PLY_localMouth,C_facial_local_BLS,l_up_mouth_bls,1029,-0.355566,0.057691,0.210488
THAIZ_BODY_PLY_localMouth,C_facial_local_BLS,l_up_mouth_bls,1030,-0.346475,0.014833,0.196341
THAIZ_BODY_PLY_localMouth,C_facial_local_BLS,l_up_mouth_bls,1031,-0.177404,0.000224,0.087225
THAIZ_BODY_PLY_localMouth,C_facial_local_BLS,l_up_mouth_bls,1032,-0.155523,-0.058137,0.309519
THAIZ_BODY_PLY_localMouth,C_facial_local_BLS,l_up_mouth_bls,1033,-0.114636,-0.01278,0.216655
THAIZ_BODY_PLY_localMouth,C_facial_local_BLS,l_up_mouth_bls,1034,-0.045655,0.057763,0.1087
THAIZ_BODY_PLY_localMouth,C_facial_local_BLS,l_up_mouth_bls,1035,0.014709,0.036121,-0.001762
THAIZ_BODY_PLY_localMouth,C_facial_local_BLS,l_up_mouth_bls,1036,0.000487,0.001388,-8.8e-05
THAIZ_BODY_PLY_localMouth,C_facial_local_BLS,l_up_mouth_bls,1042,-0.007129,0.02503,0.001264
THAIZ_BODY_PLY_localMouth,C_facial_local_BLS,l_up_mouth_bls,1043,-0.015057,0.053457,0.002685
THAIZ_BODY_PLY_localMouth,C_facial_local_BLS,l_up_mouth_bls,1044,-0.050923,0.184077,0.017476
THAIZ_BODY_PLY_localMouth,C_facial_local_BLS,l_up_mouth_bls,1045,-0.078566,0.297359,0.027662
THAIZ_BODY_PLY_localMouth,C_facial_local_BLS,l_up_mouth_bls,1046,-0.089374,0.381527,0.034729
THAIZ_BODY_PLY_localMouth,C_facial_local_BLS,l_up_mouth_bls,1047,-0.095356,0.389112,0.099114
THAIZ_BODY_PLY_localMouth,C_facial_local_BLS,l_up_mouth_bls,1048,-0.072606,0.356556,0.144928
THAIZ_BODY_PLY_localMouth,C_facial_local_BLS,l_up_mouth_bls,1049,-0.077923,0.313775,0.215866
THAIZ_BODY_PLY_localMouth,C_facial_local_BLS,l_up_mouth_bls,1050,-0.078188,0.265177,0.267552
THAIZ_BODY_PLY_localMouth,C_facial_local_BLS,l_up_mouth_bls,1051,-0.056125,0.219186,0.274951
THAIZ_BODY_PLY_localMouth,C_facial_local_BLS,l_up_mouth_bls,1052,0.024299,0.154401,0.374938
THAIZ_BODY_PLY_localMouth,C_facial_local_BLS,l_up_mouth_bls,1053,-0.061655,0.069478,0.381383
THAIZ_BODY_PLY_localMouth,C_facial_local_BLS,l_up_mouth_bls,1054,-0.140411,-0.016389,0.385497
THAIZ_BODY_PLY_localMouth,C_facial_local_BLS,l_up_mouth_bls,1091,-0.003406,0.011167,0.001274
THAIZ_BODY_PLY_localMouth,C_facial_local_BLS,l_up_mouth_bls,1092,-0.001879,0.005753,0.000967
THAIZ_BODY_PLY_localMouth,C_facial_local_BLS,l_up_mouth_bls,1095,-2e-06,6e-06,1e-06
THAIZ_BODY_PLY_localMouth,C_facial_local_BLS,l_up_mouth_bls,1104,-0.00058,0.001741,0.00031
THAIZ_BODY_PLY_localMouth,C_facial_local_BLS,l_up_mouth_bls,1105,-4e-06,8e-06,2e-06
THAIZ_BODY_PLY_localMouth,C_facial_local_BLS,l_up_mouth_bls,1110,-0.002953,0.009307,0.001363
THAIZ_BODY_PLY_localMouth,C_facial_local_BLS,l_up_mouth_bls,1114,-0.002584,0.008815,0.000862
THAIZ_BODY_PLY_localMouth,C_facial_local_BLS,l_up_mouth_bls,1155,1e-06,2.3e-05,2.9e-05
THAIZ_BODY_PLY_localMouth,C_facial_local_BLS,l_up_mouth_bls,1156,0.000129,0.003519,0.004724
THAIZ_BODY_PLY_localMouth,C_facial_local_BLS,l_up_mouth_bls,1157,-0.001422,0.023316,0.032123
THAIZ_BODY_PLY_localMouth,C_facial_local_BLS,l_up_mouth_bls,1158,-0.005051,0.038321,0.058324
THAIZ_BODY_PLY_localMouth,C_facial_local_BLS,l_up_mouth_bls,1159,-0.006007,0.028814,0.05848
THAIZ_BODY_PLY_localMouth,C_facial_local_BLS,l_up_mouth_bls,1160,-0.003594,0.015152,0.032999
THAIZ_BODY_PLY_localMouth,C_facial_local_BLS,l_up_mouth_bls,1161,-0.005077,0.01725,0.014567
THAIZ_BODY_PLY_localMouth,C_facial_local_BLS,l_up_mouth_bls,1162,-0.014014,0.05209,0.008237
THAIZ_BODY_PLY_localMouth,C_facial_local_BLS,l_up_mouth_bls,1163,-0.028602,0.101827,0.007181
THAIZ_BODY_PLY_localMouth,C_facial_local_BLS,l_up_mouth_bls,1164,-0.034021,0.116889,0.002023
THAIZ_BODY_PLY_localMouth,C_facial_local_BLS,l_up_mouth_bls,1165,-0.03395,0.10941,-0.002848
THAIZ_BODY_PLY_localMouth,C_facial_local_BLS,l_up_mouth_bls,1166,-0.026691,0.083477,-0.002287
THAIZ_BODY_PLY_localMouth,C_facial_local_BLS,l_up_mouth_bls,1167,-0.016101,0.050203,-0.001035
THAIZ_BODY_PLY_localMouth,C_facial_local_BLS,l_up_mouth_bls,1168,-0.006236,0.021061,-0.000115
THAIZ_BODY_PLY_localMouth,C_facial_local_BLS,l_up_mouth_bls,1169,-0.002166,0.004978,-0.000239
THAIZ_BODY_PLY_localMouth,C_facial_local_BLS,l_up_mouth_bls,1172,-1e-06,1.5e-05,2e-06
THAIZ_BODY_PLY_localMouth,C_facial_local_BLS,l_up_mouth_bls,1184,3.1e-05,0.000267,0.000112
THAIZ_BODY_PLY_localMouth,C_facial_local_BLS,l_up_mouth_bls,1185,0.022124,0.187354,0.083937
THAIZ_BODY_PLY_localMouth,C_facial_local_BLS,l_up_mouth_bls,1186,0.060088,0.504883,0.260036
THAIZ_BODY_PLY_localMouth,C_facial_local_BLS,l_up_mouth_bls,1187,0.102171,0.899895,0.510468
THAIZ_BODY_PLY_localMouth,C_facial_local_BLS,l_up_mouth_bls,1188,-0.169413,0.944881,0.964456
THAIZ_BODY_PLY_localMouth,C_facial_local_BLS,l_up_mouth_bls,1189,-0.181001,0.738274,0.889033
THAIZ_BODY_PLY_localMouth,C_facial_local_BLS,l_up_mouth_bls,1190,-0.134002,0.53145,0.658995
THAIZ_BODY_PLY_localMouth,C_facial_local_BLS,l_up_mouth_bls,1191,-0.100581,0.369203,0.474809
THAIZ_BODY_PLY_localMouth,C_facial_local_BLS,l_up_mouth_bls,1192,-0.066612,0.227255,0.32069
THAIZ_BODY_PLY_localMouth,C_facial_local_BLS,l_up_mouth_bls,1193,-0.032242,0.116951,0.182328
THAIZ_BODY_PLY_localMouth,C_facial_local_BLS,l_up_mouth_bls,1194,-0.007402,0.040221,0.069449
THAIZ_BODY_PLY_localMouth,C_facial_local_BLS,l_up_mouth_bls,1195,1.6e-05,0.003429,0.007227
THAIZ_BODY_PLY_localMouth,C_facial_local_BLS,l_up_mouth_bls,1196,4e-06,1.4e-05,3.8e-05
THAIZ_BODY_PLY_localMouth,C_facial_local_BLS,l_up_mouth_bls,1270,0.063018,-0.02279,-0.010391
THAIZ_BODY_PLY_localMouth,C_facial_local_BLS,l_up_mouth_bls,1271,0.076185,-0.023549,-0.011783
THAIZ_BODY_PLY_localMouth,C_facial_local_BLS,l_up_mouth_bls,1272,0.000223,-8e-06,-8e-05
THAIZ_BODY_PLY_localMouth,C_facial_local_BLS,l_up_mouth_bls,1296,-0.000129,-0.000305,0.000257
THAIZ_BODY_PLY_localMouth,C_facial_local_BLS,l_up_mouth_bls,1297,-0.012163,0.015704,0.035741
THAIZ_BODY_PLY_localMouth,C_facial_local_BLS,l_up_mouth_bls,1298,-0.024675,0.065535,0.118042
THAIZ_BODY_PLY_localMouth,C_facial_local_BLS,l_up_mouth_bls,1299,-0.021921,0.106368,0.211574
THAIZ_BODY_PLY_localMouth,C_facial_local_BLS,l_up_mouth_bls,1300,-0.006734,0.163037,0.329244
THAIZ_BODY_PLY_localMouth,C_facial_local_BLS,l_up_mouth_bls,1301,0.033286,0.244252,0.488245
THAIZ_BODY_PLY_localMouth,C_facial_local_BLS,l_up_mouth_bls,1302,0.141358,0.334068,0.712499
THAIZ_BODY_PLY_localMouth,C_facial_local_BLS,l_up_mouth_bls,1303,0.322501,0.84473,1.286589
THAIZ_BODY_PLY_localMouth,C_facial_local_BLS,l_up_mouth_bls,1304,0.070664,0.997402,0.975793
THAIZ_BODY_PLY_localMouth,C_facial_local_BLS,l_up_mouth_bls,1305,-0.028588,0.940718,0.720662
THAIZ_BODY_PLY_localMouth,C_facial_local_BLS,l_up_mouth_bls,1306,-0.072164,0.891577,0.487874
THAIZ_BODY_PLY_localMouth,C_facial_local_BLS,l_up_mouth_bls,1307,-0.083234,0.805522,0.313447
THAIZ_BODY_PLY_localMouth,C_facial_local_BLS,l_up_mouth_bls,1308,-0.070565,0.70192,0.188531
THAIZ_BODY_PLY_localMouth,C_facial_local_BLS,l_up_mouth_bls,1309,-0.066161,0.581577,0.117888
THAIZ_BODY_PLY_localMouth,C_facial_local_BLS,l_up_mouth_bls,1310,-0.052217,0.451384,0.070258
THAIZ_BODY_PLY_localMouth,C_facial_local_BLS,l_up_mouth_bls,1311,-0.045501,0.318471,0.015826
THAIZ_BODY_PLY_localMouth,C_facial_local_BLS,l_up_mouth_bls,1314,0.004834,0.044333,0.03183
THAIZ_BODY_PLY_localMouth,C_facial_local_BLS,l_up_mouth_bls,1315,0.410975,0.477847,0.510643
THAIZ_BODY_PLY_localMouth,C_facial_local_BLS,l_up_mouth_bls,1316,0.339572,0.480968,0.973381
THAIZ_BODY_PLY_localMouth,C_facial_local_BLS,l_up_mouth_bls,1317,0.099561,0.363455,1.148478
THAIZ_BODY_PLY_localMouth,C_facial_local_BLS,l_up_mouth_bls,1318,-0.079299,0.292122,0.88766
THAIZ_BODY_PLY_localMouth,C_facial_local_BLS,l_up_mouth_bls,1319,-0.124932,0.261867,0.628311
THAIZ_BODY_PLY_localMouth,C_facial_local_BLS,l_up_mouth_bls,1320,0.031626,0.192665,0.337811
THAIZ_BODY_PLY_localMouth,C_facial_local_BLS,l_up_mouth_bls,1321,-0.039866,0.103019,0.152858
THAIZ_BODY_PLY_localMouth,C_facial_local_BLS,l_up_mouth_bls,1322,0.0085,0.126841,0.05593
THAIZ_BODY_PLY_localMouth,C_facial_local_BLS,l_up_mouth_bls,1323,0.000828,0.124962,0.021197
THAIZ_BODY_PLY_localMouth,C_facial_local_BLS,l_up_mouth_bls,1324,-0.003986,0.0588,0.007243
THAIZ_BODY_PLY_localMouth,C_facial_local_BLS,l_up_mouth_bls,1325,-0.000216,0.003166,0.000389
THAIZ_BODY_PLY_localMouth,C_facial_local_BLS,l_up_mouth_bls,1330,-0.006809,0.066584,0.013719
THAIZ_BODY_PLY_localMouth,C_facial_local_BLS,l_up_mouth_bls,1331,-0.009829,0.104709,0.023796
THAIZ_BODY_PLY_localMouth,C_facial_local_BLS,l_up_mouth_bls,1332,-0.01187,0.122211,0.048694
THAIZ_BODY_PLY_localMouth,C_facial_local_BLS,l_up_mouth_bls,1333,-0.010543,0.130892,0.056371
THAIZ_BODY_PLY_localMouth,C_facial_local_BLS,l_up_mouth_bls,1334,-0.014621,0.065335,0.039054
THAIZ_BODY_PLY_localMouth,C_facial_local_BLS,l_up_mouth_bls,1335,-0.001726,0.025337,0.003113
THAIZ_BODY_PLY_localMouth,C_facial_local_BLS,l_up_mouth_bls,1336,-0.000162,0.00238,0.000293
THAIZ_BODY_PLY_localMouth,C_facial_local_BLS,l_up_mouth_bls,1342,-0.00011,0.00024,-0.000275
THAIZ_BODY_PLY_localMouth,C_facial_local_BLS,l_up_mouth_bls,1343,-0.000917,0.000722,-0.000737
THAIZ_BODY_PLY_localMouth,C_facial_local_BLS,l_up_mouth_bls,1344,-0.002557,0.020421,0.001459
THAIZ_BODY_PLY_localMouth,C_facial_local_BLS,l_up_mouth_bls,1350,0.00147,0.002091,-0.000569
THAIZ_BODY_PLY_localMouth,C_facial_local_BLS,l_up_mouth_bls,1351,0.012778,0.021309,-0.00111
THAIZ_BODY_PLY_localMouth,C_facial_local_BLS,l_up_mouth_bls,1352,0.013471,0.066867,0.035394
THAIZ_BODY_PLY_localMouth,C_facial_local_BLS,l_up_mouth_bls,1353,-0.038322,0.138057,0.150405
THAIZ_BODY_PLY_localMouth,C_facial_local_BLS,l_up_mouth_bls,1354,-0.283573,0.211338,0.402794
THAIZ_BODY_PLY_localMouth,C_facial_local_BLS,l_up_mouth_bls,1355,-0.356218,0.070402,0.321451
THAIZ_BODY_PLY_localMouth,C_facial_local_BLS,l_up_mouth_bls,1356,-0.189697,0.001636,0.114214
THAIZ_BODY_PLY_localMouth,C_facial_local_BLS,l_up_mouth_bls,1357,-0.028763,0.038144,-0.007409
THAIZ_BODY_PLY_localMouth,C_facial_local_BLS,l_up_mouth_bls,1358,0.028084,0.035494,-0.061157
THAIZ_BODY_PLY_localMouth,C_facial_local_BLS,l_up_mouth_bls,1359,0.008354,0.003776,-0.026792
THAIZ_BODY_PLY_localMouth,C_facial_local_BLS,l_up_mouth_bls,1360,5.5e-05,-2.8e-05,-0.000241
THAIZ_BODY_PLY_localMouth,C_facial_local_BLS,l_up_mouth_bls,1366,-0.000571,0.008385,0.00103
THAIZ_BODY_PLY_localMouth,C_facial_local_BLS,l_up_mouth_bls,1367,-0.000818,0.012009,0.001474
THAIZ_BODY_PLY_localMouth,C_facial_local_BLS,l_up_mouth_bls,1368,-0.000965,0.014168,0.00174
THAIZ_BODY_PLY_localMouth,C_facial_local_BLS,l_up_mouth_bls,1369,-0.000897,0.013168,0.001618
THAIZ_BODY_PLY_localMouth,C_facial_local_BLS,l_up_mouth_bls,1370,-0.000664,0.009743,0.001197
THAIZ_BODY_PLY_localMouth,C_facial_local_BLS,l_up_mouth_bls,1371,-0.000412,0.00605,0.000743
THAIZ_BODY_PLY_localMouth,C_facial_local_BLS,l_up_mouth_bls,1372,-0.000227,0.003326,0.000409
THAIZ_BODY_PLY_localMouth,C_facial_local_BLS,l_up_mouth_bls,1373,-0.000117,0.001724,0.000212
THAIZ_BODY_PLY_localMouth,C_facial_local_BLS,l_up_mouth_bls,1374,-7.5e-05,0.001106,0.000135
THAIZ_BODY_PLY_localMouth,C_facial_local_BLS,l_up_mouth_bls,1375,-6.8e-05,0.000992,0.000122
THAIZ_BODY_PLY_localMouth,C_facial_local_BLS,l_up_mouth_bls,1376,-7.8e-05,0.001144,0.00014
THAIZ_BODY_PLY_localMouth,C_facial_local_BLS,l_up_mouth_bls,1377,-9.4e-05,0.001381,0.00017
THAIZ_BODY_PLY_localMouth,C_facial_local_BLS,l_up_mouth_bls,1378,-0.000175,0.002563,0.000315
THAIZ_BODY_PLY_localMouth,C_facial_local_BLS,l_up_mouth_bls,1379,-0.000282,0.004143,0.000509
THAIZ_BODY_PLY_localMouth,C_facial_local_BLS,l_up_mouth_bls,1380,-0.000403,0.005913,0.000727
THAIZ_BODY_PLY_localMouth,C_facial_local_BLS,l_up_mouth_bls,1381,-0.001778,0.022606,0.002269
THAIZ_BODY_PLY_localMouth,C_facial_local_BLS,l_up_mouth_bls,1382,-0.003633,0.042555,0.003288
THAIZ_BODY_PLY_localMouth,C_facial_local_BLS,l_up_mouth_bls,1383,-0.005019,0.058967,0.004258
THAIZ_BODY_PLY_localMouth,C_facial_local_BLS,l_up_mouth_bls,1384,-0.004247,0.054852,0.004971
THAIZ_BODY_PLY_localMouth,C_facial_local_BLS,l_up_mouth_bls,1385,-0.001994,0.028792,0.003409
THAIZ_BODY_PLY_localMouth,C_facial_local_BLS,l_up_mouth_bls,1386,-0.000645,0.009468,0.001163
THAIZ_BODY_PLY_localMouth,C_facial_local_BLS,l_up_mouth_bls,1387,-7.9e-05,0.00116,0.000143
THAIZ_BODY_PLY_localMouth,C_facial_local_BLS,l_up_mouth_bls,1393,-5.3e-05,0.000656,8.4e-05
THAIZ_BODY_PLY_localMouth,C_facial_local_BLS,l_up_mouth_bls,1394,-0.000303,0.00396,0.0005
THAIZ_BODY_PLY_localMouth,C_facial_local_BLS,l_up_mouth_bls,1395,-0.00073,0.01001,0.001224
THAIZ_BODY_PLY_localMouth,C_facial_local_BLS,l_up_mouth_bls,1396,-0.002429,0.030998,0.003232
THAIZ_BODY_PLY_localMouth,C_facial_local_BLS,l_up_mouth_bls,1397,-0.005367,0.060002,0.004997
THAIZ_BODY_PLY_localMouth,C_facial_local_BLS,l_up_mouth_bls,1398,-0.00979,0.08623,0.007498
THAIZ_BODY_PLY_localMouth,C_facial_local_BLS,l_up_mouth_bls,1399,-0.008626,0.090358,0.010383
THAIZ_BODY_PLY_localMouth,C_facial_local_BLS,l_up_mouth_bls,1400,-0.003282,0.047921,0.005824
THAIZ_BODY_PLY_localMouth,C_facial_local_BLS,l_up_mouth_bls,1401,-0.000966,0.014175,0.001742
THAIZ_BODY_PLY_localMouth,C_facial_local_BLS,l_up_mouth_bls,1402,-8.3e-05,0.001213,0.000149
THAIZ_BODY_PLY_localMouth,C_facial_local_BLS,l_up_mouth_bls,1408,-9e-06,9.9e-05,1.3e-05
THAIZ_BODY_PLY_localMouth,C_facial_local_BLS,l_up_mouth_bls,1409,-0.000264,0.003372,0.000428
THAIZ_BODY_PLY_localMouth,C_facial_local_BLS,l_up_mouth_bls,1410,-0.000851,0.011635,0.001453
THAIZ_BODY_PLY_localMouth,C_facial_local_BLS,l_up_mouth_bls,1411,-0.000986,0.014465,0.001777
THAIZ_BODY_PLY_localMouth,C_facial_local_BLS,l_up_mouth_bls,1412,-0.001717,0.02401,0.002659
THAIZ_BODY_PLY_localMouth,C_facial_local_BLS,l_up_mouth_bls,1413,-0.002307,0.03122,0.003169
THAIZ_BODY_PLY_localMouth,C_facial_local_BLS,l_up_mouth_bls,1414,-0.002028,0.028169,0.003038
THAIZ_BODY_PLY_localMouth,C_facial_local_BLS,l_up_mouth_bls,1415,-0.001143,0.016769,0.002057
THAIZ_BODY_PLY_localMouth,C_facial_local_BLS,l_up_mouth_bls,1416,-0.00048,0.00705,0.000866
THAIZ_BODY_PLY_localMouth,C_facial_local_BLS,l_up_mouth_bls,1417,-0.000124,0.001823,0.000224
THAIZ_BODY_PLY_localMouth,C_facial_local_BLS,l_up_mouth_bls,1418,-1.1e-05,0.000168,2.1e-05
THAIZ_BODY_PLY_localMouth,C_facial_local_BLS,l_up_mouth_bls,1421,-0.0,8e-06,0.0
THAIZ_BODY_PLY_localMouth,C_facial_local_BLS,l_up_mouth_bls,1422,-3.4e-05,0.000504,6.1e-05
THAIZ_BODY_PLY_localMouth,C_facial_local_BLS,l_up_mouth_bls,1423,-0.000117,0.001724,0.000212
THAIZ_BODY_PLY_localMouth,C_facial_local_BLS,l_up_mouth_bls,1424,-0.000293,0.004303,0.000528
THAIZ_BODY_PLY_localMouth,C_facial_local_BLS,l_up_mouth_bls,1425,-0.000548,0.008049,0.000989
THAIZ_BODY_PLY_localMouth,C_facial_local_BLS,l_up_mouth_bls,1430,7e-06,9e-06,-3e-06
THAIZ_BODY_PLY_localMouth,C_facial_local_BLS,l_up_mouth_bls,1431,0.002158,0.002655,-0.000899
THAIZ_BODY_PLY_localMouth,C_facial_local_BLS,l_up_mouth_bls,1432,0.012317,0.019783,-0.000979
THAIZ_BODY_PLY_localMouth,C_facial_local_BLS,l_up_mouth_bls,1433,0.005149,0.064298,0.038308
THAIZ_BODY_PLY_localMouth,C_facial_local_BLS,l_up_mouth_bls,1434,-0.057624,0.141793,0.150589
THAIZ_BODY_PLY_localMouth,C_facial_local_BLS,l_up_mouth_bls,1435,-0.363285,0.150853,0.386345
THAIZ_BODY_PLY_localMouth,C_facial_local_BLS,l_up_mouth_bls,1436,-0.425824,0.06173,0.33873
THAIZ_BODY_PLY_localMouth,C_facial_local_BLS,l_up_mouth_bls,1437,-0.259387,0.000471,0.134696
THAIZ_BODY_PLY_localMouth,C_facial_local_BLS,l_up_mouth_bls,1438,-0.043692,0.023482,0.010091
THAIZ_BODY_PLY_localMouth,C_facial_local_BLS,l_up_mouth_bls,1439,0.008406,0.007133,-0.030718
THAIZ_BODY_PLY_localMouth,C_facial_local_BLS,l_up_mouth_bls,1440,0.001258,-0.006116,-0.009188
THAIZ_BODY_PLY_localMouth,C_facial_local_BLS,l_up_mouth_bls,1441,8e-06,-7.4e-05,-7.1e-05
THAIZ_BODY_PLY_localMouth,C_facial_local_BLS,l_up_mouth_bls,1482,-0.00011,0.000332,5.9e-05
THAIZ_BODY_PLY_localMouth,C_facial_local_BLS,l_up_mouth_bls,1484,-0.000278,0.000831,0.000149
THAIZ_BODY_PLY_localMouth,C_facial_local_BLS,l_up_mouth_bls,1491,-0.000182,0.000557,9.3e-05
THAIZ_BODY_PLY_localMouth,C_facial_local_BLS,l_up_mouth_bls,1492,-0.000293,0.00089,0.000152
THAIZ_BODY_PLY_localMouth,C_facial_local_BLS,l_up_mouth_bls,1525,-7e-06,9.9e-05,1.2e-05
THAIZ_BODY_PLY_localMouth,C_facial_local_BLS,l_up_mouth_bls,1526,-8.6e-05,0.001259,0.000155
THAIZ_BODY_PLY_localMouth,C_facial_local_BLS,l_up_mouth_bls,1527,-0.000221,0.003235,0.000398
THAIZ_BODY_PLY_localMouth,C_facial_local_BLS,l_up_mouth_bls,1528,-0.000261,0.003838,0.000471
THAIZ_BODY_PLY_localMouth,C_facial_local_BLS,l_up_mouth_bls,1529,-0.000322,0.004723,0.00058
THAIZ_BODY_PLY_localMouth,C_facial_local_BLS,l_up_mouth_bls,1530,-0.000371,0.00544,0.000668
THAIZ_BODY_PLY_localMouth,C_facial_local_BLS,l_up_mouth_bls,1531,-0.000387,0.005684,0.000699
THAIZ_BODY_PLY_localMouth,C_facial_local_BLS,l_up_mouth_bls,1532,0.108438,-0.035808,-0.00076
THAIZ_BODY_PLY_localMouth,C_facial_local_BLS,l_up_mouth_bls,1533,0.039199,-0.006355,0.004762
THAIZ_BODY_PLY_localMouth,C_facial_local_BLS,l_up_mouth_bls,1534,0.011489,0.024623,0.026374
THAIZ_BODY_PLY_localMouth,C_facial_local_BLS,l_up_mouth_bls,1535,-0.006712,0.061118,0.055648
THAIZ_BODY_PLY_localMouth,C_facial_local_BLS,l_up_mouth_bls,1536,-0.024304,0.109354,0.094373
THAIZ_BODY_PLY_localMouth,C_facial_local_BLS,l_up_mouth_bls,1537,-0.046024,0.179353,0.142993
THAIZ_BODY_PLY_localMouth,C_facial_local_BLS,l_up_mouth_bls,1538,-0.065747,0.262492,0.181816
THAIZ_BODY_PLY_localMouth,C_facial_local_BLS,l_up_mouth_bls,1539,-0.064916,0.335007,0.159095
THAIZ_BODY_PLY_localMouth,C_facial_local_BLS,l_up_mouth_bls,1540,-0.070987,0.380535,0.110076
THAIZ_BODY_PLY_localMouth,C_facial_local_BLS,l_up_mouth_bls,1541,-0.057318,0.381587,0.036891
THAIZ_BODY_PLY_localMouth,C_facial_local_BLS,l_up_mouth_bls,1542,-0.056676,0.359245,0.010106
THAIZ_BODY_PLY_localMouth,C_facial_local_BLS,l_up_mouth_bls,1543,-0.064613,0.360551,-0.008258
THAIZ_BODY_PLY_localMouth,C_facial_local_BLS,l_up_mouth_bls,1544,-0.058398,0.269005,0.000745
THAIZ_BODY_PLY_localMouth,C_facial_local_BLS,l_up_mouth_bls,1545,-0.032783,0.142037,0.015764
THAIZ_BODY_PLY_localMouth,C_facial_local_BLS,l_up_mouth_bls,1546,-0.002159,0.038375,0.001236
THAIZ_BODY_PLY_localMouth,C_facial_local_BLS,l_up_mouth_bls,1547,-0.000168,0.002745,6.9e-05
THAIZ_BODY_PLY_localMouth,C_facial_local_BLS,l_up_mouth_bls,6933,5.6e-05,4.8e-05,-2.3e-05
THAIZ_BODY_PLY_localMouth,C_facial_local_BLS,l_up_mouth_bls,6934,0.001079,0.000834,-0.000516
THAIZ_BODY_PLY_localMouth,C_facial_local_BLS,l_up_mouth_bls,6935,0.008011,0.005011,-0.00409
THAIZ_BODY_PLY_localMouth,C_facial_local_BLS,l_up_mouth_bls,6936,0.013401,0.012478,0.00608
THAIZ_BODY_PLY_localMouth,C_facial_local_BLS,l_up_mouth_bls,6937,-0.015146,0.040703,0.085447
THAIZ_BODY_PLY_localMouth,C_facial_local_BLS,l_up_mouth_bls,6938,-0.110702,0.047242,0.17598
THAIZ_BODY_PLY_localMouth,C_facial_local_BLS,l_up_mouth_bls,6939,-0.132832,0.051557,0.149888
THAIZ_BODY_PLY_localMouth,C_facial_local_BLS,l_up_mouth_bls,6940,0.039939,0.042081,0.031797
THAIZ_BODY_PLY_localMouth,C_facial_local_BLS,l_up_mouth_bls,6941,0.017989,0.015362,-0.000527
THAIZ_BODY_PLY_localMouth,C_facial_local_BLS,l_up_mouth_bls,6942,0.002699,0.002357,-0.000661
THAIZ_BODY_PLY_localMouth,C_facial_local_BLS,l_up_mouth_bls,6943,0.000127,0.000127,-2.3e-05
THAIZ_BODY_PLY_localMouth,C_facial_local_BLS,l_up_mouth_bls,7224,-1e-05,1.3e-05,1.7e-05
THAIZ_BODY_PLY_localMouth,C_facial_local_BLS,l_up_mouth_bls,7225,-3e-06,3e-06,4e-06
THAIZ_BODY_PLY_localMouth,C_facial_local_BLS,l_up_mouth_bls,7227,2.2e-05,0.000213,-5.3e-05
THAIZ_BODY_PLY_localMouth,C_facial_local_BLS,l_up_mouth_bls,7228,-0.000484,0.002079,-0.000387
THAIZ_BODY_PLY_localMouth,C_facial_local_BLS,l_up_mouth_bls,7229,-0.000405,0.012889,-0.000901
THAIZ_BODY_PLY_localMouth,C_facial_local_BLS,l_up_mouth_bls,7230,-0.003485,0.00343,-0.0011
THAIZ_BODY_PLY_localMouth,C_facial_local_BLS,l_up_mouth_bls,7231,-2.8e-05,0.007466,2.6e-05
THAIZ_BODY_PLY_localMouth,C_facial_local_BLS,l_up_mouth_bls,7232,-0.001775,0.001117,0.000321
THAIZ_BODY_PLY_localMouth,C_facial_local_BLS,l_up_mouth_bls,7233,-7e-06,-9e-06,2e-06
THAIZ_BODY_PLY_localMouth,C_facial_local_BLS,l_up_mouth_bls,7248,-0.019708,0.009499,0.017152
THAIZ_BODY_PLY_localMouth,C_facial_local_BLS,l_up_mouth_bls,7249,-0.011383,0.018847,0.017879
THAIZ_BODY_PLY_localMouth,C_facial_local_BLS,l_up_mouth_bls,7250,-0.00524,0.009654,0.008848
THAIZ_BODY_PLY_localMouth,C_facial_local_BLS,l_up_mouth_bls,7251,-0.002069,0.004011,0.003914
THAIZ_BODY_PLY_localMouth,C_facial_local_BLS,l_up_mouth_bls,7252,-0.000572,0.001324,0.00137
THAIZ_BODY_PLY_localMouth,C_facial_local_BLS,l_up_mouth_bls,7253,-7.7e-05,0.00024,0.000262
THAIZ_BODY_PLY_localMouth,C_facial_local_BLS,l_up_mouth_bls,7262,0.000223,0.000893,-0.001034
THAIZ_BODY_PLY_localMouth,C_facial_local_BLS,l_up_mouth_bls,7263,0.002191,0.004665,-0.009998
THAIZ_BODY_PLY_localMouth,C_facial_local_BLS,l_up_mouth_bls,7264,-0.01882,0.011815,0.029598
THAIZ_BODY_PLY_localMouth,C_facial_local_BLS,l_up_mouth_bls,7265,-0.023763,0.061847,0.002937
THAIZ_BODY_PLY_localMouth,C_facial_local_BLS,l_up_mouth_bls,7266,-0.04453,0.103902,-0.063972
THAIZ_BODY_PLY_localMouth,C_facial_local_BLS,l_up_mouth_bls,7267,-0.025291,0.123122,-0.107307
THAIZ_BODY_PLY_localMouth,C_facial_local_BLS,l_up_mouth_bls,7268,-0.024373,0.130207,-0.103849
THAIZ_BODY_PLY_localMouth,C_facial_local_BLS,l_up_mouth_bls,7269,0.007251,0.094548,-0.097291
THAIZ_BODY_PLY_localMouth,C_facial_local_BLS,l_up_mouth_bls,7270,-0.007066,0.045126,-0.048814
THAIZ_BODY_PLY_localMouth,C_facial_local_BLS,l_up_mouth_bls,7271,-0.007208,0.012857,-0.026979
THAIZ_BODY_PLY_localMouth,C_facial_local_BLS,l_up_mouth_bls,7272,-0.004035,0.006634,0.00814
THAIZ_BODY_PLY_localMouth,C_facial_local_BLS,l_up_mouth_bls,7273,-0.001919,0.003145,0.003224
THAIZ_BODY_PLY_localMouth,C_facial_local_BLS,l_up_mouth_bls,7274,-0.000302,0.000407,0.000528
THAIZ_BODY_PLY_localMouth,C_facial_local_BLS,l_up_mouth_bls,7275,-0.000815,0.000783,0.0015
THAIZ_BODY_PLY_localMouth,C_facial_local_BLS,l_up_mouth_bls,7276,-0.000943,0.001539,0.001575
THAIZ_BODY_PLY_localMouth,C_facial_local_BLS,l_up_mouth_bls,7277,-0.000113,0.000159,0.000195
THAIZ_BODY_PLY_localMouth,C_facial_local_BLS,l_up_mouth_bls,7278,-0.000246,0.000397,0.000427
THAIZ_BODY_PLY_localMouth,C_facial_local_BLS,l_up_mouth_bls,7279,-1.8e-05,2.5e-05,3.1e-05
THAIZ_BODY_PLY_localMouth,C_facial_local_BLS,l_up_mouth_bls,7280,-3e-05,5.1e-05,5.7e-05
THAIZ_BODY_PLY_localMouth,C_facial_local_BLS,l_up_mouth_bls,7281,-1e-06,1e-06,1e-06
THAIZ_BODY_PLY_localMouth,C_facial_local_BLS,l_up_mouth_bls,7302,-3.3e-05,2.6e-05,5e-06
THAIZ_BODY_PLY_localMouth,C_facial_local_BLS,l_up_mouth_bls,7304,-0.000678,9.6e-05,0.001146
THAIZ_BODY_PLY_localMouth,C_facial_local_BLS,l_up_mouth_bls,7306,-0.007129,0.00775,0.00758
THAIZ_BODY_PLY_localMouth,C_facial_local_BLS,l_up_mouth_bls,7307,-0.001535,-3.3e-05,0.00088
THAIZ_BODY_PLY_localMouth,C_facial_local_BLS,l_up_mouth_bls,7308,-0.020083,0.033706,0.002
THAIZ_BODY_PLY_localMouth,C_facial_local_BLS,l_up_mouth_bls,7309,-0.010193,0.009945,0.001362
THAIZ_BODY_PLY_localMouth,C_facial_local_BLS,l_up_mouth_bls,7310,-0.018686,0.055131,-0.016249
THAIZ_BODY_PLY_localMouth,C_facial_local_BLS,l_up_mouth_bls,7311,-0.014916,0.020057,-0.007143
THAIZ_BODY_PLY_localMouth,C_facial_local_BLS,l_up_mouth_bls,7312,-0.013944,0.05027,-0.005298
THAIZ_BODY_PLY_localMouth,C_facial_local_BLS,l_up_mouth_bls,7313,-0.006856,0.020543,-0.000907
THAIZ_BODY_PLY_localMouth,C_facial_local_BLS,l_up_mouth_bls,7314,-0.008293,0.036782,-0.007289
THAIZ_BODY_PLY_localMouth,C_facial_local_BLS,l_up_mouth_bls,7315,-0.010131,0.031839,0.012221
THAIZ_BODY_PLY_localMouth,C_facial_local_BLS,l_up_mouth_bls,7316,-0.004154,0.018341,-0.001273
THAIZ_BODY_PLY_localMouth,C_facial_local_BLS,l_up_mouth_bls,7317,-0.004903,0.031452,-0.004553
THAIZ_BODY_PLY_localMouth,C_facial_local_BLS,l_up_mouth_bls,7318,-0.004656,0.030256,0.013325
THAIZ_BODY_PLY_localMouth,C_facial_local_BLS,l_up_mouth_bls,7319,-0.001355,0.008017,0.001305
THAIZ_BODY_PLY_localMouth,C_facial_local_BLS,l_up_mouth_bls,7320,-0.012961,0.029716,0.028146
THAIZ_BODY_PLY_localMouth,C_facial_local_BLS,l_up_mouth_bls,7321,-0.024817,0.05457,0.050366
THAIZ_BODY_PLY_localMouth,C_facial_local_BLS,l_up_mouth_bls,7322,-0.033857,0.092574,0.081745
THAIZ_BODY_PLY_localMouth,C_facial_local_BLS,l_up_mouth_bls,7323,-0.023383,0.148681,0.057432
THAIZ_BODY_PLY_localMouth,C_facial_local_BLS,l_up_mouth_bls,7324,-0.034806,0.189847,0.028095
THAIZ_BODY_PLY_localMouth,C_facial_local_BLS,l_up_mouth_bls,7325,-0.046692,0.193402,-0.048863
THAIZ_BODY_PLY_localMouth,C_facial_local_BLS,l_up_mouth_bls,7326,-0.060608,0.179271,-0.071835
THAIZ_BODY_PLY_localMouth,C_facial_local_BLS,l_up_mouth_bls,7327,-0.049155,0.133856,-0.028558
THAIZ_BODY_PLY_localMouth,C_facial_local_BLS,l_up_mouth_bls,7328,-0.035185,0.060368,0.035509
THAIZ_BODY_PLY_localMouth,C_facial_local_BLS,l_up_mouth_bls,7329,-0.012031,0.018154,0.041752
THAIZ_BODY_PLY_localMouth,C_facial_local_BLS,l_up_mouth_bls,7330,-0.009086,0.005915,0.003627
THAIZ_BODY_PLY_localMouth,C_facial_local_BLS,l_up_mouth_bls,7331,-0.000222,0.00035,-0.000192
THAIZ_BODY_PLY_localMouth,C_facial_local_BLS,l_up_mouth_bls,7339,0.001553,0.000636,0.001011
THAIZ_BODY_PLY_localMouth,C_facial_local_BLS,l_up_mouth_bls,7340,-0.000201,0.005076,0.005402
THAIZ_BODY_PLY_localMouth,C_facial_local_BLS,l_up_mouth_bls,7341,-0.004788,0.013424,0.013311
THAIZ_BODY_PLY_localMouth,C_facial_local_BLS,l_up_mouth_bls,7342,-0.016863,0.045061,0.042041
THAIZ_BODY_PLY_localMouth,C_facial_local_BLS,l_up_mouth_bls,7343,-0.033223,0.083381,0.072938
THAIZ_BODY_PLY_localMouth,C_facial_local_BLS,l_up_mouth_bls,7344,-0.047697,0.137895,0.111724
THAIZ_BODY_PLY_localMouth,C_facial_local_BLS,l_up_mouth_bls,7345,-0.035413,0.203305,0.078553
THAIZ_BODY_PLY_localMouth,C_facial_local_BLS,l_up_mouth_bls,7346,-0.044972,0.246344,0.034491
THAIZ_BODY_PLY_localMouth,C_facial_local_BLS,l_up_mouth_bls,7347,-0.04437,0.245022,-0.023973
THAIZ_BODY_PLY_localMouth,C_facial_local_BLS,l_up_mouth_bls,7348,-0.049249,0.241916,-0.038045
THAIZ_BODY_PLY_localMouth,C_facial_local_BLS,l_up_mouth_bls,7349,-0.046079,0.188429,-0.011295
THAIZ_BODY_PLY_localMouth,C_facial_local_BLS,l_up_mouth_bls,7350,-0.033756,0.089768,0.030404
THAIZ_BODY_PLY_localMouth,C_facial_local_BLS,l_up_mouth_bls,7351,-0.026421,0.02852,0.019117
THAIZ_BODY_PLY_localMouth,C_facial_local_BLS,l_up_mouth_bls,7352,-0.004198,0.011823,-0.000655
THAIZ_BODY_PLY_localMouth,C_facial_local_BLS,l_up_mouth_bls,7353,-6.5e-05,0.000119,-5.7e-05
THAIZ_BODY_PLY_localMouth,C_facial_local_BLS,l_up_mouth_bls,7361,0.007699,-0.000335,0.0012
THAIZ_BODY_PLY_localMouth,C_facial_local_BLS,l_up_mouth_bls,7362,0.002669,0.008682,0.009484
THAIZ_BODY_PLY_localMouth,C_facial_local_BLS,l_up_mouth_bls,7363,-0.005585,0.023035,0.022362
THAIZ_BODY_PLY_localMouth,C_facial_local_BLS,l_up_mouth_bls,7364,2.3e-05,-7e-06,-9e-06
THAIZ_BODY_PLY_localMouth,C_facial_local_BLS,l_up_mouth_bls,7365,0.003103,-0.001079,-0.001441
THAIZ_BODY_PLY_localMouth,C_facial_local_BLS,l_up_mouth_bls,7366,-0.031101,0.255873,-0.007383
THAIZ_BODY_PLY_localMouth,C_facial_local_BLS,l_up_mouth_bls,7367,-0.026483,0.196957,-0.035615
THAIZ_BODY_PLY_localMouth,C_facial_local_BLS,l_up_mouth_bls,7390,3.7e-05,0.000824,-7e-06
THAIZ_BODY_PLY_localMouth,C_facial_local_BLS,l_up_mouth_bls,7391,1.4e-05,0.000313,-3e-06
THAIZ_BODY_PLY_localMouth,C_facial_local_BLS,l_up_mouth_bls,7394,-2.1e-05,3.9e-05,4.3e-05
THAIZ_BODY_PLY_localMouth,C_facial_local_BLS,l_up_mouth_bls,7395,-0.000216,0.000408,0.000434
THAIZ_BODY_PLY_localMouth,C_facial_local_BLS,l_up_mouth_bls,7396,-0.00091,0.001596,0.001602
THAIZ_BODY_PLY_localMouth,C_facial_local_BLS,l_up_mouth_bls,7397,-0.002432,0.004139,0.003988
THAIZ_BODY_PLY_localMouth,C_facial_local_BLS,l_up_mouth_bls,7398,-0.005601,0.009784,0.008835
THAIZ_BODY_PLY_localMouth,C_facial_local_BLS,l_up_mouth_bls,7399,-0.009551,0.008581,0.020291
THAIZ_BODY_PLY_localMouth,C_facial_local_BLS,l_up_mouth_bls,7400,-0.00439,0.019104,0.005051
THAIZ_BODY_PLY_localMouth,C_facial_local_BLS,l_up_mouth_bls,7401,-0.007878,0.013904,0.001432
THAIZ_BODY_PLY_localMouth,C_facial_local_BLS,l_up_mouth_bls,7402,0.004227,0.041157,-0.025292
THAIZ_BODY_PLY_localMouth,C_facial_local_BLS,l_up_mouth_bls,7403,-0.014475,0.09285,-0.031672
THAIZ_BODY_PLY_localMouth,C_facial_local_BLS,l_up_mouth_bls,7404,-0.015987,0.097299,-0.04818
THAIZ_BODY_PLY_localMouth,C_facial_local_BLS,l_up_mouth_bls,7405,-0.03163,0.074687,-0.019434
THAIZ_BODY_PLY_localMouth,C_facial_local_BLS,l_up_mouth_bls,7406,-0.014196,0.036762,0.01396
THAIZ_BODY_PLY_localMouth,C_facial_local_BLS,l_up_mouth_bls,7407,-0.006402,0.00265,0.010272
THAIZ_BODY_PLY_localMouth,C_facial_local_BLS,l_up_mouth_bls,7408,-0.000407,0.000741,-0.001512
THAIZ_BODY_PLY_localMouth,C_facial_local_BLS,l_up_mouth_bls,7409,3e-06,1.5e-05,-7e-06
THAIZ_BODY_PLY_localMouth,C_facial_local_BLS,l_up_mouth_bls,7416,-0.022314,0.055367,0.058394
THAIZ_BODY_PLY_localMouth,C_facial_local_BLS,l_up_mouth_bls,7417,-0.015976,0.099886,0.051097
THAIZ_BODY_PLY_localMouth,C_facial_local_BLS,l_up_mouth_bls,7418,-0.024177,0.133334,0.019021
THAIZ_BODY_PLY_localMouth,C_facial_local_BLS,l_up_mouth_bls,7419,-0.010342,0.1331,-0.040037
THAIZ_BODY_PLY_localMouth,C_facial_local_BLS,l_up_mouth_bls,7420,-0.037446,0.156898,-0.05146
THAIZ_BODY_PLY_localMouth,C_facial_local_BLS,l_up_mouth_bls,7421,-0.03124,0.13835,-0.057766
THAIZ_BODY_PLY_localMouth,C_facial_local_BLS,l_up_mouth_bls,7422,-0.043394,0.116099,-0.024485
THAIZ_BODY_PLY_localMouth,C_facial_local_BLS,l_up_mouth_bls,7423,-0.038941,0.065884,0.038627
THAIZ_BODY_PLY_localMouth,C_facial_local_BLS,l_up_mouth_bls,7424,-0.021026,0.007192,0.038725
THAIZ_BODY_PLY_localMouth,C_facial_local_BLS,l_up_mouth_bls,7425,-0.007026,0.004046,0.001499
THAIZ_BODY_PLY_localMouth,C_facial_local_BLS,l_up_mouth_bls,7426,-0.00027,0.000258,0.000134
THAIZ_BODY_PLY_localMouth,C_facial_local_BLS,l_up_mouth_bls,7435,0.000117,0.000485,0.000571
THAIZ_BODY_PLY_localMouth,C_facial_local_BLS,l_up_mouth_bls,7436,-0.000796,0.002825,0.002945
THAIZ_BODY_PLY_localMouth,C_facial_local_BLS,l_up_mouth_bls,7437,-0.003458,0.007776,0.007682
THAIZ_BODY_PLY_localMouth,C_facial_local_BLS,l_up_mouth_bls,7438,-0.008905,0.018313,0.017137
THAIZ_BODY_PLY_localMouth,C_facial_local_BLS,l_up_mouth_bls,7439,-0.016919,0.034501,0.032393
