{
    "C_character_CTLShape": {
        "name": "C_character",
        "controlPoints": [
            [
                329.7985342524189,
                2.0194335966785784e-14,
                -329.7985342524201
            ],
            [
                2.85591038073472e-14,
                2.85591038073472e-14,
                -466.40555999053964
            ],
            [
                -329.7985342524189,
                2.0194335966785777e-14,
                -329.7985342524189
            ],
            [
                -466.40555999053964,
                1.1831100776863587e-29,
                -1.6402331060797658e-13
            ],
            [
                -177.33559198276595,
                -2.2127815021302222e-14,
                361.3746434761172
            ],
            [
                -2.5121845818633346e-14,
                -2.6625624752830707e-14,
                434.829450766841
            ],
            [
                177.33559198276595,
                -2.2127815021302222e-14,
                361.3746434761172
            ],
            [
                466.40555999053964,
                6.455996889709276e-30,
                -7.624120247856799e-14
            ],
            [
                329.7985342524189,
                2.0194335966785784e-14,
                -329.7985342524201
            ],
            [
                2.85591038073472e-14,
                2.85591038073472e-14,
                -466.40555999053964
            ],
            [
                -329.7985342524189,
                2.0194335966785777e-14,
                -329.7985342524189
            ]
        ],
        "degree": 3,
        "knots": [
            -2.0,
            -1.0,
            0.0,
            1.0,
            2.0,
            3.0,
            4.0,
            5.0,
            6.0,
            7.0,
            8.0,
            9.0,
            10.0
        ],
        "overrideEnabled": true,
        "overrideColor": 17,
        "form": 2,
        "alwaysDrawOnTop": false
    },
    "C_masterwalk_CTLShape": {
        "name": "C_masterwalk",
        "controlPoints": [
            [
                236.45083383454286,
                1.47520682615597e-14,
                -240.91955773420784
            ],
            [
                2.0475603156095543e-14,
                2.07492335770954e-14,
                -338.86069994290267
            ],
            [
                -236.45083383454286,
                1.47520682615597e-14,
                -240.91955773420688
            ],
            [
                -334.39197604323857,
                2.736304209998556e-16,
                -4.468723899664229
            ],
            [
                -127.14170694516878,
                -1.559102563207678e-14,
                254.62077135924912
            ],
            [
                -1.8011242544614525e-14,
                -1.8815754522578903e-14,
                307.28459071920383
            ],
            [
                127.14170694516878,
                -1.559102563207678e-14,
                254.62077135924912
            ],
            [
                334.39197604323857,
                2.736304209998519e-16,
                -4.468723899664166
            ],
            [
                236.45083383454286,
                1.47520682615597e-14,
                -240.91955773420784
            ],
            [
                2.0475603156095543e-14,
                2.07492335770954e-14,
                -338.86069994290267
            ],
            [
                -236.45083383454286,
                1.47520682615597e-14,
                -240.91955773420688
            ]
        ],
        "degree": 3,
        "knots": [
            -2.0,
            -1.0,
            0.0,
            1.0,
            2.0,
            3.0,
            4.0,
            5.0,
            6.0,
            7.0,
            8.0,
            9.0,
            10.0
        ],
        "overrideEnabled": true,
        "overrideColor": 21,
        "form": 2,
        "alwaysDrawOnTop": false
    }
}